status,event_id,change_kind,english_name,chinese_name,gazette_date,gazette_notice,notice_no
skipped_covered,,,A KUNG KOK SHAN ROAD,亞公角山路,1989-02-03,418,
skipped_covered,,,A KUNG KOK STREET,亞公角街,1993-09-24,3502,
skipped_covered,,,A KUNG NGAM ROAD,阿公岩道,1961-11-10,1974,
skipped_covered,,,A KUNG NGAM ROAD,阿公岩道,1975-07-11,1540,
skipped_covered,,,A KUNG NGAM VILLAGE LANE,阿公岩村里,2007-08-03,5033,
skipped_covered,,,A KUNG NGAM VILLAGE ROAD,阿公岩村道,1975-07-11,1540,
skipped_covered,,,A KUNG NGAM VILLAGE ROAD,阿公岩村道,1997-07-25,385,
skipped_covered,,,ABERDEEN MAIN ROAD,香港仔大道,1961-08-04,1335,
skipped_covered,,,ABERDEEN PRAYA ROAD,香港仔海傍道,1980-02-15,514,
skipped_covered,,,ABERDEEN PRAYA ROAD,香港仔海傍道,1986-07-11,2360,
skipped_covered,,,ABERDEEN RESERVOIR ROAD,香港仔水塘道,1984-03-09,710,
skipped_covered,,,AIRPORT EXPO BOULEVARD,航展道,2005-11-11,5907,
skipped_covered,,,AIRPORT NORTH INTERCHANGE,機場北交匯處,1998-01-02,73,
skipped_covered,,,AIRPORT ROAD,機場路,1998-01-02,73,
skipped_covered,,,AIRPORT ROAD,機場路,2019-07-26,4781,
skipped_covered,,,AIRPORT ROAD,機場路,2026-05-22,2981,
skipped_covered,,,AIRPORT SOUTH INTERCHANGE,機場南交匯處,1998-01-02,73,
skipped_covered,,,ALBANY ROAD,雅賓利道,1964-03-13,631,
skipped_covered,,,ALBANY ROAD,雅賓利道,1964-03-13,632,
skipped_covered,,,ALBERT PATH,亞厘畢里,1957-09-27,1327,
skipped_covered,,,ALDRICH BAY ROAD,愛秩序灣道,1987-04-16,1306,
skipped_covered,,,ALDRICH STREET,愛秩序街,1931-05-15,300,
skipped_covered,,,ALDRICH STREET,愛秩序街,1931-07-10,436,
skipped_covered,,,ALDRICH STREET,愛秩序街,1986-03-07,786,
skipped_covered,,,ALNWICK ROAD,安域道,1965-06-25,1572,
skipped_covered,,,AMALFI DRIVE,津堤徑,2012-07-13,4805,
skipped_covered,,,AMOY STREET,廈門街,1915-06-25,283,
skipped_covered,,,ANDERSON ROAD,安達臣道,1976-12-10,2757,
skipped_covered,,,ANDERSON ROAD,安達臣道,2023-06-02,3377,
skipped_covered,,,ANHUI STREET,安徽街,1935-04-26,334,
skipped_covered,,,AP LEI CHAU BRIDGE ROAD,鴨脷洲橋道,1981-02-20,593,
skipped_covered,,,AP LEI CHAU BRIDGE ROAD,鴨脷洲橋道,1994-01-14,176,
skipped_covered,,,AP LEI CHAU DRIVE,鴨脷洲徑,1989-11-10,3971,
skipped_covered,,,AP LEI CHAU PRAYA ROAD,鴨脷洲海旁道,1989-11-10,3971,
skipped_covered,,,APLIU STREET,鴨寮街,1927-11-25,699,
skipped_covered,,,ARGYLE STREET,亞皆老街,1926-02-12,68,
skipped_covered,,,ARGYLE STREET,亞皆老街,1926-04-16,202,
skipped_covered,,,ARGYLE STREET,亞皆老街,1974-11-08,2789,
skipped_covered,,,ARRAN LANE,雅蘭里,1988-01-29,307,
skipped_covered,,,ARRAN STREET,鴉蘭街,1923-09-28,411,
skipped_covered,,,ASH STREET,槐樹街,1927-11-25,699,
skipped_covered,,,AU PUI WAN STREET,㘭背灣街,1981-08-14,2405,
skipped_covered,,,AUSTIN ROAD WEST,柯士甸道西,1998-11-13,5530,
skipped_covered,,,AUSTIN ROAD WEST,柯士甸道西,2004-03-12,1737,
skipped_covered,,,AUSTIN ROAD WEST,柯士甸道西,2018-11-23,8793,
skipped_covered,,,BABINGTON PATH,巴丙頓道,1904-01-29,59,
skipped_covered,,,BAILEY STREET,庇利街,1935-04-26,334,
skipped_covered,,,BAILEY STREET,庇利街,1991-01-04,53,
skipped_covered,,,BAKER COURT,必嘉圍,1958-06-27,865,
skipped_covered,,,BAKER STREET,必嘉街,1958-06-27,865,
skipped_covered,,,BAKER STREET,必嘉街,1980-05-23,1581,
skipped_covered,,,BAKER STREET,必嘉街,1986-10-17,3601,
skipped_covered,,,BANK STREET,銀行街,1974-07-19,1822,
skipped_covered,,,BAPTIST UNIVERSITY ROAD,浸會大學道,1996-10-11,4665,
skipped_covered,,,BARKER ROAD,白加道,1898-11-05,490,
skipped_covered,,,BATTERY PATH,炮台里,1958-06-27,865,
skipped_covered,,,BATTERY STREET,炮台街,1930-01-17,39,
skipped_covered,,,BATTERY STREET,炮台街,1941-10-31,1282,
skipped_covered,,,BAUHINIA ROAD EAST,紫荊東路,1985-08-02,2525,
skipped_covered,,,BAUHINIA ROAD NORTH,紫荊北路,1985-08-02,2525,
skipped_covered,,,BAUHINIA ROAD WEST,紫荊西路,1985-08-02,2525,
skipped_covered,,,BAYSIDE DRIVE,堤畔徑,2012-07-13,4805,
skipped_covered,,,BEACH ROAD,海灘道,1935-04-12,302,
skipped_covered,,,BEACON HILL ROAD,筆架山道,1957-04-05,509,
skipped_covered,,,BEACON HILL ROAD,筆架山道,1965-06-25,1572,
skipped_covered,,,BEDFORD ROAD,必發道,1927-11-25,699,
skipped_covered,,,BEECH STREET,櫸樹街,1927-11-25,699,
skipped_covered,,,BEGONIA ROAD,海棠路,1953-11-20,1420,
skipped_covered,,,BEL-AIR AVENUE,貝沙灣道,2005-08-12,3907,
skipped_covered,,,BEL-AIR PEAK AVENUE,貝沙山道,2006-08-04,4858,
skipped_covered,,,BEL-AIR PEAK AVENUE,貝沙山道,2009-02-06,851,
skipped_covered,,,BEL-AIR PEAK RISE,貝沙山徑,2007-09-21,6232,
skipped_covered,,,BEL-AIR RISE,貝沙徑,2005-08-12,3907,
skipped_covered,,,BELLEVIEW DRIVE,麗景道,1969-03-21,554,
skipped_covered,,,BERWICK STREET,巴域街,1950-06-30,804,
skipped_covered,,,BERWICK STREET,巴域街,2013-09-06,5353,
skipped_covered,,,BIG WAVE BAY ROAD,大浪灣道,1935-04-12,302,
skipped_covered,,,BIJOU DRIVE,璧如徑,2000-09-15,6058,
skipped_covered,,,BISNEY ROAD,碧荔道,1962-01-26,190,
skipped_covered,,,BLACK'S LINK,布力徑,1904-07-29,523,
skipped_covered,,,BLACK'S LINK,布力徑,1957-11-08,1495,
skipped_covered,,,BLENHEIM AVENUE,白蘭軒道,1935-04-26,334,
skipped_covered,,,BLUE POOL ROAD,藍塘道,1932-10-07,635,
skipped_covered,,,BLUFF PATH,百祿徑,1978-08-04,1958,
skipped_covered,,,BOAT STREET,艇街,1931-05-15,300,
skipped_covered,,,BOAT STREET,艇街,1931-07-10,436,
skipped_covered,,,BONHAM ROAD,般咸道,1958-06-27,865,
skipped_covered,,,BORRETT ROAD,波老道,1936-12-31,1027,
skipped_covered,,,BOUNDARY STREET,界限街,1926-02-12,68,
skipped_covered,,,BOUNDARY STREET,界限街,1926-04-16,202,
skipped_covered,,,BOUNDARY STREET,界限街,1927-11-25,699,
skipped_covered,,,BOUNDARY STREET,界限街,1929-06-21,331,
skipped_covered,,,BOUNDARY STREET,界限街,1929-08-23,427,
skipped_covered,,,BOWEN DRIVE,寶雲徑,1973-01-19,164,
skipped_covered,,,BOWEN ROAD,寶雲道,1958-01-03,16,
skipped_covered,,,BOWRING STREET,寶靈街,1909-03-19,184,
skipped_covered,,,BOYCE ROAD,布思道,1973-06-15,1541,
skipped_covered,,,BRAEMAR HILL ROAD,寶馬山道,1966-01-14,129,
skipped_covered,,,BRAGA CIRCUIT,布力架街,1936-11-06,885,
skipped_covered,,,BREWIN PATH,蒲魯賢徑,1919-09-26,450,
skipped_covered,,,BRIAR AVENUE,比雅道,1940-02-07,154,
skipped_covered,,,BRIDE'S POOL ROAD,新娘潭路,1970-04-03,713,
skipped_covered,,,BRIDE'S POOL ROAD,新娘潭路,2008-06-13,4022,
skipped_covered,,,BRIDGES STREET,必列者士街,1958-06-27,865,
skipped_covered,,,BRISTOL AVENUE,碧仙桃路,1955-08-19,925,
skipped_covered,,,BROADCAST DRIVE,廣播道,1968-01-05,26,
skipped_covered,,,BROADWAY,百老匯街,1967-12-22,2744,
skipped_covered,,,BROADWAY,百老匯街,1970-08-21,1756,
skipped_covered,,,BROADWOOD ROAD,樂活道,1915-05-21,225,
skipped_covered,,,BROOM ROAD,蟠龍道,1940-02-07,154,
skipped_covered,,,BROWN STREET,布朗街,1941-07-18,870,
skipped_covered,,,BUTE STREET,弼街,1923-09-28,411,
skipped_covered,,,BUTE STREET,弼街,1980-10-10,3244,
skipped_covered,,,BUTTERFLY VALLEY ROAD,蝴蝶谷道,1966-07-15,1808,
skipped_covered,,,BUTTERFLY VALLEY ROAD,蝴蝶谷道,1979-08-17,2082,
skipped_covered,,,CAINE LANE,堅巷,1887-09-03,356,
skipped_covered,,,CAINE LANE,堅巷,1978-02-03,286,
skipped_covered,,,CALDECOTT ROAD,郝德傑道,1964-09-25,2693,
skipped_covered,,,CAMBRIDGE ROAD,劍橋道,1951-05-18,522,
skipped_covered,,,CAMERON LANE,金馬倫里,1954-08-27,1068,
skipped_covered,,,CAMP STREET,營盤街,1934-02-09,91,
skipped_covered,,,CANAL ROAD EAST,堅拿道東,1929-06-14,312,
skipped_covered,,,CANAL ROAD WEST,堅拿道西,1929-06-14,312,
skipped_covered,,,CANNON STREET,景隆街,1961-07-07,1136,
skipped_covered,,,CANNON STREET,景隆街,1962-01-19,122,
skipped_covered,,,CANTON ROAD,廣東道,1909-03-19,184,
skipped_covered,,,CANTON ROAD,廣東道,1927-11-25,699,
skipped_covered,,,CANTON ROAD,廣東道,1956-06-08,717,
skipped_covered,,,CAPE COLLINSON ROAD,歌連臣角道,1957-11-08,1495,
skipped_covered,,,CAPE D'AGUILAR ROAD,鶴咀道,1935-04-12,302,
skipped_covered,,,CAPE D'AGUILAR ROAD,鶴咀道,1998-05-08,2277,
skipped_covered,,,CAPE DRIVE,環角徑,1972-02-04,316,
skipped_covered,,,CAPE ROAD,環角道,1972-02-04,316,
skipped_covered,,,CAPE ROAD,環角道,1995-05-26,1902,
skipped_covered,,,CAPELAND DRIVE,蘅安徑,1994-11-18,4386,
skipped_covered,,,CAPERIDGE DRIVE,蘅欣徑,1994-11-18,4386,
skipped_covered,,,CAPEVALE DRIVE,蘅暉徑,1994-11-18,4386,
skipped_covered,,,CARMEL ROAD,佳美道,1953-04-10,472,
skipped_covered,,,CARMEL ROAD,佳美道,2003-05-02,3019,
skipped_covered,,,CARMEL VILLAGE STREET,迦密村街,1973-10-26,2809,
skipped_covered,,,CARNARVON ROAD,加拿分道,1958-06-27,865,
skipped_covered,,,CARPENTER ROAD,賈炳達道,1933-05-12,340,
skipped_covered,,,CARPENTER ROAD,賈炳達道,1967-02-24,428,
skipped_covered,,,CARPENTER ROAD,賈炳達道,1968-08-02,1597,
skipped_covered,,,CARPENTER ROAD,賈炳達道,1968-09-13,1853,
skipped_covered,,,CASSIA ROAD,高槐路,1953-11-20,1420,
skipped_covered,,,CASTLE LANE,衞城里,1956-09-28,1241,
skipped_covered,,,CASTLE PEAK ROAD,青山道,1926-04-16,201,
skipped_covered,,,CASTLE PEAK ROAD - CASTLE PEAK BAY,青山公路 － 青山灣段,1968-08-02,1595,
skipped_covered,,,CASTLE PEAK ROAD - CASTLE PEAK BAY,青山公路 － 青山灣段,1992-05-29,1864,
skipped_covered,,,CASTLE PEAK ROAD - CHAU TAU,青山公路 － 洲頭段,1968-08-02,1595,
skipped_covered,,,CASTLE PEAK ROAD - HUNG SHUI KIU,青山公路 － 洪水橋段,1968-08-23,1737,
skipped_covered,,,CASTLE PEAK ROAD - KWAI CHUNG,青山公路 － 葵涌段,1968-06-28,1349,
skipped_covered,,,CASTLE PEAK ROAD - KWU TUNG,青山公路 － 古洞段,1968-10-04,2022,
skipped_covered,,,CASTLE PEAK ROAD - LAM TEI,青山公路 － 藍地段,1968-08-02,1595,
skipped_covered,,,CASTLE PEAK ROAD - LAM TEI,青山公路 － 藍地段,1993-03-19,943,
skipped_covered,,,CASTLE PEAK ROAD - LINGNAN,青山公路 － 嶺南段,1995-01-20,246,
skipped_covered,,,CASTLE PEAK ROAD - MAI PO,青山公路 － 米埔段,1968-08-02,1595,
skipped_covered,,,CASTLE PEAK ROAD - NEW TAI LAM,青山公路 － 新大欖段,2007-07-06,4397,
skipped_covered,,,CASTLE PEAK ROAD - NEW TING KAU,青山公路 － 新汀九段,2005-03-18,1292,
skipped_covered,,,CASTLE PEAK ROAD - NEW TING KAU,青山公路 － 新汀九段,2006-03-31,2190,
skipped_covered,,,CASTLE PEAK ROAD - PING SHAN,青山公路 － 屏山段,1968-08-02,1595,
skipped_covered,,,CASTLE PEAK ROAD - SAN HUI,青山公路 － 新墟段,1968-08-02,1595,
skipped_covered,,,CASTLE PEAK ROAD - SAN HUI,青山公路 － 新墟段,1981-12-18,3760,
skipped_covered,,,CASTLE PEAK ROAD - SAN HUI,青山公路 － 新墟段,1991-11-08,3985,
skipped_covered,,,CASTLE PEAK ROAD - SAN HUI,青山公路 － 新墟段,1992-01-10,164,
skipped_covered,,,CASTLE PEAK ROAD - SAN HUI,青山公路 － 新墟段,1994-12-09,4724,
skipped_covered,,,CASTLE PEAK ROAD - SAN TIN,青山公路 － 新田段,1968-08-02,1595,
skipped_covered,,,CASTLE PEAK ROAD - SHAM TSENG,青山公路 － 深井段,1968-06-28,1349,
skipped_covered,,,CASTLE PEAK ROAD - SHAM TSENG,青山公路 － 深井段,2005-10-07,5146,
skipped_covered,,,CASTLE PEAK ROAD - SHAM TSENG,青山公路 － 深井段,2006-03-31,2191,
skipped_covered,,,CASTLE PEAK ROAD - SO KWUN WAT,青山公路 － 掃管笏段,1968-08-02,1595,
skipped_covered,,,CASTLE PEAK ROAD - TAI LAM,青山公路 － 大欖段,1968-08-02,1595,
skipped_covered,,,CASTLE PEAK ROAD - TAM MI,青山公路 － 潭尾段,1968-08-02,1595,
skipped_covered,,,CASTLE PEAK ROAD - TAM MI,青山公路 － 潭尾段,1998-11-06,5414,
skipped_covered,,,CASTLE PEAK ROAD - TING KAU,青山公路 － 汀九段,1968-06-28,1349,
skipped_covered,,,CASTLE PEAK ROAD - TING KAU,青山公路 － 汀九段,2005-03-18,1293,
skipped_covered,,,CASTLE PEAK ROAD - TING KAU,青山公路 － 汀九段,2005-04-08,1701,
skipped_covered,,,CASTLE PEAK ROAD - TING KAU,青山公路 － 汀九段,2006-03-31,2191,
skipped_covered,,,CASTLE PEAK ROAD - TSING LUNG TAU,青山公路 － 青龍頭段,1968-06-28,1349,
skipped_covered,,,CASTLE PEAK ROAD - TSING LUNG TAU,青山公路 － 青龍頭段,2005-10-07,5146,
skipped_covered,,,CASTLE PEAK ROAD - TSUEN WAN,青山公路 － 荃灣段,1968-06-28,1349,
skipped_covered,,,CASTLE PEAK ROAD - YUEN LONG,青山公路 － 元朗段,1968-08-02,1595,
skipped_covered,,,CATCHICK STREET,吉席街,1909-03-19,184,
skipped_covered,,,CATERING ROAD CENTRAL,航膳中路,1998-01-02,73,
skipped_covered,,,CATERING ROAD EAST,航膳東路,1998-01-02,73,
skipped_covered,,,CATERING ROAD WEST,航膳西路,1998-01-02,73,
skipped_covered,,,CEDAR STREET,柏樹街,1927-11-25,699,
skipped_covered,,,CENTRAL KOWLOON BYPASS,中九龍繞道,2025-11-21,7381,
skipped_covered,,,CENTRAL WAN CHAI BYPASS,中環灣仔繞道,2026-07-03,4034,
skipped_covered,,,CHA KWO LING ROAD,茶果嶺道,1967-03-03,486,
skipped_covered,,,CHA KWO LING ROAD,茶果嶺道,1967-03-17,603,
skipped_covered,,,CHA KWO LING ROAD,茶果嶺道,1991-08-02,2728,
skipped_covered,,,CHAI KEK ROAD,寨乪路,2011-12-02,7901,
skipped_covered,,,CHAI WAN KOK STREET,柴灣角街,1962-11-23,2378,
skipped_covered,,,CHAI WAN ROAD,柴灣道,1961-08-04,1335,
skipped_covered,,,CHAI WAN ROAD,柴灣道,1974-05-31,1380,
skipped_covered,,,CHAI WAN ROAD,柴灣道,1974-08-23,2175,
skipped_covered,,,CHAI WAN ROAD,柴灣道,1984-03-30,970,
skipped_covered,,,CHAK CHEUNG STREET,澤祥街,2000-10-27,7062,
skipped_covered,,,CHAK CHEUNG STREET,澤祥街,2007-06-15,3924,
skipped_covered,,,CHAK FUNG STREET,澤豐街,1990-11-30,4335,
skipped_covered,,,CHAK ON ROAD,澤安道,1987-09-18,3107,
skipped_covered,,,CHAK ON ROAD,澤安道,2001-07-20,4393,
skipped_covered,,,CHAK ON ROAD,澤安道,2001-08-03,4784,
skipped_covered,,,CHAK ON ROAD SOUTH,澤安道南,2001-07-20,4393,
skipped_covered,,,CHAK YAN ROAD,澤欣路,2004-12-17,8104,
skipped_covered,,,CHAN MAN STREET,親民街,1985-12-27,4229,
skipped_covered,,,CHANG FA AVENUE,橙花路,1970-03-06,536,
skipped_covered,,,CHANGSHA STREET,長沙街,1909-03-19,184,
skipped_covered,,,CHAP FUK ROAD,集福路,1993-02-19,554,
skipped_covered,,,CHAP WAI KON STREET,插桅杆街,1982-12-17,3954,
skipped_covered,,,CHATER ROAD,遮打道,1958-06-27,865,
skipped_covered,,,CHATHAM COURT,漆咸圍,1949-08-19,787,
skipped_covered,,,CHATHAM PATH,漆咸徑,1919-09-26,450,
skipped_covered,,,CHATHAM ROAD NORTH,漆咸道北,1979-01-12,111,
skipped_covered,,,CHATHAM ROAD SOUTH,漆咸道南,1979-01-12,111,
skipped_covered,,,CHAU TAU SOUTH ROAD,洲頭南路,2000-03-31,2030,
skipped_covered,,,CHAU TAU WEST ROAD,洲頭西路,2000-03-31,2030,
skipped_covered,,,CHE FONG STREET,智芳街,1974-04-19,1023,
skipped_covered,,,CHE KENG TUK ROAD,輋徑篤路,1991-05-24,1786,
skipped_covered,,,CHE KUNG MIU ROAD,車公廟路,1981-09-18,2794,
skipped_covered,,,CHE KUNG MIU ROAD,車公廟路,1983-12-23,3977,
skipped_covered,,,CHE PING STREET,車坪街,1983-04-29,1316,
skipped_covered,,,CHEK LAP KOK ROAD,赤鱲角路,2017-03-10,1273,
skipped_covered,,,CHEK LAP KOK ROAD,赤鱲角路,2026-05-22,2981,
skipped_covered,,,CHEK LAP KOK SOUTH ROAD,赤鱲角南路,1997-04-25,2008,
skipped_covered,,,CHEK LAP KOK SOUTH ROAD,赤鱲角南路,1998-01-02,73,
skipped_covered,,,CHENGTU ROAD,成都道,1941-10-24,1261,
skipped_covered,,,CHEONG HANG LANE,暢行里,1979-06-22,1564,
skipped_covered,,,CHEONG HANG ROAD,暢行道,1975-07-11,1541,
skipped_covered,,,CHEONG HING ROAD,暢興路,1998-01-02,73,
skipped_covered,,,CHEONG HING ROAD,暢興路,2005-11-11,5908,
skipped_covered,,,CHEONG HING ROAD,暢興路,2022-05-13,2362,
skipped_covered,,,CHEONG HONG ROAD,暢航路,1998-01-02,73,
skipped_covered,,,CHEONG HONG ROAD,暢航路,2019-07-26,4781,
skipped_covered,,,CHEONG KING ROAD,暢景路,2005-11-11,5907,
skipped_covered,,,CHEONG LIN ROAD,暢連路,1998-01-02,73,
skipped_covered,,,CHEONG LIN ROAD,暢連路,2001-05-04,2840,
skipped_covered,,,CHEONG MING STREET,昌明街,1930-03-07,138,
skipped_covered,,,CHEONG SAN LANE,昌新里,1990-01-25,333,
skipped_covered,,,CHEONG SHING PATH,昌盛徑,1983-06-03,1752,
skipped_covered,,,CHEONG SHUN ROAD,暢順路,2005-08-05,3798,
skipped_covered,,,CHEONG TAI STREET,昌泰街,1973-03-16,704,
skipped_covered,,,CHEONG TAT ROAD,暢達路,1998-01-02,73,
skipped_covered,,,CHEONG TAT ROAD,暢達路,2005-08-05,3799,
skipped_covered,,,CHEONG TAT ROAD,暢達路,2022-05-13,2362,
skipped_covered,,,CHEONG TUNG ROAD,暢通道,1988-03-04,711,
skipped_covered,,,CHEONG TUNG ROAD SOUTH,暢通道南,1999-08-20,4818,
skipped_covered,,,CHEONG WAN ROAD,暢運道,1976-03-05,528,
skipped_covered,,,CHEONG WAN ROAD,暢運道,2001-03-09,1565,
skipped_covered,,,CHEONG WAN ROAD,暢運道,2015-11-13,8864,
skipped_covered,,,CHEONG WING ROAD,暢榮路,1998-01-02,73,
skipped_covered,,,CHEONG WING ROAD,暢榮路,2008-04-25,2781,
skipped_covered,,,CHEONG WONG ROAD,暢旺路,1998-01-02,73,
skipped_covered,,,CHEONG WONG ROAD,暢旺路,2001-05-04,2840,
skipped_covered,,,CHEONG WONG ROAD,暢旺路,2005-11-11,5908,
skipped_covered,,,CHEONG WONG ROAD,暢旺路,2026-05-22,2981,
skipped_covered,,,CHEONG WUI ROAD,暢匯路,2007-02-23,1406,
skipped_covered,,,CHEONG WUI ROAD,暢匯路,2026-05-22,2981,
skipped_covered,,,CHEONG YIP ROAD,暢業路,1998-01-02,73,
skipped_covered,,,CHEONG YIP ROAD,暢業路,2026-05-22,2981,
skipped_covered,,,CHERRY STREET,櫻桃街,1954-12-24,1562,
skipped_covered,,,CHERRY STREET,櫻桃街,1998-05-29,2633,
skipped_covered,,,CHESTER ROAD,志士達道,1950-07-21,867,
skipped_covered,,,CHEUK WAN STREET,卓運街,1995-01-13,153,
skipped_covered,,,CHEUNG CHAU BEACH ROAD,長洲東堤路,1985-07-05,2166,
skipped_covered,,,CHEUNG CHAU CHURCH ROAD,長洲教堂路,1985-07-05,2166,
skipped_covered,,,CHEUNG CHAU ELECTRIC PATH,長洲電廠徑,2008-12-05,8315,
skipped_covered,,,CHEUNG CHAU HOSPITAL ROAD,長洲醫院路,1985-07-05,2166,
skipped_covered,,,CHEUNG CHAU PEAK ROAD,長洲山頂道,2008-07-11,4752,
skipped_covered,,,CHEUNG CHAU PEAK ROAD WEST,長洲山頂道西,2008-07-11,4752,
skipped_covered,,,CHEUNG CHAU SAI TAI ROAD,長洲西堤道,1990-12-07,4413,
skipped_covered,,,CHEUNG CHAU SAI TAI ROAD,長洲西堤道,2000-10-13,6669,
skipped_covered,,,CHEUNG CHAU SPORTS ROAD,長洲體育路,1985-07-05,2166,
skipped_covered,,,CHEUNG CHI LANE,長智巷,1990-12-07,4413,
skipped_covered,,,CHEUNG FAI ROAD,長輝路,1983-12-02,3793,
skipped_covered,,,CHEUNG FAI ROAD,長輝路,2004-10-15,6705,
skipped_covered,,,CHEUNG FAT STREET,長發街,1934-02-09,91,
skipped_covered,,,CHEUNG FU STREET,長富街,1986-11-21,4035,
skipped_covered,,,CHEUNG HANG ROAD,長坑路,1983-03-11,776,
skipped_covered,,,CHEUNG HO STREET,長好街,1985-03-22,915,
skipped_covered,,,CHEUNG HONG STREET,長康街,1933-07-28,511,
skipped_covered,,,CHEUNG KIN ROAD,長健路,1990-12-07,4413,
skipped_covered,,,CHEUNG KWAI ROAD,長貴路,1985-08-09,2597,
skipped_covered,,,CHEUNG LAI STREET,長荔街,1976-06-18,1302,
skipped_covered,,,CHEUNG LEE STREET,祥利街,1966-07-08,1759,
skipped_covered,,,CHEUNG LEK MEI STREET,長瀝尾街,1981-06-12,1685,
skipped_covered,,,CHEUNG LUNG STREET,長隆街,1983-12-02,3793,
skipped_covered,,,CHEUNG MAN ROAD,祥民道,1973-10-19,2719,
skipped_covered,,,CHEUNG MAN ROAD,祥民道,1993-06-04,1914,
skipped_covered,,,CHEUNG MOU STREET,長茂街,1976-06-18,1302,
skipped_covered,,,CHEUNG NING STREET,長寧街,1931-02-13,86,
skipped_covered,,,CHEUNG PAK ROAD,長北路,1991-07-19,2509,
skipped_covered,,,CHEUNG PEI SHAN ROAD,象鼻山路,1983-11-04,3497,
skipped_covered,,,CHEUNG PEI SHAN ROAD,象鼻山路,1990-04-06,1265,
skipped_covered,,,CHEUNG PEI SHAN ROAD,象鼻山路,2006-03-03,1460,
skipped_covered,,,CHEUNG SHA WAN PATH,長沙灣徑,1976-06-18,1302,
skipped_covered,,,CHEUNG SHA WAN ROAD,長沙灣道,1923-09-28,411,
skipped_covered,,,CHEUNG SHA WAN ROAD,長沙灣道,1927-11-25,699,
skipped_covered,,,CHEUNG SHA WAN ROAD,長沙灣道,1978-10-13,2641,
skipped_covered,,,CHEUNG SHA WAN ROAD,長沙灣道,2019-07-26,4780,
skipped_covered,,,CHEUNG SHAN ESTATE ROAD EAST,象山邨東路,1984-01-27,287,
skipped_covered,,,CHEUNG SHAN ESTATE ROAD WEST,象山邨西路,1984-01-27,287,
skipped_covered,,,CHEUNG SHAN ESTATE ROAD WEST,象山邨西路,1990-11-02,3966,
skipped_covered,,,CHEUNG SHEK ROAD,長碩路,1990-12-07,4413,
skipped_covered,,,CHEUNG SHING STREET,長城街,1986-01-17,245,
skipped_covered,,,CHEUNG SHUE TAN ROAD,樟樹灘路,2005-08-05,3797,
skipped_covered,,,CHEUNG SHUN STREET,長順街,1976-06-18,1302,
skipped_covered,,,CHEUNG TAI ROAD,樟大路,2013-11-01,6570,
skipped_covered,,,CHEUNG TAK LANE,祥德里,1966-12-09,3091,
skipped_covered,,,CHEUNG TAT ROAD,長達路,1983-12-02,3793,
skipped_covered,,,CHEUNG TSING HIGHWAY,長青公路,1997-08-29,1008,
skipped_covered,,,CHEUNG TSING HIGHWAY,長青公路,1998-02-27,994,
skipped_covered,,,CHEUNG TSING HIGHWAY,長青公路,2009-12-18,7995,
skipped_covered,,,CHEUNG TSING TUNNEL,長青隧道,1997-08-29,1008,
skipped_covered,,,CHEUNG TSUN ROAD,長俊路,1990-12-07,4413,
skipped_covered,,,CHEUNG TUNG ROAD,翔東路,1997-08-29,1006,
skipped_covered,,,CHEUNG WAH STREET,昌華街,1934-02-09,91,
skipped_covered,,,CHEUNG WAN STREET,長環街,1979-07-06,1702,
skipped_covered,,,CHEUNG WING ROAD,昌榮路,1970-03-06,535,
skipped_covered,,,CHEUNG WING ROAD,昌榮路,2004-07-09,4431,
skipped_covered,,,CHEUNG WONG ROAD,長旺道,1969-05-09,883,
skipped_covered,,,CHEUNG WOO LANE,祥和里,1973-06-08,1472,
skipped_covered,,,CHEUNG YAN LANE,長仁巷,1990-12-07,4413,
skipped_covered,,,CHEUNG YAN LANE,長仁巷,1990-12-14,4496,
skipped_covered,,,CHEUNG YEE STREET,長義街,1976-06-18,1302,
skipped_covered,,,CHEUNG YIP STREET,祥業街,1979-11-09,2898,
skipped_covered,,,CHEUNG YIP STREET,祥業街,1984-04-19,1193,
skipped_covered,,,CHEUNG YIP STREET,祥業街,1984-10-26,3136,
skipped_covered,,,CHEUNG YIP STREET,祥業街,2021-06-25,3898,
skipped_covered,,,CHEUNG YUE STREET,長裕街,1976-06-18,1302,
skipped_covered,,,CHEUNG YUEN ROAD,長源路,1983-03-11,775,
skipped_covered,,,CHEUNG YUEN ROAD,長源路,2004-12-10,7971,
skipped_covered,,,CHI CHEONG ROAD,智昌路,1994-01-28,337,
skipped_covered,,,CHI FAI PATH,志輝徑,1986-08-15,2817,
skipped_covered,,,CHI FU CLOSE,置富徑,1979-05-11,1195,
skipped_covered,,,CHI FU ROAD,置富道,1979-05-11,1195,
skipped_covered,,,CHI FUK CIRCUIT,置福圍,1995-01-13,155,
skipped_covered,,,CHI HO ROAD,治河路,1999-09-17,5409,
skipped_covered,,,CHI HO ROAD,治河路,2004-11-12,7273,
skipped_covered,,,CHI KA LANE,置嘉里,2001-12-07,7638,
skipped_covered,,,CHI KIANG STREET,浙江街,1935-04-26,334,
skipped_covered,,,CHI KIANG STREET,浙江街,1965-06-04,1392,
skipped_covered,,,CHI KIANG STREET,浙江街,2017-07-14,5003,
skipped_covered,,,CHI LIN DRIVE,志蓮道,1994-10-28,4078,
skipped_covered,,,CHI LIN DRIVE,志蓮道,2000-06-16,3865,
skipped_covered,,,CHI LIT PATH,誌烈徑,2022-10-21,6005,
skipped_covered,,,CHI MA HANG ROAD,芝麻坑路,1996-06-07,2560,
skipped_covered,,,CHI MA WAN ROAD,芝麻灣道,1970-06-05,1156,
skipped_covered,,,CHI MAN STREET,治民街,1974-11-29,3037,
skipped_covered,,,CHI MING STREET,智明街,1995-01-13,153,
skipped_covered,,,CHI NGONG ROAD,志昂路,1998-03-27,1527,
skipped_covered,,,CHI SHIN STREET,至善街,2003-02-14,934,
skipped_covered,,,CHI SHIN STREET,至善街,2012-06-29,4533,
skipped_covered,,,CHI SHIN STREET,至善街,2012-12-14,8050,
skipped_covered,,,CHI SHING LANE,志成里,1901-05-11,272,
skipped_covered,,,CHI SHUN LANE,智順里,1999-10-29,6659,
skipped_covered,,,CHI SUM ROAD,祠心路,1999-10-29,6660,
skipped_covered,,,CHI TIN STREET,智田街,2023-07-28,4517,
skipped_covered,,,CHI WA LANE,置華里,1995-01-13,155,
skipped_covered,,,CHI WING CLOSE,置榮徑,1995-01-13,155,
skipped_covered,,,CHI WO STREET,志和街,1920-09-17,483,
skipped_covered,,,CHI YAN FIRST LANE,志仁一里,1985-10-18,3454,
skipped_covered,,,CHI YAN LANE,志仁里,1999-03-12,1360,
skipped_covered,,,CHI YAN STREET,志仁街,1999-03-12,1360,
skipped_covered,,,CHI YIN LANE,智賢里,1999-10-29,6661,
skipped_covered,,,CHIANTI DRIVE,尚堤徑,2012-07-13,4805,
skipped_covered,,,CHIK CHOI LANE,積財里,1983-09-30,3132,
skipped_covered,,,CHIK CHUEN STREET,積存街,1981-01-16,182,
skipped_covered,,,CHIK FAI STREET,積輝街,1984-06-15,1737,
skipped_covered,,,CHIK FU STREET,積富街,1983-09-30,3132,
skipped_covered,,,CHIK FUK STREET,積福街,1983-09-30,3132,
skipped_covered,,,CHIK LUK LANE,積祿里,1983-09-30,3132,
skipped_covered,,,CHIK SAU LANE,積壽里,1983-09-30,3132,
skipped_covered,,,CHIK SHUN STREET,積信街,1983-09-30,3132,
skipped_covered,,,CHIK TAI LANE,積泰里,1985-08-16,2682,
skipped_covered,,,CHIK TAK LANE,積德里,1983-09-30,3132,
skipped_covered,,,CHIK WAN STREET,積運街,1984-06-15,1737,
skipped_covered,,,CHIM UK ROAD,詹屋路,2012-01-13,231,
skipped_covered,,,CHIN STREET,前街,1985-10-18,3454,
skipped_covered,,,CHING CHEUNG ROAD,呈祥道,1966-11-18,2921,
skipped_covered,,,CHING CHEUNG ROAD,呈祥道,1976-11-19,2580,
skipped_covered,,,CHING CHEUNG ROAD,呈祥道,2001-08-03,4785,
skipped_covered,,,CHING FAI STREET,正暉街,1997-11-07,2359,
skipped_covered,,,CHING HIU ROAD,清曉路,2003-07-11,4729,
skipped_covered,,,CHING HONG ROAD,青康路,1979-07-06,1702,
skipped_covered,,,CHING HONG ROAD,青康路,1986-09-12,3157,
skipped_covered,,,CHING LAI ROAD,澄麗路,2019-03-01,1657,
skipped_covered,,,CHING LIN TERRACE,青蓮臺,1926-01-29,46,
skipped_covered,,,CHING PING STREET,澄平街,1956-06-08,717,
skipped_covered,,,CHING PING STREET,澄平街,1985-03-08,758,
skipped_covered,,,CHING SAU LANE,靜修里,1979-01-12,112,
skipped_covered,,,CHING SHAN STREET,靖山街,1999-11-26,7270,
skipped_covered,,,CHING SHING ROAD,清城路,2003-07-11,4729,
skipped_covered,,,CHING TAK STREET,正德街,1963-11-08,2197,
skipped_covered,,,CHING TAK STREET,正德街,1988-12-23,4429,
skipped_covered,,,CHING WAH STREET,清華街,1949-01-28,99,
skipped_covered,,,CHING YAU PATH,清攸徑,2020-04-03,1669,
skipped_covered,,,CHING YAU ROAD,清攸路,2013-02-08,747,
skipped_covered,,,CHING YEUNG AVENUE,青楊路,1970-03-06,536,
skipped_covered,,,CHING YU PATH,菁裕徑,2017-10-13,7595,
skipped_covered,,,CHIU KWONG STREET,朝光街,1967-12-08,2628,
skipped_covered,,,CHIU SHUN ROAD,昭信路,1990-11-02,3967,
skipped_covered,,,CHIU SHUN ROAD,昭信路,1992-01-31,411,
skipped_covered,,,CHIU TAM PATH,照潭徑,1986-08-15,2818,
skipped_covered,,,CHIU TAM PATH,照潭徑,1999-01-08,115,
skipped_covered,,,CHO YUEN STREET,草園街,1967-03-17,603,
skipped_covered,,,CHOI CHUK STREET,彩竹街,1986-01-24,327,
skipped_covered,,,CHOI FAI STREET,彩暉街,1995-01-13,153,
skipped_covered,,,CHOI FAT STREET,彩發街,1995-09-01,3546,
skipped_covered,,,CHOI FUNG PATH,彩鳳徑,1983-08-12,2625,
skipped_covered,,,CHOI HA ROAD,彩霞道,1974-12-13,3159,
skipped_covered,,,CHOI HA ROAD,彩霞道,2008-07-11,4754,
skipped_covered,,,CHOI HA ROAD,彩霞道,2009-06-26,4008,
skipped_covered,,,CHOI HEI ROAD,彩禧路,2000-07-21,4745,
skipped_covered,,,CHOI HING LANE,彩興里,2007-11-09,7353,
skipped_covered,,,CHOI HING ROAD,彩興路,2007-11-09,7353,
skipped_covered,,,CHOI HING ROAD,彩興路,2010-07-16,4562,
skipped_covered,,,CHOI HUNG INTERCHANGE,彩虹交匯處,2016-07-08,3863,
skipped_covered,,,CHOI HUNG ROAD,彩虹道,1959-05-29,738,
skipped_covered,,,CHOI LUNG STREET,彩隆街,2025-10-10,6447,
skipped_covered,,,CHOI MING STREET,彩明街,2000-11-03,7225,
skipped_covered,,,CHOI MING STREET,彩明街,2002-10-04,6308,
skipped_covered,,,CHOI SHA STREET,彩沙街,2012-03-02,1335,
skipped_covered,,,CHOI SHEK LANE,彩石里,1965-04-02,838,
skipped_covered,,,CHOI SHEK ROAD,彩石道,1965-04-02,838,
skipped_covered,,,CHOI SHING LANE,彩盛里,2018-02-02,650,
skipped_covered,,,CHOI SHUN STREET,彩順街,1995-09-01,3546,
skipped_covered,,,CHOI TIP STREET,彩蝶街,2021-09-30,6129,
skipped_covered,,,CHOI TUNG LANE,彩東里,2025-07-25,4611,
skipped_covered,,,CHOI WAN ROAD,彩雲道,1967-04-14,819,
skipped_covered,,,CHOI WING LANE,彩榮里,2010-07-16,4562,
skipped_covered,,,CHOI WING ROAD,彩榮路,2008-07-11,4754,
skipped_covered,,,CHOI WING ROAD,彩榮路,2010-07-16,4562,
skipped_covered,,,CHOI YEE LANE,彩頤里,2001-03-30,2133,
skipped_covered,,,CHOI YUEN ROAD,彩園路,1992-01-03,64,
skipped_covered,,,CHOI YUEN ROAD,彩園路,1995-01-13,153,
skipped_covered,,,CHOI YUEN ROAD,彩園路,2024-11-15,6899,
skipped_covered,,,CHONG FU ROAD,創富道,1996-11-22,5408,
skipped_covered,,,CHONG SAN ROAD,創新路,2005-10-21,5456,
skipped_covered,,,CHONG YIP STREET,創業街,1964-11-20,3168,
skipped_covered,,,CHUEN LUNG STREET,川龍街,1962-11-23,2378,
skipped_covered,,,CHUEN ON ROAD,全安路,1992-11-20,4152,
skipped_covered,,,CHUI CHUK STREET,翠竹街,1986-10-10,3519,
skipped_covered,,,CHUI FUK ROAD,翠福路,2018-03-29,2325,
skipped_covered,,,CHUI HANG STREET,翠杏街,1992-02-07,477,
skipped_covered,,,CHUI KWAN DRIVE,翠群徑,1999-12-30,8354,
skipped_covered,,,CHUI KWAN DRIVE,翠群徑,2024-08-16,4837,
skipped_covered,,,CHUI KWAN DRIVE,翠群徑,2024-08-16,4838,
skipped_covered,,,CHUI LING LANE,翠嶺里,2002-10-04,6308,
skipped_covered,,,CHUI LING ROAD,翠嶺路,2002-10-04,6308,
skipped_covered,,,CHUI LOK STREET,翠樂街,1993-02-12,478,
skipped_covered,,,CHUI SHIN STREET,翠善街,2012-12-14,8051,
skipped_covered,,,CHUI TIN STREET,翠田街,1984-03-09,708,
skipped_covered,,,CHUI TONG ROAD,翠塘路,1994-07-29,2827,
skipped_covered,,,CHUI TONG ROAD,翠塘路,2002-02-08,899,
skipped_covered,,,CHUI TUNG LANE,翠桐里,2002-07-26,4596,
skipped_covered,,,CHUI WO LANE,翠和里,1993-07-23,2596,
skipped_covered,,,CHUI YAN STREET,翠欣街,2002-01-11,251,
skipped_covered,,,CHUI YI STREET,翠怡街,1993-02-12,478,
skipped_covered,,,CHUI YU ROAD,聚魚道,1998-05-29,2633,
skipped_covered,,,CHUI YU ROAD,聚魚道,2018-03-29,2324,
skipped_covered,,,CHUK KOK ROAD,竹角路,1992-04-10,1271,
skipped_covered,,,CHUK ON LANE,竹安里,1967-12-08,2628,
skipped_covered,,,CHUK WAN STREET,祝運街,1992-05-08,1593,
skipped_covered,,,CHUK YAU ROAD,竹攸路,1994-09-16,3497,
skipped_covered,,,CHUK YEUNG ROAD,竹洋路,1984-02-17,459,
skipped_covered,,,CHUK YEUNG ROAD,竹洋路,1990-10-19,3764,
skipped_covered,,,CHUK YUEN ROAD,竹園道,1935-05-03,351,
skipped_covered,,,CHUK YUEN ROAD,竹園道,1957-10-11,1367,
skipped_covered,,,CHUK YUEN ROAD,竹園道,1979-05-25,1310,
skipped_covered,,,CHUK YUEN ROAD,竹園道,1986-01-24,327,
skipped_covered,,,CHUK YUEN ROAD,竹園道,1989-04-21,1309,
skipped_covered,,,CHUK YUEN ROAD,竹園道,1989-07-07,2312,
skipped_covered,,,CHUN CHEONG STREET,駿昌街,1995-04-13,1314,
skipped_covered,,,CHUN CHEONG STREET,駿昌街,1998-05-22,2486,
skipped_covered,,,CHUN CHI LANE NORTH,振翅里北,2017-03-03,1160,
skipped_covered,,,CHUN CHI LANE SOUTH,振翅里南,2017-03-03,1160,
skipped_covered,,,CHUN CHOI STREET,駿才街,1996-06-07,2561,
skipped_covered,,,CHUN CHOI STREET,駿才街,1998-05-22,2486,
skipped_covered,,,CHUN FAI ROAD,春暉道,1975-03-27,702,
skipped_covered,,,CHUN FAI ROAD,春暉道,1986-06-13,2016,
skipped_covered,,,CHUN KWAN ROAD,駿群路,1998-01-02,73,
skipped_covered,,,CHUN KWONG STREET,駿光街,1995-04-13,1314,
skipped_covered,,,CHUN KWONG STREET,駿光街,1998-05-22,2486,
skipped_covered,,,CHUN MING ROAD,駿明路,1998-01-02,73,
skipped_covered,,,CHUN PIN STREET,圳邊街,1964-05-29,1346,
skipped_covered,,,CHUN PING ROAD,駿坪路,1998-01-02,73,
skipped_covered,,,CHUN SHIN ROAD,真善路,2003-01-30,655,
skipped_covered,,,CHUN SHING STREET,春勝街,1930-03-07,138,
skipped_covered,,,CHUN SING STREET,駿昇街,1995-04-13,1314,
skipped_covered,,,CHUN TIN STREET,春田街,1955-02-18,200,
skipped_covered,,,CHUN TIN STREET,春田街,2023-05-05,2752,
skipped_covered,,,CHUN WAH ROAD,振華道,1957-10-11,1367,
skipped_covered,,,CHUN WAH ROAD,振華道,1980-04-18,1163,
skipped_covered,,,CHUN WAH ROAD,振華道,1980-09-12,2995,
skipped_covered,,,CHUN WAH ROAD,振華道,1984-03-02,665,
skipped_covered,,,CHUN WAN ROAD,駿運路,1998-01-02,73,
skipped_covered,,,CHUN WAN ROAD INTERCHANGE,駿運路交匯處,1998-01-02,73,
skipped_covered,,,CHUN WAN ROAD NORTH,駿運北路,1998-01-02,73,
skipped_covered,,,CHUN WAN ROAD SOUTH,駿運南路,1998-01-02,73,
skipped_covered,,,CHUN WANG STREET,駿宏街,1996-06-07,2561,
skipped_covered,,,CHUN WANG STREET,駿宏街,1998-05-22,2486,
skipped_covered,,,CHUN WING STREET,振榮街,1954-12-24,1562,
skipped_covered,,,CHUN YAN STREET,親仁街,1967-06-02,1195,
skipped_covered,,,CHUN YAN STREET,親仁街,1983-07-29,2420,
skipped_covered,,,CHUN YAT STREET,駿日街,1995-04-13,1314,
skipped_covered,,,CHUN YAT STREET,駿日街,1998-05-22,2486,
skipped_covered,,,CHUN YEUNG STREET,春秧街,1933-07-28,511,
skipped_covered,,,CHUN YI LANE,真義里,1974-11-29,3038,
skipped_covered,,,CHUN YIN SQUARE,俊賢坊,1986-08-15,2822,
skipped_covered,,,CHUN YING STREET,駿盈街,1995-04-13,1314,
skipped_covered,,,CHUN YUE ROAD,駿裕路,1998-01-02,73,
skipped_covered,,,CHUNG CHEUNG ROAD,中翔路,1998-01-02,73,
skipped_covered,,,CHUNG HAU STREET,忠孝街,1965-04-09,914,
skipped_covered,,,CHUNG HAU STREET,忠孝街,1973-10-26,2809,
skipped_covered,,,CHUNG HING SAN STREET,中興新街,1985-12-27,4230,
skipped_covered,,,CHUNG HING STREET,中興街,1983-08-12,2627,
skipped_covered,,,CHUNG HOK ROAD,中學路,1985-12-27,4230,
skipped_covered,,,CHUNG HOM KOK ROAD,舂磡角道,1966-09-30,2531,
skipped_covered,,,CHUNG KING ROAD,中景道,1992-05-15,1670,
skipped_covered,,,CHUNG KONG ROAD,中港道,1992-05-15,1670,
skipped_covered,,,CHUNG KUK PATH,松菊徑,1998-10-16,5020,
skipped_covered,,,CHUNG LING LANE,松嶺里,1992-05-01,1504,
skipped_covered,,,CHUNG LING LANE,松嶺里,2002-11-15,7433,
skipped_covered,,,CHUNG LING PATH,松齡徑,1993-12-10,4542,
skipped_covered,,,CHUNG LING ROAD,松嶺路,1992-05-01,1504,
skipped_covered,,,CHUNG MAN STREET,忠民街,1974-11-29,3037,
skipped_covered,,,CHUNG MEI ROAD,涌美路,1979-07-06,1702,
skipped_covered,,,CHUNG MEI ROAD,涌美路,1986-09-12,3157,
skipped_covered,,,CHUNG MUN ROAD,松滿路,1999-07-09,3890,
skipped_covered,,,CHUNG NGA ROAD,頌雅路,1991-10-25,3803,
skipped_covered,,,CHUNG ON STREET,眾安街,1938-04-14,299,
skipped_covered,,,CHUNG ON STREET,眾安街,1962-11-23,2378,
skipped_covered,,,CHUNG PAK ROAD,松柏路,1982-03-05,754,
skipped_covered,,,CHUNG PAK ROAD,松柏路,1985-08-02,2526,
skipped_covered,,,CHUNG SHING STREET,涌盛街,1998-08-21,4080,
skipped_covered,,,CHUNG SING PATH,鐘聲徑,1983-06-03,1752,
skipped_covered,,,CHUNG SUM LANE,中心里,1985-12-27,4230,
skipped_covered,,,CHUNG SUN STREET,忠信街,1959-05-15,670,
skipped_covered,,,CHUNG WA ROAD,重華路,1993-02-19,554,
skipped_covered,,,CHUNG WAI STREET,松慧街,1999-07-09,3890,
skipped_covered,,,CHUNG WUI STREET,中匯街,1965-11-12,2673,
skipped_covered,,,CHUNG YAN ROAD,松仁路,1999-07-09,3890,
skipped_covered,,,CHUNG YAT STREET,松逸街,1999-07-09,3890,
skipped_covered,,,CHUNG YEE STREET,忠義街,1994-06-10,2141,
skipped_covered,,,CHUNG YIN LANE,忠賢里,1991-03-28,1087,
skipped_covered,,,CHUNG YING STREET,中英街,1983-04-29,1316,
skipped_covered,,,CHUNG YIP ROAD,涌業路,1997-01-24,425,
skipped_covered,,,CHUNG YIP ROAD,涌業路,1997-02-14,752,
skipped_covered,,,CHURCH STREET,教堂街,1931-05-15,300,
skipped_covered,,,CHURCH STREET,教堂街,1931-07-10,436,
skipped_covered,,,CITY GARDEN ROAD,城市花園道,1993-05-21,1713,
skipped_covered,,,CLAYMORE AVENUE,利牧徑,1968-05-10,939,
skipped_covered,,,CLAYMORE AVENUE,利牧徑,1980-03-01,707,
skipped_covered,,,CLEAR WATER BAY ROAD,清水灣道,1947-07-04,543,
skipped_covered,,,CLEAR WATER BAY ROAD,清水灣道,1981-01-16,183,
skipped_covered,,,CLEMENTI ROAD,金文泰道,1950-12-29,1471,
skipped_covered,,,CLEMENTI ROAD,金文泰道,1978-10-27,2761,
skipped_covered,,,CLEMENTI ROAD,金文泰道,1978-11-17,2974,
skipped_covered,,,CLEVELAND STREET,加寧街,1962-03-09,491,
skipped_covered,,,CLIFF ROAD,石壁道,1935-02-22,139,
skipped_covered,,,CLOUD VIEW ROAD,雲景道,1966-01-14,129,
skipped_covered,,,CLOVELLY PATH,高化利徑,1919-09-26,450,
skipped_covered,,,CLUB STREET,會所街,1935-04-12,302,
skipped_covered,,,COLLEGE ROAD,書院道,1935-03-01,165,
skipped_covered,,,COLLEGE ROAD,書院道,1958-02-07,184,
skipped_covered,,,COLLEGE VIEW,育賢坊,1972-03-24,765,
skipped_covered,,,COMFORT TERRACE,康福臺,1952-11-28,1363,
skipped_covered,,,CONCORDE ROAD,協調道,1981-12-11,3682,
skipped_covered,,,CONCORDE ROAD,協調道,2015-01-23,1172,
skipped_covered,,,CONCORDE ROAD,協調道,2018-03-02,1473,
skipped_covered,,,CONDUIT ROAD,干德道,1907-04-12,250,
skipped_covered,,,CONDUIT ROAD,干德道,1976-09-24,2119,
skipped_covered,,,CONNAUGHT PLACE,康樂廣場,1975-10-03,2178,
skipped_covered,,,CONNAUGHT ROAD WEST,干諾道西,1999-03-12,1364,
skipped_covered,,,CONSORT RISE,金粟街,1962-01-26,190,
skipped_covered,,,CONTAINER PORT ROAD,貨櫃碼頭路,1974-05-31,1377,
skipped_covered,,,CONTAINER PORT ROAD,貨櫃碼頭路,1977-11-25,2859,
skipped_covered,,,CONTAINER PORT ROAD,貨櫃碼頭路,1979-07-27,1920,
skipped_covered,,,CONTAINER PORT ROAD SOUTH,貨櫃碼頭南路,1989-10-27,3774,
skipped_covered,,,CONTAINER PORT ROAD SOUTH,貨櫃碼頭南路,1994-09-09,3383,
skipped_covered,,,CONTAINER PORT ROAD SOUTH,貨櫃碼頭南路,1995-09-01,3545,
skipped_covered,,,CONTAINER PORT ROAD SOUTH,貨櫃碼頭南路,2008-05-09,3113,
skipped_covered,,,CONTAINER PORT ROAD SOUTH,貨櫃碼頭南路,2009-12-18,7995,
skipped_covered,,,CONTROL TOWER ROAD,管制塔路,1998-01-02,73,
skipped_covered,,,CONVENTION AVENUE,會議道,1988-02-05,400,
skipped_covered,,,CONVENTION AVENUE,會議道,2023-06-23,3741,
skipped_covered,,,COOMBE ROAD,甘道,1908-02-07,80,
skipped_covered,,,COOPER ROAD,谷柏道,1954-06-25,765,
skipped_covered,,,CORNWALL STREET,歌和老街,1929-08-23,427,
skipped_covered,,,CORNWALL STREET,歌和老街,1970-07-17,1480,
skipped_covered,,,COSTA AVENUE,海堤徑,2000-09-15,6058,
skipped_covered,,,COTTON PATH,棉花路,1931-05-15,300,
skipped_covered,,,COTTON PATH,棉花路,1931-07-10,436,
skipped_covered,,,COTTON TREE DRIVE,紅棉路,1968-05-10,938,
skipped_covered,,,COX'S ROAD,覺士道,1919-10-03,464,
skipped_covered,,,CRAIGMIN ROAD,忌利文道,1908-02-07,80,
skipped_covered,,,CREASY ROAD,祈禮士道,1951-07-20,754,
skipped_covered,,,CREASY ROAD,祈禮士道,1954-09-17,1151,
skipped_covered,,,CROWN TERRACE,冠冕臺,1962-01-26,190,
skipped_covered,,,CULTURAL DRIVE,文化道,2021-09-17,5801,
skipped_covered,,,CULTURAL DRIVE,文化道,2025-12-19,8147,
skipped_covered,,,CUMBERLAND ROAD,金巴倫道,1929-08-23,427,
skipped_covered,,,CYBERPORT ROAD,數碼港道,2001-11-09,7009,
skipped_covered,,,D'AGUILAR STREET,德己立街,1963-02-22,346,
skipped_covered,,,DAI CHEONG STREET,大昌街,1980-08-08,2486,
skipped_covered,,,DAI FAT STREET,大發街,1980-08-08,2486,
skipped_covered,,,DAI FAT STREET,大發街,1998-02-13,705,
skipped_covered,,,DAI FU STREET,大富街,1979-04-20,1002,
skipped_covered,,,DAI FU STREET,大富街,1980-08-08,2486,
skipped_covered,,,DAI FUK STREET,大福街,1998-03-27,1528,
skipped_covered,,,DAI HEI STREET,大喜街,1989-02-03,419,
skipped_covered,,,DAI HUNG STREET,大鴻街,1998-03-27,1528,
skipped_covered,,,DAI KING STREET,大景街,1989-02-03,419,
skipped_covered,,,DAI KWAI STREET,大貴街,1979-04-20,1002,
skipped_covered,,,DAI KWAI STREET,大貴街,1980-08-08,2486,
skipped_covered,,,DAI LI STREET,大利街,1979-04-20,1002,
skipped_covered,,,DAI PANG STREET,大鵬街,1980-08-08,2486,
skipped_covered,,,DAI SHING STREET,大盛街,1980-08-08,2486,
skipped_covered,,,DAI SHUN STREET,大順街,1979-04-20,1002,
skipped_covered,,,DAI SHUN STREET,大順街,1980-08-08,2486,
skipped_covered,,,DAI WAH STREET,大華街,1998-03-27,1528,
skipped_covered,,,DAI WAH STREET,大華街,1998-04-24,1962,
skipped_covered,,,DAI WANG STREET,大宏街,1980-08-08,2486,
skipped_covered,,,DAKOTA DRIVE,德高道,1988-01-29,308,
skipped_covered,,,DAKOTA DRIVE,德高道,2023-04-28,2594,
skipped_covered,,,DAWN DRIVE,朝暉路,1989-11-10,3972,
skipped_covered,,,DEEP BAY ROAD,深灣路,1973-05-18,1252,
skipped_covered,,,DEEP WATER BAY DRIVE,深水灣徑,1987-03-06,785,
skipped_covered,,,DEEP WATER BAY ROAD,深水灣道,1937-09-24,682,
skipped_covered,,,DEEP WATER BAY ROAD,深水灣道,1950-01-06,28,
skipped_covered,,,DERBY ROAD,打比道,1939-04-28,341,
skipped_covered,,,DEVON ROAD,德雲道,1929-08-23,427,
skipped_covered,,,DIANTHUS ROAD,石竹路,1953-11-20,1420,
skipped_covered,,,DIANTHUS ROAD,石竹路,1960-03-04,368,
skipped_covered,,,DISCOVERY BAY ROAD,愉景灣道,1994-11-18,4386,
skipped_covered,,,DISCOVERY BAY ROAD,愉景灣道,2012-07-13,4805,
skipped_covered,,,DISCOVERY PEAK ROAD,愉峰道,2021-06-11,3565,
skipped_covered,,,DISCOVERY VALLEY ROAD,愉景山道,1994-11-18,4386,
skipped_covered,,,DORSET CRESCENT,多實街,1929-08-23,427,
skipped_covered,,,DRAGON ROAD,皇龍道,1930-11-28,708,
skipped_covered,,,DRAKE STREET,德立街,1980-11-28,3730,
skipped_covered,,,DUKE STREET,公爵街,1929-06-21,331,
skipped_covered,,,DUMBARTON ROAD,東寶庭道,1950-07-28,900,
skipped_covered,,,DUNBAR ROAD,登巴道,1951-06-15,636,
skipped_covered,,,DUNG FAT STREET,登發街,1973-03-16,704,
skipped_covered,,,DURHAM ROAD,對衡道,1951-05-18,522,
skipped_covered,,,DYER AVENUE,戴亞街,1930-01-17,38,
skipped_covered,,,EARL STREET,伯爵街,1935-04-26,334,
skipped_covered,,,EAST COAST ROAD,東岸路,1998-01-02,73,
skipped_covered,,,EAST COAST ROAD,東岸路,2007-08-31,5705,
skipped_covered,,,EAST COAST ROAD,東岸路,2019-07-26,4781,
skipped_covered,,,EAST EMBANKMENT,東堤,1957-08-23,1179,
skipped_covered,,,EAST LAGUNA STREET,麗港東街,1996-12-06,5679,
skipped_covered,,,EAST POINT ROAD,東角道,1954-06-04,673,
skipped_covered,,,EASTBOURNE ROAD,義本道,1965-06-25,1572,
skipped_covered,,,EASTERN HOSPITAL ROAD,東院道,1931-05-15,300,
skipped_covered,,,EASTERN HOSPITAL ROAD,東院道,1931-07-10,436,
skipped_covered,,,EASTERN STREET NORTH,東邊街北,1999-03-12,1364,
skipped_covered,,,EDE ROAD,義德道,1957-04-05,509,
skipped_covered,,,EDE ROAD,義德道,1965-06-25,1572,
skipped_covered,,,EDINBURGH PLACE,愛丁堡廣場,1961-07-21,1210,
skipped_covered,,,EDINBURGH PLACE,愛丁堡廣場,2009-12-04,7642,
skipped_covered,,,ELECTRIC ROAD,電氣道,1935-06-21,490,
skipped_covered,,,ELECTRIC ROAD,電氣道,1959-11-20,1608,
skipped_covered,,,ELECTRIC STREET,電氣街,1929-03-15,140,
skipped_covered,,,ELEGANCE ROAD,雅麗道,1970-01-23,225,
skipped_covered,,,ELM STREET,榆樹街,1927-11-25,699,
skipped_covered,,,EMBANKMENT ROAD,基堤道,1929-06-21,331,
skipped_covered,,,EMMA AVENUE,艷馬道,1925-10-09,575,
skipped_covered,,,ESSEX CRESCENT,雅息士道,1929-08-23,427,
skipped_covered,,,EXPO DRIVE,博覽道,1996-11-22,5407,
skipped_covered,,,EXPO DRIVE,博覽道,2019-03-15,1971,
skipped_covered,,,EXPO DRIVE,博覽道,2019-03-29,2321,
skipped_covered,,,EXPO DRIVE CENTRAL,博覽道中,1996-11-22,5407,
skipped_covered,,,EXPO DRIVE CENTRAL,博覽道中,2019-03-15,1971,
skipped_covered,,,EXPO DRIVE CENTRAL,博覽道中,2019-03-29,2321,
skipped_covered,,,EXPO DRIVE EAST,博覽道東,1996-11-22,5407,
skipped_covered,,,EXPO DRIVE EAST,博覽道東,2019-03-15,1971,
skipped_covered,,,EXPO DRIVE EAST,博覽道東,2019-03-29,2321,
skipped_covered,,,EZRA'S LANE,伊沙里,1958-06-27,865,
skipped_covered,,,FA PO STREET,花圃街,1964-01-10,77,
skipped_covered,,,FA PO STREET,花圃街,1985-04-26,1346,
skipped_covered,,,FA YUEN STREET,花園街,1924-08-29,492,
skipped_covered,,,FACTORY STREET,工廠街,1931-05-15,300,
skipped_covered,,,FACTORY STREET,工廠街,1931-07-10,436,
skipped_covered,,,FACTORY STREET,工廠街,1959-05-08,628,
skipped_covered,,,FAI KING ROAD,快景路,2004-12-03,7836,
skipped_covered,,,FAI MING ROAD,暉明路,1995-01-13,156,
skipped_covered,,,FAIRVIEW PARK BOULEVARD,錦綉花園大道,1988-03-18,882,
skipped_covered,,,FAIRVIEW PARK ROAD EAST,錦綉大道東,1984-08-31,2609,
skipped_covered,,,FAIRVIEW PARK ROAD NORTH,錦綉大道北,1984-08-31,2609,
skipped_covered,,,FAIRVIEW PARK ROAD SOUTH,錦綉大道南,1984-08-31,2609,
skipped_covered,,,FAIRVIEW PARK ROAD WEST,錦綉大道西,1984-08-31,2609,
skipped_covered,,,"FAIRVIEW PARK SECTION C, 1ST STREET",錦綉花園C段第一街,1987-02-06,415,
skipped_covered,,,"FAIRVIEW PARK SECTION C, 2ND STREET",錦綉花園C段第二街,1987-02-06,415,
skipped_covered,,,"FAIRVIEW PARK SECTION C, 3RD STREET",錦綉花園C段第三街,1987-02-06,415,
skipped_covered,,,"FAIRVIEW PARK SECTION C, 4TH STREET",錦綉花園C段第四街,1987-02-06,415,
skipped_covered,,,"FAIRVIEW PARK SECTION C, 5TH STREET",錦綉花園C段第五街,1987-02-06,415,
skipped_covered,,,"FAIRVIEW PARK SECTION C, 6TH STREET",錦綉花園C段第六街,1987-02-06,415,
skipped_covered,,,"FAIRVIEW PARK SECTION C, 7TH STREET",錦綉花園C段第七街,1987-02-06,415,
skipped_covered,,,"FAIRVIEW PARK SECTION D, 1ST STREET",錦綉花園D段第一街,1987-02-06,415,
skipped_covered,,,"FAIRVIEW PARK SECTION D, 2ND STREET",錦綉花園D段第二街,1987-02-06,415,
skipped_covered,,,"FAIRVIEW PARK SECTION D, 3RD STREET",錦綉花園D段第三街,1987-02-06,415,
skipped_covered,,,"FAIRVIEW PARK SECTION D, 4TH STREET",錦綉花園D段第四街,1987-02-06,415,
skipped_covered,,,"FAIRVIEW PARK SECTION G, 1ST STREET",錦綉花園G段第一街,1985-08-02,2525,
skipped_covered,,,"FAIRVIEW PARK SECTION G, 2ND STREET",錦綉花園G段第二街,1985-08-02,2525,
skipped_covered,,,"FAIRVIEW PARK SECTION H, 1ST STREET",錦綉花園H段第一街,1985-08-02,2525,
skipped_covered,,,"FAIRVIEW PARK SECTION H, 2ND STREET",錦綉花園H段第二街,1985-08-02,2525,
skipped_covered,,,"FAIRVIEW PARK SECTION H, 3RD STREET",錦綉花園H段第三街,1985-08-02,2525,
skipped_covered,,,"FAIRVIEW PARK SECTION I, 1ST STREET",錦綉花園I段第一街,1985-08-02,2525,
skipped_covered,,,"FAIRVIEW PARK SECTION I, 2ND STREET",錦綉花園I段第二街,1985-08-02,2525,
skipped_covered,,,"FAIRVIEW PARK SECTION I, 3RD STREET",錦綉花園I段第三街,1985-08-02,2525,
skipped_covered,,,"FAIRVIEW PARK SECTION I, 4TH STREET",錦綉花園I段第四街,1985-08-02,2525,
skipped_covered,,,"FAIRVIEW PARK SECTION I, 5TH STREET",錦綉花園I段第五街,1985-08-02,2525,
skipped_covered,,,"FAIRVIEW PARK SECTION J, 1ST STREET",錦綉花園J段第一街,1988-03-18,882,
skipped_covered,,,"FAIRVIEW PARK SECTION J, 2ND STREET",錦綉花園J段第二街,1988-03-18,882,
skipped_covered,,,"FAIRVIEW PARK SECTION J, 3RD STREET",錦綉花園J段第三街,1988-03-18,882,
skipped_covered,,,"FAIRVIEW PARK SECTION J, 4TH STREET",錦綉花園J段第四街,1988-03-18,882,
skipped_covered,,,"FAIRVIEW PARK SECTION J, 5TH STREET",錦綉花園J段第五街,1988-03-18,882,
skipped_covered,,,"FAIRVIEW PARK SECTION K, 1ST STREET",錦綉花園K段第一街,1985-08-02,2525,
skipped_covered,,,"FAIRVIEW PARK SECTION K, 2ND STREET",錦綉花園K段第二街,1985-08-02,2525,
skipped_covered,,,"FAIRVIEW PARK SECTION K, 3RD STREET",錦綉花園K段第三街,1985-08-02,2525,
skipped_covered,,,"FAIRVIEW PARK SECTION K, 4TH STREET",錦綉花園K段第四街,1985-08-02,2525,
skipped_covered,,,"FAIRVIEW PARK SECTION K, 5TH STREET",錦綉花園K段第五街,1985-08-02,2525,
skipped_covered,,,"FAIRVIEW PARK SECTION L, 1ST STREET",錦綉花園L段第一街,1985-08-02,2525,
skipped_covered,,,"FAIRVIEW PARK SECTION L, 2ND STREET",錦綉花園L段第二街,1985-08-02,2525,
skipped_covered,,,"FAIRVIEW PARK SECTION L, 3RD STREET",錦綉花園L段第三街,1985-08-02,2525,
skipped_covered,,,"FAIRVIEW PARK SECTION L, 4TH STREET",錦綉花園L段第四街,1985-08-02,2525,
skipped_covered,,,"FAIRVIEW PARK SECTION L, 5TH STREET",錦綉花園L段第五街,1985-08-02,2525,
skipped_covered,,,"FAIRVIEW PARK SECTION M, 1ST STREET",錦綉花園M段第一街,1988-03-18,882,
skipped_covered,,,"FAIRVIEW PARK SECTION M, 2ND STREET",錦綉花園M段第二街,1988-03-18,882,
skipped_covered,,,"FAIRVIEW PARK SECTION M, 3RD STREET",錦綉花園M段第三街,1988-03-18,882,
skipped_covered,,,"FAIRVIEW PARK SECTION M, 4TH STREET",錦綉花園M段第四街,1988-03-18,882,
skipped_covered,,,"FAIRVIEW PARK SECTION M, 5TH STREET",錦綉花園M段第五街,1988-03-18,882,
skipped_covered,,,"FAIRVIEW PARK SECTION M, 6TH STREET",錦綉花園M段第六街,1988-03-18,882,
skipped_covered,,,FAN KAM ROAD,粉錦公路,1979-08-24,2145,
skipped_covered,,,FAN LENG LAU ROAD,粉嶺樓路,1995-01-13,154,
skipped_covered,,,FAN WA STREET,繁華街,1975-03-14,589,
skipped_covered,,,FANLING BYPASS,粉嶺繞道,2026-03-27,1839,
skipped_covered,,,FANLING HIGHWAY,粉嶺公路,1995-05-05,1615,
skipped_covered,,,FANLING STATION ROAD,粉嶺車站路,1995-07-28,2927,
skipped_covered,,,FANTASY ROAD,幻想道,2004-12-17,8104,
skipped_covered,,,FARM ROAD,農圃道,1933-12-22,823,
skipped_covered,,,FAT KWONG STREET,佛光街,1926-06-25,342,
skipped_covered,,,FAT KWONG STREET,佛光街,1965-04-09,914,
skipped_covered,,,FAT KWONG STREET FLYOVER,佛光街天橋,2009-02-06,852,
skipped_covered,,,FAT LEE STREET,發利街,1985-10-18,3454,
skipped_covered,,,FAT TSEUNG STREET,發祥街,1934-02-09,91,
skipped_covered,,,FAT TSEUNG STREET,發祥街,1985-03-08,759,
skipped_covered,,,FAT TSEUNG STREET WEST,發祥街西,1998-07-03,3230,
skipped_covered,,,FAT YIP LANE,發業里,1970-03-06,535,
skipped_covered,,,FAU TSOI STREET,阜財街,1935-02-15,124,
skipped_covered,,,FAU TSOI STREET,阜財街,1977-12-02,2944,
skipped_covered,,,FEI FUNG STREET,飛鳳街,1963-11-08,2197,
skipped_covered,,,FEI HA ROAD,飛霞路,1992-04-10,1271,
skipped_covered,,,FEI NGO SHAN ROAD,飛鵝山道,1957-05-24,730,
skipped_covered,,,FEI TSUI ROAD,翡翠道,1977-08-12,1914,
skipped_covered,,,FEI WAN ROAD,飛雲路,1992-04-10,1271,
skipped_covered,,,FENWICK PIER STREET,分域碼頭街,1974-05-31,1382,
skipped_covered,,,FENWICK STREET,分域街,1929-06-14,312,
skipped_covered,,,FENWICK STREET,分域街,1972-07-07,1666,
skipped_covered,,,FERRY STREET,渡船街,1941-10-24,1260,
skipped_covered,,,FERRY STREET,渡船街,1947-05-23,431,
skipped_covered,,,FERRY STREET,渡船街,1975-03-14,585,
skipped_covered,,,FERRY STREET,渡船街,2020-10-16,5984,
skipped_covered,,,FESSENDEN ROAD,范信達道,1968-01-05,26,
skipped_covered,,,FINANCE STREET,金融街,2002-07-26,4594,
skipped_covered,,,FINDLAY PATH,芬梨徑,1915-05-28,244,
skipped_covered,,,FINDLAY ROAD,芬梨道,1915-05-28,244,
skipped_covered,,,FINNIE STREET,芬尼街,1954-11-19,1418,
skipped_covered,,,FIR STREET,松樹街,1927-11-25,699,
skipped_covered,,,FIRE DRAGON PATH,火龍徑,2012-07-13,4804,
skipped_covered,,,FIRST SKY STREET,航天城第一街,2021-09-24,6003,
skipped_covered,,,FLEMING ROAD,菲林明道,1929-06-14,312,
skipped_covered,,,FLEMING ROAD,菲林明道,1972-07-07,1666,
skipped_covered,,,FLEMING ROAD,菲林明道,2019-03-15,1971,
skipped_covered,,,FLEMING ROAD,菲林明道,2019-03-29,2321,
skipped_covered,,,FLINT ROAD,火石道,1939-04-28,341,
skipped_covered,,,FLOWER MARKET PATH,花墟徑,2002-04-12,2229,
skipped_covered,,,FLOWER MARKET ROAD,花墟道,1948-04-23,381,
skipped_covered,,,FO CHUN ROAD,科進路,2005-10-21,5456,
skipped_covered,,,FO CHUN ROAD,科進路,2008-02-01,757,
skipped_covered,,,FO CHUN ROAD,科進路,2010-12-24,8236,
skipped_covered,,,FO SHING ROAD,科城路,2005-10-21,5456,
skipped_covered,,,FO TAN ROAD,火炭路,1972-10-06,2529,
skipped_covered,,,FO TAN ROAD,火炭路,1980-04-18,1165,
skipped_covered,,,FO TAN ROAD,火炭路,1981-08-14,2405,
skipped_covered,,,FO TAN ROAD,火炭路,1981-11-13,3369,
skipped_covered,,,FO YIN ROAD,科研路,2005-10-21,5456,
skipped_covered,,,FO YIP STREET,科業街,2003-09-05,6123,
skipped_covered,,,FONG WAH LANE,芳華里,1971-01-22,139,
skipped_covered,,,FONG YUEN ROAD,芳園路,2006-10-13,6513,
skipped_covered,,,FOO KWAI STREET,富貴街,1954-12-24,1562,
skipped_covered,,,FOO MING STREET,富明街,1964-04-24,1034,
skipped_covered,,,FOO YUEN STREET,富源街,1961-09-08,1577,
skipped_covered,,,FOOK HONG STREET,福康街,1977-12-02,2944,
skipped_covered,,,FOOK TAK STREET,福德街,1977-12-02,2944,
skipped_covered,,,FOOK TAK STREET,福德街,1984-05-18,1452,
skipped_covered,,,FOOK YAT PATH,福日徑,1983-06-03,1752,
skipped_covered,,,FOOK YUM ROAD,福蔭道,1954-07-30,947,
skipped_covered,,,FORFAR ROAD,科發道,1933-12-22,823,
skipped_covered,,,FORT STREET,堡壘街,1933-07-28,511,
skipped_covered,,,FORTRESS HILL ROAD,炮台山道,1959-11-20,1608,
skipped_covered,,,FORTUNE STREET,幸福街,1970-05-22,1053,
skipped_covered,,,FRASER ROAD,符禮修路,1990-11-02,3963,
skipped_covered,,,FU CHEONG PATH,富昌徑,2005-02-04,624,
skipped_covered,,,FU CHI PATH,富池徑,1983-04-22,1265,
skipped_covered,,,FU CHUNG LANE,富忠里,1993-04-30,1435,
skipped_covered,,,FU CHUNG LANE,富忠里,2011-09-30,6435,
skipped_covered,,,FU FAT LANE,富發里,1989-06-09,1978,
skipped_covered,,,FU FUK ROAD,富福路,2018-03-29,2325,
skipped_covered,,,FU HANG ROAD,虎坑路,1991-02-08,502,
skipped_covered,,,FU HING STREET,符興街,1958-06-06,770,
skipped_covered,,,FU HONG STREET,富康街,1998-05-01,2182,
skipped_covered,,,FU KEUNG STREET,富強街,1966-07-29,1951,
skipped_covered,,,FU KEUNG STREET,富強街,1983-01-28,327,
skipped_covered,,,FU KIN STREET,富健街,1984-06-15,1737,
skipped_covered,,,FU KONG SHAN ROAD,富崗山路,2006-02-17,1050,
skipped_covered,,,FU KWAI PATH,富貴徑,1988-02-12,490,
skipped_covered,,,FU MEI STREET,富美街,1963-10-11,2014,
skipped_covered,,,FU MEI STREET,富美街,1989-04-21,1309,
skipped_covered,,,FU MEI STREET EAST,富美東街,1967-01-13,89,
skipped_covered,,,FU NING STREET,富寧街,1965-04-02,836,
skipped_covered,,,FU ON STREET,富安街,1968-04-26,826,
skipped_covered,,,FU PENG STREET,富坪街,1993-10-15,3762,
skipped_covered,,,FU PO ROAD,富寶路,1999-02-05,637,
skipped_covered,,,FU SHIN STREET,富善街,1930-05-02,262,
skipped_covered,,,FU SHIN STREET,富善街,1961-11-10,1975,
skipped_covered,,,FU SHING STREET,富盛街,2012-11-02,7160,
skipped_covered,,,FU TEI AU ROAD,虎地㘭道,1972-09-15,2306,
skipped_covered,,,FU TEI ROAD,富地路,1991-02-08,502,
skipped_covered,,,FU TEI ROAD,富地路,2021-12-03,7634,
skipped_covered,,,FU TIN LANE,富田里,1986-10-10,3517,
skipped_covered,,,FU TSUI STREET,富翠街,1987-01-23,307,
skipped_covered,,,FU TUNG STREET,富東街,1997-04-25,2008,
skipped_covered,,,FU UK ROAD,傅屋路,1970-03-06,535,
skipped_covered,,,FU WAH STREET,富華街,1973-03-16,704,
skipped_covered,,,FU WAN STREET,富運街,1966-07-29,1951,
skipped_covered,,,FU WING STREET,富榮街,1973-03-16,704,
skipped_covered,,,FU YAN STREET,輔仁街,1957-02-22,264,
skipped_covered,,,FU YAN STREET,輔仁街,1961-01-13,50,
skipped_covered,,,FU YAN STREET,輔仁街,1967-01-13,87,
skipped_covered,,,FU YEE ROAD,富怡道,1998-05-01,2182,
skipped_covered,,,FU YIP STREET,富業街,1983-01-28,325,
skipped_covered,,,FU YUE STREET,富裕街,1966-07-29,1951,
skipped_covered,,,FU YUNG SHAN ROAD,芙蓉山路,1997-10-17,1883,
skipped_covered,,,FU YUNG STREET,芙蓉街,1963-06-21,1134,
skipped_covered,,,FUI SHA WAI LANE,灰沙圍里,1985-09-13,3022,
skipped_covered,,,FUI SHA WAI SOUTH ROAD,灰沙圍南路,1997-01-31,565,
skipped_covered,,,FUI SHA WAI SOUTH ROAD,灰沙圍南路,1997-02-14,753,
skipped_covered,,,FUI YIU KOK STREET,灰窰角街,1966-02-18,470,
skipped_covered,,,FUI YIU LANE,灰窰里,1994-07-29,2827,
skipped_covered,,,FUK CHAK STREET,福澤街,1963-09-06,1736,
skipped_covered,,,FUK CHEUNG STREET,福祥街,1965-04-02,836,
skipped_covered,,,FUK CHI STREET,福至街,1980-05-23,1581,
skipped_covered,,,FUK HANG STREET,福恆街,1984-05-04,1312,
skipped_covered,,,FUK HANG TSUEN LANE,福亨村里,1999-01-08,114,
skipped_covered,,,FUK HANG TSUEN PATH,福亨村徑,2004-02-06,959,
skipped_covered,,,FUK HANG TSUEN ROAD,福亨村路,1990-05-04,1617,
skipped_covered,,,FUK HANG TSUEN ROAD,福亨村路,1993-12-10,4543,
skipped_covered,,,FUK HI STREET,福喜街,1984-05-04,1312,
skipped_covered,,,FUK KWAN AVENUE,福群道,1931-02-13,86,
skipped_covered,,,FUK LEE STREET,福利街,1958-05-30,732,
skipped_covered,,,FUK LEE STREET,福利街,2003-03-07,1548,
skipped_covered,,,FUK LO TSUN ROAD,福佬村道,1933-05-12,340,
skipped_covered,,,FUK LOI LANE,福來里,1985-10-11,3359,
skipped_covered,,,FUK LOK PATH,福樂徑,1992-01-24,315,
skipped_covered,,,FUK MAN ROAD,福民路,1985-12-27,4229,
skipped_covered,,,FUK MAN ROAD,福民路,2015-08-28,6517,
skipped_covered,,,FUK NING ROAD,福寧道,1970-01-23,225,
skipped_covered,,,FUK SHING PATH,福盛徑,1992-01-24,315,
skipped_covered,,,FUK SHUN STREET,福順街,1984-05-04,1312,
skipped_covered,,,FUK SHUN STREET,福順街,1986-09-12,3158,
skipped_covered,,,FUK SHUN STREET,福順街,2023-03-10,1533,
skipped_covered,,,FUK TIN PATH,福田徑,1992-01-24,315,
skipped_covered,,,FUK TO STREET,福淘街,2012-06-01,3792,
skipped_covered,,,FUK TONG ROAD,福塘道,1970-01-23,225,
skipped_covered,,,FUK TSUN STREET,福全街,1927-11-25,699,
skipped_covered,,,FUK WA STREET,福華街,1930-08-15,510,
skipped_covered,,,FUK WANG STREET,福宏街,1984-05-04,1312,
skipped_covered,,,FUK WING STREET,福榮街,1930-08-15,510,
skipped_covered,,,FUK WO ROAD,福和路,2000-06-23,3981,
skipped_covered,,,FUK YAN STREET,福欣街,1984-10-19,3073,
skipped_covered,,,FUK YUEN STREET,福元街,1931-05-15,300,
skipped_covered,,,FUK YUEN STREET,福元街,1931-07-10,436,
skipped_covered,,,FUNG CHEUNG PATH,鳳翔徑,2017-10-13,7595,
skipped_covered,,,FUNG CHEUNG ROAD,鳳翔路,1977-12-02,2944,
skipped_covered,,,FUNG CHEUNG ROAD,鳳翔路,1998-05-22,2487,
skipped_covered,,,FUNG CHEUNG ROAD,鳳翔路,2000-07-21,4743,
skipped_covered,,,FUNG CHEUNG ROAD,鳳翔路,2017-10-13,7594,
skipped_covered,,,FUNG CHI ROAD,鳳池路,1987-08-28,2856,
skipped_covered,,,FUNG CHUK ROAD,豐竹路,2000-03-31,2031,
skipped_covered,,,FUNG FAN PATH,風帆徑,1997-08-08,624,
skipped_covered,,,FUNG HA ROAD,峰霞道,1991-08-16,2879,
skipped_covered,,,FUNG HEUNG STREET,鳳香街,1981-12-18,3742,
skipped_covered,,,FUNG HEUNG STREET,鳳香街,2017-10-13,7594,
skipped_covered,,,FUNG KAM STREET,鳳琴街,1981-12-18,3742,
skipped_covered,,,FUNG KI ROAD,鳳麒路,2005-05-27,2493,
skipped_covered,,,FUNG KONG TSUEN ROAD,鳳降村路,1994-09-09,3384,
skipped_covered,,,FUNG KWAN PATH,鳳群徑,2017-10-13,7595,
skipped_covered,,,FUNG KWAN STREET,鳳群街,1981-12-18,3742,
skipped_covered,,,FUNG LAI ROAD,鳳禮道,1990-02-23,655,
skipped_covered,,,FUNG LAM ROAD,鳳林路,2026-03-27,1839,
skipped_covered,,,FUNG LING ROAD,鳳嶺路,2026-03-27,1839,
skipped_covered,,,FUNG LOK LANE,豐樂里,1992-01-24,315,
skipped_covered,,,FUNG MAT ROAD,豐物道,1993-05-14,1637,
skipped_covered,,,FUNG MAT ROAD,豐物道,1999-03-12,1363,
skipped_covered,,,FUNG MEI PATH,鳳美徑,1990-02-23,655,
skipped_covered,,,FUNG MO STREET,鳳舞街,1963-10-11,2014,
skipped_covered,,,FUNG MO STREET,鳳舞街,2018-08-10,6060,
skipped_covered,,,FUNG NAM LANE,鳳南里,1999-02-26,970,
skipped_covered,,,FUNG NAM ROAD,鳳南路,1994-01-28,337,
skipped_covered,,,FUNG NIN ROAD,豐年路,1977-12-02,2944,
skipped_covered,,,FUNG ON STREET,豐安街,1991-07-19,2510,
skipped_covered,,,FUNG PING LANE,鳳坪里,1984-11-09,3320,
skipped_covered,,,FUNG SAU ROAD,鳳秀路,1986-08-15,2817,
skipped_covered,,,FUNG SHEK STREET,豐石街,1987-02-06,416,
skipped_covered,,,FUNG SHING STREET,豐盛街,1979-11-09,2896,
skipped_covered,,,FUNG SHING STREET,豐盛街,1989-07-07,2313,
skipped_covered,,,FUNG SHUE WO ROAD,楓樹窩路,1986-09-12,3157,
skipped_covered,,,FUNG SHUE WO ROAD,楓樹窩路,1988-07-22,2353,
skipped_covered,,,FUNG SHUN STREET,豐順街,1983-12-23,3977,
skipped_covered,,,FUNG TAK ROAD,鳳德道,1963-11-08,2197,
skipped_covered,,,FUNG TAK ROAD,鳳德道,1988-03-31,1053,
skipped_covered,,,FUNG TAK ROAD,鳳德道,1991-11-22,4197,
skipped_covered,,,FUNG TIN STREET,奉天街,1979-03-16,713,
skipped_covered,,,FUNG WAH STREET,豐華街,1966-06-30,1684,
skipped_covered,,,FUNG WAN ROAD,豐運路,1995-10-13,4259,
skipped_covered,,,FUNG WO LANE,豐禾里,1983-12-23,3977,
skipped_covered,,,FUNG YAU PATH,鳳攸徑,2017-10-13,7595,
skipped_covered,,,FUNG YAU STREET EAST,鳳攸東街,1981-12-18,3742,
skipped_covered,,,FUNG YAU STREET NORTH,鳳攸北街,1981-12-18,3742,
skipped_covered,,,FUNG YAU STREET SOUTH,鳳攸南街,1981-12-18,3742,
skipped_covered,,,FUNG YI STREET,鳳儀街,1959-04-17,548,
skipped_covered,,,FUNG YING PATH,豐盈徑,2024-05-10,2696,
skipped_covered,,,FUNG YIP STREET,豐業街,1977-05-13,1087,
skipped_covered,,,FUNG YU ROAD,豐裕路,2016-04-29,2478,
skipped_covered,,,FUNG YUEN ROAD,鳳園路,1970-04-03,713,
skipped_covered,,,FUNG YUEN ROAD,鳳園路,2009-03-06,1502,
skipped_covered,,,GARDEN ROAD,花園道,1958-01-03,16,
skipped_covered,,,GASCOIGNE ROAD,加士居道,1905-03-17,158,
skipped_covered,,,GASCOIGNE ROAD,加士居道,1909-05-28,323,
skipped_covered,,,GASCOIGNE ROAD,加士居道,2020-10-16,5984,
skipped_covered,,,GASCOIGNE ROAD FLYOVER,加士居道天橋,2020-10-16,5983,
skipped_covered,,,GASCOIGNE ROAD FLYOVER,加士居道天橋,2020-10-23,6118,
skipped_covered,,,GILLIES AVENUE NORTH,機利士北路,1988-09-30,3321,
skipped_covered,,,GILLIES AVENUE SOUTH,機利士南路,1988-09-30,3321,
skipped_covered,,,GILMAN STREET,機利文街,1958-06-27,865,
skipped_covered,,,GILMAN STREET,機利文街,1974-05-31,1381,
skipped_covered,,,GINKGO ROAD,銀杏路,1984-08-31,2609,
skipped_covered,,,GLASS STREET,玻璃街,1931-05-15,300,
skipped_covered,,,GLASS STREET,玻璃街,1931-07-10,436,
skipped_covered,,,GLEE PATH,吉利徑,1967-12-22,2744,
skipped_covered,,,GLENEALY,己連拿利,1987-05-08,1538,
skipped_covered,,,GLOUCESTER ROAD,吿士打道,1929-06-14,312,
skipped_covered,,,GLOUCESTER ROAD,吿士打道,1962-01-19,121,
skipped_covered,,,GLOUCESTER ROAD,吿士打道,1972-12-29,3318,
skipped_covered,,,GOLDEN BAMBOO ROAD EAST,金竹東路,1984-08-31,2609,
skipped_covered,,,GOLDEN BAMBOO ROAD NORTH,金竹北路,1984-08-31,2609,
skipped_covered,,,GOLDEN BEACH PATH,黃金泳灘徑,2011-05-13,2995,
skipped_covered,,,GOLDEN HILL ROAD,金山路,1980-11-28,3731,
skipped_covered,,,GOLDSMITH ROAD,高士美道,1954-06-25,765,
skipped_covered,,,GOOD SHEPHERD STREET,牧愛街,1975-03-27,703,
skipped_covered,,,GOUGH HILL PATH,歌賦山里,1956-04-13,465,
skipped_covered,,,GOUGH HILL ROAD,歌賦山道,1908-02-07,80,
skipped_covered,,,GOUGH HILL ROAD,歌賦山道,1956-04-13,465,
skipped_covered,,,GRAMPIAN ROAD,嘉林邊道,1932-02-19,107,
skipped_covered,,,GRANDEUR ROAD,瑰麗路,1997-06-20,3081,
skipped_covered,,,GRANVILLE CIRCUIT,嘉蘭圍,1949-07-29,715,
skipped_covered,,,GRANVILLE ROAD,加連威老道,1981-08-21,2511,
skipped_covered,,,GRANVILLE SQUARE,加連威老廣場,1985-12-13,4096,
skipped_covered,,,GREEN LANE,箕璉坊,1940-02-07,154,
skipped_covered,,,GREIG CRESCENT,基利坊,1978-02-24,464,
skipped_covered,,,GREIG ROAD,基利路,1966-06-24,1628,
skipped_covered,,,GREIG ROAD,基利路,1978-02-24,464,
skipped_covered,,,GREIG ROAD,基利路,1990-10-12,3678,
skipped_covered,,,GUILDFORD ROAD,僑福道,1964-12-24,3484,
skipped_covered,,,GULLANE ROAD,嘉齡道,1950-09-15,1083,
skipped_covered,,,HA CHUK YUEN ROAD,下竹園路,2000-03-31,2031,
skipped_covered,,,HA HEUNG ROAD,下鄉道,1926-06-25,342,
skipped_covered,,,HA KO TAN STREET,下高灘街,1985-03-22,915,
skipped_covered,,,HA MEI ROAD,廈尾路,1993-12-10,4541,
skipped_covered,,,HA MEI ROAD,廈尾路,2013-05-10,2719,
skipped_covered,,,HA MEI SAN TSUEN ROAD,蝦尾新村路,1998-07-24,3590,
skipped_covered,,,HA SAN WAI ROAD,下新圍路,2000-03-31,2031,
skipped_covered,,,HA TSUEN ROAD,廈村路,2008-02-06,907,
skipped_covered,,,HA WAN TSUEN EAST ROAD,下灣村東路,2015-01-02,166,
skipped_covered,,,HA WAN TSUEN ROAD,下灣村路,2015-01-02,166,
skipped_covered,,,HA YEUNG ROAD,下洋路,1991-10-11,3622,
skipped_covered,,,HA YEUNG SAN TSUEN ROAD,下洋新村路,1991-10-11,3622,
skipped_covered,,,HAI TAN STREET,海壇街,1927-11-25,699,
skipped_covered,,,HAIPHONG ROAD,海防道,1909-03-19,184,
skipped_covered,,,HAK PAI ROAD,黑排路,1983-08-12,2627,
skipped_covered,,,HAK PO STREET,黑布街,1924-08-29,492,
skipped_covered,,,HAM TIN STREET,鹹田街,1962-11-23,2378,
skipped_covered,,,HAM TIN STREET,鹹田街,2004-12-17,8102,
skipped_covered,,,HAMMER HILL ROAD,斧山道,1956-11-16,1468,
skipped_covered,,,HAMMER HILL ROAD,斧山道,1972-07-28,1872,
skipped_covered,,,HAMMER HILL ROAD,斧山道,2017-04-21,2427,
skipped_covered,,,HAMMER HILL ROAD,斧山道,2017-04-21,2429,
skipped_covered,,,HAMPSHIRE ROAD,衡州道,1951-05-18,522,
skipped_covered,,,HANG CHEUNG STREET,幸祥街,1999-03-12,1362,
skipped_covered,,,HANG CHI STREET,恆智街,2000-01-21,378,
skipped_covered,,,HANG FAI STREET,恆輝街,1997-05-30,2704,
skipped_covered,,,HANG FAI STREET,恆輝街,2000-01-21,378,
skipped_covered,,,HANG FU STREET,恆富街,1996-02-16,804,
skipped_covered,,,HANG HAU ROAD,坑口道,1977-06-10,1311,
skipped_covered,,,HANG HAU ROAD,坑口道,1990-03-30,1118,
skipped_covered,,,HANG HAU ROAD,坑口道,1993-01-15,137,
skipped_covered,,,HANG HAU WING LUNG ROAD,坑口永隆路,1979-05-04,1131,
skipped_covered,,,HANG HONG STREET,恆康街,1987-01-02,40,
skipped_covered,,,HANG HONG STREET,恆康街,1993-11-19,4226,
skipped_covered,,,HANG KAI LANE,坑溪里,2015-03-13,2181,
skipped_covered,,,HANG KAM STREET,恆錦街,1991-05-03,1538,
skipped_covered,,,HANG KIN STREET,恆健街,1997-05-30,2704,
skipped_covered,,,HANG KWAI STREET,恆貴街,1996-02-16,804,
skipped_covered,,,HANG KWONG STREET,恆光街,1993-11-19,4226,
skipped_covered,,,HANG LOK LANE,恆樂里,1992-12-04,4337,
skipped_covered,,,HANG MEI STREET,亨美街,1998-08-07,3856,
skipped_covered,,,HANG MING STREET,恆明街,1997-05-30,2704,
skipped_covered,,,HANG ON STREET,恆安街,1957-02-22,264,
skipped_covered,,,HANG PING STREET,坑坪街,1970-03-06,535,
skipped_covered,,,HANG SHIN LINK,行善里,1994-10-21,3990,
skipped_covered,,,HANG SHING STREET,恆城街,1986-01-17,245,
skipped_covered,,,HANG SHUN STREET,恆信街,1987-01-02,40,
skipped_covered,,,HANG SHUN STREET,恆信街,2003-05-30,3667,
skipped_covered,,,HANG TAI ROAD,恆泰路,2000-01-21,378,
skipped_covered,,,HANG TAK STREET,恆德街,1987-01-02,40,
skipped_covered,,,HANG TAU ROAD,坑頭路,1977-05-20,1134,
skipped_covered,,,HANG WAN ROAD,幸運道,1988-03-18,881,
skipped_covered,,,HANG YIP STREET,恆業街,1991-08-02,2729,
skipped_covered,,,HANG YIU STREET,恆耀街,2000-01-21,378,
skipped_covered,,,HANKOW ROAD,漢口道,1909-03-19,184,
skipped_covered,,,HANOI ROAD,河內道,1909-03-19,184,
skipped_covered,,,HARBOUR DRIVE,港灣徑,1984-06-29,1900,
skipped_covered,,,HARBOUR ROAD,港灣道,1972-07-07,1666,
skipped_covered,,,HARBOUR VIEW STREET,港景街,1974-05-31,1381,
skipped_covered,,,HARCOURT ROAD,夏慤道,1961-04-07,575,
skipped_covered,,,HARLECH ROAD,夏力道,1904-08-19,588,
skipped_covered,,,HARLECH ROAD,夏力道,1959-02-13,245,
skipped_covered,,,HARMONY ROAD,富欣道,1998-05-01,2182,
skipped_covered,,,HART AVENUE,赫德道,1909-05-28,323,
skipped_covered,,,HATTON ROAD,克頓道,1906-08-03,662,
skipped_covered,,,HAU CHEUNG STREET,巧翔街,2000-11-10,7397,
skipped_covered,,,HAU FOOK STREET,厚福街,1978-04-28,1051,
skipped_covered,,,HAU MAN STREET,孝民街,1975-05-02,996,
skipped_covered,,,HAU TAK LANE,厚德里,1959-09-11,1258,
skipped_covered,,,HAU TEI SQUARE,鱟地坊,1963-06-21,1134,
skipped_covered,,,HAU TUNG STREET,孝東街,2025-07-25,4611,
skipped_covered,,,HAU WONG ROAD,侯王道,1933-05-12,340,
skipped_covered,,,HAU YUEN PATH,校園徑,1984-10-19,3075,
skipped_covered,,,HAVEN OF HOPE ROAD,靈實路,1998-02-20,833,
skipped_covered,,,HAVEN STREET,希雲街,1931-03-20,172,
skipped_covered,,,HAWTHORN ROAD,荷塘道,1940-02-07,154,
skipped_covered,,,HEADLAND DRIVE,朝暉徑,1994-11-18,4386,
skipped_covered,,,HEADLAND ROAD,赫蘭道,1949-12-09,1189,
skipped_covered,,,HEALTHY STREET CENTRAL,健康中街,1960-08-12,1217,
skipped_covered,,,HEALTHY STREET EAST,健康東街,1958-09-12,1260,
skipped_covered,,,HEALTHY STREET WEST,健康西街,1958-09-12,1260,
skipped_covered,,,HEI TUNG STREET,喜東街,1998-06-19,2978,
skipped_covered,,,HEI TUNG STREET,喜東街,2008-06-13,4021,
skipped_covered,,,HEI WO STREET,熙和街,1956-03-16,355,
skipped_covered,,,HEI YUEN STREET,戲院街,1936-04-17,360,
skipped_covered,,,HEI YUEN STREET,戲院街,1961-11-10,1975,
skipped_covered,,,HENDERSON ROAD,軒德蓀道,1951-07-20,754,
skipped_covered,,,HENG LAM STREET,杏林街,1966-08-26,2195,
skipped_covered,,,HENNESSY ROAD,軒尼詩道,1929-06-14,312,
skipped_covered,,,HEREFORD ROAD,禧福道,1951-05-18,522,
skipped_covered,,,HEUNG CHE STREET,香車街,1963-06-21,1134,
skipped_covered,,,HEUNG CHUNG ROAD,響鐘路,2002-02-15,1000,
skipped_covered,,,HEUNG FAN LIU STREET,香粉寮街,1983-12-23,3977,
skipped_covered,,,HEUNG LIN ROAD,香蓮路,2023-02-17,1075,
skipped_covered,,,HEUNG SHING STREET,享成街,1970-03-06,535,
skipped_covered,,,HEUNG SZE WUI SQUARE,鄉事會坊,1972-05-05,1092,
skipped_covered,,,HEUNG SZE WUI STREET,鄉事會街,1972-05-05,1092,
skipped_covered,,,HEUNG TSZ ROAD,鄉梓路,2022-12-30,7562,
skipped_covered,,,HEUNG WO STREET,享和街,1970-03-06,535,
skipped_covered,,,HEUNG YIP PATH,香葉徑,2017-04-07,1922,
skipped_covered,,,HEUNG YIP ROAD,香葉道,1972-09-29,2466,
skipped_covered,,,HEUNG YIP ROAD,香葉道,1974-05-31,1383,
skipped_covered,,,HEUNG YIP ROAD,香葉道,1975-02-07,351,
skipped_covered,,,HEUNG YIP ROAD,香葉道,2025-04-25,2547,
skipped_covered,,,HEUNG YUEN WAI HIGHWAY,香園圍公路,2019-02-01,1094,
skipped_covered,,,HI LEE PATH,喜利徑,1983-06-03,1752,
skipped_covered,,,HI SHI ROAD,喜士路,1989-10-06,3495,
skipped_covered,,,HI TAI STREET,喜泰街,2000-01-21,378,
skipped_covered,,,HI YIP STREET,喜業街,1983-01-28,325,
skipped_covered,,,HIGH STREET,高街,1928-06-15,338,
skipped_covered,,,HILL ROAD,山道,1936-11-20,918,
skipped_covered,,,HILL ROAD,山道,1936-11-20,918,
skipped_covered,,,HILL SIDE TERRACE,山坡臺,1959-02-27,315,
skipped_covered,,,HILLTOP ROAD,顯達路,1981-04-16,1146,
skipped_covered,,,HILLWOOD ROAD,山林道,1933-05-12,341,
skipped_covered,,,HIN FAT LANE,顯發里,1989-06-09,1978,
skipped_covered,,,HIN HONG STREET,顯康街,1985-07-26,2430,
skipped_covered,,,HIN KENG STREET,顯徑街,1984-06-15,1737,
skipped_covered,,,HIN KWAI LANE,顯貴里,1995-09-08,3630,
skipped_covered,,,HIN KWAI LANE,顯貴里,1995-09-15,3734,
skipped_covered,,,HIN TAI STREET,顯泰街,1985-07-26,2430,
skipped_covered,,,HIN TIN STREET,顯田街,1986-10-10,3517,
skipped_covered,,,HIN WO LANE,顯和里,1986-10-10,3517,
skipped_covered,,,HIN WO LANE,顯和里,2006-03-31,2189,
skipped_covered,,,HING CHOI STREET,興才街,1989-06-09,1978,
skipped_covered,,,HING FAT STREET,興發街,1921-05-06,208,
skipped_covered,,,HING FAT STREET,興發街,1987-03-20,933,
skipped_covered,,,HING FONG ROAD,興芳路,1974-04-19,1023,
skipped_covered,,,HING FONG ROAD,興芳路,1979-01-05,44,
skipped_covered,,,HING FONG ROAD,興芳路,2001-04-12,2401,
skipped_covered,,,HING FU STREET,興富街,1992-05-29,1862,
skipped_covered,,,HING FU STREET,興富街,2001-09-21,5853,
skipped_covered,,,HING KENG SHEK ROAD,慶徑石路,1991-07-05,2294,
skipped_covered,,,HING KWAI STREET,興貴街,1992-05-29,1862,
skipped_covered,,,HING KWAI STREET,興貴街,2020-10-23,6117,
skipped_covered,,,HING LEE STREET,興利街,1985-10-18,3454,
skipped_covered,,,HING LUNG BACK STREET,興隆後街,1985-07-05,2166,
skipped_covered,,,HING LUNG MAIN STREET,興隆正街,1985-07-05,2166,
skipped_covered,,,HING MAN STREET,興民街,1937-06-04,387,
skipped_covered,,,HING NING ROAD,興寧路,1991-11-15,4113,
skipped_covered,,,HING ON LANE,興安里,1989-06-09,1978,
skipped_covered,,,HING PING ROAD,慶平路,1984-11-30,3531,
skipped_covered,,,HING PING ROAD,慶平路,1999-04-09,1946,
skipped_covered,,,HING SHING ROAD,興盛路,1974-04-19,1023,
skipped_covered,,,HING TIN STREET,慶田街,2003-09-11,6274,
skipped_covered,,,HING TUNG STREET,慶東街,1997-04-25,2008,
skipped_covered,,,HING WAH STREET,興華街,1934-02-09,91,
skipped_covered,,,HING WAH STREET,興華街,1974-05-31,1385,
skipped_covered,,,HING WAH STREET WEST,興華街西,1998-07-03,3230,
skipped_covered,,,HING WO STREET,興和街,1974-05-31,1379,
skipped_covered,,,HING WONG STREET,興旺街,1975-08-01,1693,
skipped_covered,,,HING YAN STREET,興仁街,1959-05-15,670,
skipped_covered,,,HING YIN STREET,興賢街,1959-05-15,670,
skipped_covered,,,HING YIP STREET,興業街,1957-02-22,264,
skipped_covered,,,HIP WO LANE,協和里,1956-10-12,1306,
skipped_covered,,,HIP WO STREET,協和街,1957-02-22,264,
skipped_covered,,,HIP WO STREET,協和街,1963-08-02,1479,
skipped_covered,,,HIP YAN STREET,協欣街,1983-12-23,3977,
skipped_covered,,,HIRAM'S HIGHWAY,西貢公路,1977-06-10,1311,
skipped_covered,,,HIU KWONG STREET,曉光街,1967-03-10,537,
skipped_covered,,,HIU MING STREET,曉明街,1967-03-10,537,
skipped_covered,,,HIU PO PATH,曉波徑,1991-09-20,3343,
skipped_covered,,,HIU TSUI STREET,曉翠街,1990-03-02,779,
skipped_covered,,,HIU TUNG ROAD,曉東路,2025-07-25,4611,
skipped_covered,,,HIU WAN ROAD,曉運路,1995-10-13,4259,
skipped_covered,,,HIU YUK PATH,曉育徑,1985-12-13,4099,
skipped_covered,,,HO CHAU ROAD,蠔洲路,2006-03-03,1463,
skipped_covered,,,HO CHOI LANE,浩財里,1990-03-02,776,
skipped_covered,,,HO CHUNG NORTH ROAD,蠔涌北路,2020-06-12,3236,
skipped_covered,,,HO CHUNG ROAD,蠔涌路,1990-12-21,4576,
skipped_covered,,,HO FAT LANE,浩發里,1990-03-02,776,
skipped_covered,,,HO FUK STREET,浩福街,1990-03-02,776,
skipped_covered,,,HO HING CIRCUIT,河興街,1993-12-10,4542,
skipped_covered,,,HO HOI STREET,浩海街,1990-03-02,776,
skipped_covered,,,HO KING STREET,好景街,1932-04-22,245,
skipped_covered,,,HO LEE STREET,好利街,1985-10-18,3454,
skipped_covered,,,HO LEK PUI STREET,河瀝背街,1984-06-15,1737,
skipped_covered,,,HO LEK PUI STREET,河瀝背街,1991-03-15,914,
skipped_covered,,,HO MAN TIN HILL ROAD,何文田山道,1930-09-12,571,
skipped_covered,,,HO MAN TIN HILL ROAD,何文田山道,1969-06-27,1255,
skipped_covered,,,HO MAN TIN HILL ROAD,何文田山道,1985-01-11,148,
skipped_covered,,,HO MAN TIN STREET,何文田街,1929-11-29,616,
skipped_covered,,,HO PONG STREET,河傍街,1975-08-01,1693,
skipped_covered,,,HO PONG STREET,河傍街,1989-06-09,1978,
skipped_covered,,,HO PUI STREET,河背街,1962-11-23,2378,
skipped_covered,,,HO PUI STREET,河背街,2004-12-17,8102,
skipped_covered,,,HO SHEUNG HEUNG PAI FUNG ROAD,河上鄉排峰路,1998-10-16,5020,
skipped_covered,,,HO SHEUNG HEUNG ROAD,河上鄉路,1998-10-16,5020,
skipped_covered,,,HO SHEUNG HEUNG ROAD,河上鄉路,2004-12-03,7836,
skipped_covered,,,HO SUEN STREET,浩船街,1990-03-02,776,
skipped_covered,,,HO TIN STREET,河田街,1977-05-27,1189,
skipped_covered,,,HO TUNG ROAD,何東道,1939-04-28,341,
skipped_covered,,,HO WAN STREET,浩運街,1990-03-02,776,
skipped_covered,,,HO WO STREET,浩和街,2020-11-06,6474,
skipped_covered,,,HO WONG STREET,河旺街,1990-05-04,1617,
skipped_covered,,,HO YAT STREET,浩逸街,2020-11-06,6474,
skipped_covered,,,HO YEUNG STREET,浩洋街,1990-03-02,776,
skipped_covered,,,HOI AN STREET,海晏街,1937-06-04,387,
skipped_covered,,,HOI AN STREET,海晏街,1973-12-21,3305,
skipped_covered,,,HOI BUN ROAD,海濱道,1957-02-22,264,
skipped_covered,,,HOI BUN ROAD,海濱道,1976-12-24,2874,
skipped_covered,,,HOI BUN ROAD,海濱道,1979-11-09,2898,
skipped_covered,,,HOI CHAK STREET,海澤街,1985-05-31,1769,
skipped_covered,,,HOI CHAK STREET,海澤街,1993-08-27,3111,
skipped_covered,,,HOI CHING STREET,海澄街,1971-03-26,657,
skipped_covered,,,HOI CHU ROAD,海珠路,1990-11-30,4334,
skipped_covered,,,HOI CHU ROAD,海珠路,1991-07-19,2513,
skipped_covered,,,HOI FAI ROAD,海輝道,1998-07-03,3231,
skipped_covered,,,HOI FAN ROAD,海帆道,1998-07-03,3231,
skipped_covered,,,HOI FAN ROAD,海帆道,1999-05-21,2791,
skipped_covered,,,HOI FOO STREET,海富街,1937-06-04,387,
skipped_covered,,,HOI FUNG PATH,海風徑,1978-07-21,1852,
skipped_covered,,,HOI FUNG PATH,海風徑,1980-05-02,1356,
skipped_covered,,,HOI HA ROAD,海下路,1980-12-24,4050,
skipped_covered,,,HOI HING ROAD,海興路,1986-08-15,2821,
skipped_covered,,,HOI HONG STREET,海康街,1962-11-09,2286,
skipped_covered,,,HOI KING STREET,海景街,1954-12-24,1562,
skipped_covered,,,HOI KING STREET,海景街,1973-10-26,2810,
skipped_covered,,,HOI KOK STREET,海角街,1986-01-24,328,
skipped_covered,,,HOI KWAI ROAD,海貴路,1990-07-06,2396,
skipped_covered,,,HOI KWAI ROAD,海貴路,2019-03-01,1654,
skipped_covered,,,HOI KWONG STREET,海光街,1960-11-04,1673,
skipped_covered,,,HOI LAI STREET,海麗街,2004-12-10,7970,
skipped_covered,,,HOI LEE STREET,海利街,1968-04-04,690,
skipped_covered,,,HOI LONG PATH,海浪徑,2009-12-18,7996,
skipped_covered,,,HOI NING STREET,海寧街,1937-06-04,387,
skipped_covered,,,HOI ON ROAD,海安路,1994-08-12,3052,
skipped_covered,,,HOI PA STREET,海壩街,1962-11-23,2378,
skipped_covered,,,HOI PING ROAD,開平道,1936-01-10,35,
skipped_covered,,,HOI PO ROAD,海寶路,2001-09-21,5852,
skipped_covered,,,HOI SHA PATH,海沙徑,2019-10-25,6636,
skipped_covered,,,HOI SHIN LANE,海善里,2022-12-09,7138,
skipped_covered,,,HOI SHING ROAD,海盛路,1986-01-24,328,
skipped_covered,,,HOI SHING ROAD,海盛路,2004-08-13,5282,
skipped_covered,,,HOI TAI STREET,海堤街,1960-11-04,1673,
skipped_covered,,,HOI TAI STREET,海堤街,1960-12-02,1863,
skipped_covered,,,HOI TAI STREET,海堤街,2010-12-24,8237,
skipped_covered,,,HOI TAK STREET,海德街,1986-01-24,328,
skipped_covered,,,HOI TAT STREET,海達街,2022-09-02,4919,
skipped_covered,,,HOI TING ROAD,海庭道,1998-05-29,2633,
skipped_covered,,,HOI WAH ROAD,海華路,1994-10-14,3891,
skipped_covered,,,HOI WAN STREET,海灣街,1960-11-04,1673,
skipped_covered,,,HOI WANG ROAD,海泓道,1998-05-29,2633,
skipped_covered,,,HOI WING ROAD,海榮路,1992-05-29,1862,
skipped_covered,,,HOI WING ROAD,海榮路,1994-10-14,3894,
skipped_covered,,,HOI WONG ROAD,海皇路,1990-11-30,4334,
skipped_covered,,,HOI WONG ROAD,海皇路,1991-07-19,2514,
skipped_covered,,,HOI YING ROAD,海映路,2023-02-03,839,
skipped_covered,,,HOI YU STREET,海裕街,1984-11-30,3529,
skipped_covered,,,HOI YUEN ROAD,開源道,1957-02-22,264,
skipped_covered,,,HOI YUEN ROAD,開源道,2026-02-13,996,
skipped_covered,,,HOK CHEUNG STREET,鶴翔街,1990-03-30,1165,
skipped_covered,,,HOK LAM LANE,學林里,1998-04-24,1960,
skipped_covered,,,HOK LING STREET,鶴齡街,1959-04-17,548,
skipped_covered,,,HOK LOO LANE,學佬巷,1984-01-20,204,
skipped_covered,,,HOK TAU ROAD,鶴藪道,1972-10-06,2529,
skipped_covered,,,HOK YU LANE,學餘里,1963-12-20,2488,
skipped_covered,,,HOK YUEN LANE,鶴園里,2001-01-19,361,
skipped_covered,,,HOK YUEN STREET,鶴園街,1926-06-25,342,
skipped_covered,,,HOK YUEN STREET,鶴園街,1974-06-21,1570,
skipped_covered,,,HOK YUEN STREET EAST,鶴園東街,1981-05-01,1299,
skipped_covered,,,HOLLY ROAD,冬青道,1940-02-07,154,
skipped_covered,,,HOLLYWOOD ROAD,荷李活道,1887-09-03,356,
skipped_covered,,,HOLY CROSS PATH,聖十字徑,1937-06-04,387,
skipped_covered,,,HOMESTEAD ROAD,堪仕達道,1939-12-15,1178,
skipped_covered,,,HONG CHAI STREET,巷仔街,1998-02-27,995,
skipped_covered,,,HONG CHEUNG STREET,康祥街,1980-03-14,787,
skipped_covered,,,HONG CHONG ROAD,康莊道,1973-03-16,706,
skipped_covered,,,HONG CHONG ROAD,康莊道,1978-03-23,727,
skipped_covered,,,HONG CHONG ROAD,康莊道,1999-07-30,4363,
skipped_covered,,,HONG CHONG ROAD,康莊道,2018-10-05,7463,
skipped_covered,,,HONG FAI ROAD,康輝路,1993-02-12,479,
skipped_covered,,,HONG FU ROAD,康富路,1990-09-28,3488,
skipped_covered,,,HONG KEUNG STREET,康強街,1961-09-08,1577,
skipped_covered,,,HONG KIN ROAD,康健路,1985-08-16,2681,
skipped_covered,,,HONG KIN ROAD,康健路,1987-02-13,510,
skipped_covered,,,HONG KING STREET,康景街,1981-12-18,3742,
skipped_covered,,,HONG KONG-ZHUHAI-MACAO BRIDGE HONG KONG LINK ROAD,港珠澳大橋香港連接路,2017-03-10,1273,
skipped_covered,,,HONG LEE ROAD,康利道,1967-02-24,428,
skipped_covered,,,HONG LOK ROAD EAST,康樂東路,1985-11-29,3944,
skipped_covered,,,HONG LOK ROAD WEST,康樂西路,1985-11-29,3944,
skipped_covered,,,HONG LOK YUEN EIGHTEENTH STREET,康樂園第十八街,1992-05-29,1863,
skipped_covered,,,HONG LOK YUEN EIGHTEENTH STREET,康樂園第十八街,1993-05-28,1822,
skipped_covered,,,HONG LOK YUEN EIGHTH STREET,康樂園第八街,1993-05-28,1822,
skipped_covered,,,HONG LOK YUEN ELEVENTH STREET,康樂園第十一街,1985-11-29,3944,
skipped_covered,,,HONG LOK YUEN ELEVENTH STREET,康樂園第十一街,1992-05-29,1863,
skipped_covered,,,HONG LOK YUEN FIFTEENTH STREET,康樂園第十五街,1985-11-29,3944,
skipped_covered,,,HONG LOK YUEN FIFTH STREET,康樂園第五街,1985-11-29,3944,
skipped_covered,,,HONG LOK YUEN FIRST STREET,康樂園第一街,1985-11-29,3944,
skipped_covered,,,HONG LOK YUEN FOURTEENTH STREET,康樂園第十四街,1985-11-29,3944,
skipped_covered,,,HONG LOK YUEN FOURTH STREET,康樂園第四街,1985-11-29,3944,
skipped_covered,,,HONG LOK YUEN NINETEENTH STREET,康樂園第十九街,1993-05-28,1822,
skipped_covered,,,HONG LOK YUEN NINTH STREET,康樂園第九街,1985-11-29,3944,
skipped_covered,,,HONG LOK YUEN ROAD,康樂園路,1987-02-06,417,
skipped_covered,,,HONG LOK YUEN SECOND STREET,康樂園第二街,1985-11-29,3944,
skipped_covered,,,HONG LOK YUEN SEVENTEENTH STREET,康樂園第十七街,1993-05-28,1822,
skipped_covered,,,HONG LOK YUEN SEVENTH STREET,康樂園第七街,1985-11-29,3944,
skipped_covered,,,HONG LOK YUEN SIXTEENTH STREET,康樂園第十六街,1985-11-29,3944,
skipped_covered,,,HONG LOK YUEN SIXTH STREET,康樂園第六街,1985-11-29,3944,
skipped_covered,,,HONG LOK YUEN TENTH STREET,康樂園第十街,1985-11-29,3944,
skipped_covered,,,HONG LOK YUEN THIRD STREET,康樂園第三街,1985-11-29,3944,
skipped_covered,,,HONG LOK YUEN TOWN CENTRE CRESCENT,康樂園市中心徑,1985-11-29,3944,
skipped_covered,,,HONG LOK YUEN TWELFTH STREET,康樂園第十二街,1985-11-29,3944,
skipped_covered,,,HONG LOK YUEN TWENTIETH STREET,康樂園第二十街,1985-11-29,3944,
skipped_covered,,,HONG LOK YUEN TWENTIETH STREET,康樂園第二十街,1993-05-28,1822,
skipped_covered,,,HONG LOK YUEN TWENTY-EIGHTH STREET,康樂園第二十八街,1993-05-28,1822,
skipped_covered,,,HONG LOK YUEN TWENTY-FIFTH STREET,康樂園第二十五街,1993-05-28,1822,
skipped_covered,,,HONG LOK YUEN TWENTY-FIRST STREET,康樂園第二十一街,1993-05-28,1822,
skipped_covered,,,HONG LOK YUEN TWENTY-FOURTH STREET,康樂園第二十四街,1993-05-28,1822,
skipped_covered,,,HONG LOK YUEN TWENTY-SECOND STREET,康樂園第二十二街,1993-05-28,1822,
skipped_covered,,,HONG LOK YUEN TWENTY-SEVENTH STREET,康樂園第二十七街,1993-05-28,1822,
skipped_covered,,,HONG LOK YUEN TWENTY-SIXTH STREET,康樂園第二十六街,1993-05-28,1822,
skipped_covered,,,HONG LOK YUEN TWENTY-THIRD STREET,康樂園第二十三街,1993-05-28,1822,
skipped_covered,,,HONG MAN STREET,康民街,1968-10-04,2023,
skipped_covered,,,HONG NIN PATH,康年徑,1985-08-16,2681,
skipped_covered,,,HONG NING ROAD,康寧道,1957-02-22,264,
skipped_covered,,,HONG ON STREET,康安街,1985-05-31,1767,
skipped_covered,,,HONG PAK PATH,康柏徑,1989-05-19,1736,
skipped_covered,,,HONG PING STREET,康平街,1977-04-15,858,
skipped_covered,,,HONG PO ROAD,康寶路,1993-02-12,479,
skipped_covered,,,HONG SHING STREET,康盛街,1985-05-31,1767,
skipped_covered,,,HONG TAI PATH,康泰徑,1978-03-23,727,
skipped_covered,,,HONG TAK ROAD,康德道,1976-08-06,1712,
skipped_covered,,,HONG TAT PATH,康達徑,1978-03-23,727,
skipped_covered,,,HONG TING PATH,康定徑,1985-08-16,2681,
skipped_covered,,,HONG TING ROAD,康定路,1985-08-16,2681,
skipped_covered,,,HONG TSUEN ROAD,康村路,1985-08-16,2681,
skipped_covered,,,HONG WAN PATH,康運徑,1997-12-05,2959,
skipped_covered,,,HONG WING PATH,康榮徑,1978-03-23,727,
skipped_covered,,,HONG WING PATH,康榮徑,1998-11-13,5528,
skipped_covered,,,HONG YIP STREET,康業街,1984-01-27,286,
skipped_covered,,,HONG YIP STREET,康業街,2002-07-26,4596,
skipped_covered,,,HONG YUE STREET,康愉街,1985-05-31,1767,
skipped_covered,,,HONITON ROAD,漢寧頓道,1965-04-02,837,
skipped_covered,,,HOP CHOI STREET,合財街,1981-12-18,3742,
skipped_covered,,,HOP KWAN STREET,合群街,1965-11-12,2673,
skipped_covered,,,HOP YAT ROAD,合一道,1957-07-26,1050,
skipped_covered,,,HOP YICK ROAD,合益路,1974-05-31,1378,
skipped_covered,,,HORIZON DRIVE,海天徑,1974-07-26,1905,
skipped_covered,,,HORNSEY ROAD,香雪道,1967-10-27,2312,
skipped_covered,,,HORSE SHOE LANE,馬蹄徑,1970-01-23,225,
skipped_covered,,,HOSPITAL PATH,醫院徑,1935-04-12,302,
skipped_covered,,,HOUSTON STREET,厚誠街,1966-09-30,2530,
skipped_covered,,,HOW MING LANE,巧明里,1957-02-22,264,
skipped_covered,,,HOW MING STREET,巧明街,1957-02-22,264,
skipped_covered,,,HUMBERT STREET,恆柏道,2005-06-30,3128,
skipped_covered,,,HUNG CHEUNG ROAD,洪祥路,1975-08-01,1693,
skipped_covered,,,HUNG CHI ROAD,洪志路,2002-08-02,4779,
skipped_covered,,,HUNG FA HOM ROAD,紅花磡路,2002-02-08,900,
skipped_covered,,,HUNG FOOK STREET,鴻福街,1957-07-26,1050,
skipped_covered,,,HUNG HING ROAD,鴻興道,1974-05-31,1382,
skipped_covered,,,HUNG HING ROAD,鴻興道,1987-01-09,122,
skipped_covered,,,HUNG HING ROAD,鴻興道,2023-06-23,3741,
skipped_covered,,,HUNG HOM BYPASS,紅磡繞道,2019-03-01,1656,
skipped_covered,,,HUNG HOM ROAD,紅磡道,1987-11-13,3824,
skipped_covered,,,HUNG HOM SOUTH ROAD,紅磡南道,1989-08-18,2830,
skipped_covered,,,HUNG HOM SOUTH ROAD,紅磡南道,2019-03-01,1655,
skipped_covered,,,HUNG HOM WAN STREET,紅磡灣街,1980-05-23,1581,
skipped_covered,,,HUNG KEI ROAD,洪基路,2002-08-02,4779,
skipped_covered,,,HUNG KIU LANE,紅橋里,1992-12-04,4337,
skipped_covered,,,HUNG KWONG STREET,鴻光街,1958-10-31,1478,
skipped_covered,,,HUNG LAI ROAD,紅荔道,1999-03-26,1723,
skipped_covered,,,HUNG LAI ROAD,紅荔道,2019-03-01,1655,
skipped_covered,,,HUNG LAM DRIVE,紅林路,2001-06-08,3523,
skipped_covered,,,HUNG LENG NORTH ROAD,孔嶺北路,2019-04-26,2871,
skipped_covered,,,HUNG LEONG ROAD,洪亮路,2002-08-02,4779,
skipped_covered,,,HUNG LING STREET,紅菱街,1999-03-26,1723,
skipped_covered,,,HUNG LOK ROAD,紅樂道,1999-03-26,1723,
skipped_covered,,,HUNG LUEN ROAD,紅鸞道,1999-03-26,1723,
skipped_covered,,,HUNG MIN COURT,紅棉圍,1977-12-02,2944,
skipped_covered,,,HUNG MUI AVENUE,紅梅路,1970-03-06,536,
skipped_covered,,,HUNG MUI KUK ROAD,紅梅谷路,1982-03-05,754,
skipped_covered,,,HUNG MUI KUK ROAD,紅梅谷路,1983-12-23,3977,
skipped_covered,,,HUNG NGA ROAD,洪雅路,2002-08-02,4779,
skipped_covered,,,HUNG ON LANE,洪安里,2002-08-02,4779,
skipped_covered,,,HUNG PAK ROAD,洪柏路,2019-09-27,6068,
skipped_covered,,,HUNG PING ROAD,洪平路,2002-08-02,4779,
skipped_covered,,,HUNG SHING STREET,洪聖街,1932-04-22,245,
skipped_covered,,,HUNG SHING STREET,洪聖街,1932-04-29,255,
skipped_covered,,,HUNG SHUI KIU MAIN STREET,洪水橋大街,1982-03-05,755,
skipped_covered,,,HUNG SHUI KIU MAIN STREET,洪水橋大街,1993-12-10,4541,
skipped_covered,,,HUNG SHUI KIU TIN SAM ROAD,洪水橋田心路,2002-08-02,4779,
skipped_covered,,,HUNG SHUN ROAD,洪順路,1995-12-29,5379,
skipped_covered,,,HUNG TAI ROAD,洪堤路,1994-04-15,1352,
skipped_covered,,,HUNG TAI ROAD,洪堤路,2002-08-02,4779,
skipped_covered,,,HUNG TAK ROAD,洪德路,1999-09-17,5410,
skipped_covered,,,HUNG TIN ROAD,洪天路,1990-03-02,775,
skipped_covered,,,HUNG TIN ROAD,洪天路,1995-10-06,4150,
skipped_covered,,,HUNG TO ROAD,鴻圖道,1957-02-22,264,
skipped_covered,,,HUNG WAN STREET,鴻運街,1959-04-17,548,
skipped_covered,,,HUNG YIP STREET,鴻業街,1976-12-24,2874,
skipped_covered,,,HUNG YU ROAD,洪儒路,2002-08-02,4779,
skipped_covered,,,HUNG YUEN ROAD,洪元路,2002-08-02,4779,
skipped_covered,,,HYSAN AVENUE,希慎道,1934-04-27,332,
skipped_covered,,,ICHANG STREET,宜昌街,1935-04-26,334,
skipped_covered,,,INFORMATION CRESCENT,資訊道,2001-11-09,7009,
skipped_covered,,,INNOVATION AND TECHNOLOGY PARK ROAD,創科園路,2025-02-28,1271,
skipped_covered,,,INSPIRATION DRIVE,迪欣路,2004-12-17,8104,
skipped_covered,,,INVERNESS ROAD,延文禮士道,1950-07-21,868,
skipped_covered,,,INVERNESS ROAD,延文禮士道,2004-07-09,4430,
skipped_covered,,,ISLAND EASTERN CORRIDOR,東區走廊,1984-08-24,2562,
skipped_covered,,,ISLAND HOUSE LANE,元洲仔里,1985-11-08,3722,
skipped_covered,,,ISLAND ROAD,香島道,1932-10-07,635,
skipped_covered,,,ISLAND ROAD,香島道,1949-12-09,1190,
skipped_covered,,,ISLAND ROAD,香島道,1962-09-28,2015,
skipped_covered,,,IVY STREET,埃華街,1974-04-26,1078,
skipped_covered,,,JADE LANE,翡翠里,1983-01-28,324,
skipped_covered,,,JAFFE ROAD,謝斐道,1931-10-30,694,
skipped_covered,,,JAFFE ROAD,謝斐道,1953-07-24,912,
skipped_covered,,,JAFFE ROAD,謝斐道,1961-07-07,1136,
skipped_covered,,,JARDINE'S CRESCENT,渣甸坊,1950-06-09,712,
skipped_covered,,,JAT MIN CHUEN STREET,乙明邨街,1982-03-12,827,
skipped_covered,,,JAT'S INCLINE,扎山道,1982-01-15,126,
skipped_covered,,,JAVA ROAD,渣華道,1933-07-28,511,
skipped_covered,,,JAVA ROAD,渣華道,1954-06-04,673,
skipped_covered,,,JAVA ROAD,渣華道,1959-11-20,1608,
skipped_covered,,,JERVOIS STREET,蘇杭街,1978-08-04,1958,
skipped_covered,,,JOCKEY CLUB ROAD,馬會道,1958-06-06,770,
skipped_covered,,,JOCKEY CLUB ROAD,馬會道,1972-09-15,2306,
skipped_covered,,,JOCKEY CLUB ROAD,馬會道,1992-03-06,835,
skipped_covered,,,JOHNSTON ROAD,莊士敦道,1929-06-14,312,
skipped_covered,,,JOINT STREET,聯接街,1977-11-25,2859,
skipped_covered,,,JONES STREET,重士街,1915-10-22,475,
skipped_covered,,,JORDAN PATH,佐敦里,1960-03-18,468,
skipped_covered,,,JORDAN ROAD,佐敦道,1909-03-19,184,
skipped_covered,,,JORDAN ROAD,佐敦道,1909-05-28,323,
skipped_covered,,,JORDAN ROAD,佐敦道,1998-05-22,2488,
skipped_covered,,,JORDAN VALLEY NORTH ROAD,佐敦谷北道,1966-06-24,1628,
skipped_covered,,,JORDAN VALLEY NORTH ROAD,佐敦谷北道,2006-09-15,5892,
skipped_covered,,,JULIA AVENUE,棗梨雅道,1925-10-09,575,
skipped_covered,,,JUNCTION ROAD,聯合道,1933-05-12,340,
skipped_covered,,,JUNCTION ROAD,聯合道,1963-10-11,2014,
skipped_covered,,,JUPITER STREET,木星街,1952-08-15,972,
skipped_covered,,,JUSTICE DRIVE,正義道,1986-07-11,2359,
skipped_covered,,,KA CHOI LANE,嘉才里,1993-02-12,479,
skipped_covered,,,KA FU CLOSE,嘉富坊,1995-01-13,153,
skipped_covered,,,KA FUK LANE,嘉福里,1993-02-12,479,
skipped_covered,,,KA HING ROAD,嘉慶路,1970-03-06,535,
skipped_covered,,,KA HONG LANE,嘉康里,2015-06-12,4273,
skipped_covered,,,KA KIN LANE,嘉健里,2015-06-12,4273,
skipped_covered,,,KA KING LANE,嘉敬里,2013-11-01,6570,
skipped_covered,,,KA LOK STREET,嘉樂街,1964-04-03,818,
skipped_covered,,,KA LUNG ROAD,嘉龍路,1993-12-03,4433,
skipped_covered,,,KA NING PATH,嘉寧徑,1963-10-25,2106,
skipped_covered,,,KA ON STREET,嘉安街,1983-03-18,874,
skipped_covered,,,KA SHIN STREET,嘉善街,1958-01-24,125,
skipped_covered,,,KA SHIN STREET,嘉善街,1973-03-16,705,
skipped_covered,,,KA SHUE ROAD,嘉澍路,1992-04-10,1271,
skipped_covered,,,KA SIU CLOSE,嘉兆里,1995-01-13,154,
skipped_covered,,,KA SIU CLOSE,嘉兆里,2001-09-21,5855,
skipped_covered,,,KA TING ROAD,嘉定路,1970-03-06,535,
skipped_covered,,,KA WAI MAN ROAD,加惠民道,1958-09-19,1285,
skipped_covered,,,KA WING STREET,嘉榮街,1979-11-09,2899,
skipped_covered,,,KA WO LI HILL ROAD,嘉和里山路,1993-02-12,479,
skipped_covered,,,KA WO STREET,嘉禾街,1956-07-06,849,
skipped_covered,,,KA YAN STREET,嘉恩街,2007-11-30,7886,
skipped_covered,,,KA YIP STREET,嘉業街,1982-03-05,753,
skipped_covered,,,KA YIP STREET,嘉業街,1983-05-13,1519,
skipped_covered,,,KA YIP STREET,嘉業街,1986-12-24,4421,
skipped_covered,,,KADOORIE AVENUE,嘉道理道,1936-11-06,885,
skipped_covered,,,KADOORIE AVENUE,嘉道理道,1948-10-29,998,
skipped_covered,,,KADOORIE AVENUE,嘉道理道,1969-10-10,2004,
skipped_covered,,,KAI CHEUNG ROAD,啟祥道,1983-07-15,2233,
skipped_covered,,,KAI CHI CLOSE,啟志街,1970-03-06,535,
skipped_covered,,,KAI CHIU ROAD,啟超道,1953-05-22,667,
skipped_covered,,,KAI FAT PATH,啟發徑,1975-08-01,1693,
skipped_covered,,,KAI FUK ROAD,啟福道,1983-07-15,2233,
skipped_covered,,,KAI HAM ROAD,界咸路,1990-12-21,4576,
skipped_covered,,,KAI HING ROAD,啟興道,1984-04-19,1193,
skipped_covered,,,KAI HONG CLOSE,啟康街,1970-03-06,535,
skipped_covered,,,KAI KING ROAD,佳景路,1999-11-05,6831,
skipped_covered,,,KAI LAI ROAD,啟禮道,1985-12-13,4098,
skipped_covered,,,KAI LIM ROAD,佳廉道,1966-11-04,2806,
skipped_covered,,,KAI LOK STREET,啟樂街,1983-07-15,2233,
skipped_covered,,,KAI MAN PATH,啟民徑,1979-03-02,588,
skipped_covered,,,KAI MING STREET,啟明街,1957-07-26,1050,
skipped_covered,,,KAI PAK LING ROAD,雞伯嶺路,2011-11-11,7461,
skipped_covered,,,KAI SAN ROAD,啟新道,2017-08-04,5710,
skipped_covered,,,KAI SHING STREET,啟成街,1983-07-15,2233,
skipped_covered,,,KAI SHUN ROAD,啟信道,1985-12-13,4098,
skipped_covered,,,KAI TAI LANE,啟泰里,1990-07-20,2575,
skipped_covered,,,KAI TAK BRIDGE ROAD,啟德橋道,2021-06-25,3897,
skipped_covered,,,KAI TAK INTERCHANGE,啟德交匯處,2025-11-21,7381,
skipped_covered,,,KAI TAK ROAD,啟德道,1954-05-14,572,
skipped_covered,,,KAI TIN ROAD,啟田道,1967-01-13,88,
skipped_covered,,,KAI WAH STREET,啟華街,1985-12-13,4098,
skipped_covered,,,KAI WO ROAD,啟和路,2000-06-23,3981,
skipped_covered,,,KAI YAN STREET,啟仁街,1985-12-13,4098,
skipped_covered,,,KAI YIP ROAD,啟業道,1981-12-11,3683,
skipped_covered,,,KAI YUEN STREET,繼園街,1958-09-05,1221,
skipped_covered,,,KAI YUNG LANE,啟融里,2017-03-03,1160,
skipped_covered,,,KAK HANG TUN ROAD,隔坑墩路,1991-07-05,2294,
skipped_covered,,,KAK TIN STREET,隔田街,1985-07-26,2430,
skipped_covered,,,KAM CHEUNG SQUARE,金祥坊,1983-06-03,1752,
skipped_covered,,,KAM CHI PATH,金池徑,1983-04-22,1265,
skipped_covered,,,KAM CHUI ROAD,金翠路,2001-12-07,7638,
skipped_covered,,,KAM CHUK LANE,金竹里,1986-01-24,327,
skipped_covered,,,KAM FAI PATH,金輝徑,1983-06-03,1752,
skipped_covered,,,KAM FONG STREET,甘芳街,1957-06-21,887,
skipped_covered,,,KAM FUNG STREET,金鳳街,1968-04-11,726,
skipped_covered,,,KAM HANG ROAD,金坑路,1995-02-10,448,
skipped_covered,,,KAM HING ROAD,錦慶路,2007-02-02,946,
skipped_covered,,,KAM HO ROAD,錦河路,2002-07-26,4593,
skipped_covered,,,KAM HONG STREET,琴行街,1937-09-24,682,
skipped_covered,,,KAM KA STREET,金嘉街,1997-06-13,2961,
skipped_covered,,,KAM KONG ROAD,錦江路,2017-01-20,330,
skipped_covered,,,KAM LAM STREET,甘霖街,1965-09-17,2233,
skipped_covered,,,KAM PING STREET,錦屏街,1961-06-16,1002,
skipped_covered,,,KAM PO ROAD,錦莆路,2002-07-26,4593,
skipped_covered,,,KAM POK ROAD,錦壆路,1996-01-05,80,
skipped_covered,,,KAM POK ROAD,錦壆路,1999-09-17,5409,
skipped_covered,,,KAM POK ROAD EAST,錦壆路東,2013-05-10,2719,
skipped_covered,,,KAM POK ROAD WEST,錦壆路西,2013-05-10,2719,
skipped_covered,,,KAM SHAN ROAD,錦山路,1985-03-22,913,
skipped_covered,,,KAM SHEK ROAD,錦石路,2002-07-26,4593,
skipped_covered,,,KAM SHEUNG ROAD,錦上路,1982-03-05,755,
skipped_covered,,,KAM SHING ROAD,金城道,1969-09-26,1915,
skipped_covered,,,KAM SHING ROAD,金城道,1978-05-12,1187,
skipped_covered,,,KAM SHUE ROAD,甘澍路,1992-04-10,1271,
skipped_covered,,,KAM SHUI NORTH ROAD,金水北路,2003-05-30,3666,
skipped_covered,,,KAM SHUI ROAD,金水路,2003-05-30,3666,
skipped_covered,,,KAM SHUI SOUTH ROAD,金水南路,2003-05-30,3666,
skipped_covered,,,KAM TAI ROAD,錦泰路,1999-09-17,5409,
skipped_covered,,,KAM TAI ROAD,錦泰路,2002-07-26,4593,
skipped_covered,,,KAM TAI ROAD,錦泰路,2004-11-12,7273,
skipped_covered,,,KAM TIN BYPASS,錦田繞道,2004-12-31,8428,
skipped_covered,,,KAM TIN ROAD,錦田公路,1978-09-29,2481,
skipped_covered,,,KAM TIN SHI STREET,錦田市街,2007-02-02,946,
skipped_covered,,,KAM TSIN PATH,金錢徑,2000-07-21,4742,
skipped_covered,,,KAM TSIN ROAD,金錢路,1977-05-20,1134,
skipped_covered,,,KAM TSIN ROAD,金錢路,2004-04-30,2813,
skipped_covered,,,KAM TSIN SOUTH ROAD,金錢南路,2001-12-07,7638,
skipped_covered,,,KAM TUNG STREET,錦東街,2025-07-25,4611,
skipped_covered,,,KAM WING STREET,錦榮街,1961-09-08,1577,
skipped_covered,,,KAM WO BRIDGE,錦和橋,1996-06-21,2741,
skipped_covered,,,KAM WUI ROAD,錦匯路,2002-07-26,4593,
skipped_covered,,,KAM YEE ROAD,錦義路,2023-12-08,7465,
skipped_covered,,,KAM YING ROAD,錦英路,1994-01-14,175,
skipped_covered,,,KAM YU ROAD,錦儒路,1996-06-21,2740,
skipped_covered,,,KAM YUEN LANE,金源里,1983-08-12,2626,
skipped_covered,,,KAN HOK LANE,勤學里,2002-10-04,6308,
skipped_covered,,,KAN HOK LANE,勤學里,2005-08-19,4058,
skipped_covered,,,KANSU STREET,甘肅街,1909-03-19,184,
skipped_covered,,,KAP PIN LONG LOWER LANE,甲邊朗下里,1991-07-05,2294,
skipped_covered,,,KAP PIN LONG MIDDLE LANE,甲邊朗中里,1991-07-05,2294,
skipped_covered,,,KAP PIN LONG UPPER LANE,甲邊朗上里,1991-07-05,2294,
skipped_covered,,,KAT CHEUNG CRESCENT,吉祥街,1994-01-28,337,
skipped_covered,,,KAT HING BACK STREET,吉慶後街,1983-12-02,3792,
skipped_covered,,,KAT HING STREET,吉慶街,1983-12-02,3792,
skipped_covered,,,KAT O MAIN STREET,吉澳大街,2004-01-16,529,
skipped_covered,,,KAT WAI PATH,吉圍徑,2004-01-16,529,
skipped_covered,,,KAU HUI CHIK STREET,舊墟直街,1985-03-22,913,
skipped_covered,,,KAU HUI CHIK STREET,舊墟直街,1993-07-23,2594,
skipped_covered,,,KAU HUI CHIK STREET,舊墟直街,1993-07-23,2595,
skipped_covered,,,KAU PUI LUNG ROAD,靠背壟道,1926-06-25,342,
skipped_covered,,,KAU PUI LUNG ROAD,靠背壟道,1954-08-06,977,
skipped_covered,,,KAU PUI LUNG ROAD,靠背壟道,1967-07-14,1517,
skipped_covered,,,KAU PUI LUNG ROAD,靠背壟道,1967-12-08,2628,
skipped_covered,,,KAU SAI SAN TSUEN ROAD,滘西新村路,1991-09-20,3343,
skipped_covered,,,KAU TO PATH,九肚徑,1997-09-05,1153,
skipped_covered,,,KAU TO SHAN ROAD,九肚山路,1981-03-27,958,
skipped_covered,,,KAU TO SHAN ROAD,九肚山路,1996-11-08,5165,
skipped_covered,,,KAU YUK ROAD,教育路,1977-12-02,2944,
skipped_covered,,,KEI LUN PATH,麒麟徑,1983-01-28,326,
skipped_covered,,,KEI TSING STREET,麒青街,1990-11-30,4336,
skipped_covered,,,KEI YIP LANE,基業里,1989-01-27,310,
skipped_covered,,,KEI YIP LANE,基業里,2026-02-13,996,
skipped_covered,,,KEI YIP STREET,基業街,1972-07-07,1665,
skipped_covered,,,KENG HAU LANE,徑口里,1998-11-20,5659,
skipped_covered,,,KENG HAU ROAD,徑口路,1976-08-13,1741,
skipped_covered,,,KENG PANG HA ROAD,徑棚下路,1991-07-05,2294,
skipped_covered,,,KENNEDY ROAD,堅尼地道,1958-06-27,865,
skipped_covered,,,KENT ROAD,根德道,1929-08-23,427,
skipped_covered,,,KESWICK STREET,敬誠街,1976-09-24,2120,
skipped_covered,,,KEUNG SHAN ROAD,羗山道,1970-06-05,1156,
skipped_covered,,,KEUNG YIP STREET,強業街,1983-01-28,325,
skipped_covered,,,KI LUNG STREET,基隆街,1927-11-25,699,
skipped_covered,,,KIANG HSI STREET,江西街,1935-04-26,334,
skipped_covered,,,KIANG SU STREET,江蘇街,1935-04-26,334,
skipped_covered,,,KIK YEUNG ROAD,擊壤路,1977-12-02,2944,
skipped_covered,,,KIM SHIN LANE,兼善里,1958-02-28,305,
skipped_covered,,,KIMBERLEY ROAD,金巴利道,1962-03-30,695,
skipped_covered,,,KIMBERLEY STREET,金巴利街,1978-04-28,1051,
skipped_covered,,,KIN CHEUNG STREET,建翔街,2017-10-13,7595,
skipped_covered,,,KIN CHUEN STREET,健全街,1977-11-25,2859,
skipped_covered,,,KIN CHUEN STREET,健全街,1992-01-10,163,
skipped_covered,,,KIN CHUEN STREET,健全街,1992-02-14,536,
skipped_covered,,,KIN FAT LANE,建發里,1977-05-27,1189,
skipped_covered,,,KIN FAT STREET,建發街,1977-05-27,1189,
skipped_covered,,,KIN FAT STREET,建發街,1983-01-28,326,
skipped_covered,,,KIN FAT STREET,建發街,1990-11-02,3964,
skipped_covered,,,KIN FUNG CIRCUIT,建豐街,1977-05-27,1189,
skipped_covered,,,KIN HONG STREET,健康街,1970-03-06,535,
skipped_covered,,,KIN HONG STREET,健康街,2003-03-14,1726,
skipped_covered,,,KIN KEI STREET,建基街,1983-01-28,326,
skipped_covered,,,KIN KWAN STREET,建群街,1977-05-27,1189,
skipped_covered,,,KIN KWOK STREET,建國街,1986-08-15,2819,
skipped_covered,,,KIN LOK STREET,建樂街,1981-12-18,3742,
skipped_covered,,,KIN LUNG STREET,建隆街,1977-05-27,1189,
skipped_covered,,,KIN MING STREET,建明街,1973-03-16,704,
skipped_covered,,,KIN ON STREET,建安街,1977-05-27,1189,
skipped_covered,,,KIN SAN LANE,建新里,1985-12-27,4230,
skipped_covered,,,KIN SHING LANE,建盛里,1990-11-02,3963,
skipped_covered,,,KIN TAI STREET,建泰街,1977-05-27,1189,
skipped_covered,,,KIN TAK STREET,建德街,1984-05-18,1452,
skipped_covered,,,KIN TUNG ROAD,健東路,1998-06-19,2978,
skipped_covered,,,KIN WAH STREET,建華街,1948-12-24,1215,
skipped_covered,,,KIN WAN STREET,建灣街,1999-03-26,1723,
skipped_covered,,,KIN WING LANE,建榮里,1977-05-27,1189,
skipped_covered,,,KIN WING STREET,建榮街,1977-05-27,1189,
skipped_covered,,,KIN WONG LANE,建旺里,1989-06-09,1978,
skipped_covered,,,KIN WONG STREET,建旺街,1977-05-27,1189,
skipped_covered,,,KIN YIP PATH,建業徑,2017-10-13,7595,
skipped_covered,,,KIN YIP STREET,建業街,1981-12-18,3742,
skipped_covered,,,KING CHO ROAD,敬祖路,1977-11-25,2859,
skipped_covered,,,KING FUK STREET,景福街,1961-09-08,1577,
skipped_covered,,,KING FUK STREET,景福街,2018-02-02,649,
skipped_covered,,,KING FUNG PATH,景峰徑,1986-08-15,2819,
skipped_covered,,,KING HONG STREET,景康街,1982-12-03,3825,
skipped_covered,,,KING KWONG STREET,景光街,1930-03-07,138,
skipped_covered,,,KING LAI PATH,景荔徑,2002-01-25,612,
skipped_covered,,,KING LAM STREET,瓊林街,1959-10-16,1411,
skipped_covered,,,KING LING ROAD,景嶺路,2000-11-03,7225,
skipped_covered,,,KING LING ROAD,景嶺路,2002-10-04,6308,
skipped_covered,,,KING MAN STREET,敬民街,2002-01-25,610,
skipped_covered,,,KING MING ROAD,景明道,1931-05-15,300,
skipped_covered,,,KING MING ROAD,景明道,1931-07-10,436,
skipped_covered,,,KING SAN PATH,景新徑,2002-12-20,8322,
skipped_covered,,,KING SAU LANE,景秀里,1991-02-08,502,
skipped_covered,,,KING TAI STREET,景泰街,1968-05-17,1003,
skipped_covered,,,KING TAK STREET,敬德街,1963-09-27,1893,
skipped_covered,,,KING TUNG STREET,瓊東街,1984-06-29,1901,
skipped_covered,,,KING WAH ROAD,京華道,1954-07-30,947,
skipped_covered,,,KING WAN STREET,景雲街,1965-06-04,1392,
skipped_covered,,,KING WAN STREET,景雲街,1976-07-30,1650,
skipped_covered,,,KING YIN LANE,敬賢里,1993-12-24,4725,
skipped_covered,,,KING YIP LANE,敬業里,1957-02-22,264,
skipped_covered,,,KING YIP STREET,敬業街,1957-02-22,264,
skipped_covered,,,KING'S PARK HILL ROAD,京士柏山道,2000-06-16,3866,
skipped_covered,,,KING'S PARK RISE,京士柏道,1963-11-29,2350,
skipped_covered,,,KING'S ROAD,英皇道,1935-06-21,490,
skipped_covered,,,KINGSTON STREET,京士頓街,1962-03-09,491,
skipped_covered,,,KIU CHEONG ROAD,橋昌路,2003-05-30,3665,
skipped_covered,,,KIU FAT STREET,橋發街,1998-07-17,3485,
skipped_covered,,,KIU HA ROAD,橋下路,1998-11-20,5659,
skipped_covered,,,KIU HING ROAD,僑興路,1978-09-29,2481,
skipped_covered,,,KIU HING ROAD,僑興路,2002-11-15,7434,
skipped_covered,,,KIU HUNG ROAD,橋洪路,2002-01-25,609,
skipped_covered,,,KIU KIANG STREET,九江街,1932-05-06,278,
skipped_covered,,,KIU KING STREET,僑景街,1983-06-03,1753,
skipped_covered,,,KIU LOK SQUARE,橋樂坊,1983-06-03,1752,
skipped_covered,,,KIU SAU PATH,橋壽徑,2013-05-10,2719,
skipped_covered,,,KIU SHING STREET,橋盛街,1990-03-02,775,
skipped_covered,,,KIU TAK PATH,橋德徑,2013-05-10,2719,
skipped_covered,,,KIU TAU ROAD,橋頭路,1987-12-04,4073,
skipped_covered,,,KIU WONG STREET,橋旺街,1990-03-02,775,
skipped_covered,,,KIU YAM STREET,僑蔭街,1950-08-11,938,
skipped_covered,,,KNIGHT STREET,勵德街,1929-06-21,331,
skipped_covered,,,KO CHIU PATH,高超徑,2000-07-21,4744,
skipped_covered,,,KO CHIU ROAD,高超道,1967-06-09,1244,
skipped_covered,,,KO FAI ROAD,高輝道,1967-06-09,1244,
skipped_covered,,,KO FEI LANE NORTH,高飛里北,2017-03-03,1160,
skipped_covered,,,KO FEI LANE SOUTH,高飛里南,2017-03-03,1160,
skipped_covered,,,KO FONG STREET,高芳街,1974-04-19,1023,
skipped_covered,,,KO HANG ROAD,高行路,2002-08-09,4897,
skipped_covered,,,KO LING ROAD,高嶺道,2021-11-26,7441,
skipped_covered,,,KO NGA LANE,高雅里,2022-08-19,4534,
skipped_covered,,,KO ON LANE,高安里,2008-08-29,6059,
skipped_covered,,,KO PO PATH,高埔徑,2017-12-22,9866,
skipped_covered,,,KO PO ROAD,高埔路,1999-09-17,5409,
skipped_covered,,,KO SHAN ROAD,高山道,1954-08-06,977,
skipped_covered,,,KO SHEUNG ROAD,高上路,2020-04-03,1669,
skipped_covered,,,KOK CHEUNG STREET,角祥街,1963-09-06,1736,
skipped_covered,,,KOK CHEUNG STREET,角祥街,1965-11-12,2673,
skipped_covered,,,KOK CHEUNG STREET,角祥街,1973-03-16,705,
skipped_covered,,,KOK CHEUNG STREET,角祥街,1974-04-26,1078,
skipped_covered,,,KOM TSUN STREET,甘泉街,1935-05-03,351,
skipped_covered,,,KOM TSUN STREET,甘泉街,1979-08-17,2082,
skipped_covered,,,KONG CHUNG LANE,港中里,1998-05-29,2630,
skipped_covered,,,KONG NGA PO ROAD,缸瓦甫路,1997-05-02,2145,
skipped_covered,,,KONG PO ROAD,江埔路,2020-04-03,1669,
skipped_covered,,,KONG PUI STREET,崗背街,1984-01-27,285,
skipped_covered,,,KONG SHAM WESTERN HIGHWAY,港深西部公路,2007-06-22,4056,
skipped_covered,,,KONG SIN WAN ROAD,鋼綫灣道,2007-04-13,2423,
skipped_covered,,,KONG SIN WAN ROAD,鋼綫灣道,2007-05-04,2868,
skipped_covered,,,KONG TAI ROAD,江大路,1994-09-16,3497,
skipped_covered,,,KONG YAU ROAD,港攸路,2004-08-13,5280,
skipped_covered,,,KOON WAH LANE,貫華里,1974-03-01,579,
skipped_covered,,,KORNHILL ROAD,康山道,1987-04-03,1144,
skipped_covered,,,KOTEWALL ROAD,旭龢道,1928-07-06,386,
skipped_covered,,,KOWLOON CITY ROAD,九龍城道,1926-02-12,68,
skipped_covered,,,KOWLOON CITY ROAD,九龍城道,1926-04-16,202,
skipped_covered,,,KOWLOON PARK DRIVE,九龍公園徑,1975-07-25,1659,
skipped_covered,,,KOWLOON ROAD,九龍道,1934-02-09,91,
skipped_covered,,,KUI SIK STREET,居適街,1989-06-16,2059,
skipped_covered,,,KUI TAT STREET,居達街,1989-06-16,2059,
skipped_covered,,,KUK TING STREET,谷亭街,1935-02-15,124,
skipped_covered,,,KUK TING STREET,谷亭街,1977-12-02,2944,
skipped_covered,,,KUNG LOK ROAD,功樂道,1967-02-24,428,
skipped_covered,,,KUNG LOK ROAD,功樂道,1976-04-02,721,
skipped_covered,,,KUNG UM ROAD,公庵路,1991-06-28,2215,
skipped_covered,,,KUNG UM ROAD,公庵路,2015-07-03,4864,
skipped_covered,,,KUNG YIP STREET,工業街,1974-04-19,1023,
skipped_covered,,,KUT SHING STREET,吉勝街,1966-07-08,1759,
skipped_covered,,,KWAI CHEONG ROAD,葵昌路,1970-03-06,535,
skipped_covered,,,KWAI CHI PATH,貴池徑,1983-04-22,1265,
skipped_covered,,,KWAI CHUNG HOSPITAL ROAD,葵涌醫院路,1983-10-28,3424,
skipped_covered,,,KWAI CHUNG INTERCHANGE,葵涌交匯處,2001-08-03,4785,
skipped_covered,,,KWAI CHUNG ROAD,葵涌道,1968-10-25,2165,
skipped_covered,,,KWAI CHUNG ROAD,葵涌道,1979-08-24,2144,
skipped_covered,,,KWAI CHUNG ROAD,葵涌道,2001-08-03,4785,
skipped_covered,,,KWAI FAT ROAD,葵發路,1970-03-06,535,
skipped_covered,,,KWAI FONG STREET,桂芳街,1930-03-07,138,
skipped_covered,,,KWAI FOO ROAD,葵富路,1974-04-19,1023,
skipped_covered,,,KWAI FUK ROAD,葵福路,1977-11-25,2859,
skipped_covered,,,KWAI FUK ROAD,葵福路,1991-08-09,2807,
skipped_covered,,,KWAI FUNG CRESCENT,葵豐街,1977-11-25,2859,
skipped_covered,,,KWAI HAU STREET,葵孝街,1977-11-25,2859,
skipped_covered,,,KWAI HEI STREET,葵喜街,1977-11-25,2859,
skipped_covered,,,KWAI HEI STREET,葵喜街,1980-05-16,1503,
skipped_covered,,,KWAI HEUNG STREET,桂香街,1919-09-26,450,
skipped_covered,,,KWAI HING ROAD,葵興路,1974-04-19,1023,
skipped_covered,,,KWAI HONG STREET,葵康街,1977-11-25,2859,
skipped_covered,,,KWAI HOP STREET,葵合街,1974-04-19,1023,
skipped_covered,,,KWAI KING ROAD,葵景路,1991-01-11,137,
skipped_covered,,,KWAI LOK STREET,葵樂街,1977-11-25,2859,
skipped_covered,,,KWAI LUEN ROAD,葵聯路,1977-11-25,2859,
skipped_covered,,,KWAI ON ROAD,葵安道,1970-03-06,535,
skipped_covered,,,KWAI PENG STREET,貴坪街,1993-10-15,3762,
skipped_covered,,,KWAI SAU ROAD,葵秀路,1970-03-06,535,
skipped_covered,,,KWAI SHING CIRCUIT,葵盛圍,1974-04-19,1023,
skipped_covered,,,KWAI SHUN STREET,葵順街,1977-11-25,2859,
skipped_covered,,,KWAI SING LANE,桂成里,1988-02-12,489,
skipped_covered,,,KWAI TAI ROAD,葵泰路,1977-11-25,2859,
skipped_covered,,,KWAI TAI ROAD,葵泰路,1979-05-04,1132,
skipped_covered,,,KWAI TAI ROAD,葵泰路,1982-05-14,1543,
skipped_covered,,,KWAI TAI ROAD,葵泰路,1992-02-14,534,
skipped_covered,,,KWAI TAK STREET,葵德街,1977-11-25,2859,
skipped_covered,,,KWAI TING ROAD,葵定路,1970-03-06,535,
skipped_covered,,,KWAI TSING ROAD,葵青路,1979-05-04,1132,
skipped_covered,,,KWAI TSING ROAD,葵青路,2002-02-22,1176,
skipped_covered,,,KWAI TSING ROAD,葵青路,2003-08-29,5946,
skipped_covered,,,KWAI TSING ROAD,葵青路,2003-09-11,6275,
skipped_covered,,,KWAI TSUI STREET,貴翠街,1987-01-23,307,
skipped_covered,,,KWAI TUNG ROAD,貴東路,2025-07-25,4611,
skipped_covered,,,KWAI WING ROAD,葵榮路,1970-03-06,535,
skipped_covered,,,KWAI WING ROAD,葵榮路,2001-07-13,4245,
skipped_covered,,,KWAI WO STREET,葵和街,1991-06-28,2213,
skipped_covered,,,KWAI YAN ROAD,葵仁路,1982-12-24,4036,
skipped_covered,,,KWAI YAN ROAD,葵仁路,2010-06-18,3610,
skipped_covered,,,KWAI YI ROAD,葵義路,1982-12-24,4036,
skipped_covered,,,KWAI YIK ROAD,葵益道,2001-07-13,4245,
skipped_covered,,,KWAI YIP STREET,葵葉街,1974-09-13,2352,
skipped_covered,,,KWAI YUE LANE,葵裕里,1999-11-12,6951,
skipped_covered,,,KWAI YUE STREET,葵裕街,1980-05-16,1503,
skipped_covered,,,KWAN LOK LANE,鈞樂里,2002-07-26,4596,
skipped_covered,,,KWAN MUN HAU STREET,關門口街,1962-11-23,2378,
skipped_covered,,,KWAN MUN HAU STREET,關門口街,2003-05-09,3137,
skipped_covered,,,KWAN YICK STREET,均益街,1925-10-09,575,
skipped_covered,,,KWEI CHOW STREET,貴州街,1935-04-26,334,
skipped_covered,,,KWEI CHOW STREET,貴州街,1965-06-04,1392,
skipped_covered,,,KWEI TEI SAN CHUEN ROAD,桂地新村路,1982-12-17,3954,
skipped_covered,,,KWEI TEI SAN CHUEN ROAD,桂地新村路,1991-03-15,914,
skipped_covered,,,KWEI TEI SAN CHUEN ROAD,桂地新村路,1991-03-28,1090,
skipped_covered,,,KWEI TEI STREET,桂地街,1981-06-12,1685,
skipped_covered,,,KWO LO WAN ROAD,過路灣路,1998-01-02,73,
skipped_covered,,,KWO LO WAN ROAD,過路灣路,2019-07-26,4781,
skipped_covered,,,KWOK MAN ROAD,國民路,1984-01-20,204,
skipped_covered,,,KWOK SHUI ROAD,國瑞路,1970-03-06,535,
skipped_covered,,,KWOK SHUI ROAD,國瑞路,2004-07-09,4431,
skipped_covered,,,KWONG CHEUNG STREET,光昌街,1935-05-03,351,
skipped_covered,,,KWONG CHUN STREET,廣進街,2001-03-30,2132,
skipped_covered,,,KWONG FAI CIRCUIT,光輝圍,1975-09-19,2061,
skipped_covered,,,KWONG FAI LANE,光輝里,1975-09-19,2061,
skipped_covered,,,KWONG FUK LANE,廣福里,1972-05-05,1092,
skipped_covered,,,KWONG FUK ROAD,廣福道,1957-08-02,1083,
skipped_covered,,,KWONG FUK ROAD,廣福道,1968-10-04,2022,
skipped_covered,,,KWONG FUK SQUARE,廣福坊,1972-05-05,1092,
skipped_covered,,,KWONG HON TERRACE,光漢臺,1920-11-05,550,
skipped_covered,,,KWONG LEE ROAD,廣利道,1934-02-09,91,
skipped_covered,,,KWONG MING STREET,光明街,1925-06-12,340,
skipped_covered,,,KWONG SHING STREET,廣成街,1935-05-03,351,
skipped_covered,,,KWONG SIN STREET,廣善街,1987-02-06,416,
skipped_covered,,,KWONG SIN STREET,廣善街,2000-05-19,3079,
skipped_covered,,,KWONG SIN STREET,廣善街,2013-08-02,4532,
skipped_covered,,,KWONG TIN STREET,廣田街,1997-01-24,426,
skipped_covered,,,KWONG WA STREET,廣華街,1923-09-28,411,
skipped_covered,,,KWONG WANG STREET,廣宏街,1984-05-18,1451,
skipped_covered,,,KWONG WING LANE,廣榮里,2000-07-21,4740,
skipped_covered,,,KWONG YIP STREET,擴業街,2003-09-05,6123,
skipped_covered,,,KWU CHUN STREET,古雋街,2026-01-16,377,
skipped_covered,,,KWU HANG ROAD,古坑道,1963-06-21,1134,
skipped_covered,,,KWU HANG ROAD,古坑道,2003-05-09,3137,
skipped_covered,,,KWU TUNG NORTH ROAD,古洞北路,2026-01-16,377,
skipped_covered,,,KWU TUNG ROAD,古洞路,1993-12-03,4433,
skipped_covered,,,KWU TUNG SOUTH ROAD,古洞南路,2003-03-28,2187,
skipped_covered,,,KWU UK LANE,古屋里,1983-11-04,3497,
skipped_covered,,,KWUN CHUI ROAD,管翠路,2003-05-16,3287,
skipped_covered,,,KWUN CHUNG STREET,官涌街,1932-03-18,173,
skipped_covered,,,KWUN FAT STREET,冠發街,1991-07-19,2515,
skipped_covered,,,KWUN FUNG STREET,冠峰街,1991-07-19,2515,
skipped_covered,,,KWUN HOI PATH,觀海徑,2001-01-19,362,
skipped_covered,,,KWUN PING ROAD,觀坪路,1986-01-17,245,
skipped_covered,,,KWUN SHA PATH,觀沙徑,2023-06-09,3522,
skipped_covered,,,KWUN TONG BYPASS,觀塘繞道,2020-11-20,6775,
skipped_covered,,,KWUN TONG ROAD,觀塘道,1947-07-04,543,
skipped_covered,,,KWUN TONG ROAD,觀塘道,1957-02-22,264,
skipped_covered,,,KWUN TONG ROAD,觀塘道,1967-12-08,2628,
skipped_covered,,,KWUN TSING ROAD,管青路,2001-10-26,6694,
skipped_covered,,,KWUN YAM WAN ROAD,觀音灣路,1984-01-20,204,
skipped_covered,,,KWUN YIP STREET,冠業街,2012-10-26,7021,
skipped_covered,,,LA SALLE ROAD,喇沙利道,1935-03-01,165,
skipped_covered,,,LA SALLE ROAD,喇沙利道,1951-05-18,522,
skipped_covered,,,LADY CLEMENTI'S RIDE,金夫人馳馬徑,1930-04-11,227,
skipped_covered,,,LAGUNA STREET,麗港街,1996-12-06,5679,
skipped_covered,,,LAGUNA VERDE AVENUE,海逸道,1999-03-05,1117,
skipped_covered,,,LAI CHEUNG ROAD,麗翔道,1998-11-13,5530,
skipped_covered,,,LAI CHI KOK ROAD,荔枝角道,1978-10-13,2641,
skipped_covered,,,LAI CHI KOK ROAD,荔枝角道,2017-04-07,1921,
skipped_covered,,,LAI CHI LING ROAD,荔枝嶺路,1980-05-16,1503,
skipped_covered,,,LAI CHI LING ROAD,荔枝嶺路,1990-07-06,2395,
skipped_covered,,,LAI CHI ROAD,麗志路,1994-08-12,3052,
skipped_covered,,,LAI CHO ROAD,麗祖路,1977-11-25,2859,
skipped_covered,,,LAI CHUI PATH,麗翠徑,2020-08-07,4508,
skipped_covered,,,LAI FAT STREET,荔發街,1988-11-18,3945,
skipped_covered,,,LAI FONG STREET,禮芳街,1974-04-19,1023,
skipped_covered,,,LAI FUNG STREET,荔峰街,1980-05-16,1503,
skipped_covered,,,LAI HONG STREET,荔康街,1988-11-18,3945,
skipped_covered,,,LAI HONG STREET,荔康街,1999-03-12,1362,
skipped_covered,,,LAI KING HILL ROAD,荔景山路,1975-01-10,112,
skipped_covered,,,LAI KING HILL ROAD,荔景山路,1982-03-26,1028,
skipped_covered,,,LAI KING HILL ROAD,荔景山路,1991-03-15,913,
skipped_covered,,,LAI KONG STREET,荔崗街,1980-05-16,1503,
skipped_covered,,,LAI LEI FA STREET,麗梨花街,1993-05-21,1712,
skipped_covered,,,LAI ON LANE,荔安里,1901-10-05,584,
skipped_covered,,,LAI PAN PATH,麗濱徑,1986-11-21,4035,
skipped_covered,,,LAI PING ROAD,麗坪路,1984-11-30,3532,
skipped_covered,,,LAI PING ROAD,麗坪路,2009-12-18,7994,
skipped_covered,,,LAI PO ROAD,荔寶路,1999-03-12,1362,
skipped_covered,,,LAI PO ROAD,荔寶路,2004-07-09,4433,
skipped_covered,,,LAI PO ROAD,荔寶路,2018-11-30,8969,
skipped_covered,,,LAI PO ROAD,荔寶路,2018-12-14,9290,
skipped_covered,,,LAI SHUN ROAD,麗順路,1994-08-12,3052,
skipped_covered,,,LAI TAK TSUEN ROAD,勵德邨道,1973-01-12,98,
skipped_covered,,,LAI WA STREET,麗華街,1960-07-08,1060,
skipped_covered,,,LAI WAN ROAD,荔灣道,1967-02-24,430,
skipped_covered,,,LAI WO LANE,麗禾里,1984-01-27,285,
skipped_covered,,,LAI YAN LANE,禮仁里,1985-07-12,2271,
skipped_covered,,,LAI YIN LANE,禮賢里,1973-08-24,2175,
skipped_covered,,,LAI YIN STREET,禮賢街,1962-10-26,2200,
skipped_covered,,,LAI YING STREET,荔盈街,2017-12-22,9865,
skipped_covered,,,LAI YIP STREET,勵業街,1957-02-22,264,
skipped_covered,,,LAI YIU STREET,麗瑤街,1977-11-25,2859,
skipped_covered,,,LAKESIDE PATH,環湖徑,1985-08-02,2525,
skipped_covered,,,LAM CHAK STREET,臨澤街,1984-10-26,3135,
skipped_covered,,,LAM CHUNG AVENUE,藍鐘路,1970-03-06,536,
skipped_covered,,,LAM FOOK STREET,臨福街,1984-10-26,3135,
skipped_covered,,,LAM FUNG STREET,臨豐街,1985-12-13,4098,
skipped_covered,,,LAM HA ROAD,嵐霞路,1992-04-10,1271,
skipped_covered,,,LAM HAU TSUEN ROAD,欖口村路,2006-03-03,1464,
skipped_covered,,,LAM HAU TSUEN ROAD,欖口村路,2007-09-21,6233,
skipped_covered,,,LAM HI ROAD,欖喜路,2007-09-21,6233,
skipped_covered,,,LAM HING STREET,臨興街,1984-10-26,3135,
skipped_covered,,,LAM KAM ROAD,林錦公路,1978-09-29,2481,
skipped_covered,,,LAM KAM ROAD INTERCHANGE,林錦公路交匯處,1987-02-06,417,
skipped_covered,,,LAM LEE STREET,臨利街,1984-10-26,3135,
skipped_covered,,,LAM LOK STREET,臨樂街,1985-05-31,1768,
skipped_covered,,,LAM SHING ROAD,林盛路,1990-12-21,4576,
skipped_covered,,,LAM TAI EAST ROAD,欖堤東路,2007-09-21,6233,
skipped_covered,,,LAM TAI WEST ROAD,欖堤西路,2007-09-21,6233,
skipped_covered,,,LAM TEI INTERCHANGE,藍地交匯處,1994-10-28,4079,
skipped_covered,,,LAM TEI INTERCHANGE,藍地交匯處,1997-06-27,3222,
skipped_covered,,,LAM TEI MAIN STREET,藍地大街,1990-11-30,4333,
skipped_covered,,,LAM TIN INTERCHANGE,藍田交匯處,2022-11-25,6835,
skipped_covered,,,LAM TIN STREET,藍田街,1964-05-29,1346,
skipped_covered,,,LAM TSUEN HEUNG KUNG SHO ROAD,林村鄉公所路,2008-05-02,2894,
skipped_covered,,,LAM TSUEN HEUNG KUNG SHO ROAD,林村鄉公所路,2015-01-30,1456,
skipped_covered,,,LAM WAH STREET,臨華街,1985-12-13,4098,
skipped_covered,,,LAM YU ROAD,欖裕路,2008-08-29,6060,
skipped_covered,,,LAMBETH WALK,琳寶徑,1975-03-14,586,
skipped_covered,,,LAN FONG ROAD,蘭芳道,1953-05-22,667,
skipped_covered,,,LANCASHIRE ROAD,蘭開夏道,1939-04-28,341,
skipped_covered,,,LANTAU LINK,青嶼幹線,1998-01-09,174,
skipped_covered,,,LAP TAK LANE,立德里,1979-12-07,3192,
skipped_covered,,,LARCH STREET,洋松街,1927-11-25,699,
skipped_covered,,,LAU FAU SHAN ROAD,流浮山道,1973-05-18,1252,
skipped_covered,,,LAU LI STREET,琉璃街,1926-06-11,318,
skipped_covered,,,LAU SHUI HEUNG ROAD,流水響道,1972-10-06,2529,
skipped_covered,,,LAU SIN STREET,留仙街,1926-06-11,318,
skipped_covered,,,LAU YIP STREET,流業街,2015-03-13,2182,
skipped_covered,,,LEE CHI ROAD,利枝道,1981-02-20,593,
skipped_covered,,,LEE CHUNG STREET,利眾街,1966-07-08,1759,
skipped_covered,,,LEE FAT PATH,利發徑,1983-01-28,326,
skipped_covered,,,LEE GARDEN ROAD,利園山道,1953-05-22,667,
skipped_covered,,,LEE HING STREET,利興街,1991-05-31,1870,
skipped_covered,,,LEE KING STREET,利景街,1991-05-31,1870,
skipped_covered,,,LEE KUNG STREET,利工街,1963-12-20,2488,
skipped_covered,,,LEE LOK STREET,利樂街,1991-05-31,1870,
skipped_covered,,,LEE MAN ROAD,利民道,1987-04-24,1368,
skipped_covered,,,LEE NAM ROAD,利南道,1986-05-23,1765,
skipped_covered,,,LEE NAM ROAD,利南道,1991-03-28,1086,
skipped_covered,,,LEE ON LANE,利安里,2002-09-13,5733,
skipped_covered,,,LEE ON LANE,利安里,2003-10-24,7667,
skipped_covered,,,LEE ON ROAD,利安道,1979-04-20,1001,
skipped_covered,,,LEE TUNG STREET,利東街,1923-12-28,567,
skipped_covered,,,LEE WING STREET,利榮街,1992-04-24,1411,
skipped_covered,,,LEE YIP STREET,利業街,1971-05-21,1093,
skipped_covered,,,LEGISLATIVE COUNCIL ROAD,立法會道,2011-02-25,1313,
skipped_covered,,,LEI KING ROAD,鯉景道,1987-09-25,3208,
skipped_covered,,,LEI MUK ROAD,梨木道,1964-05-29,1346,
skipped_covered,,,LEI PUI STREET,梨貝街,1970-03-06,535,
skipped_covered,,,LEI PUI STREET,梨貝街,1977-07-15,1655,
skipped_covered,,,LEI PUI STREET,梨貝街,1985-08-16,2680,
skipped_covered,,,LEI SHU ROAD,梨樹路,1970-03-06,535,
skipped_covered,,,LEI TUNG ESTATE ROAD,利東邨道,1989-11-10,3971,
skipped_covered,,,LEI YUE MUN PATH,鯉魚門徑,1991-01-18,230,
skipped_covered,,,LEI YUE MUN PRAYA ROAD,鯉魚門海傍道,1997-09-19,1405,
skipped_covered,,,LEI YUE MUN ROAD,鯉魚門道,1963-08-02,1479,
skipped_covered,,,LEIGHTON LANE,禮頓里,1968-07-19,1506,
skipped_covered,,,LEIGHTON ROAD,禮頓道,1951-04-27,445,
skipped_covered,,,LEK YUEN STREET,瀝源街,1985-07-12,2271,
skipped_covered,,,LEUNG CHOI LANE,良才里,1994-10-14,3891,
skipped_covered,,,LEUNG FAI TERRACE,梁輝臺,1976-03-12,580,
skipped_covered,,,LEUNG FAI TIN LOWER ROAD,兩塊田下路,1991-10-11,3622,
skipped_covered,,,LEUNG FAI TIN UPPER ROAD,兩塊田上路,1991-10-11,3622,
skipped_covered,,,LEUNG HONG LANE,良康里,1990-11-02,3965,
skipped_covered,,,LEUNG SHING ROAD,梁盛路,2020-04-03,1669,
skipped_covered,,,LEUNG SHUN STREET,良信街,1990-11-02,3965,
skipped_covered,,,LEUNG TAI LANE,良泰里,1990-11-02,3965,
skipped_covered,,,LEUNG TAK STREET,良德街,1990-11-02,3965,
skipped_covered,,,LEUNG WAN STREET,良運街,1990-11-02,3965,
skipped_covered,,,LEUNG YIP STREET,良業街,1983-01-28,325,
skipped_covered,,,LI CHIT STREET,李節街,1920-04-01,194,
skipped_covered,,,LI KWAN AVENUE,利群道,1931-02-13,86,
skipped_covered,,,LI SING STREET,李陞街,1958-06-27,865,
skipped_covered,,,LI TAK STREET,利得街,1963-09-06,1736,
skipped_covered,,,LILY STREET,蓮花街,1935-10-04,768,
skipped_covered,,,LIM CHO STREET,念祖街,1977-11-25,2859,
skipped_covered,,,LIME STREET,菩提街,1927-11-25,699,
skipped_covered,,,LIN CHEUNG ROAD,連翔道,1998-11-13,5529,
skipped_covered,,,LIN CHEUNG ROAD,連翔道,2004-07-09,4433,
skipped_covered,,,LIN CHEUNG ROAD,連翔道,2018-11-30,8969,
skipped_covered,,,LIN CHUK ROAD,蓮竹路,2023-02-17,1075,
skipped_covered,,,LIN FA KUNG STREET EAST,蓮花宮東街,1935-10-04,768,
skipped_covered,,,LIN FA KUNG STREET WEST,蓮花宮西街,1935-10-04,768,
skipped_covered,,,LIN PING DRIVE,蓮坪路,2006-02-17,1051,
skipped_covered,,,LIN SHING ROAD,連城道,1964-08-21,2339,
skipped_covered,,,LIN TAK ROAD,連德道,1987-07-31,2478,
skipped_covered,,,LIN TAK ROAD,連德道,2020-11-20,6776,
skipped_covered,,,LINCOLN ROAD,林肯道,1929-08-23,427,
skipped_covered,,,LING HONG ROAD,靈康路,1998-04-09,1766,
skipped_covered,,,LING KWONG STREET,嶺光街,2004-10-15,6704,
skipped_covered,,,LING SHAN ROAD,靈山路,1998-06-12,2852,
skipped_covered,,,LINK ROAD,連道,1959-02-27,315,
skipped_covered,,,LION ROCK ROAD,獅子石道,1933-05-12,340,
skipped_covered,,,LION ROCK TUNNEL ROAD,獅子山隧道公路,1969-03-28,594,
skipped_covered,,,LIU POK ROAD,料壆路,2010-06-25,4011,
skipped_covered,,,LIU TO ROAD,寮肚路,1989-08-11,2752,
skipped_covered,,,LLOYD PATH,雷丹彌徑,1935-04-12,302,
skipped_covered,,,LO FAI ROAD,露輝路,1992-05-01,1505,
skipped_covered,,,LO LUNG HANG STREET,老龍坑街,1923-09-28,411,
skipped_covered,,,LO PENG STREET,露坪街,1993-01-15,136,
skipped_covered,,,LO PING ROAD,露屏路,1992-05-01,1505,
skipped_covered,,,LO TAK COURT,路德圍,1972-09-15,2305,
skipped_covered,,,LO WAI ROAD,老圍路,1975-11-07,2448,
skipped_covered,,,LO WAI ROAD,老圍路,1981-04-16,1146,
skipped_covered,,,LO WAI ROAD,老圍路,2003-06-20,4170,
skipped_covered,,,LO WU STATION ROAD,羅湖道,1972-09-15,2306,
skipped_covered,,,LOCK ROAD,樂道,1931-01-09,21,
skipped_covered,,,LOCKHART ROAD,駱克道,1929-06-14,312,
skipped_covered,,,LOCKHART ROAD,駱克道,1953-07-24,912,
skipped_covered,,,LOHAS PARK ROAD,康城路,2009-04-09,2232,
skipped_covered,,,LOK CHUI STREET,樂翠街,1991-07-19,2515,
skipped_covered,,,LOK FUNG PATH,樂楓徑,1981-05-29,1559,
skipped_covered,,,LOK HA SQUARE,樂霞坊,1981-05-29,1559,
skipped_covered,,,LOK KING STREET,樂景街,1985-08-16,2682,
skipped_covered,,,LOK KU ROAD,樂古道,1977-04-15,857,
skipped_covered,,,LOK KWAI PATH,樂葵徑,1981-05-29,1559,
skipped_covered,,,LOK KWAI PATH,樂葵徑,1987-03-06,786,
skipped_covered,,,LOK KWAI PATH,樂葵徑,2008-05-02,2895,
skipped_covered,,,LOK KWAN STREET,樂群街,1958-05-30,732,
skipped_covered,,,LOK KWAN STREET,樂群街,1965-11-12,2673,
skipped_covered,,,LOK LAM ROAD,樂林路,1979-12-07,3194,
skipped_covered,,,LOK LIN PATH,樂蓮徑,1981-05-29,1559,
skipped_covered,,,LOK MA CHAU PATH,落馬洲徑,2015-01-02,165,
skipped_covered,,,LOK MA CHAU ROAD,落馬洲路,1982-03-05,755,
skipped_covered,,,LOK MA CHAU ROAD,落馬洲路,2015-01-02,165,
skipped_covered,,,LOK MA CHAU ROAD,落馬洲路,2015-12-24,9966,
skipped_covered,,,LOK MAN ROAD,樂民道,1973-10-19,2719,
skipped_covered,,,LOK MING STREET,樂鳴街,1987-08-28,2857,
skipped_covered,,,LOK MING STREET,樂鳴街,1989-06-16,2059,
skipped_covered,,,LOK PENG STREET,樂坪街,1993-10-15,3762,
skipped_covered,,,LOK SHAN ROAD,落山道,1931-02-13,86,
skipped_covered,,,LOK SHAN ROAD,落山道,1935-04-26,334,
skipped_covered,,,LOK SHAN ROAD,落山道,1965-06-04,1392,
skipped_covered,,,LOK SHING STREET,樂城街,1986-01-17,245,
skipped_covered,,,LOK SHUN PATH,樂信徑,1984-06-15,1737,
skipped_covered,,,LOK SIN ROAD,樂善道,1968-09-13,1853,
skipped_covered,,,LOK TIN STREET,樂天街,1987-08-28,2857,
skipped_covered,,,LOK TO STREET,樂濤街,1991-07-19,2515,
skipped_covered,,,LOK TUNG STREET,樂東街,1989-06-16,2059,
skipped_covered,,,LOK WAH STREET,樂華街,1966-06-30,1684,
skipped_covered,,,LOK WO SHA LANE,落禾沙里,1989-08-25,2923,
skipped_covered,,,LOK WO SHA LANE,落禾沙里,2013-03-01,1160,
skipped_covered,,,LOK WO STREET,樂和街,1987-08-28,2857,
skipped_covered,,,LOK YEUNG STREET,洛陽街,1941-10-24,1261,
skipped_covered,,,LOK YI STREET,樂怡街,1991-07-19,2515,
skipped_covered,,,LOK YIP ROAD,樂業路,1987-08-28,2857,
skipped_covered,,,LOK YIP ROAD,樂業路,1987-10-16,3465,
skipped_covered,,,LOK YUEN PATH,樂園徑,1981-05-29,1559,
skipped_covered,,,LOMOND ROAD,露明道,1953-03-27,419,
skipped_covered,,,LONDON LANE,倫敦里,1970-02-13,373,
skipped_covered,,,LONG FAI ROAD,朗暉路,2007-02-23,1407,
skipped_covered,,,LONG FUNG STREET,朗風街,2025-01-24,565,
skipped_covered,,,LONG HO ROAD,朗河路,2006-03-03,1463,
skipped_covered,,,LONG LOK ROAD,朗樂路,1992-11-20,4153,
skipped_covered,,,LONG MING STREET,朗明街,2002-07-26,4596,
skipped_covered,,,LONG NGAI PATH,朗藝徑,2017-11-10,8364,
skipped_covered,,,LONG PING ROAD,朗屏路,1987-08-28,2856,
skipped_covered,,,LONG PING ROAD,朗屏路,1991-06-28,2214,
skipped_covered,,,LONG SHING ROAD,朗成路,2007-02-23,1407,
skipped_covered,,,LONG TIN ROAD,朗天路,1991-06-28,2214,
skipped_covered,,,LONG TUNG ROAD,朗東路,2025-07-25,4611,
skipped_covered,,,LONG WO ROAD,朗和路,2002-07-26,4596,
skipped_covered,,,LONG WO ROAD,朗和路,2012-11-02,7159,
skipped_covered,,,LONG YAN ROAD,朗欣路,2004-12-17,8104,
skipped_covered,,,LONG YAT ROAD,朗日路,1991-11-15,4114,
skipped_covered,,,LONG YAT ROAD,朗日路,2002-07-26,4595,
skipped_covered,,,LONG YIP STREET,朗業街,1983-01-28,325,
skipped_covered,,,LONG YIP STREET,朗業街,1984-06-22,1827,
skipped_covered,,,LONG YUET STREET,朗月街,1965-06-04,1392,
skipped_covered,,,LOOKOUT LINK,瞭望里,1983-05-27,1664,
skipped_covered,,,LOTUS ROAD,紅荷路,1984-08-31,2609,
skipped_covered,,,LOWER LASCAR ROW,摩羅下街,1977-04-15,857,
skipped_covered,,,LOWER SHING MUN ROAD,下城門道,1973-01-05,21,
skipped_covered,,,LUARD ROAD,盧押道,1929-06-14,312,
skipped_covered,,,LUARD ROAD,盧押道,1990-10-25,3808,
skipped_covered,,,LUEN CHEONG STREET,聯昌街,1970-03-06,534,
skipped_covered,,,LUEN CHIT STREET,聯捷街,1995-01-13,154,
skipped_covered,,,LUEN FAT STREET,聯發街,1970-03-06,534,
skipped_covered,,,LUEN FU STREET,聯富街,1970-05-08,966,
skipped_covered,,,LUEN HING STREET,聯興街,1970-03-06,534,
skipped_covered,,,LUEN HING STREET,聯興街,1995-01-13,154,
skipped_covered,,,LUEN HONG LANE,聯康里,1992-05-29,1862,
skipped_covered,,,LUEN ON STREET,聯安街,1957-02-22,264,
skipped_covered,,,LUEN ON STREET,聯安街,1970-03-06,534,
skipped_covered,,,LUEN ON STREET,聯安街,1995-01-13,154,
skipped_covered,,,LUEN SHING STREET,聯盛街,1970-03-06,534,
skipped_covered,,,LUEN TAI STREET,聯泰街,1992-05-29,1862,
skipped_covered,,,LUEN WAN STREET,聯運街,1949-03-18,266,
skipped_covered,,,LUEN WO ROAD,聯和道,1970-03-06,534,
skipped_covered,,,LUEN YAN STREET,聯仁街,1963-06-21,1134,
skipped_covered,,,LUEN YAN STREET,聯仁街,2003-05-09,3137,
skipped_covered,,,LUEN YICK STREET,聯益街,1970-03-06,534,
skipped_covered,,,LUGARD ROAD,盧吉道,1915-05-28,244,
skipped_covered,,,LUI MING ROAD,雷鳴路,1992-03-06,833,
skipped_covered,,,LUK CHEUNG ROAD,鹿祥路,1991-05-24,1786,
skipped_covered,,,LUK HEUNG LANE,陸鄉里,1966-03-11,688,
skipped_covered,,,LUK HOP STREET,六合街,1961-09-08,1577,
skipped_covered,,,LUK HOP STREET,六合街,2018-02-02,649,
skipped_covered,,,LUK LAU AVENUE,綠柳路,1970-03-06,536,
skipped_covered,,,LUK MEI LANE,鹿尾里,1991-05-24,1786,
skipped_covered,,,LUK MEI TSUEN ROAD,鹿尾村路,1991-05-24,1786,
skipped_covered,,,LUK MEI TSUEN ROAD,鹿尾村路,2020-06-12,3237,
skipped_covered,,,LUK MING STREET,鹿鳴街,1959-04-17,548,
skipped_covered,,,LUK YUEN STREET,鹿苑街,1983-01-28,326,
skipped_covered,,,LUN CHEUNG STREET,麟祥街,1959-04-17,548,
skipped_covered,,,LUN HING STREET,聯興街,1930-03-07,138,
skipped_covered,,,LUNG CHAK ROAD,龍澤路,2013-08-02,4533,
skipped_covered,,,LUNG CHEUNG ROAD,龍翔道,1960-11-11,1713,
skipped_covered,,,LUNG CHEUNG ROAD,龍翔道,2017-04-21,2427,
skipped_covered,,,LUNG CHEUNG ROAD,龍翔道,2018-08-10,6060,
skipped_covered,,,LUNG CHI PATH,龍池徑,1983-04-22,1265,
skipped_covered,,,LUNG CHU STREET,龍珠街,1964-01-10,77,
skipped_covered,,,LUNG CHUN ROAD,龍峻路,2021-02-26,1088,
skipped_covered,,,LUNG FAI STREET,龍輝街,1992-05-29,1862,
skipped_covered,,,LUNG FAT STREET,龍發街,2001-09-21,5851,
skipped_covered,,,LUNG FU ROAD,龍富路,2002-01-25,611,
skipped_covered,,,LUNG FUNG STREET,龍鳳街,1963-11-08,2197,
skipped_covered,,,LUNG HA WAN ROAD,龍蝦灣路,1986-11-21,4036,
skipped_covered,,,LUNG HONG STREET,龍康街,2001-09-21,5851,
skipped_covered,,,LUNG HONG STREET,龍康街,2010-11-19,7264,
skipped_covered,,,LUNG HOP STREET,龍合街,2019-03-15,1970,
skipped_covered,,,LUNG KING STREET,龍景街,1974-05-31,1382,
skipped_covered,,,LUNG KING STREET,龍景街,2023-06-23,3741,
skipped_covered,,,LUNG KONG ROAD,龍崗道,1933-05-12,340,
skipped_covered,,,LUNG KUI ROAD,龍駒道,2016-07-08,3864,
skipped_covered,,,LUNG KWU TAN ROAD,龍鼓灘路,1991-02-08,504,
skipped_covered,,,LUNG KWU TAN ROAD,龍鼓灘路,1993-02-12,480,
skipped_covered,,,LUNG KWU TAN ROAD,龍鼓灘路,1995-06-09,2107,
skipped_covered,,,LUNG MA ROAD,龍馬路,1995-09-01,3544,
skipped_covered,,,LUNG MA ROAD,龍馬路,2019-05-31,3587,
skipped_covered,,,LUNG MEI TSUEN ROAD,龍尾村路,1991-10-11,3622,
skipped_covered,,,LUNG MUN ROAD,龍門路,1977-12-23,3134,
skipped_covered,,,LUNG MUN ROAD,龍門路,1991-02-08,504,
skipped_covered,,,LUNG MUN ROAD,龍門路,1995-06-09,2052,
skipped_covered,,,LUNG MUN ROAD,龍門路,2000-03-03,1352,
skipped_covered,,,LUNG MUN ROAD,龍門路,2000-06-09,3695,
skipped_covered,,,LUNG MUN ROAD,龍門路,2000-08-11,5316,
skipped_covered,,,LUNG MUN ROAD,龍門路,2009-06-12,3680,
skipped_covered,,,LUNG PAK STREET,龍柏街,1982-03-05,754,
skipped_covered,,,LUNG PING ROAD,龍坪道,1985-11-15,3803,
skipped_covered,,,LUNG PING ROAD,龍坪道,2016-03-18,1597,
skipped_covered,,,LUNG POON STREET,龍蟠街,1988-03-31,1053,
skipped_covered,,,LUNG SHING STREET,龍盛街,2014-03-14,1563,
skipped_covered,,,LUNG SUM AVENUE,龍琛路,1965-02-26,481,
skipped_covered,,,LUNG SUM AVENUE,龍琛路,1994-01-28,337,
skipped_covered,,,LUNG SUM LANE,龍琛里,1999-07-09,3891,
skipped_covered,,,LUNG TAK STREET,龍德街,1970-03-06,535,
skipped_covered,,,LUNG TAK STREET,隆德街,1974-06-28,1626,
skipped_covered,,,LUNG TANG ROAD,龍騰路,1977-11-25,2859,
skipped_covered,,,LUNG TAT PATH,龍達徑,2023-06-23,3740,
skipped_covered,,,LUNG TIN STREET,龍田街,2014-03-14,1563,
skipped_covered,,,LUNG TING LANE,龍庭里,2024-03-08,1335,
skipped_covered,,,LUNG TO STREET,龍圖街,1959-04-17,548,
skipped_covered,,,LUNG WAH STREET,龍華街,1966-11-25,2982,
skipped_covered,,,LUNG WAH STREET,龍華街,2010-08-20,5350,
skipped_covered,,,LUNG WAN STREET,龍運街,1994-01-28,337,
skipped_covered,,,LUNG WO ROAD,龍和道,2009-12-04,7642,
skipped_covered,,,LUNG WO ROAD,龍和道,2011-02-25,1314,
skipped_covered,,,LUNG WO ROAD,龍和道,2019-03-15,1971,
skipped_covered,,,LUNG WO ROAD,龍和道,2019-03-29,2321,
skipped_covered,,,LUNG WUI ROAD,龍匯道,1997-10-17,1882,
skipped_covered,,,LUNG WUI ROAD,龍匯道,2010-01-15,296,
skipped_covered,,,LUNG YAN ROAD,龍欣道,2001-06-15,3632,
skipped_covered,,,LUNG YIN ROAD,龍涎道,1989-04-21,1309,
skipped_covered,,,LUNG YIU STREET,龍耀街,1992-05-29,1862,
skipped_covered,,,LUNG YUE ROAD,龍如路,1977-11-25,2859,
skipped_covered,,,LUNG YUET ROAD,龍悅道,2016-03-18,1596,
skipped_covered,,,LYCHEE ROAD EAST,荔枝東路,1984-08-31,2609,
skipped_covered,,,LYCHEE ROAD NORTH,荔枝北路,1984-08-31,2609,
skipped_covered,,,LYCHEE ROAD SOUTH,荔枝南路,1984-08-31,2609,
skipped_covered,,,LYCHEE ROAD WEST,荔枝西路,1984-08-31,2609,
skipped_covered,,,LYTTELTON ROAD,列堤頓道,1904-01-29,59,
skipped_covered,,,MA CHAI HANG ROAD,馬仔坑道,1976-02-06,288,
skipped_covered,,,MA CHAI HANG ROAD,馬仔坑道,1986-01-24,327,
skipped_covered,,,MA CHAI HANG ROAD,馬仔坑道,2018-08-10,6060,
skipped_covered,,,MA CHUNG ROAD,馬聰路,1991-08-23,2969,
skipped_covered,,,MA FUK ROAD,馬福路,2024-03-01,1176,
skipped_covered,,,MA FUNG LING ROAD,孖峰嶺路,1985-09-13,3022,
skipped_covered,,,MA HANG CHUNG ROAD,馬坑涌道,1926-02-12,68,
skipped_covered,,,MA HANG CHUNG ROAD,馬坑涌道,1926-04-16,202,
skipped_covered,,,MA KAM STREET,馬錦街,1997-11-07,2357,
skipped_covered,,,MA KOK LANE,馬角里,1983-11-04,3497,
skipped_covered,,,MA KOK STREET,馬角街,1966-02-18,470,
skipped_covered,,,MA LING PATH,馬鈴徑,1981-03-27,958,
skipped_covered,,,MA LOK PATH,馬樂徑,1981-03-27,958,
skipped_covered,,,MA MIU ROAD,媽廟路,1977-12-02,2944,
skipped_covered,,,MA ON PATH,馬鞍徑,1981-03-27,958,
skipped_covered,,,MA ON SHAN BYPASS,馬鞍山繞道,2005-08-05,3796,
skipped_covered,,,MA ON SHAN ROAD,馬鞍山路,1987-01-02,40,
skipped_covered,,,MA ON SHAN ROAD,馬鞍山路,1988-10-21,3586,
skipped_covered,,,MA ON SHAN ROAD,馬鞍山路,1992-01-31,412,
skipped_covered,,,MA ON SHAN ROAD,馬鞍山路,2015-11-13,8863,
skipped_covered,,,MA ON SHAN TSUEN ROAD,馬鞍山村路,2006-08-11,4997,
skipped_covered,,,MA PO PING ROAD,蔴埔坪道,1970-06-05,1156,
skipped_covered,,,MA SHING PATH,馬成徑,2010-06-18,3608,
skipped_covered,,,MA SIK ROAD,馬適路,1995-01-13,154,
skipped_covered,,,MA SIM PAI ROAD,馬閃排路,1984-01-27,287,
skipped_covered,,,MA SIM PAI ROAD,馬閃排路,1999-09-03,5148,
skipped_covered,,,MA TAK ROAD,馬得路,2024-03-01,1176,
skipped_covered,,,MA TAU CHUNG ROAD,馬頭涌道,1926-02-12,68,
skipped_covered,,,MA TAU CHUNG ROAD,馬頭涌道,1926-04-16,202,
skipped_covered,,,MA TAU KOK ROAD,馬頭角道,1926-02-12,68,
skipped_covered,,,MA TAU KOK ROAD,馬頭角道,1926-04-16,202,
skipped_covered,,,MA TAU PA ROAD,馬頭壩道,1963-06-21,1134,
skipped_covered,,,MA TAU WAI ROAD,馬頭圍道,1926-02-12,68,
skipped_covered,,,MA TAU WAI ROAD,馬頭圍道,1926-04-16,202,
skipped_covered,,,MA TAU WAI ROAD,馬頭圍道,1926-06-25,342,
skipped_covered,,,MA TAU WAI ROAD,馬頭圍道,1976-03-12,580,
skipped_covered,,,MA TIN ROAD,馬田路,1978-09-29,2481,
skipped_covered,,,MA TIN ROAD,馬田路,1984-06-15,1738,
skipped_covered,,,MA TIN ROAD,馬田路,2015-07-03,4864,
skipped_covered,,,MA TONG ROAD,馬棠路,1991-06-28,2215,
skipped_covered,,,MA TONG ROAD,馬棠路,2005-05-27,2493,
skipped_covered,,,MA TONG ROAD,馬棠路,2015-07-03,4864,
skipped_covered,,,MA TSO LUNG ROAD,馬草壟路,1998-01-23,406,
skipped_covered,,,MA WAN ROAD,馬灣路,2002-08-16,5033,
skipped_covered,,,MA WAN RURAL COMMITTEE ROAD,馬灣鄉事會路,2002-09-27,6118,
skipped_covered,,,MA WAN RURAL COMMITTEE ROAD,馬灣鄉事會路,2006-10-13,6513,
skipped_covered,,,MA WANG ROAD,媽橫路,1978-09-29,2481,
skipped_covered,,,MA WANG ROAD,媽橫路,1983-06-03,1752,
skipped_covered,,,MA WANG ROAD,媽橫路,1984-08-31,2608,
skipped_covered,,,MA WO ROAD,馬窩路,1991-08-23,2969,
skipped_covered,,,MA YAU TONG ROAD,馬游塘路,1991-09-20,3343,
skipped_covered,,,MA YEUNG PATH,馬鞅徑,1981-03-27,958,
skipped_covered,,,MA YING PATH,馬影徑,1981-03-27,958,
skipped_covered,,,MACDONNELL ROAD,麥當勞道,1958-06-27,865,
skipped_covered,,,MAGAZINE GAP ROAD,馬己仙峽道,1908-02-07,80,
skipped_covered,,,MAGAZINE GAP ROAD,馬己仙峽道,1957-11-22,1553,
skipped_covered,,,MAGAZINE GAP ROAD,馬己仙峽道,1958-01-03,16,
skipped_covered,,,MAGIC ROAD,神奇道,2004-12-17,8104,
skipped_covered,,,MAGNOLIA ROAD,玉蘭路,1953-11-20,1420,
skipped_covered,,,MAI PO LUNG ROAD,米埔隴路,1993-12-03,4433,
skipped_covered,,,MAI PO ROAD,米埔路,2006-08-04,4859,
skipped_covered,,,MAI PO SOUTH ROAD,米埔南路,2020-04-03,1669,
skipped_covered,,,MAIDSTONE LANE,美善同里,1954-06-11,713,
skipped_covered,,,MAIDSTONE ROAD,美善同道,1954-06-11,713,
skipped_covered,,,"MAIN STREET, AP LEI CHAU",鴨脷洲大街,1976-03-12,580,
skipped_covered,,,"MAIN STREET, AP LEI CHAU",鴨脷洲大街,1998-06-26,3111,
skipped_covered,,,MAK YUEN WAI ROAD,麥園圍路,2014-05-09,2737,
skipped_covered,,,MALACCA STREET,馬來街,1929-05-31,283,
skipped_covered,,,MAN CHAT ROAD,文質路,2015-03-13,2183,
skipped_covered,,,MAN CHEONG STREET,文昌街,1965-10-15,2461,
skipped_covered,,,MAN CHEONG STREET,文昌街,1974-07-12,1739,
skipped_covered,,,MAN CHEUNG STREET,民祥街,1998-05-29,2630,
skipped_covered,,,MAN CHIU STREET,民照街,1998-05-29,2630,
skipped_covered,,,MAN FAI STREET,民輝街,1998-05-29,2630,
skipped_covered,,,MAN FAT STREET,文發街,1977-12-16,3094,
skipped_covered,,,MAN FUK ROAD,文福道,1963-12-20,2488,
skipped_covered,,,MAN FUK ROAD,文福道,1969-04-11,667,
skipped_covered,,,MAN FUNG PATH,民豐徑,1999-03-05,1117,
skipped_covered,,,MAN HANG STREET,文恆街,1981-06-12,1685,
skipped_covered,,,MAN HONG STREET,民康街,1984-11-30,3529,
skipped_covered,,,MAN HOP PATH,民合徑,1983-06-03,1752,
skipped_covered,,,MAN KAM TO ROAD,文錦渡路,1972-09-15,2306,
skipped_covered,,,MAN KAT STREET,民吉街,1998-05-29,2630,
skipped_covered,,,MAN KUK LANE,文曲里,1999-11-12,6953,
skipped_covered,,,MAN KWONG STREET,民光街,1998-05-29,2630,
skipped_covered,,,MAN KWONG STREET,民光街,2012-10-19,6891,
skipped_covered,,,MAN LAI ROAD,文禮路,1980-09-26,3083,
skipped_covered,,,MAN LAI ROAD,文禮路,1983-07-01,2023,
skipped_covered,,,MAN LAM ROAD,文林路,1980-09-26,3083,
skipped_covered,,,MAN LAM ROAD,文林路,1981-02-20,595,
skipped_covered,,,MAN LAM ROAD,文林路,1983-07-01,2023,
skipped_covered,,,MAN LOK STREET,民樂街,1974-06-21,1570,
skipped_covered,,,MAN NIN STREET,萬年街,1973-12-07,3147,
skipped_covered,,,MAN ON STREET,萬安街,1958-05-30,732,
skipped_covered,,,MAN PO STREET,民寶街,1998-05-29,2630,
skipped_covered,,,MAN SHE LANE,文社里,2012-10-19,6891,
skipped_covered,,,MAN SHUN LANE,文順巷,1984-01-20,204,
skipped_covered,,,MAN SING STREET,文成街,1963-05-17,867,
skipped_covered,,,MAN SIU STREET,民兆街,1976-06-25,1367,
skipped_covered,,,MAN TAI STREET,民泰街,1976-06-25,1367,
skipped_covered,,,MAN TAK ROAD,民德路,2001-05-11,2971,
skipped_covered,,,MAN TUNG ROAD,文東路,1998-06-19,2978,
skipped_covered,,,MAN WAI STREET,文蔚街,1963-05-17,867,
skipped_covered,,,MAN WAN ROAD,文運道,1963-12-20,2488,
skipped_covered,,,MAN WAN ROAD,文運道,1969-04-11,667,
skipped_covered,,,MAN WUI STREET,文匯街,1965-10-15,2461,
skipped_covered,,,MAN YEE LANE,萬宜里,1971-07-23,1639,
skipped_covered,,,MAN YING STREET,文英街,1963-05-17,867,
skipped_covered,,,MAN YIU STREET,民耀街,1998-05-29,2630,
skipped_covered,,,MAN YUE STREET,民裕街,1974-06-21,1570,
skipped_covered,,,MAN YUEN STREET,文苑街,1963-05-17,867,
skipped_covered,,,MANG KUNG UK ROAD,孟公屋路,1991-09-20,3343,
skipped_covered,,,MANG KUNG WO ROAD,孟公窩路,1991-03-28,1087,
skipped_covered,,,MANSFIELD ROAD,文輝道,1964-12-24,3484,
skipped_covered,,,MANSION STREET,民新街,1959-04-10,507,
skipped_covered,,,MAPLE GARDENS 1ST STREET,碧豪苑第一街,1998-01-09,173,
skipped_covered,,,MAPLE GARDENS 2ND STREET,碧豪苑第二街,1998-01-09,173,
skipped_covered,,,MAPLE GARDENS 3RD STREET,碧豪苑第三街,1998-01-09,173,
skipped_covered,,,MAPLE GARDENS 4TH STREET,碧豪苑第四街,1998-01-09,173,
skipped_covered,,,MAPLE GARDENS 5TH STREET,碧豪苑第五街,1998-01-09,173,
skipped_covered,,,MAPLE GARDENS 6TH STREET,碧豪苑第六街,1998-01-09,173,
skipped_covered,,,MAPLE GARDENS 7TH STREET,碧豪苑第七街,1998-01-09,173,
skipped_covered,,,MAPLE STREET,楓樹街,1927-11-25,699,
skipped_covered,,,MARBLE ROAD,馬寶道,1937-09-24,682,
skipped_covered,,,MARBLE ROAD,馬寶道,1954-07-16,877,
skipped_covered,,,MARCONI ROAD,馬可尼道,1968-01-05,26,
skipped_covered,,,MARIGOLD ROAD,壽菊路,1953-11-20,1420,
skipped_covered,,,MARINA DRIVE,遊艇徑,2000-09-15,6058,
skipped_covered,,,MARSH ROAD,馬師道,1929-06-14,312,
skipped_covered,,,MARSH ROAD,馬師道,1972-07-07,1666,
skipped_covered,,,MASON'S LANE,美臣里,1887-09-03,356,
skipped_covered,,,MAU LAM STREET,茂林街,1922-07-28,335,
skipped_covered,,,MAU PO ROAD,茅莆路,2012-05-11,3325,
skipped_covered,,,MAU TAI ROAD,貿泰路,1993-07-09,2388,
skipped_covered,,,MAU TAN STREET,牡丹街,1977-12-02,2944,
skipped_covered,,,MAU TIN LANE,茂田里,1991-07-05,2294,
skipped_covered,,,MAU YIP ROAD,貿業路,1993-07-09,2388,
skipped_covered,,,MAY ROAD,梅道,1907-04-12,250,
skipped_covered,,,MAY ROAD,梅道,1967-10-27,2313,
skipped_covered,,,MCGREGOR STREET,麥加力歌街,2014-07-25,4345,
skipped_covered,,,MEI CHING ROAD,美青路,1998-07-03,3230,
skipped_covered,,,MEI FAI STREET,美輝街,2011-05-13,2996,
skipped_covered,,,MEI FONG STREET,美芳街,1974-04-19,1023,
skipped_covered,,,MEI FUK STREET,美福街,2004-12-17,8101,
skipped_covered,,,MEI FUNG ROAD,尾逢路,2021-02-05,708,
skipped_covered,,,MEI KING STREET,美景街,1959-01-23,131,
skipped_covered,,,MEI KING STREET,美景街,1973-10-12,2656,
skipped_covered,,,MEI KING STREET,美景街,1977-02-17,420,
skipped_covered,,,MEI KWONG STREET,美光街,1973-10-12,2656,
skipped_covered,,,MEI LAI ROAD,美荔道,1975-03-21,641,
skipped_covered,,,MEI LAI ROAD,美荔道,1978-10-13,2641,
skipped_covered,,,MEI LOK LANE,美樂里,1993-02-12,479,
skipped_covered,,,MEI MUN LANE,美滿里,2000-01-14,275,
skipped_covered,,,MEI ON STREET,美安街,1965-11-12,2673,
skipped_covered,,,MEI SUN LANE,美新里,1993-07-23,2594,
skipped_covered,,,MEI SUN LANE,美新里,1993-07-23,2596,
skipped_covered,,,MEI TAK STREET,美德街,2004-12-17,8101,
skipped_covered,,,MEI TIN ROAD,美田路,1984-06-15,1737,
skipped_covered,,,MEI TIN ROAD,美田路,2009-09-04,5553,
skipped_covered,,,MEI TUNG STREET,美東街,1997-04-25,2008,
skipped_covered,,,MEI WAN STREET,美環街,1972-09-15,2305,
skipped_covered,,,MEI WAN STREET,美環街,1999-01-08,116,
skipped_covered,,,MEI WO CIRCUIT,美禾圍,1984-01-27,285,
skipped_covered,,,MEI WU ROAD,美湖路,1993-02-19,555,
skipped_covered,,,MEI YU STREET,美裕街,2004-12-17,8101,
skipped_covered,,,MEI YUEN STREET,美源街,2004-12-17,8101,
skipped_covered,,,MERCURY STREET,水星街,1952-08-15,972,
skipped_covered,,,MERLIN STREET,麥連街,1952-08-15,972,
skipped_covered,,,METROPOLIS DRIVE,都會道,2001-03-30,2134,
skipped_covered,,,MIDDLE GAP ROAD,中峽道,1925-03-27,172,
skipped_covered,,,MIDDLE LANE,畔山徑,1994-11-18,4386,
skipped_covered,,,MIDDLE ROAD,中間道,1929-05-31,284,
skipped_covered,,,MIDDLE ROAD,中間道,1987-08-07,2562,
skipped_covered,,,MIN FAT STREET,綿發街,1930-03-07,138,
skipped_covered,,,MIN FONG LANE,麵房里,1999-11-12,6952,
skipped_covered,,,MIN FONG STREET,麵房街,1981-06-12,1685,
skipped_covered,,,MIN STREET,閩街,1930-01-17,39,
skipped_covered,,,MIN STREET,閩街,1941-10-31,1282,
skipped_covered,,,MINDEN AVENUE,棉登徑,1923-09-28,411,
skipped_covered,,,MING CHI STREET,明智街,1968-08-02,1598,
skipped_covered,,,MING FAI ROAD,明暉路,1985-12-27,4230,
skipped_covered,,,MING FUNG STREET,鳴鳳街,1963-11-08,2197,
skipped_covered,,,MING KUM ROAD,鳴琴路,1977-12-23,3134,
skipped_covered,,,MING KUM ROAD,鳴琴路,1990-11-02,3965,
skipped_covered,,,MING LUN STREET,明倫街,1959-05-15,670,
skipped_covered,,,MING NGAI STREET,明藝街,1975-08-01,1693,
skipped_covered,,,MING ON STREET,明安街,1967-11-24,2521,
skipped_covered,,,MING SHING STREET,名成街,2003-01-10,228,
skipped_covered,,,MING TSUI STREET,明趣街,1990-03-02,779,
skipped_covered,,,MING YIN ROAD,銘賢路,1995-01-13,156,
skipped_covered,,,MIU KONG STREET,廟崗街,1983-11-04,3497,
skipped_covered,,,MIU TUNG STREET,廟東街,1959-02-27,315,
skipped_covered,,,MO YING ROAD,武英路,1986-08-15,2817,
skipped_covered,,,MODEL LANE,模範里,1969-10-17,2053,
skipped_covered,,,MODY LANE,麼地里,1982-02-19,564,
skipped_covered,,,MODY ROAD,麼地道,1982-02-19,564,
skipped_covered,,,MODY SQUARE,麼地廣場,1985-12-13,4096,
skipped_covered,,,MOK CHEONG STREET,木廠街,1926-02-12,68,
skipped_covered,,,MOK CHEONG STREET,木廠街,1926-04-16,202,
skipped_covered,,,MOK TSE CHE ROAD,莫遮輋路,2003-05-16,3285,
skipped_covered,,,MONG FAT STREET,望發街,1992-05-29,1862,
skipped_covered,,,MONG KOK ROAD,旺角道,1923-09-28,411,
skipped_covered,,,MONG LUNG STREET,望隆街,1931-05-15,300,
skipped_covered,,,MONG LUNG STREET,望隆街,1931-07-10,436,
skipped_covered,,,MONG LUNG STREET,望隆街,1960-07-08,1060,
skipped_covered,,,MONG LUNG STREET,望隆街,1986-03-07,786,
skipped_covered,,,MONG TAT STREET,望達街,2001-09-21,5851,
skipped_covered,,,MONG WING STREET,望榮街,2001-09-21,5851,
skipped_covered,,,MONMOUTH PATH,萬茂里,1956-09-14,1176,
skipped_covered,,,MONMOUTH TERRACE,萬茂臺,1949-10-28,1044,
skipped_covered,,,MONTE PATH,綠怡徑,1991-11-22,4198,
skipped_covered,,,MOON TIN LANE,滿田里,2023-05-19,3075,
skipped_covered,,,MOORSOM DRIVE,睦誠徑,1974-10-04,2524,
skipped_covered,,,MOORSOM ROAD,睦誠道,1968-07-19,1504,
skipped_covered,,,MOORSOM ROAD,睦誠道,1973-06-15,1541,
skipped_covered,,,MOORSOM ROAD,睦誠道,1976-04-09,784,
skipped_covered,,,MOORSOM ROAD,睦誠道,1986-06-13,2016,
skipped_covered,,,MORAY ROAD,慕禮道,1951-05-18,522,
skipped_covered,,,MOSQUE JUNCTION,摩羅廟交加街,1958-06-27,865,
skipped_covered,,,MOSQUE STREET,摩羅廟街,1958-06-27,865,
skipped_covered,,,MOUNT AUSTIN ROAD,柯士甸山道,1960-07-29,1174,
skipped_covered,,,MOUNT BUTLER DRIVE,畢拉山徑,1970-04-24,867,
skipped_covered,,,MOUNT BUTLER ROAD,畢拉山道,1962-03-30,694,
skipped_covered,,,MOUNT CAMERON ROAD,金馬麟山道,1926-01-29,46,
skipped_covered,,,MOUNT DAVIS PATH,摩星嶺徑,1983-07-15,2232,
skipped_covered,,,MOUNT DAVIS ROAD,摩星嶺道,1924-01-18,29,
skipped_covered,,,MOUNT DAVIS ROAD,摩星嶺道,2006-11-03,7031,
skipped_covered,,,MOUNT NICHOLSON ROAD,聶歌信山道,1957-11-08,1495,
skipped_covered,,,MOUNT PARKER ROAD,柏架山道,1970-03-20,642,
skipped_covered,,,MOUNT STERLING MALL,萬事達廣場,1975-07-04,1485,
skipped_covered,,,MOUNT STERLING MALL,萬事達廣場,1976-01-23,192,
skipped_covered,,,MUI FONG STREET,梅芳街,1919-09-26,450,
skipped_covered,,,MUI HING STREET,梅馨街,1930-03-07,138,
skipped_covered,,,MUI SHU HANG ROAD,梅樹坑路,1988-09-02,2937,
skipped_covered,,,MUI TSZ LAM ROAD,梅子林路,1995-12-08,5099,
skipped_covered,,,MUI WO CHUNG HAU STREET,梅窩涌口街,1983-11-04,3496,
skipped_covered,,,MUI WO FERRY PIER ROAD,梅窩碼頭路,1983-11-04,3496,
skipped_covered,,,MUI WO RURAL COMMITTEE ROAD,梅窩鄉事會路,1983-11-04,3496,
skipped_covered,,,MUK CHUI STREET,沐翠街,2012-09-28,6493,
skipped_covered,,,MUK CHUN STREET,沐縉街,2012-09-28,6493,
skipped_covered,,,MUK HUNG STREET,沐虹街,2012-09-28,6493,
skipped_covered,,,MUK LAI STREET,沐禮街,2021-07-23,4522,
skipped_covered,,,MUK LONG STREET,沐朗街,2017-08-04,5710,
skipped_covered,,,MUK LUN STREET,睦鄰街,1967-06-02,1195,
skipped_covered,,,MUK MIN SHAN ROAD,木棉山路,1991-02-22,649,
skipped_covered,,,MUK NING STREET,沐寧街,2014-02-14,930,
skipped_covered,,,MUK ON STREET,沐安街,2012-09-28,6493,
skipped_covered,,,MUK TAI STREET,沐泰街,2017-03-03,1160,
skipped_covered,,,MUK WO STREET,沐和街,2023-04-28,2593,
skipped_covered,,,MUK YUEN STREET,沐元街,2017-03-03,1160,
skipped_covered,,,MUN FAT LANE,滿發里,1989-06-09,1978,
skipped_covered,,,MUSEUM DRIVE,博物館道,2019-05-31,3588,
skipped_covered,,,MUT WAH STREET,物華街,1957-02-22,264,
skipped_covered,,,MUT WAH STREET,物華街,1963-08-02,1479,
skipped_covered,,,NAM CHEONG STREET,南昌街,1961-04-14,616,
skipped_covered,,,NAM CHEONG STREET,南昌街,1970-07-17,1480,
skipped_covered,,,NAM CHEONG STREET,南昌街,2016-03-18,1597,
skipped_covered,,,NAM FUNG PATH,南風徑,1998-08-07,3857,
skipped_covered,,,NAM FUNG ROAD,南風道,1973-06-01,1420,
skipped_covered,,,NAM HANG TSUEN ROAD,南坑村路,2006-12-22,8050,
skipped_covered,,,NAM HING EAST ROAD,南慶東路,2003-05-16,3286,
skipped_covered,,,NAM HING WEST ROAD,南慶西路,2003-05-16,3286,
skipped_covered,,,NAM HING WEST ROAD,南慶西路,2020-04-03,1670,
skipped_covered,,,NAM HONG STREET,南康街,1965-07-09,1700,
skipped_covered,,,NAM KOK ROAD,南角道,1933-05-12,340,
skipped_covered,,,NAM LONG SHAN ROAD,南朗山道,1969-09-26,1915,
skipped_covered,,,NAM NING STREET,南寧街,1979-03-16,713,
skipped_covered,,,NAM ON LANE,南安里,1957-01-25,119,
skipped_covered,,,NAM ON LANE,南安里,1986-03-07,786,
skipped_covered,,,NAM ON STREET,南安街,1930-11-14,686,
skipped_covered,,,NAM PIN WAI ROAD,南邊圍路,1990-12-21,4576,
skipped_covered,,,NAM SANG WAI ROAD,南生圍路,1999-09-17,5409,
skipped_covered,,,NAM SHAN CHUEN ROAD,南山邨道,1988-11-25,4046,
skipped_covered,,,NAM SHAN LANE,南山里,1991-07-05,2294,
skipped_covered,,,NAM SHAN ROAD,南山路,1985-10-18,3454,
skipped_covered,,,NAM SHAN SAN TSUEN ROAD,南山新村路,1991-07-05,2294,
skipped_covered,,,NAM SHING STREET,南盛街,1930-05-02,262,
skipped_covered,,,NAM SHING STREET,南盛街,1961-11-10,1975,
skipped_covered,,,NAM WAI ROAD,南圍路,1991-03-28,1087,
skipped_covered,,,NAM WAN ROAD,南運路,1983-12-23,3976,
skipped_covered,,,NAM WAN ROAD,南運路,1990-05-04,1618,
skipped_covered,,,NANKING STREET,南京街,1909-03-19,184,
skipped_covered,,,NASSAU STREET,蘭秀道,2005-06-30,3128,
skipped_covered,,,NATHAN ROAD,彌敦道,1909-03-19,184,
skipped_covered,,,NATHAN ROAD,彌敦道,1926-01-29,46,
skipped_covered,,,NEW CLEAR WATER BAY ROAD,新清水灣道,1979-04-20,1001,
skipped_covered,,,NEW HIRAM'S HIGHWAY,新西貢公路,2001-08-24,5238,
skipped_covered,,,NEW STREET,新街,1887-07-16,296,
skipped_covered,,,NG CHOW ROAD,五洲路,1997-07-04,73,
skipped_covered,,,NG CHOW SOUTH ROAD,五洲南路,1997-07-04,73,
skipped_covered,,,NG CHOW SOUTH ROAD,五洲南路,1998-06-12,2853,
skipped_covered,,,NG FONG STREET,五芳街,1961-09-08,1577,
skipped_covered,,,NG LAU ROAD,五柳路,1993-02-12,479,
skipped_covered,,,NG LAU ROAD,五柳路,1996-02-16,807,
skipped_covered,,,NG LAU ROAD,五柳路,1997-06-27,3222,
skipped_covered,,,NGA CHEUNG ROAD,雅翔道,1998-05-22,2488,
skipped_covered,,,NGA CHEUNG ROAD,雅翔道,2017-06-30,4524,
skipped_covered,,,NGA CHEUNG ROAD,雅翔道,2018-10-05,7463,
skipped_covered,,,NGA CHUK STREET,雅竹街,1986-01-24,327,
skipped_covered,,,NGA TSIN LONG ROAD,衙前塱道,1933-05-12,340,
skipped_covered,,,NGA TSIN WAI ROAD,衙前圍道,1926-06-25,342,
skipped_covered,,,NGA TSIN WAI ROAD,衙前圍道,1958-02-07,184,
skipped_covered,,,NGA WAN ROAD,雅運路,2001-03-09,1564,
skipped_covered,,,NGA YING CHAU STREET,牙鷹洲街,1989-08-11,2752,
skipped_covered,,,NGA YING CHAU STREET,牙鷹洲街,2001-11-30,7499,
skipped_covered,,,NGAN CHI PATH,銀池徑,1983-04-22,1265,
skipped_covered,,,NGAN CHUK LANE,銀竹里,1986-01-24,327,
skipped_covered,,,NGAN FUNG STREET,銀鳳街,1968-04-11,726,
skipped_covered,,,NGAN HO PATH,銀河徑,1983-05-27,1665,
skipped_covered,,,NGAN HON STREET,銀漢街,1957-07-26,1050,
skipped_covered,,,NGAN KWONG WAN ROAD,銀鑛灣路,1986-10-10,3516,
skipped_covered,,,NGAN MOK STREET,銀幕街,1926-06-11,318,
skipped_covered,,,NGAN O ROAD,銀澳路,1992-01-31,411,
skipped_covered,,,NGAN SHEK STREET,銀石街,1993-08-27,3112,
skipped_covered,,,NGAN SHEK STREET,銀石街,2005-03-11,1150,
skipped_covered,,,NGAN SHEK STREET,銀石街,2005-03-18,1295,
skipped_covered,,,NGAN SHING STREET,銀城街,1981-11-13,3369,
skipped_covered,,,NGAN SHING STREET,銀城街,1982-12-17,3954,
skipped_covered,,,NGAN SHU STREET,銀樹街,1993-08-27,3112,
skipped_covered,,,NGAN WAN ROAD,銀運路,1986-10-10,3516,
skipped_covered,,,NGAN YUET LANE,銀月里,1974-05-31,1384,
skipped_covered,,,NGAU CHI WAN STREET,牛池灣街,1979-11-09,2897,
skipped_covered,,,NGAU KWU LENG PATH,牛牯嶺徑,2008-05-02,2894,
skipped_covered,,,NGAU PEI SHA STREET,牛皮沙街,1984-03-09,708,
skipped_covered,,,NGAU PEI SHA STREET,牛皮沙街,2000-12-15,8237,
skipped_covered,,,NGAU PEI SHA STREET,牛皮沙街,2013-08-02,4532,
skipped_covered,,,NGAU TAM MEI ROAD,牛潭尾路,1994-09-16,3497,
skipped_covered,,,NGAU TAU KOK ROAD,牛頭角道,1957-02-22,264,
skipped_covered,,,NGAU WU TOK STREET,牛湖托街,1981-06-12,1685,
skipped_covered,,,NGOI MAN STREET,愛民街,1973-04-06,885,
skipped_covered,,,NGONG HOM ROAD,昂磡路,1970-03-06,535,
skipped_covered,,,NGONG PING ROAD,昂平路,1984-09-07,2659,
skipped_covered,,,NGONG SHUNG ROAD,昂船路,1998-07-03,3230,
skipped_covered,,,NGONG WAN ROAD,昂運路,1998-03-27,1527,
skipped_covered,,,NIGHTINGALE ROAD,南丁格爾路,2008-10-10,7003,
skipped_covered,,,NIM WAN ROAD,稔灣路,1993-02-12,479,
skipped_covered,,,NIM WAN ROAD,稔灣路,1995-06-09,2107,
skipped_covered,,,NIN CHUN STREET,年春街,1990-12-21,4576,
skipped_covered,,,NIN FUNG ROAD,年豐路,1998-08-28,4205,
skipped_covered,,,NIN MING ROAD,年明路,1999-02-12,747,
skipped_covered,,,NIN WAH ROAD,年華路,1998-08-28,4205,
skipped_covered,,,NING FOO STREET,寧富街,1966-07-08,1759,
skipped_covered,,,NING PO STREET,寧波街,1909-03-19,184,
skipped_covered,,,NING TAI ROAD,寧泰路,2000-01-21,378,
skipped_covered,,,NING WAH STREET,寧華街,1966-06-30,1684,
skipped_covered,,,NING YUEN STREET,寧遠街,1961-09-08,1577,
skipped_covered,,,NORFOLK ROAD,羅福道,1929-08-23,427,
skipped_covered,,,NORTH LANTAU HIGHWAY,北大嶼山公路,1997-04-11,1738,
skipped_covered,,,NORTH LANTAU HIGHWAY,北大嶼山公路,1998-01-09,174,
skipped_covered,,,NORTH PERIMETER ROAD,北環路,1998-01-02,73,
skipped_covered,,,NORTH PERIMETER ROAD,北環路,2026-05-22,2981,
skipped_covered,,,NORTH POINT ESTATE LANE,北角邨里,1992-01-10,160,
skipped_covered,,,NORTH POINT ROAD,北角道,1933-07-28,511,
skipped_covered,,,NORTH STREET,北街,1927-02-11,81,
skipped_covered,,,NORTH VIEW STREET,北景街,1933-07-28,511,
skipped_covered,,,NORTH WEST TSING YI INTERCHANGE,青衣西北交匯處,1997-08-29,1008,
skipped_covered,,,NORTHCOTE CLOSE,羅富國徑,1962-02-16,336,
skipped_covered,,,NULLAH ROAD,水渠道,1930-01-17,39,
skipped_covered,,,O KING ROAD,澳景路,2001-01-19,360,
skipped_covered,,,O PUI TONG PATH,澳背塘徑,2004-01-16,529,
skipped_covered,,,OAK STREET,橡樹街,1928-06-15,337,
skipped_covered,,,OAKLANDS AVENUE,屋蘭士街,1964-01-10,78,
skipped_covered,,,OAKLANDS PATH,屋蘭士里,1958-06-27,865,
skipped_covered,,,O'BRIEN ROAD,柯布連道,1929-06-14,312,
skipped_covered,,,OBSERVATORY COURT,天文臺圍,1950-09-29,1135,
skipped_covered,,,OCEAN DRIVE,海洋徑,2021-04-30,2547,
skipped_covered,,,OCEAN PARK ROAD,海洋公園道,1975-02-07,351,
skipped_covered,,,OCEAN PARK ROAD,海洋公園道,2012-10-26,7022,
skipped_covered,,,OI KAN ROAD,愛勤道,2000-03-31,2029,
skipped_covered,,,OI KING STREET,愛景街,1999-03-26,1723,
skipped_covered,,,OI KWAN ROAD,愛群道,1968-12-13,2540,
skipped_covered,,,OI KWAN ROAD,愛群道,1969-06-27,1255,
skipped_covered,,,OI LAI LANE,愛禮里,1992-05-29,1862,
skipped_covered,,,OI LAI STREET,愛禮街,2000-03-31,2029,
skipped_covered,,,OI MING LANE,愛明里,1992-05-29,1862,
skipped_covered,,,OI SEN PATH,愛晨徑,1987-11-20,3908,
skipped_covered,,,OI SHUN ROAD,愛信道,2000-03-31,2029,
skipped_covered,,,OI TAK LANE,愛德里,1992-05-29,1862,
skipped_covered,,,OI TAK STREET,愛德街,2000-03-31,2029,
skipped_covered,,,OI YEE STREET,愛義街,2000-03-31,2029,
skipped_covered,,,OI YIN STREET,愛賢街,2000-03-31,2029,
skipped_covered,,,OI YUNG STREET,愛勇街,1992-05-29,1862,
skipped_covered,,,OIL STREET,油街,1931-05-15,300,
skipped_covered,,,OIL STREET,油街,1931-07-10,436,
skipped_covered,,,OIL STREET,油街,1967-02-17,362,
skipped_covered,,,"OLD MAIN STREET, ABERDEEN",香港仔舊大街,1958-05-02,607,
skipped_covered,,,OLD PEAK ROAD,舊山頂道,1960-07-29,1174,
skipped_covered,,,OLYMPIC AVENUE,世運道,1964-09-11,2548,
skipped_covered,,,OLYMPIC AVENUE,世運道,2021-07-23,4521,
skipped_covered,,,ON CHEE ROAD,安慈路,1982-12-17,3955,
skipped_covered,,,ON CHEUNG ROAD,安祥路,1982-12-17,3955,
skipped_covered,,,ON CHEUNG ROAD,安祥路,1999-11-26,7269,
skipped_covered,,,ON CHING ROAD,安靜道,1975-07-11,1541,
skipped_covered,,,ON CHIT LANE,安捷里,1993-06-18,2100,
skipped_covered,,,ON CHIT STREET,安捷街,1982-02-19,563,
skipped_covered,,,ON CHIU STREET,鞍超街,1994-04-15,1351,
skipped_covered,,,ON CHUEN STREET,安全街,1987-08-28,2857,
skipped_covered,,,ON CHUI STREET,安翠街,2015-08-28,6516,
skipped_covered,,,ON CHUK STREET,安足街,1993-06-18,2100,
skipped_covered,,,ON CHUN LANE,安駿里,1993-04-30,1437,
skipped_covered,,,ON CHUN STREET,鞍駿街,1994-04-15,1351,
skipped_covered,,,ON CHUN STREET,鞍駿街,1997-11-07,2358,
skipped_covered,,,ON FU ROAD,安富道,1930-05-02,262,
skipped_covered,,,ON FU ROAD,安富道,1961-11-10,1975,
skipped_covered,,,ON FUK STREET,安福街,1987-08-28,2857,
skipped_covered,,,ON HEI STREET,安禧街,2021-05-28,3262,
skipped_covered,,,ON HING LANE,安興里,1995-06-16,2199,
skipped_covered,,,ON HO LANE,安浩里,1990-05-04,1618,
skipped_covered,,,ON HONG ROAD,安康路,1977-12-02,2944,
skipped_covered,,,ON KIN ROAD,安健道,2021-05-28,3262,
skipped_covered,,,ON KING STREET,安景街,1989-02-03,418,
skipped_covered,,,ON KUI STREET,安居街,1987-08-28,2857,
skipped_covered,,,ON KWAN STREET,安群街,1984-09-07,2660,
skipped_covered,,,ON KWAN STREET,安群街,2001-08-24,5237,
skipped_covered,,,ON LAI STREET,安麗街,1984-09-07,2660,
skipped_covered,,,ON LAI STREET,安麗街,2003-01-10,229,
skipped_covered,,,ON LAI STREET,安麗街,2013-11-01,6569,
skipped_covered,,,ON LEUNG LANE,安良里,1992-04-10,1270,
skipped_covered,,,ON LOK LANE,安樂里,1930-10-24,652,
skipped_covered,,,ON LOK MUN STREET,安樂門街,1987-08-28,2857,
skipped_covered,,,ON LUK STREET,鞍祿街,1990-03-02,777,
skipped_covered,,,ON LUK STREET,鞍祿街,1997-11-07,2357,
skipped_covered,,,ON MAN SQUARE,安民坊,1982-12-17,3955,
skipped_covered,,,ON MING STREET,安明街,1984-09-07,2660,
skipped_covered,,,ON MING STREET,安明街,2000-01-21,377,
skipped_covered,,,ON MUK LANE,安睦里,2005-05-13,2265,
skipped_covered,,,ON MUK STREET,安睦街,1984-09-07,2660,
skipped_covered,,,ON MUK STREET,安睦街,2003-01-10,229,
skipped_covered,,,ON MUK STREET,安睦街,2003-01-24,520,
skipped_covered,,,ON PING STREET,安平街,1984-09-07,2660,
skipped_covered,,,ON PO LANE,安埔里,1987-07-24,2386,
skipped_covered,,,ON PO ROAD,安埔路,1987-07-24,2386,
skipped_covered,,,ON PO ROAD,安埔路,1992-11-20,4154,
skipped_covered,,,ON PONG ROAD,安邦路,1982-12-17,3955,
skipped_covered,,,ON SAU ROAD,安秀道,2014-03-28,1857,
skipped_covered,,,ON SHAN LANE,鞍山里,1990-03-02,777,
skipped_covered,,,ON SHIN ROAD,安善道,1967-02-24,428,
skipped_covered,,,ON SHING STREET,鞍誠街,1990-03-02,777,
skipped_covered,,,ON SHUN PATH,安信徑,2017-10-13,7595,
skipped_covered,,,ON SHUN STREET,安信街,1981-12-18,3742,
skipped_covered,,,ON SUM STREET,安心街,1984-09-07,2660,
skipped_covered,,,ON TAI ROAD,安泰路,1982-12-17,3955,
skipped_covered,,,ON TAI ROAD,安泰路,1999-11-26,7269,
skipped_covered,,,ON TAK ROAD,安德道,1967-02-24,428,
skipped_covered,,,ON TAT SQUARE,安達坊,1983-06-03,1752,
skipped_covered,,,ON TIN STREET,安田街,1967-01-13,88,
skipped_covered,,,ON TIN STREET,安田街,2002-09-13,5734,
skipped_covered,,,ON TIN STREET,安田街,2003-08-01,5248,
skipped_covered,,,ON TING ROAD,安定道,1989-07-07,2313,
skipped_covered,,,ON WAH STREET,安華街,1975-05-09,1043,
skipped_covered,,,ON WAN ROAD,安運道,1976-03-05,528,
skipped_covered,,,ON WAN ROAD,安運道,2001-03-09,1565,
skipped_covered,,,ON WAN ROAD,安運道,2015-11-13,8864,
skipped_covered,,,ON WING STREET,安榮街,1973-03-16,704,
skipped_covered,,,ON YAN STREET,安茵街,2015-08-28,6516,
skipped_covered,,,ON YAT STREET,安逸街,1980-11-28,3731,
skipped_covered,,,ON YIN STREET,安賢街,1980-11-28,3731,
skipped_covered,,,ON YIP STREET,安業街,1974-05-31,1380,
skipped_covered,,,ON YIU STREET,安耀街,1984-09-07,2660,
skipped_covered,,,ON YIU STREET,安耀街,2003-01-10,229,
skipped_covered,,,ON YU PATH,安愉徑,2021-05-28,3262,
skipped_covered,,,ON YU ROAD,安愉道,2021-05-28,3262,
skipped_covered,,,ON YUEN STREET,鞍源街,1994-04-15,1351,
skipped_covered,,,ON YUK ROAD,安育路,1972-09-15,2305,
skipped_covered,,,ON YUK ROAD,安育路,1977-01-07,40,
skipped_covered,,,ON YUK ROAD,安育路,1987-11-27,3981,
skipped_covered,,,ORMSBY STREET,安庶庇街,1941-07-18,870,
skipped_covered,,,ORMSBY STREET,安庶庇街,1974-11-15,2866,
skipped_covered,,,OSMANTHUS ROAD,丹桂路,1953-11-20,1420,
skipped_covered,,,OXFORD ROAD,牛津道,1951-05-18,522,
skipped_covered,,,OXFORD ROAD,牛津道,1961-06-16,1002,
skipped_covered,,,PA MEI ROAD,壩尾路,1997-08-01,488,
skipped_covered,,,PAI CHONG ROAD,排廠路,1985-08-09,2597,
skipped_covered,,,PAI TAU STREET,排頭街,1984-06-15,1737,
skipped_covered,,,PAK FA LAM ROAD,百花林路,2003-11-28,8574,
skipped_covered,,,PAK FUK ROAD,百福道,1964-10-30,2990,
skipped_covered,,,PAK FUK ROAD,百福道,1985-05-10,1515,
skipped_covered,,,PAK HOI STREET,北海街,1909-03-19,184,
skipped_covered,,,PAK HOK TING STREET,白鶴汀街,1982-03-12,827,
skipped_covered,,,PAK KOK TSUI ROAD,北角咀路,1985-08-09,2597,
skipped_covered,,,PAK KONG AU ROAD,北港㘭路,1991-07-05,2294,
skipped_covered,,,PAK KONG AU ROAD,北港㘭路,2007-05-11,3078,
skipped_covered,,,PAK KONG ROAD,北港路,1987-02-06,419,
skipped_covered,,,PAK KUNG STREET,北拱街,1926-06-25,342,
skipped_covered,,,PAK LAI ROAD,珀麗路,2002-09-27,6118,
skipped_covered,,,PAK LAM ROAD,珀林路,2002-09-27,6118,
skipped_covered,,,PAK LEE STREET,百利街,1981-11-13,3369,
skipped_covered,,,PAK LOK PATH,百樂徑,1995-12-08,5098,
skipped_covered,,,PAK PAT SHAN ROAD,白筆山道,1972-09-01,2180,
skipped_covered,,,PAK PAT SHAN ROAD,白筆山道,1978-08-18,2108,
skipped_covered,,,PAK PAT SHAN ROAD,白筆山道,1988-05-06,1452,
skipped_covered,,,PAK PO STREET,白布街,1932-07-15,465,
skipped_covered,,,PAK SAU ROAD,柏壽路,2022-12-30,7562,
skipped_covered,,,PAK SHA ROAD,白沙道,1953-05-22,667,
skipped_covered,,,PAK SHA SHAN ROAD,白沙山路,2012-01-13,230,
skipped_covered,,,PAK SHA WAN STREET,白沙灣街,2018-03-02,1472,
skipped_covered,,,PAK SHE FIFTH LANE,北社五里,1985-08-09,2597,
skipped_covered,,,PAK SHE FIRST LANE,北社壹里,1985-08-09,2597,
skipped_covered,,,PAK SHE FOURTH LANE,北社四里,1985-08-09,2597,
skipped_covered,,,PAK SHE PRAYA ROAD,北社海傍路,1985-08-09,2597,
skipped_covered,,,PAK SHE SECOND LANE,北社二里,1985-08-09,2597,
skipped_covered,,,PAK SHE SEVENTH LANE,北社七里,1985-08-09,2597,
skipped_covered,,,PAK SHE SIXTH LANE,北社六里,1985-08-09,2597,
skipped_covered,,,PAK SHE STREET,北社街,1983-08-12,2627,
skipped_covered,,,PAK SHE THIRD LANE,北社三里,1985-08-09,2597,
skipped_covered,,,PAK SHEK TOI ROAD,白石臺路,1991-03-28,1087,
skipped_covered,,,PAK SHEK WO SAN TSUEN ROAD,白石窩新村路,1992-04-10,1271,
skipped_covered,,,PAK SHING KOK ROAD,百勝角路,2013-01-11,216,
skipped_covered,,,PAK SHING KOK ROAD,百勝角路,2015-07-03,4865,
skipped_covered,,,PAK SHING KOK ROAD,百勝角路,2015-07-24,5558,
skipped_covered,,,PAK SHING STREET,北盛街,1930-05-02,262,
skipped_covered,,,PAK SHING STREET,北盛街,1961-11-10,1975,
skipped_covered,,,PAK TAI STREET,北帝街,1926-02-12,68,
skipped_covered,,,PAK TAI STREET,北帝街,1926-04-16,202,
skipped_covered,,,PAK TAK STREET,百得街,1981-11-13,3369,
skipped_covered,,,PAK TAK STREET,百得街,1986-01-17,245,
skipped_covered,,,PAK TAM ROAD,北潭路,1980-12-24,4050,
skipped_covered,,,PAK TIN PAR STREET,白田壩街,1962-11-23,2378,
skipped_covered,,,PAK TIN STREET,白田街,1956-08-31,1108,
skipped_covered,,,PAK TIN STREET,白田街,1977-07-29,1794,
skipped_covered,,,PAK TO AVENUE,柏濤徑,1998-05-22,2485,
skipped_covered,,,PAK WAI LANE,柏蕙里,2004-04-30,2812,
skipped_covered,,,PAK WAN STREET,白雲街,1977-07-29,1794,
skipped_covered,,,PAK WO ROAD,百和路,1992-01-03,64,
skipped_covered,,,PAK WO ROAD,百和路,1992-03-06,833,
skipped_covered,,,PAK WO ROAD,百和路,1995-01-13,155,
skipped_covered,,,PAK YAN ROAD,珀欣路,2002-09-27,6118,
skipped_covered,,,PALM SPRINGS BOULEVARD,加州花園大道,1996-06-21,2738,
skipped_covered,,,PALM STREET,棕樹街,1954-11-05,1349,
skipped_covered,,,PAN CHUNG ROAD,泮涌路,1991-08-23,2969,
skipped_covered,,,PAN HOI STREET,濱海街,1958-12-19,1728,
skipped_covered,,,PAN LONG WAN ROAD,檳榔灣路,1991-09-20,3343,
skipped_covered,,,PANG CHING STREET,鵬程街,1959-04-17,548,
skipped_covered,,,PARC OASIS ROAD,又一居道,1997-06-20,3081,
skipped_covered,,,PARK PROMENADE,迎樂路,2004-12-17,8104,
skipped_covered,,,PARK ROAD,柏道,1904-01-29,59,
skipped_covered,,,PARKLAND DRIVE,明蔚徑,1994-11-18,4386,
skipped_covered,,,PARKRIDGE CRESCENT,明翠徑,1994-11-18,4386,
skipped_covered,,,PARKVALE DRIVE,寶峰徑,1994-11-18,4386,
skipped_covered,,,PAT HEUNG ROAD,八鄉路,1998-11-06,5414,
skipped_covered,,,PAT HEUNG ROAD,八鄉路,2002-07-26,4592,
skipped_covered,,,PAT TAT STREET,八達街,1961-09-08,1577,
skipped_covered,,,PAT TSZ WO STREET,拔子窩街,1981-06-12,1685,
skipped_covered,,,PATERSON STREET,百德新街,1957-03-08,339,
skipped_covered,,,PAU CHUNG STREET,炮仗街,1926-02-12,68,
skipped_covered,,,PAU CHUNG STREET,炮仗街,1926-04-16,202,
skipped_covered,,,PEACOCK ROAD,孔雀道,1952-10-10,1173,
skipped_covered,,,PEAK ROAD,山頂道,1960-07-29,1174,
skipped_covered,,,PEDDER STREET,畢打街,1976-03-12,579,
skipped_covered,,,PEEL RISE,貝璐道,1960-07-29,1174,
skipped_covered,,,PEKING ROAD,北京道,1909-03-19,184,
skipped_covered,,,PENG CHAU HO KING STREET,坪洲好景街,2016-09-23,5398,
skipped_covered,,,PENG CHAU WING HING STREET,坪洲永興街,1987-05-22,1658,
skipped_covered,,,PENG CHAU WING ON SIDE STREET,坪洲永安橫街,1987-05-22,1658,
skipped_covered,,,PENG CHAU WING ON STREET,坪洲永安街,1987-05-22,1658,
skipped_covered,,,PENG LEI ROAD,坪利路,1993-01-15,136,
skipped_covered,,,PENG LEI ROAD,坪利路,1997-09-19,1404,
skipped_covered,,,PENG YU PATH,坪愉徑,2008-05-02,2893,
skipped_covered,,,PENNINGTON STREET,邊寧頓街,1959-01-30,168,
skipped_covered,,,PENNY'S BAY HIGHWAY,竹篙灣公路,2004-12-17,8104,
skipped_covered,,,PENTLAND STREET,品蘭街,1935-03-01,165,
skipped_covered,,,PEONY ROAD,牡丹路,1953-11-20,1420,
skipped_covered,,,PERCIVAL STREET,波斯富街,1929-06-14,312,
skipped_covered,,,PERFORMING ARTS AVENUE,演藝道,1997-10-17,1882,
skipped_covered,,,PERKINS ROAD,白建時道,1951-07-20,754,
skipped_covered,,,PERTH STREET,巴富街,1950-09-15,1083,
skipped_covered,,,PIER ROAD,統一碼頭道,1974-05-31,1381,
skipped_covered,,,PIK FUNG ROAD,璧峰路,1987-08-28,2857,
skipped_covered,,,PIK FUNG ROAD,璧峰路,1988-01-15,147,
skipped_covered,,,PIK SHA ROAD,碧沙路,1983-01-28,324,
skipped_covered,,,PIK TIN STREET,碧田街,1986-10-10,3517,
skipped_covered,,,PIK UK TSUEN ROAD,壁屋村路,1991-07-05,2294,
skipped_covered,,,PIK WAN ROAD,碧雲道,1986-07-25,2532,
skipped_covered,,,PIK WAN ROAD,碧雲道,1991-01-25,303,
skipped_covered,,,PILKEM STREET,庇利金街,1923-09-28,411,
skipped_covered,,,PINE STREET,杉樹街,1927-11-25,699,
skipped_covered,,,PINE STREET,杉樹街,1928-06-15,337,
skipped_covered,,,PINE TREE HILL ROAD,松山道,1933-05-12,341,
skipped_covered,,,PINERY ROAD EAST,松濤東路,1984-08-31,2609,
skipped_covered,,,PING CHEONG PATH,屏昌徑,1983-06-03,1752,
skipped_covered,,,PING CHI STREET,平治街,1965-04-09,914,
skipped_covered,,,PING CHONG ROAD,冰廠路,1985-08-09,2597,
skipped_covered,,,PING CHUK LANE,屏竹里,1993-03-19,944,
skipped_covered,,,PING FAI PATH,屏輝徑,1983-06-03,1752,
skipped_covered,,,PING FU PATH,屏富徑,1970-03-06,535,
skipped_covered,,,PING FUK LANE,屏福里,1985-09-13,3022,
skipped_covered,,,PING HA PATH,屏廈徑,2017-11-10,8364,
skipped_covered,,,PING HA ROAD,屏廈路,1982-03-05,755,
skipped_covered,,,PING HA ROAD,屏廈路,1991-12-13,4470,
skipped_covered,,,PING HA ROAD,屏廈路,2013-05-10,2720,
skipped_covered,,,PING HING LANE,屏興里,1989-05-26,1824,
skipped_covered,,,PING HONG LANE,屏康里,1985-09-13,3022,
skipped_covered,,,PING KIN LANE,屏健里,2017-09-29,7314,
skipped_covered,,,PING KONG ROAD,丙岡路,1999-03-26,1722,
skipped_covered,,,PING KWAI ROAD,屏葵路,1993-03-19,944,
skipped_covered,,,PING LAI PATH,屏麗徑,1974-09-13,2352,
skipped_covered,,,PING LAN STREET,平瀾街,1932-04-22,245,
skipped_covered,,,PING LAN STREET,平瀾街,1932-04-29,255,
skipped_covered,,,PING LOK PATH,平樂徑,1983-06-03,1752,
skipped_covered,,,PING LONG ROAD,坪朗路,2005-05-27,2492,
skipped_covered,,,PING ON LANE,平安里,1967-07-14,1517,
skipped_covered,,,PING ON LANE,平安里,1967-12-08,2628,
skipped_covered,,,PING PAK LANE,屏柏里,1993-03-19,944,
skipped_covered,,,PING SHAN LANE,屏山里,1985-09-13,3022,
skipped_covered,,,PING SHAN LANE,屏山里,1991-12-13,4468,
skipped_covered,,,PING SHAN NAM PAK ROAD,屏山南北路,1995-11-10,4654,
skipped_covered,,,PING SHEK LANE,坪石里,2021-07-30,4715,
skipped_covered,,,PING SHING LANE,平成里,1961-05-19,850,
skipped_covered,,,PING SHUN STREET,屏信街,1981-12-18,3742,
skipped_covered,,,PING TIN STREET,平田街,1967-01-13,88,
skipped_covered,,,PING TING ROAD,平定道,1976-04-02,722,
skipped_covered,,,PING TING ROAD,平定道,1976-04-30,922,
skipped_covered,,,PING TING ROAD,平定道,1989-07-07,2313,
skipped_covered,,,PING TING ROAD EAST,平定道東,2004-04-23,2629,
skipped_covered,,,PING TONG STREET EAST,屏唐東街,1985-09-13,3022,
skipped_covered,,,PING TONG STREET NORTH,屏唐北街,1985-09-13,3022,
skipped_covered,,,PING TONG STREET SOUTH,屏唐南街,1985-09-13,3022,
skipped_covered,,,PING TONG STREET WEST,屏唐西街,1985-09-13,3022,
skipped_covered,,,PING WUI STREET,屏會街,1981-12-18,3742,
skipped_covered,,,PING YEE ROAD,屏義路,1992-01-03,63,
skipped_covered,,,PING YEUNG LANE,屏楊里,1993-03-19,944,
skipped_covered,,,PING YIP STREET,屏業街,2026-04-24,2370,
skipped_covered,,,PING YUEN ROAD,坪原路,1997-05-02,2143,
skipped_covered,,,PIPER'S HILL ROAD,琵琶山路,2004-12-10,7971,
skipped_covered,,,PLAYING FIELD ROAD,運動場道,1932-09-16,591,
skipped_covered,,,PLAZA LANE,廣場徑,1994-11-18,4386,
skipped_covered,,,PLOVER COVE ROAD,寶湖道,1966-03-11,688,
skipped_covered,,,PLOVER COVE ROAD,寶湖道,1992-05-01,1505,
skipped_covered,,,PLOVER COVE ROAD,寶湖道,1999-01-08,113,
skipped_covered,,,PLUNKETT'S ROAD,賓吉道,1908-02-07,80,
skipped_covered,,,PO CHIU ROAD,普照路,2000-06-16,3864,
skipped_covered,,,PO FAI PATH,保輝徑,1983-06-03,1752,
skipped_covered,,,PO FONG LANE,蒲芳里,1976-01-02,42,
skipped_covered,,,PO FUNG ROAD,寶豐路,1990-11-02,3967,
skipped_covered,,,PO FUNG TERRACE,寶豐台,1984-01-27,287,
skipped_covered,,,PO HANG LANE,蒲蘅里,1976-01-02,42,
skipped_covered,,,PO HEUNG BRIDGE,寶鄉橋,1984-10-19,3074,
skipped_covered,,,PO HEUNG LANE,寶鄉里,2001-03-09,1564,
skipped_covered,,,PO HEUNG SQUARE,寶鄉坊,1972-05-05,1092,
skipped_covered,,,PO HEUNG STREET,寶鄉街,1966-03-11,688,
skipped_covered,,,PO HEUNG STREET,寶鄉街,1972-05-05,1092,
skipped_covered,,,PO HEUNG STREET,寶鄉街,1984-10-19,3074,
skipped_covered,,,PO HING FONG,普慶坊,1901-01-26,49,
skipped_covered,,,PO HING FONG,普慶坊,1901-02-09,74,
skipped_covered,,,PO HONG ROAD,寶康路,1990-11-02,3967,
skipped_covered,,,PO HONG ROAD,寶康路,1991-10-11,3622,
skipped_covered,,,PO HONG ROAD,寶康路,1995-04-13,1315,
skipped_covered,,,PO HONG ROAD,寶康路,1998-06-26,3110,
skipped_covered,,,PO HONG ROAD,寶康路,2002-02-08,899,
skipped_covered,,,PO KAK TSAI ROAD,布格仔路,2003-03-28,2187,
skipped_covered,,,PO KIN ROAD,保健路,1992-05-08,1593,
skipped_covered,,,PO KING LANE,蒲景里,1976-01-02,42,
skipped_covered,,,PO KONG LANE,蒲崗里,1975-01-17,176,
skipped_covered,,,PO KONG VILLAGE ROAD,蒲崗村道,1953-08-14,998,
skipped_covered,,,PO KONG VILLAGE ROAD,蒲崗村道,1972-07-28,1872,
skipped_covered,,,PO LAM LANE,寶琳里,2000-02-03,718,
skipped_covered,,,PO LAM ROAD,寶琳路,1986-05-30,1866,
skipped_covered,,,PO LAM ROAD,寶琳路,1988-07-22,2355,
skipped_covered,,,PO LAM ROAD NORTH,寶琳北路,1988-07-22,2355,
skipped_covered,,,PO LAM ROAD NORTH,寶琳北路,1990-11-02,3960,
skipped_covered,,,PO LAM ROAD SOUTH,寶琳南路,1988-07-22,2355,
skipped_covered,,,PO LAU ROAD,波樓路,1998-01-23,406,
skipped_covered,,,PO LEI STREET,寶梨街,1985-08-16,2680,
skipped_covered,,,PO LEUNG LANE,蒲良里,1987-07-24,2385,
skipped_covered,,,PO LO CHE PATH,菠蘿輋徑,2012-07-27,5102,
skipped_covered,,,PO LO CHE ROAD,菠蘿輋路,1991-02-22,649,
skipped_covered,,,PO LOI STREET,寶來街,1980-05-23,1581,
skipped_covered,,,PO LOK SQUARE,寶樂坊,1983-06-03,1752,
skipped_covered,,,PO LUEN PATH,寶聯徑,1984-02-10,413,
skipped_covered,,,PO LUN STREET,寶輪街,1966-07-15,1808,
skipped_covered,,,PO MAN STREET,寶文街,1957-01-25,119,
skipped_covered,,,PO MIN PATH,坡面徑,2018-02-02,651,
skipped_covered,,,PO MING LANE,蒲明里,1976-01-02,42,
skipped_covered,,,PO NGA ROAD,寶雅路,1999-04-09,1943,
skipped_covered,,,PO NGONG DRIVE,寶昂路,2005-12-23,6829,
skipped_covered,,,PO NING LANE,寶寧里,1991-03-28,1087,
skipped_covered,,,PO NING ROAD,寶寧路,1990-11-02,3967,
skipped_covered,,,PO NING ROAD,寶寧路,1994-03-25,1094,
skipped_covered,,,PO ON ROAD,保安道,1934-02-09,91,
skipped_covered,,,PO PENG STREET,寶坪街,1993-01-15,136,
skipped_covered,,,PO PING ROAD,保平路,1992-05-08,1593,
skipped_covered,,,PO PUI STREET,寶珮街,1995-12-15,5184,
skipped_covered,,,PO SHAN ROAD,寶珊道,1928-07-06,386,
skipped_covered,,,PO SHEK WU ROAD,寶石湖路,1992-01-03,64,
skipped_covered,,,PO SHIN STREET,普善街,1930-03-07,138,
skipped_covered,,,PO SHING STREET,寶城街,1986-01-17,245,
skipped_covered,,,PO SHU LANE,寶樹里,1983-06-03,1752,
skipped_covered,,,PO SHUN ROAD,寶順路,1995-04-13,1315,
skipped_covered,,,PO SHUN ROAD,寶順路,1998-06-26,3110,
skipped_covered,,,PO SHUN ROAD,寶順路,2003-02-14,934,
skipped_covered,,,PO SHUN ROAD,寶順路,2005-09-30,4965,
skipped_covered,,,PO TAI STREET,保泰街,2000-01-21,378,
skipped_covered,,,PO TEI ROAD,波地路,1992-06-12,2021,
skipped_covered,,,PO TIN LANE,蒲田里,1976-01-02,42,
skipped_covered,,,PO TOI O CHUEN ROAD,布袋澳村路,1990-12-28,4644,
skipped_covered,,,PO TSZ LANE,蒲慈里,1986-05-09,1598,
skipped_covered,,,PO TUNG ROAD,普通道,1976-11-05,2462,
skipped_covered,,,PO WAI LANE,蒲蕙里,1976-01-02,42,
skipped_covered,,,PO WAN ROAD,寶運路,1992-01-03,64,
skipped_covered,,,PO WING ROAD,保榮路,1995-01-13,155,
skipped_covered,,,PO WU LANE,寶湖里,1987-05-08,1539,
skipped_covered,,,PO YAN STREET,普仁街,1869-10-02,Page 477 of the Hong Kong Government Gazette,
skipped_covered,,,PO YAP ROAD,寶邑路,2002-02-08,899,
skipped_covered,,,PO YEE STREET,普義街,1935-10-04,767,
skipped_covered,,,PO YICK LANE,普益里,1990-05-04,1618,
skipped_covered,,,PO YICK STREET,普益街,1954-04-09,435,
skipped_covered,,,PO YING LANE,蒲英里,1976-01-02,42,
skipped_covered,,,PO YIP STREET,寶業街,1983-01-28,325,
skipped_covered,,,POK CHUEN PATH,博泉徑,2010-04-09,2046,
skipped_covered,,,POK CHUEN STREET,博泉街,2010-04-09,2046,
skipped_covered,,,POK FU LAM RESERVOIR ROAD,薄扶林水塘道,1937-09-24,682,
skipped_covered,,,POK FU LAM RESERVOIR ROAD,薄扶林水塘道,1976-03-12,580,
skipped_covered,,,POK FU LAM ROAD,薄扶林道,1976-03-12,580,
skipped_covered,,,POK FU LAM ROAD,薄扶林道,1980-03-01,707,
skipped_covered,,,POK HOK LANE,博學里,1980-03-07,727,
skipped_covered,,,POK MAN STREET,博文街,1958-01-24,125,
skipped_covered,,,POK MAN STREET,博文街,1973-03-16,705,
skipped_covered,,,POK OI INTERCHANGE,博愛交匯處,1994-10-14,3892,
skipped_covered,,,POK WAI ROAD,壆圍路,2003-01-30,655,
skipped_covered,,,POK WAI SOUTH ROAD,壆圍南路,2002-08-23,5146,
skipped_covered,,,POK WAI WEST ROAD,壆圍西路,2004-07-09,4432,
skipped_covered,,,POK YIN ROAD,博研路,2013-02-08,749,
skipped_covered,,,POKFIELD PATH,蒲飛徑,1985-08-23,2770,
skipped_covered,,,POKFIELD ROAD,蒲飛路,1961-08-04,1334,
skipped_covered,,,POLICE SCHOOL ROAD,警校道,1971-10-01,2254,
skipped_covered,,,POLICE SCHOOL ROAD,警校道,1997-09-19,1406,
skipped_covered,,,POLICE STATION PATH,警署徑,1984-01-20,204,
skipped_covered,,,POLLOCK'S PATH,普樂道,1960-07-29,1174,
skipped_covered,,,POPLAR STREET,白楊街,1927-11-25,699,
skipped_covered,,,PORTLAND STREET,砵蘭街,1909-03-19,184,
skipped_covered,,,PORTLAND STREET,砵蘭街,1927-11-25,699,
skipped_covered,,,POSSESSION STREET,水坑口街,1887-09-03,356,
skipped_covered,,,POWER STREET,大強街,1931-05-15,300,
skipped_covered,,,POWER STREET,大強街,1931-07-10,436,
skipped_covered,,,POWER STREET,大強街,1935-04-12,302,
skipped_covered,,,POWER STREET,大強街,1993-05-21,1713,
skipped_covered,,,PRAT AVENUE,寶勒巷,1921-02-04,46,
skipped_covered,,,PRATAS STREET,東沙島街,1934-02-09,91,
skipped_covered,,,PRICE ROAD,裴樂士道,1971-10-08,2313,
skipped_covered,,,PRINCE EDWARD ROAD EAST,太子道東,1979-01-12,111,
skipped_covered,,,PRINCE EDWARD ROAD EAST,太子道東,2018-09-14,6972,
skipped_covered,,,PRINCE EDWARD ROAD WEST,太子道西,1979-01-12,111,
skipped_covered,,,PRINCE'S TERRACE,太子台,1923-12-28,567,
skipped_covered,,,PRINCESS MARGARET HOSPITAL ROAD,瑪嘉烈醫院路,1983-10-28,3424,
skipped_covered,,,PRINCESS MARGARET ROAD,公主道,1966-03-18,769,
skipped_covered,,,PRINCESS MARGARET ROAD,公主道,2018-10-05,7463,
skipped_covered,,,PUBLIC SQUARE STREET,眾坊街,1976-09-24,2120,
skipped_covered,,,PUI CHING ROAD,培正道,1955-01-28,99,
skipped_covered,,,PUI MAN STREET,培民街,1973-02-02,312,
skipped_covered,,,PUI SHING LANE,培成里,1999-04-23,2194,
skipped_covered,,,PUI SHING ROAD,培成路,1993-02-19,554,
skipped_covered,,,PUI TAK STREET,培德街,1977-07-29,1794,
skipped_covered,,,PUI TO ROAD,杯渡路,1975-08-01,1693,
skipped_covered,,,PUI TO ROAD,杯渡路,1977-11-18,2817,
skipped_covered,,,PUI TO ROAD,杯渡路,1991-03-15,915,
skipped_covered,,,PUI WING LANE,沛榮里,1977-05-27,1189,
skipped_covered,,,PUI YIN LANE,培賢里,2001-03-30,2132,
skipped_covered,,,PUN CHUN YUEN ROAD,半春園路,2003-05-02,3018,
skipped_covered,,,PUN SHAN STREET,半山街,1962-11-23,2378,
skipped_covered,,,PUNG LOI AVENUE,蓬萊徑,1999-05-28,2982,
skipped_covered,,,PUNG LOI ROAD,蓬萊路,1999-05-28,2982,
skipped_covered,,,PURVES ROAD,包華士道,1954-06-25,765,
skipped_covered,,,QUARRY BAY STREET,鰂魚涌街,1972-12-22,3261,
skipped_covered,,,QUEEN ELIZABETH HOSPITAL PATH,伊利沙伯醫院徑,2008-10-10,7003,
skipped_covered,,,QUEEN ELIZABETH HOSPITAL ROAD,伊利沙伯醫院路,2008-10-10,7003,
skipped_covered,,,QUEEN'S ROAD EAST,皇后大道東,1949-03-25,297,
skipped_covered,,,QUEEN'S ROAD EAST,皇后大道東,1968-01-26,185,
skipped_covered,,,QUEEN'S ROAD WEST,皇后大道西,1887-07-16,296,
skipped_covered,,,QUEEN'S ROAD WEST,皇后大道西,1887-07-16,296,
skipped_covered,,,QUEEN'S ROAD WEST,皇后大道西,1887-07-16,296,
skipped_covered,,,QUEENSWAY,金鐘道,1968-01-26,185,
skipped_covered,,,RAILWAY APPROACH,順風道,1976-03-05,528,
skipped_covered,,,RAZOR HILL ROAD,碧翠路,1984-08-31,2607,
skipped_covered,,,RECLAMATION STREET,新填地街,1930-01-17,39,
skipped_covered,,,RED HILL ROAD,紅山道,1964-08-21,2339,
skipped_covered,,,REHAB PATH,復康徑,1981-12-11,3683,
skipped_covered,,,REHAB PATH,復康徑,1993-05-28,1821,
skipped_covered,,,RENFREW ROAD,聯福道,1966-07-15,1808,
skipped_covered,,,REPULSE BAY ROAD,淺水灣道,1932-10-07,635,
skipped_covered,,,REPULSE BAY ROAD,淺水灣道,1961-08-04,1335,
skipped_covered,,,RESEARCH ROAD,研發路,2025-02-28,1271,
skipped_covered,,,RHONDDA ROAD,朗德道,1965-06-25,1572,
skipped_covered,,,ROBINSON ROAD,羅便臣道,1904-01-29,59,
skipped_covered,,,ROBINSON ROAD,羅便臣道,1958-01-03,16,
skipped_covered,,,ROCK HILL STREET,石山街,1920-03-19,157,
skipped_covered,,,ROCK HILL STREET,石山街,1999-03-12,1364,
skipped_covered,,,RODNEY STREET,樂禮街,1980-11-28,3730,
skipped_covered,,,ROSE STREET,玫瑰街,1964-01-10,77,
skipped_covered,,,ROSE WOOD ROAD,紫檀路,1984-08-31,2609,
skipped_covered,,,ROSE WOOD ROAD,紫檀路,1988-03-18,882,
skipped_covered,,,ROSMEAD ROAD,樂善美道,1967-04-07,752,
skipped_covered,,,ROUTE TWISK,荃錦公路,1977-11-25,2860,
skipped_covered,,,ROUTE TWISK,荃錦公路,1981-02-20,572,
skipped_covered,,,RUMSEY STREET,林士街,1958-06-27,865,
skipped_covered,,,RUMSEY STREET,林士街,1970-12-11,2582,
skipped_covered,,,RUNWAY ROAD EAST,跑道東路,2026-05-22,2980,
skipped_covered,,,RUNWAY ROAD WEST,跑道西路,2026-05-22,2980,
skipped_covered,,,RUTLAND QUADRANT,律倫街,1929-08-23,427,
skipped_covered,,,SA PO ROAD,沙浦道,1926-06-25,342,
skipped_covered,,,SA PO ROAD,沙浦道,1985-02-19,611,
skipped_covered,,,SAI CHEUNG STREET,西祥街,1959-02-27,315,
skipped_covered,,,SAI CHEUNG STREET NORTH,西祥街北,1999-01-15,235,
skipped_covered,,,SAI CHING PATH,西菁徑,2017-10-13,7595,
skipped_covered,,,SAI CHING STREET,西菁街,1981-12-18,3742,
skipped_covered,,,SAI CHING STREET,西菁街,1984-05-18,1452,
skipped_covered,,,SAI CHUEN ROAD,西邨路,2001-05-04,2841,
skipped_covered,,,SAI HONG LANE,西康里,1967-07-28,1639,
skipped_covered,,,SAI KUNG HOI PONG SQUARE,西貢海傍廣場,1989-10-06,3496,
skipped_covered,,,SAI KUNG HOI PONG SQUARE,西貢海傍廣場,1989-10-20,3672,
skipped_covered,,,SAI KUNG HOI PONG STREET,西貢海傍街,1976-11-05,2462,
skipped_covered,,,SAI KUNG MAIN STREET,西貢正街,1976-11-05,2462,
skipped_covered,,,SAI KUNG MAN YEE ROAD,西貢萬宜路,1980-12-24,4050,
skipped_covered,,,SAI KUNG RURAL COMMITTEE LANE,西貢鄉事會里,1992-04-10,1271,
skipped_covered,,,SAI KUNG RURAL COMMITTEE LANE,西貢鄉事會里,2014-02-14,933,
skipped_covered,,,SAI KUNG SAI WAN ROAD,西貢西灣路,1980-12-24,4050,
skipped_covered,,,SAI KUNG TAI STREET,西貢大街,1976-11-05,2462,
skipped_covered,,,SAI KUNG YEE KUK STREET,西貢醫局街,1976-11-05,2462,
skipped_covered,,,SAI KUNG YUEN CHAU STREET,西貢元洲街,2000-10-13,6668,
skipped_covered,,,SAI KWO ROAD,世歌路,2010-06-18,3609,
skipped_covered,,,SAI LAU KOK ROAD,西樓角路,1981-04-16,1146,
skipped_covered,,,SAI NING STREET,西寧街,1983-03-18,874,
skipped_covered,,,SAI SEE STREET,西市街,1971-07-23,1640,
skipped_covered,,,SAI SHA ROAD,西沙路,1984-02-17,459,
skipped_covered,,,SAI SHA ROAD,西沙路,1988-10-21,3586,
skipped_covered,,,SAI SHA ROAD,西沙路,1994-06-03,2047,
skipped_covered,,,SAI SHAN ROAD,細山路,1985-03-22,915,
skipped_covered,,,SAI STREET,西街,1909-03-19,184,
skipped_covered,,,SAI STREET,西街,1977-04-15,857,
skipped_covered,,,SAI TAI STREET,西堤街,1935-02-15,124,
skipped_covered,,,SAI TAI STREET,西堤街,1977-12-02,2944,
skipped_covered,,,SAI TSO WAN ROAD,西草灣路,1983-12-02,3793,
skipped_covered,,,SAI TSO WAN ROAD,西草灣路,1991-02-22,648,
skipped_covered,,,SAI WAN HO STREET,西灣河街,1926-06-11,318,
skipped_covered,,,SAI YEE STREET,洗衣街,1924-08-29,492,
skipped_covered,,,SAI YEUNG CHOI LANE,西洋菜里,1969-06-06,1102,
skipped_covered,,,SAI YEUNG CHOI STREET NORTH,西洋菜北街,1979-01-12,111,
skipped_covered,,,SAI YEUNG CHOI STREET SOUTH,西洋菜南街,1979-01-12,111,
skipped_covered,,,SAI YU PATH,西裕徑,2017-11-10,8364,
skipped_covered,,,SAI YU STREET,西裕街,1981-12-18,3742,
skipped_covered,,,SAI YU STREET,西裕街,1984-05-18,1452,
skipped_covered,,,SAIGON STREET,西貢街,1909-03-19,184,
skipped_covered,,,SAIGON STREET,西貢街,1976-03-19,612,
skipped_covered,,,SALISBURY ROAD,梳士巴利道,1958-06-27,865,
skipped_covered,,,SALISBURY ROAD,梳士巴利道,1978-03-23,727,
skipped_covered,,,SALISBURY ROAD,梳士巴利道,1999-07-30,4363,
skipped_covered,,,SALVATION ARMY STREET,救世軍街,1961-07-21,1211,
skipped_covered,,,SAM CHUK STREET,三祝街,1961-09-08,1577,
skipped_covered,,,SAM MUN TSAI ROAD,三門仔路,1985-03-22,914,
skipped_covered,,,SAM PEI SQUARE,三陂坊,1963-06-21,1134,
skipped_covered,,,SAM SHING STREET,三聖街,1984-11-30,3531,
skipped_covered,,,SAM TUNG UK ROAD,三棟屋路,1981-04-16,1146,
skipped_covered,,,SAM TUNG UK ROAD,三棟屋路,1990-11-02,3961,
skipped_covered,,,SAM WO ROAD,三和路,2015-02-13,1690,
skipped_covered,,,SAN CHEUNG STREET,新祥街,1965-02-26,481,
skipped_covered,,,SAN FAT STREET,新發街,1958-06-06,770,
skipped_covered,,,SAN FRANCISCO PATH,舊金山徑,1925-10-09,575,
skipped_covered,,,SAN FUI STREET,新灰街,1985-09-13,3022,
skipped_covered,,,SAN FUK ROAD,新福路,1990-11-30,4336,
skipped_covered,,,SAN FUNG AVENUE,新豐路,1958-06-06,770,
skipped_covered,,,SAN FUNG AVENUE,新豐路,1982-04-16,1223,
skipped_covered,,,SAN HA STREET,新廈街,1966-07-08,1759,
skipped_covered,,,SAN HA STREET,新廈街,1977-04-15,858,
skipped_covered,,,SAN HI TSUEN STREET,新起村街,1985-09-13,3022,
skipped_covered,,,SAN HING PRAYA STREET,新興海傍街,2004-09-30,6415,
skipped_covered,,,SAN HING ROAD,新慶路,1993-12-10,4542,
skipped_covered,,,SAN HING STREET,新興街,1983-08-12,2627,
skipped_covered,,,SAN HONG STREET,新康街,1958-06-06,770,
skipped_covered,,,SAN HOP LANE,新合里,1975-08-01,1693,
skipped_covered,,,SAN HUI PATH,新墟徑,1984-11-30,3531,
skipped_covered,,,SAN KAI SHI LANE,新街市里,1985-12-27,4230,
skipped_covered,,,SAN KAN STREET,新勤街,1958-06-06,770,
skipped_covered,,,SAN KAN STREET,新勤街,1986-12-05,4195,
skipped_covered,,,SAN KAN STREET,新勤街,1988-03-31,1055,
skipped_covered,,,SAN KIN STREET,新健街,1958-06-06,770,
skipped_covered,,,SAN KUNG STREET,新功街,1958-06-06,770,
skipped_covered,,,SAN KWAI STREET,新葵街,1982-12-24,4036,
skipped_covered,,,SAN LAU STREET,新柳街,1926-06-25,342,
skipped_covered,,,SAN LAU STREET,新柳街,1935-04-26,334,
skipped_covered,,,SAN LEE STREET,新利街,1979-04-20,1001,
skipped_covered,,,SAN LIK STREET,新力街,1975-08-01,1693,
skipped_covered,,,SAN LOK STREET,新樂街,1965-02-26,481,
skipped_covered,,,SAN MA TAU STREET,新碼頭街,1958-09-19,1285,
skipped_covered,,,SAN ON STREET,新安街,1975-08-01,1693,
skipped_covered,,,SAN PAK SHE STREET,新北社街,1985-08-09,2597,
skipped_covered,,,SAN PING CIRCUIT,新平街,1975-08-01,1693,
skipped_covered,,,SAN PO STREET,新寶街,1994-01-28,337,
skipped_covered,,,SAN SAU STREET,新秀街,1989-06-09,1978,
skipped_covered,,,SAN SHAM ROAD,新深路,1989-07-28,2554,
skipped_covered,,,SAN SHAN ROAD,新山道,1926-02-12,68,
skipped_covered,,,SAN SHAN ROAD,新山道,1926-04-16,202,
skipped_covered,,,SAN SHEK WAN NORTH ROAD,散石灣北路,2006-04-21,2532,
skipped_covered,,,SAN SHI STREET,新市街,1932-04-22,245,
skipped_covered,,,SAN SHING AVENUE,新成路,1958-06-06,770,
skipped_covered,,,SAN SHUN STREET,新順街,1979-04-20,1001,
skipped_covered,,,SAN SIK ROAD,新錫路,1993-12-10,4541,
skipped_covered,,,SAN TAK STREET,新德街,1999-10-15,5989,
skipped_covered,,,SAN TAM ROAD,新潭路,1993-12-03,4433,
skipped_covered,,,SAN TAT LANE,新達里,1993-02-12,479,
skipped_covered,,,SAN TIN HIGHWAY,新田公路,1995-01-20,244,
skipped_covered,,,SAN TIN INTERCHANGE,新田交匯處,1989-07-28,2554,
skipped_covered,,,SAN TIN TSUEN ROAD,新田村路,1999-09-10,5279,
skipped_covered,,,SAN TSING STREET,新青街,1983-01-28,326,
skipped_covered,,,SAN TSING STREET,新青街,1990-11-02,3963,
skipped_covered,,,SAN TSOI STREET,新財街,1958-06-06,770,
skipped_covered,,,SAN TSUEN STREET,新村街,1962-11-23,2378,
skipped_covered,,,SAN TSUEN STREET,新村街,2004-12-17,8102,
skipped_covered,,,SAN WA ON LANE,新華安里,1990-05-04,1618,
skipped_covered,,,SAN WAH LANE,新華里,1989-06-09,1978,
skipped_covered,,,SAN WAI STREET,新圍街,1926-06-25,342,
skipped_covered,,,SAN WAI STREET,新圍街,1976-03-12,580,
skipped_covered,,,SAN WAI TSAI ROAD,新圍仔路,2001-03-09,1564,
skipped_covered,,,SAN WAN LANE,新運里,1999-02-26,969,
skipped_covered,,,SAN WAN ROAD,新運路,1992-03-06,835,
skipped_covered,,,SAN WAN ROAD,新運路,1992-05-08,1593,
skipped_covered,,,SAN WING STREET,新榮街,1986-05-30,1867,
skipped_covered,,,SAN WO LANE,新和里,1989-06-09,1978,
skipped_covered,,,SAN YICK LANE,新益里,1975-08-01,1693,
skipped_covered,,,SANDY BAY ROAD,大口環道,1969-09-05,1765,
skipped_covered,,,SAPPHIRE PATH,寶石徑,1983-01-28,324,
skipped_covered,,,SASSOON ROAD,沙宣道,1924-04-04,187,
skipped_covered,,,SAU CHUK YUEN ROAD,秀竹園道,1935-03-01,165,
skipped_covered,,,SAU FU STREET,壽富街,1977-12-02,2944,
skipped_covered,,,SAU FU STREET,壽富街,1983-06-03,1752,
skipped_covered,,,SAU FUNG STREET,秀豐街,2001-11-30,7498,
skipped_covered,,,SAU MAU PING ROAD,秀茂坪道,1967-03-10,537,
skipped_covered,,,SAU MAU PING ROAD,秀茂坪道,1999-07-23,4196,
skipped_covered,,,SAU MING ROAD,秀明道,1967-03-10,537,
skipped_covered,,,SAU NGA ROAD,秀雅道,1970-01-23,225,
skipped_covered,,,SAU YAN PATH,守仁徑,1967-02-24,428,
skipped_covered,,,SCENEWAY ROAD,匯景道,1992-08-14,2899,
skipped_covered,,,SCENIC ROAD,觀景路,1998-01-02,73,
skipped_covered,,,SCENIC VILLA DRIVE,美景徑,1974-10-11,2572,
skipped_covered,,,SCHOOL ROAD,學校路,2011-10-14,6773,
skipped_covered,,,SCHOONER STREET,捷船街,1916-02-05,50,
skipped_covered,,,SCIENCE MUSEUM PATH,科學館徑,1985-12-13,4097,
skipped_covered,,,SCIENCE MUSEUM ROAD,科學館道,1981-08-21,2511,
skipped_covered,,,SCIENCE MUSEUM ROAD,科學館道,1999-07-30,4363,
skipped_covered,,,SCIENCE MUSEUM SQUARE,科學館廣場,1985-12-13,4096,
skipped_covered,,,SCIENCE PARK EAST AVENUE,科技大道東,2006-10-13,6511,
skipped_covered,,,SCIENCE PARK EAST AVENUE,科技大道東,2008-05-09,3111,
skipped_covered,,,SCIENCE PARK ROAD,科學園路,2002-01-11,251,
skipped_covered,,,SCIENCE PARK ROAD,科學園路,2006-10-13,6511,
skipped_covered,,,SCIENCE PARK ROAD,科學園路,2007-06-15,3924,
skipped_covered,,,SCIENCE PARK WEST AVENUE,科技大道西,2006-10-13,6511,
skipped_covered,,,SCIENCE PARK WEST AVENUE,科技大道西,2008-05-09,3112,
skipped_covered,,,SCOUT PATH,童軍徑,1998-12-24,6361,
skipped_covered,,,SEA POINT ROAD,海鳴路,2004-12-17,8104,
skipped_covered,,,SEABEE LANE,海蜂徑,1994-11-18,4386,
skipped_covered,,,SEABIRD LANE,海燕徑,1994-11-18,4386,
skipped_covered,,,SEAHORSE LANE,海馬徑,1994-11-18,4386,
skipped_covered,,,SEAVIEW PROMENADE,麗海堤岸路,1984-02-10,412,
skipped_covered,,,SECOND SKY STREET,航天城第二街,2021-09-24,6003,
skipped_covered,,,SEE CHEUNG STREET,市場街,1976-11-05,2462,
skipped_covered,,,SEE CHEUNG STREET,市場街,1980-02-08,440,
skipped_covered,,,SELKIRK ROAD,西谷道,1951-05-18,522,
skipped_covered,,,SERENE AVENUE,海藍徑,1999-11-05,6832,
skipped_covered,,,SERENITY PATH,安寧徑,1991-08-30,3062,
skipped_covered,,,SEVERN ROAD,施勳道,1921-06-17,271,
skipped_covered,,,SHA CHAU LEI ROAD,沙洲里路,1994-04-15,1352,
skipped_covered,,,SHA HA PATH,沙下徑,2016-05-27,3021,
skipped_covered,,,SHA HA ROAD,沙下路,2004-12-17,8101,
skipped_covered,,,SHA HO ROAD,沙河路,1987-06-12,1898,
skipped_covered,,,SHA KOK MEI ROAD,沙角尾路,1991-05-24,1786,
skipped_covered,,,SHA KOK MEI ROAD,沙角尾路,2006-11-24,7495,
skipped_covered,,,SHA KOK STREET,沙角街,1981-04-03,1022,
skipped_covered,,,SHA KOK STREET,沙角街,1981-09-18,2794,
skipped_covered,,,SHA LAN ROAD,沙欄路,1988-04-22,1283,
skipped_covered,,,SHA LEK HIGHWAY,沙瀝公路,1998-02-27,996,
skipped_covered,,,SHA LING ROAD,沙嶺道,1972-09-15,2306,
skipped_covered,,,SHA ON STREET,沙安街,1997-12-05,2960,
skipped_covered,,,SHA ON STREET,沙安街,1999-10-08,5859,
skipped_covered,,,SHA PO TSUEN ROAD,沙埔村路,1999-06-25,3547,
skipped_covered,,,SHA TAU KOK ROAD - LUNG YEUK TAU,沙頭角公路 － 龍躍頭段,1970-02-13,372,
skipped_covered,,,SHA TAU KOK ROAD - LUNG YEUK TAU,沙頭角公路 － 龍躍頭段,1992-03-06,835,
skipped_covered,,,SHA TAU KOK ROAD - MA MEI HA,沙頭角公路 － 馬尾下段,1970-02-13,372,
skipped_covered,,,SHA TAU KOK ROAD - SHEK CHUNG AU,沙頭角公路 － 石涌凹段,1970-02-13,372,
skipped_covered,,,SHA TAU KOK ROAD - WO HANG,沙頭角公路 － 禾坑段,1970-02-13,372,
skipped_covered,,,SHA TIN CENTRE STREET,沙田正街,1982-03-12,827,
skipped_covered,,,SHA TIN HEIGHTS ROAD,沙田嶺路,1983-07-01,2023,
skipped_covered,,,SHA TIN ROAD,沙田路,1984-11-30,3532,
skipped_covered,,,SHA TIN ROAD,沙田路,1986-08-15,2820,
skipped_covered,,,SHA TIN RURAL COMMITTEE ROAD,沙田鄉事會路,1981-04-03,1022,
skipped_covered,,,SHA TIN RURAL COMMITTEE ROAD,沙田鄉事會路,1984-06-15,1737,
skipped_covered,,,SHA TIN RURAL COMMITTEE ROAD,沙田鄉事會路,1991-03-15,914,
skipped_covered,,,SHA TIN STATION CIRCUIT,沙田車站圍,1984-06-15,1737,
skipped_covered,,,SHA TIN TAU ROAD,沙田頭路,1981-09-18,2794,
skipped_covered,,,SHA TIN TAU ROAD,沙田頭路,1984-11-30,3532,
skipped_covered,,,SHA TIN TAU ROAD,沙田頭路,1991-03-15,914,
skipped_covered,,,SHA TIN WAI ROAD,沙田圍路,1981-09-18,2794,
skipped_covered,,,SHA TIN WAI ROAD,沙田圍路,1983-07-01,2023,
skipped_covered,,,SHA TIN WAI ROAD,沙田圍路,1983-08-12,2628,
skipped_covered,,,SHA TSENG ROAD,沙井路,1987-05-08,1540,
skipped_covered,,,SHA TSUI PATH,沙咀街,1973-12-07,3147,
skipped_covered,,,SHA TSUI ROAD,沙嘴道,1962-11-23,2378,
skipped_covered,,,SHA WAN DRIVE,沙灣徑,1984-06-22,1825,
skipped_covered,,,SHAM CHUNG ROAD,深涌路,2003-04-25,2850,
skipped_covered,,,SHAM CHUNG ROAD,深涌路,2006-03-03,1463,
skipped_covered,,,SHAM CHUNG TSUEN ROAD,深涌村路,1994-12-09,4723,
skipped_covered,,,SHAM CHUNG TSUEN ROAD,深涌村路,2006-03-03,1462,
skipped_covered,,,SHAM FUNG ROAD,深豐路,1998-04-24,1958,
skipped_covered,,,SHAM HONG ROAD,深康路,1994-09-09,3385,
skipped_covered,,,SHAM MONG ROAD,深旺道,1998-07-03,3230,
skipped_covered,,,SHAM MONG ROAD,深旺道,2005-06-30,3129,
skipped_covered,,,SHAM SHING ROAD,深盛路,1999-03-12,1362,
skipped_covered,,,SHAM SHUI KOK DRIVE,深水角徑,1998-06-26,3112,
skipped_covered,,,SHAM TSENG TSUEN ROAD,深井村路,1989-05-26,1823,
skipped_covered,,,SHAM TSZ STREET,深慈街,1979-01-05,44,
skipped_covered,,,SHAM TSZ STREET,深慈街,2005-08-19,4059,
skipped_covered,,,SHAM WAT ROAD,深屈道,1970-06-05,1156,
skipped_covered,,,SHAM WAT ROAD,深屈道,1991-03-15,912,
skipped_covered,,,SHAN HA ROAD,山下路,1982-03-05,755,
skipped_covered,,,SHAN HA ROAD,山下路,1982-09-17,3000,
skipped_covered,,,SHAN KWONG ROAD,山光道,1930-03-07,138,
skipped_covered,,,SHAN KWONG ROAD,山光道,1953-09-18,1143,
skipped_covered,,,SHAN LIU ROAD,山寮路,1970-04-03,713,
skipped_covered,,,SHAN LIU ROAD,山寮路,2009-03-06,1502,
skipped_covered,,,SHAN MEI STREET,山尾街,1981-06-12,1685,
skipped_covered,,,SHAN MING STREET,山明街,1932-04-22,245,
skipped_covered,,,SHAN MING STREET,山明街,1932-04-29,255,
skipped_covered,,,SHAN NAM ROAD,山南路,1997-04-18,1848,
skipped_covered,,,SHAN PUI HO EAST ROAD,山貝河東路,2001-06-29,3947,
skipped_covered,,,SHAN PUI ROAD,山貝路,2002-07-26,4596,
skipped_covered,,,SHAN PUI ROAD,山貝路,2006-09-15,5891,
skipped_covered,,,SHAN TONG ROAD,山塘路,1992-11-20,4154,
skipped_covered,,,SHAN TONG ROAD,山塘路,1993-06-18,2101,
skipped_covered,,,SHAN TONG ROAD,山塘路,1996-09-27,4430,
skipped_covered,,,SHAN TSUI VILLAGE ROAD,山咀村路,1999-03-12,1361,
skipped_covered,,,SHAN YIN ROAD,山賢路,1997-04-18,1849,
skipped_covered,,,SHANGHAI STREET,上海街,1909-03-19,184,
skipped_covered,,,SHANSI STREET,山西街,1935-04-26,334,
skipped_covered,,,SHANTUNG STREET,山東街,1909-05-28,323,
skipped_covered,,,SHAP PAT HEUNG INTERCHANGE,十八鄉交匯處,1994-10-14,3892,
skipped_covered,,,SHAP PAT HEUNG ROAD,十八鄉路,2006-03-03,1464,
skipped_covered,,,SHATIN PASS ROAD,沙田㘭道,1957-05-24,730,
skipped_covered,,,SHATIN PASS ROAD,沙田㘭道,1981-10-23,3160,
skipped_covered,,,SHATIN PASS ROAD,沙田㘭道,1982-08-27,2759,
skipped_covered,,,SHAU KEI WAN MAIN STREET EAST,筲箕灣東大街,1976-03-12,580,
skipped_covered,,,SHAU KEI WAN ROAD,筲箕灣道,1940-07-26,845,
skipped_covered,,,SHAU KEI WAN ROAD,筲箕灣道,1976-03-12,580,
skipped_covered,,,SHE SHAN ROAD,社山路,1998-06-19,2979,
skipped_covered,,,SHEK CHAN LANE,石棧里,1967-07-14,1517,
skipped_covered,,,SHEK CHAN LANE,石棧里,1967-12-08,2628,
skipped_covered,,,SHEK KIN STREET,石建街,1964-05-29,1346,
skipped_covered,,,SHEK KIP MEI STREET,石硤尾街,1926-08-13,423,
skipped_covered,,,SHEK KIP MEI STREET,石硤尾街,1980-04-18,1183,
skipped_covered,,,SHEK KOK ROAD,石角路,1990-12-21,4576,
skipped_covered,,,SHEK KONG AIRFIELD ROAD,石崗機場路,1993-10-22,3876,
skipped_covered,,,SHEK KU LUNG ROAD,石鼓壟道,1926-06-25,342,
skipped_covered,,,SHEK KU STREET,石鼓街,1963-09-27,1893,
skipped_covered,,,SHEK KWAI STREET,石貴街,1988-03-31,1054,
skipped_covered,,,SHEK LAU TUNG STREET,石榴洞街,1981-06-12,1685,
skipped_covered,,,SHEK LI STREET,石梨街,1964-05-29,1346,
skipped_covered,,,SHEK LIN ROAD,石蓮路,1986-06-13,2017,
skipped_covered,,,SHEK MAN PATH,石文徑,1974-04-19,1023,
skipped_covered,,,SHEK MUN INTERCHANGE,石門交匯處,1993-09-24,3503,
skipped_covered,,,SHEK MUN KAP ROAD,石門甲道,1970-06-05,1156,
skipped_covered,,,SHEK O HEADLAND ROAD,石澳山仔路,2004-09-24,6331,
skipped_covered,,,SHEK O ROAD,石澳道,1935-04-12,302,
skipped_covered,,,SHEK O ROAD,石澳道,1998-05-08,2277,
skipped_covered,,,SHEK O VILLAGE ROAD,石澳村路,2004-09-24,6331,
skipped_covered,,,SHEK ON STREET,石安街,1988-03-31,1054,
skipped_covered,,,SHEK PAI STREET,石排街,1964-05-29,1346,
skipped_covered,,,SHEK PAI STREET,石排街,1985-08-09,2596,
skipped_covered,,,SHEK PAI STREET,石排街,1993-06-18,2098,
skipped_covered,,,SHEK PAI TAU PATH,石排頭徑,1998-04-24,1961,
skipped_covered,,,SHEK PAI TAU ROAD,石排頭路,1977-12-23,3134,
skipped_covered,,,SHEK PAI TAU ROAD,石排頭路,1998-04-24,1961,
skipped_covered,,,SHEK PAI WAN ROAD,石排灣道,1961-08-04,1335,
skipped_covered,,,SHEK PIK RESERVOIR ROAD,石壁水塘路,1970-06-05,1156,
skipped_covered,,,SHEK PO EAST ROAD,石埗東路,2020-05-22,2656,
skipped_covered,,,SHEK PO ROAD,石埗路,1993-12-10,4541,
skipped_covered,,,SHEK PUI STREET,石貝街,1970-03-06,535,
skipped_covered,,,SHEK SHEUNG ROAD,石上路,2020-04-03,1669,
skipped_covered,,,SHEK TAU STREET,石頭街,1964-08-07,2169,
skipped_covered,,,SHEK TAU STREET,石頭街,2001-09-21,5854,
skipped_covered,,,SHEK TIN ROAD,石田路,2014-02-14,931,
skipped_covered,,,SHEK TONG STREET,石塘街,1926-06-25,342,
skipped_covered,,,SHEK TSAI HA ROAD,石寨下路,1995-09-15,3732,
skipped_covered,,,SHEK TSAI PO STREET,石仔埗街,1983-12-02,3792,
skipped_covered,,,SHEK WAI KOK ROAD,石圍角路,1983-11-04,3497,
skipped_covered,,,SHEK WAI KOK ROAD,石圍角路,1990-11-02,3961,
skipped_covered,,,SHEK WU WAI ROAD,石湖圍路,1993-12-03,4433,
skipped_covered,,,SHEK YAM ROAD,石蔭路,1970-03-06,535,
skipped_covered,,,SHEK YI ROAD,石宜路,1970-03-06,535,
skipped_covered,,,SHEK YING PATH,石英徑,1974-04-19,1023,
skipped_covered,,,SHELL STREET,蜆殼街,1952-08-15,972,
skipped_covered,,,SHELTER STREET,信德街,1978-08-04,1958,
skipped_covered,,,SHENZHEN BAY BRIDGE,深圳灣公路大橋,2007-08-24,5527,
skipped_covered,,,SHEUNG FOO STREET,常富街,1967-04-07,751,
skipped_covered,,,SHEUNG FOO STREET,常富街,2021-04-01,1945,
skipped_covered,,,SHEUNG FUNG STREET,雙鳳街,1963-11-08,2197,
skipped_covered,,,SHEUNG HEI STREET,雙喜街,1961-09-08,1577,
skipped_covered,,,SHEUNG HEUNG ROAD,上鄉道,1926-02-12,68,
skipped_covered,,,SHEUNG HEUNG ROAD,上鄉道,1926-04-16,202,
skipped_covered,,,SHEUNG HEUNG ROAD,上鄉道,1935-04-26,334,
skipped_covered,,,SHEUNG HING STREET,常興街,1967-04-07,751,
skipped_covered,,,SHEUNG HO ROAD,上河路,2026-03-27,1839,
skipped_covered,,,SHEUNG HONG STREET,常康街,1967-04-07,751,
skipped_covered,,,SHEUNG KIN STREET,常健街,2010-06-18,3611,
skipped_covered,,,SHEUNG KO TAN STREET,上高灘街,1985-03-22,915,
skipped_covered,,,SHEUNG KOK SHAN ROAD,上角山路,2010-08-06,5085,
skipped_covered,,,SHEUNG KOK STREET,上角街,1966-02-18,470,
skipped_covered,,,SHEUNG KOK STREET,上角街,2003-01-10,227,
skipped_covered,,,SHEUNG KWAI CHUNG TSUEN ROAD,上葵涌村路,1998-08-14,3966,
skipped_covered,,,SHEUNG LOK STREET,常樂街,1967-04-07,751,
skipped_covered,,,SHEUNG MAU STREET,常茂街,2002-06-28,3966,
skipped_covered,,,SHEUNG NING ROAD,常寧路,1993-02-19,554,
skipped_covered,,,SHEUNG ON STREET,常安街,1982-03-05,753,
skipped_covered,,,SHEUNG ON STREET,常安街,1982-03-26,1031,
skipped_covered,,,SHEUNG ON STREET,常安街,1983-05-13,1519,
skipped_covered,,,SHEUNG ON STREET,常安街,2002-06-28,3966,
skipped_covered,,,SHEUNG PING STREET,常平街,2002-06-28,3966,
skipped_covered,,,SHEUNG SHING LANE,常盛里,2017-02-17,876,
skipped_covered,,,SHEUNG SHING STREET,常盛街,1967-04-07,751,
skipped_covered,,,SHEUNG SHUI TUNG HING ROAD,上水東慶路,1995-07-28,2927,
skipped_covered,,,SHEUNG SZE WAN ROAD,相思灣路,1986-11-21,4036,
skipped_covered,,,SHEUNG TAT STREET,常達街,2002-06-28,3966,
skipped_covered,,,SHEUNG WAI LANE,上圍里,1991-07-05,2294,
skipped_covered,,,SHEUNG WO CHE ROAD,上禾輋路,1997-12-12,3081,
skipped_covered,,,SHEUNG WO STREET,常和街,1967-04-07,751,
skipped_covered,,,SHEUNG YEE ROAD,常怡道,1983-07-15,2233,
skipped_covered,,,SHEUNG YIP STREET,尚業街,2026-02-13,995,
skipped_covered,,,SHEUNG YUEN STREET,上元街,1991-11-22,4197,
skipped_covered,,,SHEUNG YUET ROAD,常悅道,1983-07-15,2233,
skipped_covered,,,SHIM LUEN STREET,蟬聯街,1959-04-17,548,
skipped_covered,,,SHIN LUN LANE,善鄰里,2017-03-03,1160,
skipped_covered,,,SHIN TUNG LANE,善東里,2025-07-25,4611,
skipped_covered,,,SHING CHEONG ROAD,承昌道,2012-09-28,6493,
skipped_covered,,,SHING CHEONG ROAD,承昌道,2021-06-25,3898,
skipped_covered,,,SHING CHEONG ROAD,承昌道,2024-12-06,7370,
skipped_covered,,,SHING CHUEN ROAD,成全路,1979-12-21,3311,
skipped_covered,,,SHING FONG STREET,盛芳街,1974-04-19,1023,
skipped_covered,,,SHING FU LANE,承富里,2021-06-25,3897,
skipped_covered,,,SHING FUK STREET,盛福街,1974-04-19,1023,
skipped_covered,,,SHING FUNG LANE,承豐里,2024-09-13,5451,
skipped_covered,,,SHING FUNG ROAD,承豐道,2012-09-28,6493,
skipped_covered,,,SHING FUNG ROAD,承豐道,2020-06-12,3235,
skipped_covered,,,SHING FUNG ROAD,承豐道,2023-03-24,1790,
skipped_covered,,,SHING HING STREET,成興街,1979-12-21,3311,
skipped_covered,,,SHING HO ROAD,城河道,1969-12-24,2561,
skipped_covered,,,SHING HO ROAD,城河道,1984-10-19,3072,
skipped_covered,,,SHING HONG LANE,盛康里,1988-07-22,2354,
skipped_covered,,,SHING KA ROAD,聖家路,1987-05-22,1658,
skipped_covered,,,SHING KAI ROAD,承啟道,2012-09-28,6493,
skipped_covered,,,SHING KAI ROAD,承啟道,2017-03-03,1160,
skipped_covered,,,SHING KING STREET,承景街,2021-06-25,3897,
skipped_covered,,,SHING MAN LANE,盛民里,1988-07-22,2354,
skipped_covered,,,SHING MUN LANE,城門里,1991-03-08,816,
skipped_covered,,,SHING MUN LANE,城門里,2005-02-04,623,
skipped_covered,,,SHING MUN ROAD,城門道,1970-03-06,535,
skipped_covered,,,SHING MUN ROAD,城門道,1975-11-07,2448,
skipped_covered,,,SHING MUN ROAD,城門道,1991-03-08,817,
skipped_covered,,,SHING MUN TUNNEL,城門隧道,1990-03-30,1166,
skipped_covered,,,SHING MUN TUNNEL ROAD,城門隧道公路,1990-03-30,1166,
skipped_covered,,,SHING ON LANE,成安里,1985-05-03,1441,
skipped_covered,,,SHING PING STREET,昇平街,1930-03-07,138,
skipped_covered,,,SHING SAI ROAD,城西道,1999-01-15,235,
skipped_covered,,,SHING SAI ROAD,城西道,2006-12-15,7935,
skipped_covered,,,SHING TAI ROAD,盛泰道,1987-04-16,1305,
skipped_covered,,,SHING TAI ROAD,盛泰道,1991-06-07,1960,
skipped_covered,,,SHING TAK STREET,盛德街,1958-08-22,1143,
skipped_covered,,,SHING TIN STREET,盛田街,1987-02-06,416,
skipped_covered,,,SHING WAN ROAD,成運路,1979-12-21,3311,
skipped_covered,,,SHING YAN LANE,承恩里,2024-12-06,7369,
skipped_covered,,,SHING YAU STREET,承佑街,2023-05-12,2908,
skipped_covered,,,SHING YIP STREET,成業街,1957-02-22,264,
skipped_covered,,,SHING YIP STREET,成業街,1991-08-02,2727,
skipped_covered,,,SHING YIU STREET,勝耀街,1991-09-20,3344,
skipped_covered,,,SHING YU LANE,承裕里,2021-06-25,3897,
skipped_covered,,,SHIPYARD LANE,船塢里,1971-09-10,2049,
skipped_covered,,,SHIU FAI TERRACE,肇輝臺,1957-03-01,307,
skipped_covered,,,SHIU FAI TERRACE,肇輝臺,2012-10-19,6892,
skipped_covered,,,SHIU KIN LANE,肇堅里,1987-02-06,418,
skipped_covered,,,SHIU WO STREET,兆和街,1940-01-26,108,
skipped_covered,,,SHIU WO STREET,兆和街,1962-11-23,2378,
skipped_covered,,,SHORT STREET,述德街,1935-03-01,165,
skipped_covered,,,SHOUSON HILL ROAD,壽山村道,1930-04-11,227,
skipped_covered,,,SHOUSON HILL ROAD EAST,壽臣山道東,1940-04-26,479,
skipped_covered,,,SHOUSON HILL ROAD WEST,壽臣山道西,1940-04-26,479,
skipped_covered,,,SHU KUK STREET,書局街,1937-09-24,682,
skipped_covered,,,SHUI CHE KWUN LANE,水車館里,1992-02-14,535,
skipped_covered,,,SHUI CHE KWUN LANE,水車館里,2017-10-13,7595,
skipped_covered,,,SHUI CHE KWUN STREET,水車館街,1935-02-15,124,
skipped_covered,,,SHUI CHE KWUN STREET,水車館街,1983-06-03,1752,
skipped_covered,,,SHUI CHE KWUN STREET,水車館街,1986-10-10,3518,
skipped_covered,,,SHUI CHONG STREET,水廠街,1985-07-26,2430,
skipped_covered,,,SHUI CHUEN AU STREET,水泉坳街,1983-07-01,2023,
skipped_covered,,,SHUI FU ROAD,水庫路,2009-09-18,5906,
skipped_covered,,,SHUI MEI ROAD,水尾路,2021-02-05,708,
skipped_covered,,,SHUI NING STREET,瑞寧街,1964-04-03,818,
skipped_covered,,,SHUI PIN WAI INTERCHANGE,水邊圍交匯處,1991-06-28,2214,
skipped_covered,,,SHUI PIN WAI INTERCHANGE,水邊圍交匯處,2017-10-13,7594,
skipped_covered,,,SHUI PIN WAI ROAD,水邊圍路,1981-12-18,3742,
skipped_covered,,,SHUI TAU ROAD,水頭路,2001-09-14,5746,
skipped_covered,,,SHUI TSIU SAN TSUEN ROAD,水蕉新村路,2003-04-25,2850,
skipped_covered,,,SHUI WO STREET,瑞和街,1964-04-03,818,
skipped_covered,,,SHUM WAN PIER DRIVE,深灣碼頭徑,1979-12-07,3193,
skipped_covered,,,SHUM WAN ROAD,深灣道,1969-09-26,1915,
skipped_covered,,,SHUM WAN ROAD,深灣道,2021-04-30,2548,
skipped_covered,,,SHUN CHEONG STREET,順昌街,1998-05-01,2181,
skipped_covered,,,SHUN CHI STREET,順緻街,1979-04-20,1001,
skipped_covered,,,SHUN CHING STREET,順清街,1979-04-20,1001,
skipped_covered,,,SHUN CHIT ROAD,順捷路,2017-03-10,1273,
skipped_covered,,,SHUN FAI ROAD,順暉路,2017-03-10,1273,
skipped_covered,,,SHUN FONG STREET,信芳街,1974-04-19,1023,
skipped_covered,,,SHUN FU STREET,順富街,1980-03-14,787,
skipped_covered,,,SHUN FUNG STREET,順風街,1965-06-04,1392,
skipped_covered,,,SHUN HANG ROAD,順行路,2017-03-10,1273,
skipped_covered,,,SHUN HING STREET,順興街,1983-04-29,1316,
skipped_covered,,,SHUN HING STREET,順興街,1995-05-05,1614,
skipped_covered,,,SHUN KING STREET,順景街,1979-04-20,1001,
skipped_covered,,,SHUN LEE TSUEN ROAD,順利邨道,1979-04-20,1001,
skipped_covered,,,SHUN LIN ROAD,順連路,2017-03-10,1273,
skipped_covered,,,SHUN LONG ROAD,順朗路,2017-03-10,1273,
skipped_covered,,,SHUN LUI ROAD,順旅路,2017-03-10,1273,
skipped_covered,,,SHUN LUNG STREET,順隆街,1983-04-29,1316,
skipped_covered,,,SHUN LUNG STREET,順隆街,1995-05-05,1614,
skipped_covered,,,SHUN MING ROAD,順明路,2017-03-10,1273,
skipped_covered,,,SHUN NGON ROAD,順岸路,2017-03-10,1273,
skipped_covered,,,SHUN NING ROAD,順寧道,1934-02-09,91,
skipped_covered,,,SHUN ON ROAD,順安道,1979-04-20,1001,
skipped_covered,,,SHUN PING STREET,順平街,1995-05-05,1614,
skipped_covered,,,SHUN TAI ROAD,順泰道,1984-11-30,3529,
skipped_covered,,,SHUN TAT STREET,順達街,1992-05-29,1862,
skipped_covered,,,SHUN TUNG ROAD,順東路,1997-05-16,2398,
skipped_covered,,,SHUN WAN ROAD,順環路,2017-03-10,1273,
skipped_covered,,,SHUN WUI ROAD,順匯路,2017-03-10,1273,
skipped_covered,,,SHUN YEE STREET,信義街,1968-07-19,1505,
skipped_covered,,,SHUN YIP STREET,順業街,1976-12-24,2874,
skipped_covered,,,SHUN YUNG STREET,信用街,1965-04-09,914,
skipped_covered,,,SHUNG CHING ROAD,崇正路,2006-03-03,1463,
skipped_covered,,,SHUNG KING STREET,船景街,1989-03-31,1053,
skipped_covered,,,SHUNG LING STREET,崇齡街,1961-09-08,1577,
skipped_covered,,,SHUNG SHAN STREET,崇山街,2018-05-04,3295,
skipped_covered,,,SHUNG SHUN STREET,崇信街,1967-03-17,603,
skipped_covered,,,SHUNG TAK STREET,崇德街,1930-05-02,262,
skipped_covered,,,SHUNG TAK STREET,崇德街,1961-11-10,1975,
skipped_covered,,,SHUNG TAK WAI,崇德圍,1967-03-17,603,
skipped_covered,,,SHUNG WAH STREET,崇華街,1966-06-30,1684,
skipped_covered,,,SHUNG WAH STREET,崇華街,2000-08-11,5315,
skipped_covered,,,SHUNG WAH STREET,崇華街,2001-01-05,105,
skipped_covered,,,SHUNG WO PATH,崇和徑,1967-03-17,603,
skipped_covered,,,SHUNG YAN CIRCUIT,崇仁圍,1998-08-14,3967,
skipped_covered,,,SHUNG YAN STREET,崇仁街,1964-04-03,818,
skipped_covered,,,SHUNG YIU STREET,崇耀街,1980-04-03,1043,
skipped_covered,,,SHUNG YIU STREET,崇耀街,2018-05-04,3296,
skipped_covered,,,SIENA AVENUE,海澄湖畔路,2008-05-09,3114,
skipped_covered,,,SIK KONG WAI ROAD,錫降圍路,1993-12-10,4541,
skipped_covered,,,SIK KONG WAI ROAD,錫降圍路,1993-12-31,4815,
skipped_covered,,,SIK ON STREET,適安街,1957-03-22,422,
skipped_covered,,,SILVER CAPE ROAD,銀岬路,1983-01-28,324,
skipped_covered,,,SILVER CREST ROAD,銀巒路,1991-08-30,3062,
skipped_covered,,,SILVER LAKE ROAD,銀湖路,1991-08-30,3062,
skipped_covered,,,SILVER STAR PATH,銀星徑,1991-08-30,3062,
skipped_covered,,,SILVER STREAM PATH,銀泉徑,1991-08-30,3062,
skipped_covered,,,SILVER TERRACE ROAD,銀臺路,1991-08-30,3062,
skipped_covered,,,SILVERSTRAND BEACH ROAD,銀綫灣道,1977-06-10,1311,
skipped_covered,,,SIN FAT ROAD,茜發道,1989-05-05,1523,
skipped_covered,,,SIN FAT ROAD,茜發道,2018-05-04,3296,
skipped_covered,,,SING WOO CRESCENT,成和坊,1952-05-23,620,
skipped_covered,,,SIR CECIL'S RIDE,金督馳馬徑,1930-04-11,227,
skipped_covered,,,SIU CHEUNG FONG,兆祥坊,1924-01-25,41,
skipped_covered,,,SIU CHEUNG FONG,兆祥坊,1958-06-27,865,
skipped_covered,,,SIU HANG HAU ROAD,小坑口路,1991-09-20,3343,
skipped_covered,,,SIU HING LANE,兆興里,1992-05-29,1862,
skipped_covered,,,SIU HONG ROAD,兆康路,1986-08-15,2819,
skipped_covered,,,SIU LAM ROAD,小欖路,2000-02-25,1182,
skipped_covered,,,SIU LAM TSUEN ROAD,小欖村路,1999-09-03,5149,
skipped_covered,,,SIU LANG SHUI ROAD,小冷水路,2001-09-21,5851,
skipped_covered,,,SIU LEK YUEN ROAD,小瀝源路,1981-10-30,3238,
skipped_covered,,,SIU LEK YUEN ROAD,小瀝源路,1982-03-12,827,
skipped_covered,,,SIU LEK YUEN ROAD,小瀝源路,1986-10-10,3517,
skipped_covered,,,SIU LUN STREET,兆麟街,1992-05-29,1862,
skipped_covered,,,SIU SAI WAN ROAD,小西灣道,1992-07-17,2505,
skipped_covered,,,SIU SAI WAN ROAD,小西灣道,1998-05-01,2182,
skipped_covered,,,SIU SHEUNG ROAD,小商路,2003-04-25,2851,
skipped_covered,,,SIU SIK LANE,小食里,1985-12-27,4230,
skipped_covered,,,SIU TUNG STREET,兆東街,2025-07-25,4611,
skipped_covered,,,SIU YIP STREET,兆業街,1976-01-16,141,
skipped_covered,,,SKY CITY INTERCHANGE,航天城交匯處,2005-11-11,5907,
skipped_covered,,,SKY CITY ROAD,航天城路,2005-11-11,5907,
skipped_covered,,,SKY CITY ROAD,航天城路,2021-09-24,6004,
skipped_covered,,,SKY CITY ROAD EAST,航天城東路,2005-11-11,5907,
skipped_covered,,,SKY CITY ROAD EAST,航天城東路,2021-09-24,6004,
skipped_covered,,,SKY PLAZA DRIVE,翔天徑,2005-11-11,5907,
skipped_covered,,,SKY PLAZA DRIVE,翔天徑,2026-05-22,2981,
skipped_covered,,,SKY PLAZA ROAD,翔天路,2005-11-11,5907,
skipped_covered,,,SKY PLAZA ROAD,翔天路,2026-05-22,2981,
skipped_covered,,,SKY PLAZA ROAD CENTRAL,翔天中路,2005-11-11,5907,
skipped_covered,,,SKY PLAZA ROAD CENTRAL,翔天中路,2026-05-22,2981,
skipped_covered,,,SKY PLAZA ROAD NORTH,翔天北路,2005-11-11,5907,
skipped_covered,,,SKY PLAZA ROAD NORTH,翔天北路,2026-05-22,2981,
skipped_covered,,,SKY PLAZA ROAD SOUTH,翔天南路,2005-11-11,5907,
skipped_covered,,,SKY PLAZA ROAD SOUTH,翔天南路,2026-05-22,2981,
skipped_covered,,,SMITHFIELD,士美菲路,2007-12-14,8290,
skipped_covered,,,SO KWUN PO ROAD,掃管埔路,1992-01-03,64,
skipped_covered,,,SO KWUN WAT ROAD,掃管笏路,1991-02-08,505,
skipped_covered,,,SO KWUN WAT ROAD,掃管笏路,2003-03-14,1727,
skipped_covered,,,SO KWUN WAT ROAD,掃管笏路,2003-05-16,3288,
skipped_covered,,,SO KWUN WAT TSUEN ROAD,掃管笏村路,2003-03-14,1727,
skipped_covered,,,SOARES AVENUE,梭椏道,1925-10-09,575,
skipped_covered,,,SOK KWU WAN FIRST STREET,索罟灣第一街,1983-10-28,3425,
skipped_covered,,,SOK KWU WAN SECOND STREET,索罟灣第二街,1983-10-28,3425,
skipped_covered,,,SOK KWU WAN THIRD STREET,索罟灣第三街,1983-10-28,3425,
skipped_covered,,,SOMERSET ROAD,森麻實道,1929-08-23,427,
skipped_covered,,,SOUTH BAY CLOSE,南灣坊,1968-04-19,766,
skipped_covered,,,SOUTH BAY PATH,南灣徑,1996-02-02,618,
skipped_covered,,,SOUTH BAY ROAD,南灣道,1935-04-12,302,
skipped_covered,,,SOUTH BAY ROAD,南灣道,1986-12-19,4362,
skipped_covered,,,SOUTH HORIZON DRIVE,海怡路,1994-01-14,176,
skipped_covered,,,SOUTH LAGUNA STREET,麗港南街,1996-12-06,5679,
skipped_covered,,,SOUTH LANE,南里,1936-11-20,918,
skipped_covered,,,SOUTH LANTAU ROAD,嶼南道,1969-12-05,2429,
skipped_covered,,,SOUTH PERIMETER ROAD,南環路,1998-01-02,73,
skipped_covered,,,SOUTH RUNWAY ROAD,跑道南路,1998-01-02,73,
skipped_covered,,,SOUTH WALL ROAD,城南道,1932-09-16,592,
skipped_covered,,,SPORTS ROAD,體育道,1939-06-16,489,
skipped_covered,,,SPORTS ROAD,體育道,1995-02-24,633,
skipped_covered,,,ST FRANCIS STREET,聖佛蘭士街,1887-11-26,501,
skipped_covered,,,ST FRANCIS YARD,進教圍,1887-11-26,501,
skipped_covered,,,ST JOHN'S LANE,聖約翰里,1978-07-21,1853,
skipped_covered,,,ST JOSEPH'S PATH,聖若瑟徑,1975-10-17,2273,
skipped_covered,,,STADIUM PATH,大球場徑,1976-03-05,527,
skipped_covered,,,STAFFORD ROAD,施他佛道,1929-08-23,427,
skipped_covered,,,STANLEY BEACH ROAD,赤柱灘道,1933-11-10,727,
skipped_covered,,,STANLEY GAP ROAD,赤柱峽道,1961-08-04,1335,
skipped_covered,,,STANLEY LINK ROAD,赤柱連合道,1968-06-21,1281,
skipped_covered,,,STANLEY LINK ROAD,赤柱連合道,1980-05-02,1356,
skipped_covered,,,STANLEY MAIN STREET,赤柱大街,1978-04-14,913,
skipped_covered,,,STANLEY MARKET ROAD,赤柱市場道,1961-06-16,1002,
skipped_covered,,,STANLEY MOUND ROAD,赤柱崗道,1956-09-21,1207,
skipped_covered,,,STANLEY NEW STREET,赤柱新街,1961-06-16,1002,
skipped_covered,,,STANLEY VILLAGE ROAD,赤柱村道,1933-11-10,727,
skipped_covered,,,STAR STREET,星街,1991-01-11,138,
skipped_covered,,,STEWART ROAD,史釗域道,1929-06-14,312,
skipped_covered,,,STIRLING ROAD,士他令道,1933-12-22,823,
skipped_covered,,,STUBBS ROAD,司徒拔道,1923-02-15,77,
skipped_covered,,,STUBBS ROAD,司徒拔道,1960-07-29,1174,
skipped_covered,,,SUFFOLK ROAD,沙福道,1929-08-23,427,
skipped_covered,,,SUGAR STREET,糖街,1931-05-15,300,
skipped_covered,,,SUGAR STREET,糖街,1931-07-10,436,
skipped_covered,,,SUI CHEUNG STREET,瑞祥街,1998-04-24,1959,
skipped_covered,,,SUI CHEUNG STREET,瑞祥街,2007-06-15,3926,
skipped_covered,,,SUI FUNG LANE,穗豐里,1984-06-15,1737,
skipped_covered,,,SUI MAN LANE,萃文里,1992-02-07,477,
skipped_covered,,,SUI MAN ROAD,萃文道,1964-08-21,2339,
skipped_covered,,,SUI ON STREET,瑞安街,1930-05-02,262,
skipped_covered,,,SUI ON STREET,瑞安街,1961-11-10,1975,
skipped_covered,,,SUI TAI ROAD,瑞泰路,2000-01-21,378,
skipped_covered,,,SUI WAN ROAD,萃雲路,1999-07-09,3892,
skipped_covered,,,SUI WO ROAD,穗禾路,1981-04-03,1022,
skipped_covered,,,SUI WO ROAD,穗禾路,1984-01-27,285,
skipped_covered,,,SUI WO ROAD,穗禾路,1999-11-12,6952,
skipped_covered,,,SUN KI STREET,新基街,1983-12-02,3792,
skipped_covered,,,SUN ON STREET,新安街,1977-05-13,1087,
skipped_covered,,,SUN SING STREET,新成街,1957-11-08,1495,
skipped_covered,,,SUN SING STREET,新成街,1966-05-27,1388,
skipped_covered,,,SUN SING STREET,新成街,1989-09-14,3187,
skipped_covered,,,SUN WUI ROAD,新會道,1933-07-28,511,
skipped_covered,,,SUN YIP STREET,新業街,1974-05-31,1380,
skipped_covered,,,SUNG CHI STREET,崇志街,1973-10-26,2808,
skipped_covered,,,SUNG KIT STREET,崇潔街,1973-10-26,2808,
skipped_covered,,,SUNG ON STREET,崇安街,1987-07-17,2290,
skipped_covered,,,SUNG ON STREET,崇安街,1997-06-20,3080,
skipped_covered,,,SUNG PING STREET,崇平街,1987-07-17,2290,
skipped_covered,,,SUNG TAK STREET,崇德街,1975-03-14,587,
skipped_covered,,,SUNG WONG TOI ROAD,宋皇臺道,1926-02-12,68,
skipped_covered,,,SUNG WONG TOI ROAD,宋皇臺道,1926-04-16,202,
skipped_covered,,,SUNG WONG TOI ROAD,宋皇臺道,1965-04-02,835,
skipped_covered,,,SUNG WONG TOI ROAD,宋皇臺道,2021-07-23,4521,
skipped_covered,,,SUNG YIN LANE,崇賢里,1979-12-07,3192,
skipped_covered,,,SUNNY BAY ROAD,欣澳道,2004-12-17,8104,
skipped_covered,,,SUPREME COURT ROAD,法院道,1984-11-23,3473,
skipped_covered,,,SURREY LANE,舒梨道,1929-08-23,427,
skipped_covered,,,SWATOW STREET,汕頭街,1915-06-25,283,
skipped_covered,,,SWEET GUM ROAD,楓香路,1984-08-31,2609,
skipped_covered,,,SYCAMORE STREET,詩歌舞街,1950-07-28,900,
skipped_covered,,,SZE CHUEN STREET,四川街,1935-04-26,334,
skipped_covered,,,SZE MEI STREET,四美街,1961-09-08,1577,
skipped_covered,,,SZE MEI STREET,四美街,1991-05-10,1636,
skipped_covered,,,SZE MEI STREET,四美街,2018-02-02,649,
skipped_covered,,,SZE PEI SQUARE,四陂坊,1963-06-21,1134,
skipped_covered,,,SZE SHAN STREET,四山街,1967-03-17,603,
skipped_covered,,,TA CHUEN PING STREET,打磚坪街,1964-05-29,1346,
skipped_covered,,,TA HO TUN ROAD,打蠔墩路,1991-07-05,2294,
skipped_covered,,,TA HO TUN ROAD,打蠔墩路,2003-11-28,8575,
skipped_covered,,,TAI AU MUN ROAD,大坳門路,1990-12-28,4644,
skipped_covered,,,TAI CHEONG STREET,太祥街,1961-08-18,1435,
skipped_covered,,,TAI CHEONG STREET,太祥街,1964-08-14,2258,
skipped_covered,,,TAI CHING CHEUNG ROAD,大蒸場路,2014-02-14,932,
skipped_covered,,,TAI CHING STREET,大政街,1974-04-26,1078,
skipped_covered,,,TAI CHUNG HAU ROAD,大涌口路,1990-12-21,4576,
skipped_covered,,,TAI CHUNG KIU ROAD,大涌橋路,1981-04-03,1022,
skipped_covered,,,TAI CHUNG KIU ROAD,大涌橋路,1984-03-09,708,
skipped_covered,,,TAI CHUNG ROAD,大涌道,1962-11-23,2378,
skipped_covered,,,TAI CHUNG ROAD,大涌道,1988-09-09,3036,
skipped_covered,,,TAI FONG STREET,大方街,1983-01-28,326,
skipped_covered,,,TAI FOO STREET,太富街,1961-08-18,1435,
skipped_covered,,,TAI FOO STREET,太富街,1964-08-14,2258,
skipped_covered,,,TAI FUNG AVENUE,太豐路,1978-04-14,934,
skipped_covered,,,TAI FUNG AVENUE,太豐路,1980-12-12,3917,
skipped_covered,,,TAI FUNG STREET,泰豐街,1935-02-15,124,
skipped_covered,,,TAI FUNG STREET,泰豐街,1977-12-02,2944,
skipped_covered,,,TAI HA STREET,大廈街,1964-08-07,2169,
skipped_covered,,,TAI HA STREET,大廈街,1987-11-27,3982,
skipped_covered,,,TAI HANG DRIVE,大坑徑,1968-08-30,1769,
skipped_covered,,,TAI HANG DRIVE,大坑徑,1985-05-17,1589,
skipped_covered,,,TAI HANG HAU ROAD,大坑口路,1986-11-21,4036,
skipped_covered,,,TAI HANG ROAD,大坑道,1931-02-13,86,
skipped_covered,,,TAI HANG SAI STREET,大坑西街,1960-12-16,1932,
skipped_covered,,,TAI HANG TUNG ROAD,大坑東道,1956-08-31,1108,
skipped_covered,,,TAI HANG TUNG ROAD,大坑東道,1997-06-20,3081,
skipped_covered,,,TAI HING STREET,大興街,1983-01-28,326,
skipped_covered,,,TAI HING TAI ROAD,大興堤路,1985-12-27,4230,
skipped_covered,,,TAI HING TAI ROAD,大興堤路,1990-12-07,4413,
skipped_covered,,,TAI HO ROAD,大河道,1962-11-23,2378,
skipped_covered,,,TAI HO ROAD,大河道,1987-11-27,3981,
skipped_covered,,,TAI HO ROAD,大河道,2003-10-24,7668,
skipped_covered,,,TAI HO ROAD,大河道,2019-03-01,1654,
skipped_covered,,,TAI HO ROAD NORTH,大河道北,1985-07-26,2429,
skipped_covered,,,TAI HOM ROAD,大磡道,1991-11-22,4197,
skipped_covered,,,TAI HOM ROAD,大磡道,2018-08-10,6060,
skipped_covered,,,TAI HONG STREET,太康街,1961-08-18,1435,
skipped_covered,,,TAI HONG STREET,太康街,1987-09-25,3208,
skipped_covered,,,TAI KEI LENG ROAD,大旗嶺路,1994-12-09,4723,
skipped_covered,,,TAI KIU ROAD,大橋路,1977-12-02,2944,
skipped_covered,,,TAI KOK TSUI ROAD,大角咀道,1923-09-28,411,
skipped_covered,,,TAI KWONG LANE,大光里,1972-05-05,1092,
skipped_covered,,,TAI LAM CHUNG ROAD,大欖涌道,1990-03-02,776,
skipped_covered,,,TAI LAM WU ROAD,大藍湖路,1990-12-21,4576,
skipped_covered,,,TAI LEE STREET,泰利街,1977-12-02,2944,
skipped_covered,,,TAI LIN PAI ROAD,大連排道,1970-03-06,535,
skipped_covered,,,TAI LOK STREET,太樂街,1960-05-20,789,
skipped_covered,,,TAI LOONG STREET,大隴街,1964-05-29,1346,
skipped_covered,,,TAI MAN STREET,泰民街,1986-01-17,244,
skipped_covered,,,TAI MEI TUK ROAD,大美督路,1997-08-08,623,
skipped_covered,,,TAI MEI TUK ROAD,大美督路,2006-09-29,6310,
skipped_covered,,,TAI MING LANE,大明里,1972-05-05,1092,
skipped_covered,,,TAI MO SHAN ROAD,大帽山道,1967-05-05,1002,
skipped_covered,,,TAI MONG TSAI ROAD,大網仔路,1980-12-24,4050,
skipped_covered,,,TAI MOU AVENUE,太茂路,1979-12-07,3191,
skipped_covered,,,TAI NAN STREET,大南街,1927-11-25,699,
skipped_covered,,,TAI NAN STREET,大南街,1976-06-18,1301,
skipped_covered,,,TAI NAN WEST STREET,大南西街,1976-06-18,1301,
skipped_covered,,,TAI NAN WEST STREET,大南西街,1976-06-18,1302,
skipped_covered,,,TAI NING STREET,太寧街,1961-08-18,1435,
skipped_covered,,,TAI NING STREET,太寧街,1964-08-14,2258,
skipped_covered,,,TAI O MARKET STREET,大澳街市街,1983-12-02,3792,
skipped_covered,,,TAI O ROAD,大澳道,1970-06-05,1156,
skipped_covered,,,TAI O TAI PING STREET,大澳太平街,1983-12-02,3792,
skipped_covered,,,TAI O WING ON STREET,大澳永安街,1983-12-02,3792,
skipped_covered,,,TAI OM ROAD,大菴路,2005-05-27,2492,
skipped_covered,,,TAI ON STREET,太安街,1987-09-25,3208,
skipped_covered,,,TAI PA STREET,大壩街,1963-06-21,1134,
skipped_covered,,,TAI PAK TERRACE,太白台,1925-01-23,37,
skipped_covered,,,TAI PAK TIN LANE,大白田里,1993-06-18,2100,
skipped_covered,,,TAI PAK TIN PATH,大白田徑,2004-11-19,7436,
skipped_covered,,,TAI PAK TIN STREET,大白田街,1964-05-29,1346,
skipped_covered,,,TAI PAK TIN STREET,大白田街,1966-03-11,687,
skipped_covered,,,TAI PAK TIN STREET,大白田街,1993-06-18,2099,
skipped_covered,,,TAI PAK TIN STREET,大白田街,1993-07-23,2598,
skipped_covered,,,TAI PAK TIN TSUEN ROAD,大白田村路,1998-08-14,3966,
skipped_covered,,,TAI PEI SQUARE,大陂坊,1963-06-21,1134,
skipped_covered,,,TAI PEI TAU PATH,大陂頭徑,1982-09-17,2970,
skipped_covered,,,TAI PO LUNG MEI ROAD,大埔龍尾路,2008-04-25,2780,
skipped_covered,,,TAI PO ROAD,大埔道,1927-04-29,250,
skipped_covered,,,TAI PO ROAD,大埔道,1930-05-02,262,
skipped_covered,,,TAI PO ROAD,大埔道,1980-04-18,1165,
skipped_covered,,,TAI PO ROAD,大埔道,1980-08-22,2638,
skipped_covered,,,TAI PO ROAD,大埔道,1981-04-03,1091,
skipped_covered,,,TAI PO ROAD,大埔道,2018-06-01,4003,
skipped_covered,,,TAI PO ROAD - MA LIU SHUI,大埔公路 － 馬料水段,1968-10-04,2022,
skipped_covered,,,TAI PO ROAD - MA LIU SHUI,大埔公路 － 馬料水段,1981-09-11,2744,
skipped_covered,,,TAI PO ROAD - MA LIU SHUI,大埔公路 － 馬料水段,1981-12-18,3741,
skipped_covered,,,TAI PO ROAD - PIPER'S HILL,大埔公路 － 琵琶山段,1968-11-08,2268,
skipped_covered,,,TAI PO ROAD - SHA TIN,大埔公路 － 沙田段,1981-12-18,3741,
skipped_covered,,,TAI PO ROAD - SHA TIN HEIGHTS,大埔公路 － 沙田嶺段,1968-10-04,2022,
skipped_covered,,,TAI PO ROAD - TAI PO KAU,大埔公路 － 大埔滘段,1968-10-04,2022,
skipped_covered,,,TAI PO ROAD - TAI WAI,大埔公路 － 大圍段,1981-12-18,3741,
skipped_covered,,,TAI PO ROAD - TAI WO,大埔公路 － 大窩段,1968-10-04,2022,
skipped_covered,,,TAI PO ROAD - TAI WO,大埔公路 － 大窩段,1995-05-05,1615,
skipped_covered,,,TAI PO ROAD - YUEN CHAU TSAI,大埔公路 － 元洲仔段,1968-10-04,2022,
skipped_covered,,,TAI PO SHUI WO ROAD,大埔水窩路,2005-06-03,2640,
skipped_covered,,,TAI PO TAI WO ROAD,大埔太和路,1983-12-23,3976,
skipped_covered,,,TAI PO TAI WO ROAD,大埔太和路,1987-06-12,1899,
skipped_covered,,,TAI PO TAI WO ROAD,大埔太和路,1987-07-17,2291,
skipped_covered,,,TAI PO TAI WO ROAD,大埔太和路,1996-09-27,4429,
skipped_covered,,,TAI PO TAU DRIVE,大埔頭徑,1990-08-03,2775,
skipped_covered,,,TAI PO TAU ROAD,大埔頭路,1990-08-03,2775,
skipped_covered,,,TAI PO TAU SHUI WAI ROAD,大埔頭水圍路,1988-09-02,2937,
skipped_covered,,,TAI SAN BACK STREET,大新後街,2011-10-14,6773,
skipped_covered,,,TAI SAN STREET,大新街,1983-08-12,2627,
skipped_covered,,,TAI SHEK HAU ROAD,大石口路,1985-12-27,4230,
skipped_covered,,,TAI SHEK STREET,大石街,1924-04-04,187,
skipped_covered,,,TAI SHING STREET,大成街,1963-12-20,2489,
skipped_covered,,,TAI SHU HA ROAD EAST,大樹下東路,1984-05-04,1313,
skipped_covered,,,TAI SHU HA ROAD EAST,大樹下東路,1991-06-28,2215,
skipped_covered,,,TAI SHU HA ROAD WEST,大樹下西路,1991-06-28,2215,
skipped_covered,,,TAI SHU HA ROAD WEST,大樹下西路,2017-06-30,4525,
skipped_covered,,,TAI SHUI HANG NORTH STREET,大水坑北街,2003-05-30,3667,
skipped_covered,,,TAI SHUI HANG SOUTH STREET,大水坑南街,2003-05-30,3667,
skipped_covered,,,TAI TAK STREET,大德街,1931-05-15,300,
skipped_covered,,,TAI TAK STREET,大德街,1931-07-10,436,
skipped_covered,,,TAI TAM RESERVOIR ROAD,大潭水塘道,1976-03-12,580,
skipped_covered,,,TAI TAM ROAD,大潭道,1961-08-04,1335,
skipped_covered,,,TAI TO TSUEN ROAD,大道村路,1994-09-16,3496,
skipped_covered,,,TAI TONG ROAD,大棠路,1977-12-02,2944,
skipped_covered,,,TAI TONG SHAN ROAD,大棠山道,1996-01-05,81,
skipped_covered,,,TAI TSOI YUEN ROAD,大菜園路,2011-10-14,6773,
skipped_covered,,,TAI TSUN STREET,大全街,1974-04-26,1078,
skipped_covered,,,TAI TUNG STREET,大同街,1967-06-02,1194,
skipped_covered,,,TAI UK STREET,大屋街,1963-06-21,1134,
skipped_covered,,,TAI WAI NEW VILLAGE ROAD,大圍新村路,2007-06-15,3925,
skipped_covered,,,TAI WAI ROAD,大圍道,1969-12-24,2561,
skipped_covered,,,TAI WAI ROAD,大圍道,1984-10-19,3072,
skipped_covered,,,TAI WAI ROAD,大圍道,1985-07-26,2430,
skipped_covered,,,TAI WAN ROAD,大環道,1922-06-02,251,
skipped_covered,,,TAI WAN ROAD,大環道,1974-05-24,1319,
skipped_covered,,,TAI WAN ROAD,大環道,2006-03-03,1465,
skipped_covered,,,TAI WAN ROAD EAST,大環道東,2006-03-03,1465,
skipped_covered,,,TAI WAN TAU ROAD,大環頭路,1990-12-28,4644,
skipped_covered,,,TAI WING AVENUE,太榮路,1979-11-30,3105,
skipped_covered,,,TAI WING LANE,大榮里,1972-05-05,1092,
skipped_covered,,,TAI WO BRIDGE,太和橋,1993-04-30,1436,
skipped_covered,,,TAI WO HAU ROAD,大窩口道,1964-08-07,2169,
skipped_covered,,,TAI WO HAU ROAD,大窩口道,1970-03-06,535,
skipped_covered,,,TAI WO INTERCHANGE,大窩交匯處,1993-07-02,2317,
skipped_covered,,,TAI WO SERVICE ROAD EAST,大窩東支路,1987-02-06,417,
skipped_covered,,,TAI WO SERVICE ROAD WEST,大窩西支路,1987-02-06,417,
skipped_covered,,,TAI WOH PING ROAD,大窩坪道,1957-04-05,509,
skipped_covered,,,TAI WOH PING ROAD,大窩坪道,1960-11-11,1713,
skipped_covered,,,TAI WONG STREET EAST,大王東街,1915-11-05,S_258,
skipped_covered,,,TAI WONG STREET WEST,大王西街,1915-11-05,S_258,
skipped_covered,,,TAI YAU STREET,大有街,1961-09-08,1577,
skipped_covered,,,TAI YEUNG CHE ROAD,大陽輋路,2005-06-03,2640,
skipped_covered,,,TAI YIP LANE,大業里,2001-05-11,2972,
skipped_covered,,,TAI YIP STREET,大業街,1965-01-15,128,
skipped_covered,,,TAI YIP STREET,大業街,1976-01-16,141,
skipped_covered,,,TAI YIP STREET,大業街,1976-01-16,141,
skipped_covered,,,TAI YIP STREET,大業街,1976-03-05,529,
skipped_covered,,,TAI YUE AVENUE,太裕路,1979-12-07,3191,
skipped_covered,,,TAI YUEN STREET,太原街,1909-03-19,184,
skipped_covered,,,TAI YUEN STREET,大圓街,1970-03-06,535,
skipped_covered,,,TAIKOO SHING ROAD,太古城道,1977-03-11,591,
skipped_covered,,,TAIKOO SHING ROAD,太古城道,1977-12-16,3093,
skipped_covered,,,TAIKOO SHING ROAD,太古城道,1978-04-14,934,
skipped_covered,,,TAIKOO SHING ROAD,太古城道,1978-11-10,2918,
skipped_covered,,,TAIKOO SHING ROAD,太古城道,1979-12-07,3191,
skipped_covered,,,TAIKOO WAN ROAD,太古灣道,1979-11-30,3105,
skipped_covered,,,TAK CHEONG LANE,德昌里,1954-07-30,947,
skipped_covered,,,TAK CHEONG STREET,德昌街,1954-07-30,947,
skipped_covered,,,TAK CHEONG STREET,德昌街,1957-06-21,887,
skipped_covered,,,TAK CHING COURT,德政圍,1975-08-01,1693,
skipped_covered,,,TAK FUNG STREET,德豐街,1989-03-31,1053,
skipped_covered,,,TAK HAU STREET,德厚街,1983-12-23,3977,
skipped_covered,,,TAK HING STREET,德興街,1933-07-14,481,
skipped_covered,,,TAK HOI STREET,德海街,1998-02-13,704,
skipped_covered,,,TAK HONG STREET,德康街,1989-08-18,2830,
skipped_covered,,,TAK KEI STREET,得基街,1981-11-13,3369,
skipped_covered,,,TAK KU LING ROAD,打鼓嶺道,1926-06-25,342,
skipped_covered,,,TAK LEE STREET,得利街,1981-11-13,3369,
skipped_covered,,,TAK LUNG BACK STREET,德隆後街,1976-11-05,2462,
skipped_covered,,,TAK LUNG FRONT STREET,德隆前街,1976-11-05,2462,
skipped_covered,,,TAK MAN STREET,德民街,1976-06-25,1367,
skipped_covered,,,TAK ON STREET,德安街,1989-03-31,1053,
skipped_covered,,,TAK PO STREET,得寶街,1986-01-17,245,
skipped_covered,,,TAK SHING STREET,德成街,1931-01-30,58,
skipped_covered,,,TAK TAI PATH,德大徑,1972-09-15,2305,
skipped_covered,,,TAK TIN STREET,德田街,1967-01-13,88,
skipped_covered,,,TAK TING STREET,德定街,1989-03-31,1053,
skipped_covered,,,TAK WAH STREET,德華街,1966-02-18,470,
skipped_covered,,,TAK WING STREET,得榮街,1981-11-13,3369,
skipped_covered,,,TAK YAN STREET,德仁街,1969-12-12,2481,
skipped_covered,,,TAK YI STREET,得怡街,1986-01-17,245,
skipped_covered,,,TAK YIP STREET,德業街,1984-01-27,286,
skipped_covered,,,TAKU STREET,大沽街,1909-03-19,184,
skipped_covered,,,TAM KON CHAU ROAD,担竿洲路,1992-01-10,162,
skipped_covered,,,TAM KON PO STREET,担杆莆街,1982-03-12,827,
skipped_covered,,,TAM KON SHAN INTERCHANGE,担杆山交匯處,1988-07-22,2353,
skipped_covered,,,TAM KON SHAN ROAD,担杆山路,1988-07-22,2353,
skipped_covered,,,TAM KON SHAN ROAD,担杆山路,1993-09-30,3575,
skipped_covered,,,TAM KUNG ROAD,譚公道,1926-02-12,68,
skipped_covered,,,TAM KUNG ROAD,譚公道,1926-04-16,202,
skipped_covered,,,TAM KUNG TEMPLE ROAD,譚公廟道,1991-06-07,1960,
skipped_covered,,,TAMAR STREET,添馬街,1980-11-28,3730,
skipped_covered,,,TAN CHEUNG ROAD,躉場路,1991-07-05,2294,
skipped_covered,,,TAN KWAI TSUEN LANE,丹桂村里,2015-11-13,8862,
skipped_covered,,,TAN KWAI TSUEN ROAD,丹桂村路,1973-06-29,1674,
skipped_covered,,,TAN LAI STREET,丹荔街,2017-04-07,1920,
skipped_covered,,,TAN SHAN ROAD,炭山路,1991-05-24,1786,
skipped_covered,,,TANG FUNG STREET,登豐街,1956-07-06,849,
skipped_covered,,,TANG LUNG STREET,登龍街,1926-06-11,318,
skipped_covered,,,TANG UK STREET,鄧屋街,1982-12-24,4036,
skipped_covered,,,TANNER ROAD,丹拿道,1948-07-16,670,
skipped_covered,,,TAP MUN HOI PONG STREET,塔門海傍街,2002-04-04,2092,
skipped_covered,,,TAT CHEE AVENUE,達之路,1953-11-20,1420,
skipped_covered,,,TAT CHEE AVENUE,達之路,1985-04-26,1346,
skipped_covered,,,TAT CHEE AVENUE,達之路,1988-11-25,4046,
skipped_covered,,,TAT FAI PATH,達輝徑,1983-06-03,1752,
skipped_covered,,,TAT FUK ROAD,達福路,2009-08-14,5125,
skipped_covered,,,TAT HONG AVENUE,達康路,2003-12-19,9049,
skipped_covered,,,TAT MEI ROAD,達美路,2011-02-18,1154,
skipped_covered,,,TAT TUNG ROAD,達東路,1997-04-25,2008,
skipped_covered,,,TAT WAN ROAD,達運道,1990-05-04,1618,
skipped_covered,,,TAT WAN ROAD,達運道,1991-08-23,2969,
skipped_covered,,,TAT WAN ROAD,達運道,1997-03-14,1257,
skipped_covered,,,TAT YAN SQUARE,達仁坊,1975-08-01,1693,
skipped_covered,,,TAT YEUNG ROAD,達洋路,1999-03-12,1362,
skipped_covered,,,TAT YIP LANE,達業里,1984-11-30,3532,
skipped_covered,,,TAT YIP LANE,達業里,1999-11-12,6952,
skipped_covered,,,TATE'S CAIRN HIGHWAY,大老山公路,1992-01-31,410,
skipped_covered,,,TATE'S CAIRN HIGHWAY,大老山公路,2015-11-13,8863,
skipped_covered,,,TATE'S CAIRN TUNNEL,大老山隧道,1992-01-31,410,
skipped_covered,,,TEMPLE STREET,廟街,1909-03-19,184,
skipped_covered,,,TEMPLE STREET,廟街,1921-11-10,469,
skipped_covered,,,TEXACO INTERCHANGE,德士古交匯處,1983-11-04,3497,
skipped_covered,,,TEXACO ROAD,德士古道,1962-11-23,2378,
skipped_covered,,,TEXACO ROAD NORTH,德士古道北,1985-07-26,2429,
skipped_covered,,,THE GOVERNOR'S WALK,同樂徑,1972-01-21,164,
skipped_covered,,,THE GOVERNOR'S WALK,同樂徑,1972-03-24,764,
skipped_covered,,,THEATRE LANE,戲院里,1936-12-31,1027,
skipped_covered,,,THIRD SKY STREET,航天城第三街,2021-09-24,6003,
skipped_covered,,,THOMSON ROAD,譚臣道,1931-10-30,694,
skipped_covered,,,TIM FUK ROAD,添福道,2001-06-08,3522,
skipped_covered,,,TIM MEI AVENUE,添美道,1997-10-17,1882,
skipped_covered,,,TIM WA AVENUE,添華道,1997-10-17,1882,
skipped_covered,,,TIN CHAI LANE EAST,天際里東,2017-03-03,1160,
skipped_covered,,,TIN CHAI LANE WEST,天際里西,2017-03-03,1160,
skipped_covered,,,TIN CHAU ROAD,田洲路,1994-03-25,1094,
skipped_covered,,,TIN CHEUNG ROAD,天祥路,1992-02-28,697,
skipped_covered,,,TIN CHING STREET,天靖街,1991-12-13,4467,
skipped_covered,,,TIN CHIU STREET,電照街,1939-12-15,1179,
skipped_covered,,,TIN CHONG STREET,電廠街,1959-11-20,1608,
skipped_covered,,,TIN CHUK STREET,天竹街,1992-02-28,697,
skipped_covered,,,TIN FAI ROAD,天暉路,2000-07-07,4391,
skipped_covered,,,TIN FUK ROAD,天福路,1991-12-13,4467,
skipped_covered,,,TIN HA ROAD,田廈路,1974-11-29,3036,
skipped_covered,,,TIN HAU ROAD,天后路,1975-08-01,1693,
skipped_covered,,,TIN HAU ROAD,天后路,1981-12-18,3759,
skipped_covered,,,TIN HAU ROAD,天后路,1982-05-28,1683,
skipped_covered,,,TIN HAU TEMPLE ROAD,天后廟道,1930-11-28,708,
skipped_covered,,,TIN HAU TEMPLE ROAD,天后廟道,1960-05-13,745,
skipped_covered,,,TIN HEI STREET,天喜街,1992-02-28,697,
skipped_covered,,,TIN HEUNG STREET,天香街,1960-06-17,928,
skipped_covered,,,TIN HO ROAD,天河路,1991-12-13,4467,
skipped_covered,,,TIN KING ROAD,田景路,1990-11-02,3965,
skipped_covered,,,TIN KWAI ROAD,天葵路,1992-02-28,697,
skipped_covered,,,TIN KWAI ROAD,天葵路,2000-07-07,4391,
skipped_covered,,,TIN KWONG ROAD,天光道,1933-12-22,823,
skipped_covered,,,TIN KWONG ROAD,天光道,1960-03-04,368,
skipped_covered,,,TIN LUNG ROAD,天龍路,1992-02-28,697,
skipped_covered,,,TIN MEI STREET,天美街,1991-12-13,4467,
skipped_covered,,,TIN PAK ROAD,天柏路,1992-02-28,697,
skipped_covered,,,TIN PING LANE,天平里,1999-10-29,6658,
skipped_covered,,,TIN PING ROAD,天平路,1992-01-03,64,
skipped_covered,,,TIN SAM STREET,田心街,1983-12-23,3977,
skipped_covered,,,TIN SAM STREET,田心街,2006-09-29,6309,
skipped_covered,,,TIN SAU ROAD,天秀路,2000-07-07,4391,
skipped_covered,,,TIN SHEK ROAD,田石路,1991-07-05,2294,
skipped_covered,,,TIN SHING ROAD,天城路,1991-12-13,4467,
skipped_covered,,,TIN SHING ROAD,天城路,1992-02-28,697,
skipped_covered,,,TIN SHUI PATH,天瑞徑,2017-11-10,8364,
skipped_covered,,,TIN SHUI ROAD,天瑞路,1992-02-28,697,
skipped_covered,,,TIN SHUI ROAD,天瑞路,2000-07-07,4391,
skipped_covered,,,TIN SHUN LANE,天順里,1992-02-28,697,
skipped_covered,,,TIN TAN STREET,天壇街,1992-02-28,697,
skipped_covered,,,TIN TEI YAN ROAD,天地人路,1996-02-16,804,
skipped_covered,,,TIN TO STREET,天桃街,1992-02-28,697,
skipped_covered,,,TIN TSZ ROAD,天慈路,1992-02-28,697,
skipped_covered,,,TIN WAH ROAD,天華路,1992-02-28,697,
skipped_covered,,,TIN WAH ROAD,天華路,2003-01-30,655,
skipped_covered,,,TIN WAH ROAD,天華路,2013-05-10,2719,
skipped_covered,,,TIN WAN CLOSE,田灣徑,1966-08-19,2126,
skipped_covered,,,TIN WAN HILL ROAD,田灣山道,1966-08-19,2126,
skipped_covered,,,TIN WAN HILL ROAD,田灣山道,1980-02-15,514,
skipped_covered,,,TIN WAN PRAYA ROAD,田灣海旁道,1980-02-15,514,
skipped_covered,,,TIN WAN PRAYA ROAD,田灣海旁道,1999-05-14,2686,
skipped_covered,,,TIN WAN STREET,田灣街,1956-07-06,849,
skipped_covered,,,TIN WAN STREET,田灣街,1966-08-19,2126,
skipped_covered,,,TIN WAN STREET,田灣街,2024-05-03,2573,
skipped_covered,,,TIN WING ROAD,天榮路,1992-02-28,697,
skipped_covered,,,TIN WO ROAD,田禾路,2022-10-07,5717,
skipped_covered,,,TIN WU ROAD,天湖路,1991-12-13,4467,
skipped_covered,,,TIN YAN ROAD,天恩路,1992-02-28,697,
skipped_covered,,,TIN YAN ROAD,天恩路,1998-05-29,2632,
skipped_covered,,,TIN YAN ROAD,天恩路,2016-09-23,5399,
skipped_covered,,,TIN YING PATH,天影徑,2017-11-10,8364,
skipped_covered,,,TIN YING ROAD,天影路,1992-02-28,697,
skipped_covered,,,TIN YING ROAD,天影路,2003-01-30,655,
skipped_covered,,,TIN YIP ROAD,天業路,2000-07-07,4391,
skipped_covered,,,TIN YIU ROAD,天耀路,1991-12-13,4467,
skipped_covered,,,TIN YUET ROAD,天月路,2003-01-30,655,
skipped_covered,,,TING FU STREET,定富街,1968-11-22,2411,
skipped_covered,,,TING FUNG STREET,定豐街,1970-03-06,535,
skipped_covered,,,TING HING ROAD,汀慶路,2000-05-05,2807,
skipped_covered,,,TING KOK ROAD,汀角路,1970-04-03,713,
skipped_covered,,,TING KOK ROAD,汀角路,2009-03-06,1502,
skipped_covered,,,TING KWAI FONG STREET,丁貴坊街,1983-06-03,1753,
skipped_covered,,,TING KWOK STREET,定國街,1970-03-06,535,
skipped_covered,,,TING LAI ROAD,汀麗路,1991-06-07,1959,
skipped_covered,,,TING ON STREET,定安街,1968-11-22,2411,
skipped_covered,,,TING TAI ROAD,汀太路,1990-08-03,2775,
skipped_covered,,,TING WO LANE,庭和里,1993-02-19,554,
skipped_covered,,,TING YAT ROAD,汀逸路,2010-12-03,7631,
skipped_covered,,,TING YIP STREET,定業街,1968-11-22,2411,
skipped_covered,,,TING YUE SQUARE,定裕坊,1971-07-23,1641,
skipped_covered,,,TIP KING ROAD,蝶景路,1994-07-29,2829,
skipped_covered,,,TIT SHU STREET,鐵樹街,1980-03-07,727,
skipped_covered,,,TO FUK ROAD,多福道,1987-09-11,3005,
skipped_covered,,,TO FUNG SHAN ROAD,道風山路,1994-07-29,2828,
skipped_covered,,,TO KWA WAN ROAD,土瓜灣道,1926-02-12,68,
skipped_covered,,,TO KWA WAN ROAD,土瓜灣道,1926-04-16,202,
skipped_covered,,,TO LAI ROAD,桃勵路,2013-02-08,748,
skipped_covered,,,TO LI TERRACE,桃李臺,1926-01-29,46,
skipped_covered,,,TO LOK ROAD,陶樂路,1993-07-09,2388,
skipped_covered,,,TO SHEK PATH,多石徑,2010-04-09,2046,
skipped_covered,,,TO SHEK STREET,多石街,1996-11-01,5063,
skipped_covered,,,TO SHEK STREET,多石街,2010-04-09,2046,
skipped_covered,,,TO WAH ROAD,渡華路,1998-05-22,2488,
skipped_covered,,,TO YUEN STREET,桃源街,1964-01-10,77,
skipped_covered,,,TO YUEN STREET,桃源街,1988-11-25,4046,
skipped_covered,,,TOLO HIGHWAY,吐露港公路,1985-08-30,2853,
skipped_covered,,,TONG BIN LANE,塘邊徑,1968-11-29,2445,
skipped_covered,,,TONG CHONG STREET,糖廠街,1960-11-04,1673,
skipped_covered,,,TONG CHUN STREET,唐俊街,1998-06-26,3110,
skipped_covered,,,TONG CHUN STREET,唐俊街,2000-10-20,6852,
skipped_covered,,,TONG CHUN STREET,唐俊街,2003-02-14,934,
skipped_covered,,,TONG CHUN STREET,唐俊街,2012-04-20,2687,
skipped_covered,,,TONG HANG ROAD,塘亨路,1990-11-30,4336,
skipped_covered,,,TONG HANG ROAD,塘亨路,2020-10-23,6117,
skipped_covered,,,TONG MI ROAD,塘尾道,1923-09-28,411,
skipped_covered,,,TONG MI ROAD,塘尾道,1966-02-11,420,
skipped_covered,,,TONG MING STREET,唐明街,1998-06-26,3110,
skipped_covered,,,TONG SHUI ROAD,糖水道,1933-07-28,511,
skipped_covered,,,TONG TAI ROAD,唐泰路,1994-09-16,3496,
skipped_covered,,,TONG TAK STREET,唐德街,1998-06-26,3110,
skipped_covered,,,TONG YAM STREET,棠蔭街,1964-01-10,77,
skipped_covered,,,TONG YAN SAN TSUEN INTERCHANGE,唐人新村交匯處,1991-06-28,2214,
skipped_covered,,,TONG YAN SAN TSUEN ROAD,唐人新村路,1985-09-13,3022,
skipped_covered,,,TONG YAN SAN TSUEN ROAD,唐人新村路,1987-05-08,1540,
skipped_covered,,,TONG YAN SAN TSUEN WEST ROAD,唐人新村西路,2012-12-14,8052,
skipped_covered,,,TONG YIN LANE,唐賢里,1999-04-30,2382,
skipped_covered,,,TONG YIN STREET,唐賢街,1998-06-26,3110,
skipped_covered,,,TONG YIN STREET,唐賢街,2003-02-14,934,
skipped_covered,,,TONG YIN STREET,唐賢街,2012-12-14,8051,
skipped_covered,,,TONKIN STREET,東京街,1934-02-09,91,
skipped_covered,,,TONKIN STREET WEST,東京街西,1998-07-03,3230,
skipped_covered,,,TONNOCHY ROAD,杜老誌道,1929-06-14,312,
skipped_covered,,,TONNOCHY ROAD,杜老誌道,1972-07-07,1666,
skipped_covered,,,TOSCANA DRIVE,意濤徑,2024-04-26,2409,
skipped_covered,,,TOWN PARK ROAD NORTH,公園北路,1987-07-24,2387,
skipped_covered,,,TOWN PARK ROAD SOUTH,公園南路,1987-07-24,2387,
skipped_covered,,,TRADEMART DRIVE,展貿徑,1996-04-12,1658,
skipped_covered,,,TRAMWAY LANE,纜車里,2015-06-12,4274,
skipped_covered,,,TRAMWAY PATH,纜車徑,1975-10-17,2273,
skipped_covered,,,TREGUNTER PATH,地利根德里,1958-06-27,865,
skipped_covered,,,TRUE LIGHT LANE,真光里,1960-11-18,1755,
skipped_covered,,,TRUE LIGHT LANE,真光里,1980-04-18,1164,
skipped_covered,,,TSAN TUEN ROAD,贊端路,1985-07-05,2166,
skipped_covered,,,TSANG TSUI ROAD,曾嘴路,1993-02-12,479,
skipped_covered,,,TSAP FAI STREET,集輝街,1935-05-03,351,
skipped_covered,,,TSAP TSEUNG STREET,集祥街,1930-03-07,138,
skipped_covered,,,TSAT PO STREET,七寶街,1961-09-08,1577,
skipped_covered,,,TSAT TSZ MUI ROAD,七姊妹道,1939-12-15,1179,
skipped_covered,,,TSAT TSZ MUI ROAD,七姊妹道,1976-03-12,580,
skipped_covered,,,TSE WAI AVENUE,紫葳路,1970-03-06,536,
skipped_covered,,,TSENG CHOI STREET,井財街,1984-11-30,3531,
skipped_covered,,,TSEUK KIU STREET,雀橋街,1964-01-10,77,
skipped_covered,,,TSEUK LUK STREET,爵祿街,1961-09-08,1577,
skipped_covered,,,TSEUNG KWAN O ROAD,將軍澳道,1992-04-10,1269,
skipped_covered,,,TSEUNG KWAN O ROAD,將軍澳道,2020-11-20,6776,
skipped_covered,,,TSEUNG KWAN O TUNNEL ROAD,將軍澳隧道公路,1990-10-19,3763,
skipped_covered,,,TSEUNG KWAN O TUNNEL ROAD,將軍澳隧道公路,1995-04-13,1315,
skipped_covered,,,TSEUNG KWAN O TUNNEL ROAD,將軍澳隧道公路,2005-09-30,4965,
skipped_covered,,,TSEUNG LAM HIGHWAY,將藍公路,2022-11-25,6835,
skipped_covered,,,TSING BIK STREET,青碧街,1990-03-02,776,
skipped_covered,,,TSING CHAU STREET,青州街,1926-06-25,342,
skipped_covered,,,TSING CHAU STREET,青州街,1931-10-30,694,
skipped_covered,,,TSING CHIN STREET,青芊街,1986-09-12,3157,
skipped_covered,,,TSING CHUEN WAI ROAD,青磚圍路,1993-12-10,4542,
skipped_covered,,,TSING CHUEN WAI ROAD,青磚圍路,1996-02-16,807,
skipped_covered,,,TSING CHUI PATH,青翠徑,1986-08-15,2819,
skipped_covered,,,TSING CHUNG KOON ROAD,青松觀路,1986-08-15,2819,
skipped_covered,,,TSING CHUNG PATH,青松徑,1984-11-30,3531,
skipped_covered,,,TSING FAT LANE,青發里,1999-08-13,4641,
skipped_covered,,,TSING FAT STREET,青發街,1990-03-02,776,
skipped_covered,,,TSING FAT STREET,青發街,2001-04-12,2402,
skipped_covered,,,TSING FUK LANE,青福里,1992-05-29,1862,
skipped_covered,,,TSING FUNG STREET,清風街,1926-06-11,318,
skipped_covered,,,TSING HA LANE,青霞里,1990-03-02,776,
skipped_covered,,,TSING HA LANE,青霞里,1994-07-29,2830,
skipped_covered,,,TSING HANG PATH,青杏徑,1984-11-30,3531,
skipped_covered,,,TSING HANG PATH,青杏徑,1986-08-15,2819,
skipped_covered,,,TSING HO SQUARE,青河坊,1984-11-30,3531,
skipped_covered,,,TSING HOI CIRCUIT,青海圍,1984-11-30,3531,
skipped_covered,,,TSING HUNG ROAD,青鴻路,2003-08-29,5945,
skipped_covered,,,TSING KEUNG STREET,青強街,1988-07-22,2353,
skipped_covered,,,TSING KING ROAD,青敬路,1989-08-11,2752,
skipped_covered,,,TSING KING ROAD,青敬路,1996-05-17,2188,
skipped_covered,,,TSING KO ROAD,青高路,2004-12-17,8103,
skipped_covered,,,TSING KWAI HIGHWAY,青葵公路,1997-08-29,1008,
skipped_covered,,,TSING KWAI HIGHWAY,青葵公路,2001-08-03,4785,
skipped_covered,,,TSING KWAI HIGHWAY,青葵公路,2002-02-22,1175,
skipped_covered,,,TSING KWAI PATH,青葵徑,1984-11-30,3531,
skipped_covered,,,TSING LAM ROAD,青欖路,1999-09-03,5149,
skipped_covered,,,TSING LING PATH,青菱徑,1984-11-30,3531,
skipped_covered,,,TSING LONG HIGHWAY,青朗公路,1998-11-06,5414,
skipped_covered,,,TSING LUK STREET,青綠街,1986-09-12,3157,
skipped_covered,,,TSING LUK STREET,青綠街,1991-02-22,648,
skipped_covered,,,TSING LUN ROAD,青麟路,1986-08-15,2819,
skipped_covered,,,TSING LUN ROAD,青麟路,1990-11-30,4336,
skipped_covered,,,TSING LUN ROAD,青麟路,1997-06-27,3222,
skipped_covered,,,TSING LUNG ROAD,青龍路,1984-11-30,3530,
skipped_covered,,,TSING MIN PATH,青棉徑,1984-11-30,3531,
skipped_covered,,,TSING MUI STREET,清梅街,1991-03-28,1088,
skipped_covered,,,TSING NAM STREET,青南街,1986-09-12,3157,
skipped_covered,,,TSING ON STREET,靜安街,1963-10-11,2014,
skipped_covered,,,TSING PAK PATH,青柏徑,1984-11-30,3531,
skipped_covered,,,TSING PAK PATH,青柏徑,1992-05-29,1862,
skipped_covered,,,TSING SAN PATH,青新徑,1986-08-15,2819,
skipped_covered,,,TSING SHA HIGHWAY,青沙公路,2008-02-01,756,
skipped_covered,,,TSING SHA HIGHWAY,青沙公路,2009-12-18,7995,
skipped_covered,,,TSING SHAN MONASTERY PATH,青山寺徑,2005-03-18,1294,
skipped_covered,,,TSING SHAN SQUARE,青山坊,1984-11-30,3531,
skipped_covered,,,TSING SHEUNG LANE,青尚里,2005-06-30,3130,
skipped_covered,,,TSING SHEUNG ROAD,青尚路,1995-11-10,4653,
skipped_covered,,,TSING SHEUNG ROAD,青尚路,2004-12-17,8103,
skipped_covered,,,TSING SIN STREET,青善街,1984-11-30,3531,
skipped_covered,,,TSING SUM STREET,清心街,1986-09-12,3157,
skipped_covered,,,TSING TAI ROAD,青泰路,1984-11-30,3530,
skipped_covered,,,TSING TAI ROAD,青泰路,1996-02-16,806,
skipped_covered,,,TSING TAI ROAD,青泰路,1996-03-08,1157,
skipped_covered,,,TSING TIM STREET,清甜街,1988-07-22,2353,
skipped_covered,,,TSING TIN INTERCHANGE,青田交匯處,2020-12-31,7695,
skipped_covered,,,TSING TIN ROAD,青田路,1990-11-30,4336,
skipped_covered,,,TSING TO PATH,青桃徑,1986-08-15,2819,
skipped_covered,,,TSING TSUEN ROAD,青荃路,1987-12-24,4315,
skipped_covered,,,TSING WU SQUARE,青湖坊,1984-11-30,3531,
skipped_covered,,,TSING WUI STREET,青匯街,1984-11-30,3531,
skipped_covered,,,TSING WUN ROAD,青雲路,1977-12-23,3134,
skipped_covered,,,TSING YAN STREET,青茵街,1991-02-08,503,
skipped_covered,,,TSING YEUNG CIRCUIT,青楊街,1983-01-28,326,
skipped_covered,,,TSING YI HEUNG SZE WUI ROAD,青衣鄉事會路,1979-07-06,1702,
skipped_covered,,,TSING YI HEUNG SZE WUI ROAD,青衣鄉事會路,1986-09-12,3157,
skipped_covered,,,TSING YI HEUNG SZE WUI ROAD,青衣鄉事會路,2002-02-22,1175,
skipped_covered,,,TSING YI HONG WAN ROAD,青衣航運路,2003-12-05,8748,
skipped_covered,,,TSING YI HONG WAN ROAD,青衣航運路,2009-12-18,7995,
skipped_covered,,,TSING YI INTERCHANGE,青衣交匯處,2002-02-22,1175,
skipped_covered,,,TSING YI NORTH COASTAL ROAD,青衣北岸公路,1999-06-25,3548,
skipped_covered,,,TSING YI ROAD,青衣路,1979-07-06,1702,
skipped_covered,,,TSING YI ROAD,青衣路,1983-12-02,3793,
skipped_covered,,,TSING YI ROAD,青衣路,2003-08-29,5946,
skipped_covered,,,TSING YI ROAD WEST,青衣西路,1988-07-22,2353,
skipped_covered,,,TSING YICK ROAD,青亦路,2014-05-09,2737,
skipped_covered,,,TSING YIN STREET,青賢街,1983-01-28,326,
skipped_covered,,,TSING YIN STREET,青賢街,1989-06-09,1978,
skipped_covered,,,TSING YING ROAD,青盈路,2013-03-01,1161,
skipped_covered,,,TSING YIP STREET,青葉街,1986-09-12,3157,
skipped_covered,,,TSING YU STREET,清譽街,1986-09-12,3157,
skipped_covered,,,TSING YU STREET,清譽街,1991-02-22,648,
skipped_covered,,,TSING YUEN STREET,靖遠街,1930-05-02,262,
skipped_covered,,,TSING YUEN STREET,靖遠街,1961-11-10,1975,
skipped_covered,,,TSING YUNG STREET,青榕街,1984-11-30,3531,
skipped_covered,,,TSIU KENG ROAD,蕉徑路,2008-05-02,2892,
skipped_covered,,,TSO KUNG SQUARE,曹公坊,1963-06-21,1134,
skipped_covered,,,TSO KUNG STREET,曹公街,1963-06-21,1134,
skipped_covered,,,TSO WO ROAD,早禾路,1994-04-22,1429,
skipped_covered,,,TSOI TAK STREET,載德街,1930-03-07,138,
skipped_covered,,,TSOK POK HANG ROAD,作壆坑路,1982-12-17,3954,
skipped_covered,,,TSUEN FU STREET,荃富街,1980-11-28,3731,
skipped_covered,,,TSUEN FU STREET,荃富街,1981-02-20,596,
skipped_covered,,,TSUEN FU STREET,荃富街,1995-06-01,2020,
skipped_covered,,,TSUEN HING PATH,荃興徑,1972-09-15,2305,
skipped_covered,,,TSUEN KAM INTERCHANGE,荃錦交匯處,1983-11-04,3497,
skipped_covered,,,TSUEN KAM INTERCHANGE,荃錦交匯處,1990-04-06,1265,
skipped_covered,,,TSUEN KING CIRCUIT,荃景圍,1980-11-28,3731,
skipped_covered,,,TSUEN KING CIRCUIT,荃景圍,1992-11-20,4151,
skipped_covered,,,TSUEN KWAI STREET,荃貴街,1980-11-28,3731,
skipped_covered,,,TSUEN KWAI STREET,荃貴街,1995-06-01,2020,
skipped_covered,,,TSUEN LOK STREET,荃樂街,1973-03-16,704,
skipped_covered,,,TSUEN NAM ROAD,村南道,1969-12-24,2561,
skipped_covered,,,TSUEN NAM ROAD,村南道,1984-10-19,3072,
skipped_covered,,,TSUEN NAM ROAD,村南道,1985-07-26,2430,
skipped_covered,,,TSUEN TSING INTERCHANGE,荃青交匯處,2001-04-06,2270,
skipped_covered,,,TSUEN WAH STREET,荃華街,1980-11-28,3731,
skipped_covered,,,TSUEN WAH STREET,荃華街,1995-06-01,2020,
skipped_covered,,,TSUEN WAN MARKET STREET,荃灣街市街,1938-04-14,299,
skipped_covered,,,TSUEN WAN MARKET STREET,荃灣街市街,1962-11-23,2378,
skipped_covered,,,TSUEN WAN MARKET STREET,荃灣街市街,1985-11-01,3646,
skipped_covered,,,TSUEN WAN ROAD,荃灣路,1981-09-18,2793,
skipped_covered,,,TSUEN WAN ROAD,荃灣路,1986-08-15,2818,
skipped_covered,,,TSUEN WAN ROAD,荃灣路,2001-08-03,4785,
skipped_covered,,,TSUEN WING STREET,荃榮街,1980-11-28,3731,
skipped_covered,,,TSUEN WING STREET,荃榮街,2003-05-09,3137,
skipped_covered,,,TSUEN YIP STREET,荃業街,1987-12-24,4316,
skipped_covered,,,TSUI FUNG STREET,翠鳳街,1963-11-08,2197,
skipped_covered,,,TSUI HING STREET,翠興街,1984-04-19,1193,
skipped_covered,,,TSUI KING STREET,翠景街,1983-03-18,872,
skipped_covered,,,TSUI LAM ROAD,翠琳路,1988-07-22,2355,
skipped_covered,,,TSUI MAN STREET,聚文街,1930-03-07,138,
skipped_covered,,,TSUI PING ROAD,翠屏道,1957-02-22,264,
skipped_covered,,,TSUI SING ROAD,聚星路,2003-05-30,3665,
skipped_covered,,,TSUI WAN STREET,翠灣街,1991-06-07,1960,
skipped_covered,,,TSUI WAN STREET,翠灣街,1996-11-22,5409,
skipped_covered,,,TSUN FAT STREET,駿發街,1959-04-17,548,
skipped_covered,,,TSUN FU STREET,巡撫街,1958-06-06,770,
skipped_covered,,,TSUN KING ROAD,駿景路,1995-07-28,2928,
skipped_covered,,,TSUN KING ROAD,駿景路,2005-06-03,2641,
skipped_covered,,,TSUN WEN ROAD,震寰路,1977-05-27,1189,
skipped_covered,,,TSUN WEN ROAD,震寰路,1983-01-28,326,
skipped_covered,,,TSUN WEN ROAD,震寰路,1984-11-30,3531,
skipped_covered,,,TSUN WEN ROAD,震寰路,1990-11-02,3965,
skipped_covered,,,TSUN YIP LANE,駿業里,1957-02-22,264,
skipped_covered,,,TSUN YIP STREET,駿業街,1957-02-22,264,
skipped_covered,,,TSUN YUEN STREET,晉源街,1930-03-07,138,
skipped_covered,,,TSUNG MAN STREET,崇文街,1956-06-29,805,
skipped_covered,,,TSUNG TAU HA ROAD,松頭下路,1981-06-12,1685,
skipped_covered,,,TSZ LOI LANE,紫來里,1961-05-19,850,
skipped_covered,,,TSZ LUN ROAD,紫麟路,2024-08-23,4962,
skipped_covered,,,TSZ MI ALLEY,紫薇街,1976-03-12,580,
skipped_covered,,,TSZ TIN ROAD,紫田路,1990-11-30,4336,
skipped_covered,,,TSZ TIN ROAD,紫田路,2020-10-23,6117,
skipped_covered,,,TSZ WAH LANE,慈華里,1971-01-22,139,
skipped_covered,,,TSZ WAN SHAN ROAD,慈雲山道,1966-06-30,1684,
skipped_covered,,,TUEN FAT ROAD,屯發路,1984-11-30,3531,
skipped_covered,,,TUEN FAT ROAD,屯發路,1990-11-02,3963,
skipped_covered,,,TUEN FU ROAD,屯富路,1996-02-16,804,
skipped_covered,,,TUEN FU ROAD,屯富路,1999-04-09,1946,
skipped_covered,,,TUEN HI ROAD,屯喜路,1986-08-15,2819,
skipped_covered,,,TUEN HING ROAD,屯興路,1986-08-15,2819,
skipped_covered,,,TUEN HING ROAD,屯興路,1997-09-12,1252,
skipped_covered,,,TUEN HOP STREET,屯合街,1989-06-09,1978,
skipped_covered,,,TUEN KWAI ROAD,屯貴路,1999-04-09,1944,
skipped_covered,,,TUEN KWAI ROAD,屯貴路,2002-01-25,611,
skipped_covered,,,TUEN LEE STREET,屯利街,1984-11-30,3531,
skipped_covered,,,TUEN LOK LANE,屯樂里,2021-12-03,7633,
skipped_covered,,,TUEN LUNG STREET,屯隆街,1984-11-30,3531,
skipped_covered,,,TUEN MUN CHEK LAP KOK TUNNEL ROAD,屯門赤鱲角隧道公路,2020-11-06,6474,
skipped_covered,,,TUEN MUN HEUNG SZE WUI ROAD,屯門鄉事會路,1975-08-01,1693,
skipped_covered,,,TUEN MUN HEUNG SZE WUI ROAD,屯門鄉事會路,1983-01-28,326,
skipped_covered,,,TUEN MUN HEUNG SZE WUI ROAD,屯門鄉事會路,1990-11-02,3963,
skipped_covered,,,TUEN MUN HEUNG SZE WUI ROAD,屯門鄉事會路,1991-07-19,2513,
skipped_covered,,,TUEN MUN ROAD,屯門公路,1979-01-26,262,
skipped_covered,,,TUEN MUN ROAD,屯門公路,1992-01-10,164,
skipped_covered,,,TUEN MUN ROAD,屯門公路,1994-12-09,4724,
skipped_covered,,,TUEN ON LANE,屯安里,1999-04-09,1944,
skipped_covered,,,TUEN SHING STREET,屯盛街,1984-11-30,3531,
skipped_covered,,,TUEN SHUN STREET,屯順街,1989-06-09,1978,
skipped_covered,,,TUEN TSING LANE,屯青里,1991-07-19,2512,
skipped_covered,,,TUEN WUI STREET,屯匯街,1989-06-09,1978,
skipped_covered,,,TUEN YAN STREET,屯仁街,1990-11-02,3963,
skipped_covered,,,TUEN YEE STREET,屯義街,1990-11-02,3962,
skipped_covered,,,TUN YU ROAD,惇裕路,2006-07-14,4443,
skipped_covered,,,TUNG CHAU STREET,通州街,1927-11-25,699,
skipped_covered,,,TUNG CHAU STREET,通州街,1976-06-18,1301,
skipped_covered,,,TUNG CHAU WEST STREET,通州西街,1976-06-18,1301,
skipped_covered,,,TUNG CHEONG STREET,東昌街,1999-10-08,5858,
skipped_covered,,,TUNG CHEONG STREET,東昌街,2020-08-07,4507,
skipped_covered,,,TUNG CHI STREET,童子街,1964-05-29,1346,
skipped_covered,,,TUNG CHI STREET,童子街,1966-03-11,687,
skipped_covered,,,TUNG CHOI STREET,通菜街,1924-08-29,492,
skipped_covered,,,TUNG CHUNG EASTERN INTERCHANGE,東涌東交匯處,1997-04-25,2008,
skipped_covered,,,TUNG CHUNG ROAD,東涌道,1969-12-05,2429,
skipped_covered,,,TUNG CHUNG ROAD,東涌道,2008-07-11,4753,
skipped_covered,,,TUNG CHUNG ROAD,東涌道,2009-01-30,683,
skipped_covered,,,TUNG CHUNG ROAD NORTH,東涌道北,2008-07-11,4753,
skipped_covered,,,TUNG CHUNG WATERFRONT ROAD,東涌海濱路,1997-04-25,2008,
skipped_covered,,,TUNG CHUNG WATERFRONT ROAD,東涌海濱路,1998-06-19,2978,
skipped_covered,,,TUNG FAI ROAD,東輝路,1998-12-18,6283,
skipped_covered,,,TUNG FAI ROAD,東輝路,2019-07-26,4781,
skipped_covered,,,TUNG FAT ROAD,東發道,1967-02-24,428,
skipped_covered,,,TUNG FAT SQUARE,同發坊,1966-03-11,688,
skipped_covered,,,TUNG FONG STREET,東方街,1924-08-29,492,
skipped_covered,,,TUNG FUK ROAD,同福路,2009-08-14,5125,
skipped_covered,,,TUNG HEI ROAD,東喜道,1987-04-16,1306,
skipped_covered,,,TUNG HEI ROAD,東喜道,1991-06-07,1960,
skipped_covered,,,TUNG KIN ROAD,東健道,1997-07-25,385,
skipped_covered,,,TUNG KWONG ROAD,東光道,1967-02-24,428,
skipped_covered,,,TUNG LAM TERRACE,東林台,1998-05-29,2631,
skipped_covered,,,TUNG LEI PATH,東籬徑,2019-04-26,2870,
skipped_covered,,,TUNG LEI ROAD,東利道,1967-02-24,428,
skipped_covered,,,TUNG LEUNG LANE,棟樑里,1993-04-30,1435,
skipped_covered,,,TUNG LEUNG ROAD,棟樑路,1993-04-30,1435,
skipped_covered,,,TUNG LO WAN DRIVE,銅鑼灣徑,1975-09-19,2060,
skipped_covered,,,TUNG LO WAN HILL ROAD,銅鑼灣山路,1976-08-13,1741,
skipped_covered,,,TUNG LO WAN HILL ROAD,銅鑼灣山路,1981-09-18,2794,
skipped_covered,,,TUNG LO WAN ROAD,銅鑼灣道,1935-06-21,490,
skipped_covered,,,TUNG LOK STREET,同樂街,1977-12-02,2944,
skipped_covered,,,TUNG LUNG ROAD,東隆道,1967-02-24,428,
skipped_covered,,,TUNG MAU SQUARE,同茂坊,1966-03-11,688,
skipped_covered,,,TUNG MING STREET,通明街,1957-02-22,264,
skipped_covered,,,TUNG MING STREET,通明街,1976-04-02,721,
skipped_covered,,,TUNG ON STREET,東安街,1926-02-12,68,
skipped_covered,,,TUNG ON STREET,東安街,1926-04-16,202,
skipped_covered,,,TUNG SAU SQUARE,同秀坊,1966-03-11,688,
skipped_covered,,,TUNG SHAN TERRACE,東山臺,1962-04-19,869,
skipped_covered,,,TUNG SING ROAD,東勝道,1925-10-23,608,
skipped_covered,,,TUNG SING ROAD,東勝道,1959-05-08,628,
skipped_covered,,,TUNG STREET,東街,1909-03-19,184,
skipped_covered,,,TUNG TAI LANE,東泰里,1967-02-24,428,
skipped_covered,,,TUNG TAU TSUEN ROAD,東頭村道,1963-11-08,2197,
skipped_covered,,,TUNG TAU WAN ROAD,東頭灣道,1933-11-10,727,
skipped_covered,,,TUNG TSING ROAD,東正道,1967-02-24,428,
skipped_covered,,,TUNG TSZ ROAD,洞梓路,1970-04-03,713,
skipped_covered,,,TUNG TSZ ROAD,洞梓路,2009-03-06,1502,
skipped_covered,,,TUNG TSZ SHAN ROAD,洞梓山路,1997-01-24,424,
skipped_covered,,,TUNG WAN ROAD,東灣路,1984-01-20,204,
skipped_covered,,,TUNG WAN TAU ROAD,東灣頭路,1983-11-04,3496,
skipped_covered,,,TUNG WING ROAD,東榮路,2017-03-10,1273,
skipped_covered,,,TUNG WO STREET,同和街,1996-11-08,5164,
skipped_covered,,,TUNG WONG ROAD,東旺道,1997-07-25,385,
skipped_covered,,,TUNG WUI ROAD,東匯路,2002-11-15,7434,
skipped_covered,,,TUNG YAN STREET,同仁街,1957-02-22,264,
skipped_covered,,,TUNG YIU ROAD,東耀路,2019-07-26,4779,
skipped_covered,,,TUNG YUEN STREET,東源街,1967-03-17,603,
skipped_covered,,,TWEED ROAD,陶域道,1951-08-03,798,
skipped_covered,,,U LAM TERRACE,儒林臺,2016-07-29,4332,
skipped_covered,,,UN CHAU STREET,元州街,1923-09-28,411,
skipped_covered,,,UN CHAU STREET,元州街,2007-05-11,3077,
skipped_covered,,,UN CHAU STREET,元州街,2017-12-22,9867,
skipped_covered,,,UN FUK LANE,元福里,1967-07-14,1517,
skipped_covered,,,UN FUK LANE,元福里,1967-12-08,2628,
skipped_covered,,,UNIVERSAL GATE ROAD,普門路,2013-08-23,4994,
skipped_covered,,,UNIVERSITY ROAD,大學道,1991-07-05,2295,
skipped_covered,,,UPPER STATION STREET,差館上街,1887-09-03,356,
skipped_covered,,,VALLEY ROAD,山谷道,1933-07-14,481,
skipped_covered,,,VENTRIS ROAD,雲地利道,1926-01-29,46,
skipped_covered,,,VERBENA ROAD,地錦路,1953-11-20,1420,
skipped_covered,,,VICTORIA PARK ROAD,維園道,1972-12-29,3318,
skipped_covered,,,VICTORIA ROAD,域多利道,1981-01-09,188,
skipped_covered,,,VILLAGE ROAD,山村道,1925-10-09,575,
skipped_covered,,,VILLAGE ROAD,山村道,1930-03-07,138,
skipped_covered,,,VILLAGE ROAD,山村道,1953-09-18,1143,
skipped_covered,,,VISTA AVENUE,海寧徑,1994-11-18,4386,
skipped_covered,,,WA FUK STREET,華福街,1987-02-13,510,
skipped_covered,,,WA FUN STREET,華歡街,1987-02-13,510,
skipped_covered,,,WA FUNG STREET,華豐街,1923-09-28,411,
skipped_covered,,,WA LAI PATH,華荔徑,1982-12-10,3875,
skipped_covered,,,WA MEI PATH,畫眉徑,2000-07-21,4741,
skipped_covered,,,WA SHUN STREET,華信街,1999-03-26,1723,
skipped_covered,,,WA SHUN STREET,華信街,2002-08-09,4899,
skipped_covered,,,WA TAI ROAD,華泰路,1982-12-24,4036,
skipped_covered,,,WA YUNG ROAD,華容路,1987-02-13,510,
skipped_covered,,,WAH CHEUNG STREET,華昌街,1977-05-13,1088,
skipped_covered,,,WAH CHI PATH,華池徑,1983-04-22,1265,
skipped_covered,,,WAH CHUI STREET,華翠街,2002-08-09,4898,
skipped_covered,,,WAH FAT STREET,華發街,1989-06-09,1978,
skipped_covered,,,WAH FU ROAD,華富道,1977-05-13,1088,
skipped_covered,,,WAH HA STREET,華廈街,1966-07-08,1759,
skipped_covered,,,WAH HONG STREET,華康街,2002-08-09,4898,
skipped_covered,,,WAH KING HILL ROAD,華景山路,1981-10-23,3161,
skipped_covered,,,WAH KING HILL ROAD,華景山路,1990-03-23,1051,
skipped_covered,,,WAH KING STREET,華景街,1987-04-24,1366,
skipped_covered,,,WAH KWAI ROAD,華貴道,1999-05-14,2686,
skipped_covered,,,WAH LAM PATH,華林徑,1977-05-13,1088,
skipped_covered,,,WAH LOK PATH,華樂徑,1977-05-13,1088,
skipped_covered,,,WAH LUNG PATH,華隆徑,1994-01-14,177,
skipped_covered,,,WAH MING LANE,華明里,1999-02-26,968,
skipped_covered,,,WAH MING ROAD,華明路,1992-03-06,833,
skipped_covered,,,WAH SING STREET,華星街,1974-04-19,1023,
skipped_covered,,,WAH TING STREET,華庭街,1998-06-26,3111,
skipped_covered,,,WAH YIU ROAD,華瑤路,1979-05-04,1132,
skipped_covered,,,WAH YUEN DRIVE,華員徑,1981-10-23,3161,
skipped_covered,,,WAI CHI LANE,偉智里,1981-11-06,3328,
skipped_covered,,,WAI CHI LANE,偉智里,1981-12-24,3868,
skipped_covered,,,WAI CHI STREET,偉智街,1967-12-01,2575,
skipped_covered,,,WAI CHI STREET,偉智街,1969-03-14,508,
skipped_covered,,,WAI CHI STREET,偉智街,1981-11-06,3328,
skipped_covered,,,WAI CHI STREET,偉智街,1981-12-24,3868,
skipped_covered,,,WAI CHING STREET,偉晴街,1924-11-07,621,
skipped_covered,,,WAI FAT ROAD,偉發道,1993-08-20,3000,
skipped_covered,,,WAI FUNG STREET,惠風街,1932-04-22,245,
skipped_covered,,,WAI FUNG STREET,惠風街,1932-04-29,255,
skipped_covered,,,WAI HANG STREET,惠亨街,1964-02-07,313,
skipped_covered,,,WAI HON ROAD,維翰路,1995-01-13,155,
skipped_covered,,,WAI KEK STREET,圍乪街,1964-05-29,1346,
skipped_covered,,,WAI KING STREET,偉景街,1977-02-17,420,
skipped_covered,,,WAI LOK STREET,偉樂街,2000-06-09,3693,
skipped_covered,,,WAI LUN STREET,偉倫街,2002-11-01,7043,
skipped_covered,,,WAI MAN ROAD,惠民路,1987-02-06,420,
skipped_covered,,,WAI MAN ROAD,惠民路,1995-12-08,5100,
skipped_covered,,,WAI MAN ROAD,惠民路,2004-10-15,6703,
skipped_covered,,,WAI MING STREET,偉明街,1992-03-06,833,
skipped_covered,,,WAI ON STREET,惠安街,1958-05-30,732,
skipped_covered,,,WAI PING CLOSE,衞平坊,1995-01-13,155,
skipped_covered,,,WAI SHIN STREET,懷善街,2005-03-24,1412,
skipped_covered,,,WAI TSAI FIFTH STREET,圍仔第五街,1983-06-03,1753,
skipped_covered,,,WAI TSAI FIRST STREET,圍仔第一街,1983-06-03,1753,
skipped_covered,,,WAI TSAI FOURTH STREET,圍仔第四街,1983-06-03,1753,
skipped_covered,,,WAI TSAI SECOND STREET,圍仔第二街,1983-06-03,1753,
skipped_covered,,,WAI TSAI STREET,圍仔街,1985-10-18,3454,
skipped_covered,,,WAI TSAI THIRD STREET,圍仔第三街,1983-06-03,1753,
skipped_covered,,,WAI TSUEN ROAD,蕙荃路,1983-11-04,3497,
skipped_covered,,,WAI TSUI CRESCENT,慧翠道,1984-03-09,709,
skipped_covered,,,WAI TUNG ROAD,惠東路,1998-06-19,2978,
skipped_covered,,,WAI WAH STREET,惠華街,1966-06-30,1684,
skipped_covered,,,WAI WAI ROAD,懷惠道,1934-02-09,91,
skipped_covered,,,WAI WAN LANE,衞環里,1990-08-10,2868,
skipped_covered,,,WAI WAN LANE,衞環里,1990-08-31,3104,
skipped_covered,,,WAI WO STREET,衞和街,1995-01-13,155,
skipped_covered,,,WAI YAN STREET,懷仁街,1930-05-02,262,
skipped_covered,,,WAI YAN STREET,懷仁街,1961-11-10,1975,
skipped_covered,,,WAI YI STREET,懷義街,1930-05-02,262,
skipped_covered,,,WAI YI STREET,懷義街,1961-11-10,1975,
skipped_covered,,,WAI YIN PATH,薈然徑,2015-02-13,1691,
skipped_covered,,,WAI YIP STREET,偉業街,1960-07-22,1138,
skipped_covered,,,WAI YIP STREET,偉業街,1976-11-12,2519,
skipped_covered,,,WAI YIP STREET,偉業街,1999-04-16,2058,
skipped_covered,,,WALKER ROAD,獲嘉道,1950-07-21,869,
skipped_covered,,,WALNUT STREET,合桃街,1950-09-29,1135,
skipped_covered,,,WALNUT STREET,合桃街,1966-10-14,2633,
skipped_covered,,,WAN CHAI GAP ROAD,灣仔峽道,1957-04-05,509,
skipped_covered,,,WAN CHAI GAP ROAD,灣仔峽道,1976-03-12,580,
skipped_covered,,,WAN CHAI ROAD,灣仔道,1976-03-12,580,
skipped_covered,,,WAN FUNG STREET,環鳳街,1968-04-11,726,
skipped_covered,,,WAN HANG ROAD,運亨路,1993-07-09,2388,
skipped_covered,,,WAN HOI STREET,環海街,1978-06-23,1569,
skipped_covered,,,WAN HON LANE,雲漢里,1991-02-13,564,
skipped_covered,,,WAN HON STREET,雲漢街,1964-04-03,818,
skipped_covered,,,WAN KING PATH,灣景街,1973-12-07,3147,
skipped_covered,,,WAN LUNG ROAD,運隆路,1993-07-09,2388,
skipped_covered,,,WAN O ROAD,環澳路,2003-02-14,935,
skipped_covered,,,WAN O ROAD,環澳路,2022-11-25,6836,
skipped_covered,,,WAN ON STREET,環安街,1958-08-08,1068,
skipped_covered,,,WAN PO ROAD,環保大道,1992-01-31,411,
skipped_covered,,,WAN PO ROAD,環保大道,1995-04-13,1314,
skipped_covered,,,WAN PO ROAD,環保大道,1996-06-28,2859,
skipped_covered,,,WAN PO ROAD,環保大道,1998-08-21,4079,
skipped_covered,,,WAN PO ROAD,環保大道,2005-09-30,4965,
skipped_covered,,,WAN POON PATH,灣畔徑,2004-01-16,528,
skipped_covered,,,WAN SHAN ROAD,環山路,1998-12-18,6282,
skipped_covered,,,WAN SHING STREET,運盛街,1974-05-31,1382,
skipped_covered,,,WAN TAU KOK LANE,運頭角里,1983-09-30,3133,
skipped_covered,,,WAN TAU SQUARE,運頭坊,1972-05-05,1092,
skipped_covered,,,WAN TAU STREET,運頭街,1972-05-05,1092,
skipped_covered,,,WAN TIN PATH,雲天徑,1966-01-14,129,
skipped_covered,,,WAN TIN PATH,雲天徑,1985-09-06,2936,
skipped_covered,,,WAN TSUI LANE,環翠里,1980-05-23,1579,
skipped_covered,,,WAN TSUI ROAD,環翠道,1964-08-21,2339,
skipped_covered,,,WAN WAH STREET,雲華街,1966-06-30,1684,
skipped_covered,,,WAN WAH STREET,雲華街,2001-01-05,105,
skipped_covered,,,WAN YING STREET,運盈街,2003-02-28,1362,
skipped_covered,,,WANG CHAU ROAD,橫洲路,1977-12-02,2944,
skipped_covered,,,WANG CHIN STREET,宏展街,1985-11-08,3721,
skipped_covered,,,WANG CHIU ROAD,宏照道,1983-07-15,2233,
skipped_covered,,,WANG FAT PATH,宏發徑,1984-05-18,1452,
skipped_covered,,,WANG FAT PATH,宏發徑,2017-10-13,7594,
skipped_covered,,,WANG FU STREET,宏富街,1984-05-04,1312,
skipped_covered,,,WANG HOI ROAD,宏開道,1983-07-15,2233,
skipped_covered,,,WANG HOI ROAD,宏開道,1984-04-19,1193,
skipped_covered,,,WANG KEE STREET,宏基街,1985-12-13,4098,
skipped_covered,,,WANG KWONG ROAD,宏光道,1983-07-15,2233,
skipped_covered,,,WANG KWUN ROAD,宏冠道,1984-04-19,1193,
skipped_covered,,,WANG LEE STREET,宏利街,1984-05-04,1312,
skipped_covered,,,WANG LOK STREET,宏樂街,1984-05-04,1312,
skipped_covered,,,WANG LUNG STREET,橫龍街,1963-06-21,1134,
skipped_covered,,,WANG MAU STREET,宏茂街,1983-07-15,2233,
skipped_covered,,,WANG ON ROAD,宏安道,1954-07-30,947,
skipped_covered,,,WANG PING SHAN SOUTH ROAD,橫平山南路,2010-06-25,4012,
skipped_covered,,,WANG POK STREET,橫壆街,1982-03-12,827,
skipped_covered,,,WANG PUI ROAD,宏貝道,1970-06-05,1156,
skipped_covered,,,WANG STREET,橫街,1976-11-05,2462,
skipped_covered,,,WANG TAI ROAD,宏泰道,1984-04-19,1193,
skipped_covered,,,WANG TAK STREET,宏德街,1930-03-07,138,
skipped_covered,,,WANG TAT ROAD,宏達路,1984-06-22,1827,
skipped_covered,,,WANG TAT ROAD,宏達路,2017-10-13,7594,
skipped_covered,,,WANG TAU HOM CENTRAL ROAD,橫頭磡中道,1966-07-29,1951,
skipped_covered,,,WANG TAU HOM EAST ROAD,橫頭磡東道,1966-07-29,1951,
skipped_covered,,,WANG TAU HOM NORTH ROAD,橫頭磡北道,1966-07-29,1951,
skipped_covered,,,WANG TAU HOM SOUTH ROAD,橫頭磡南道,1966-07-29,1951,
skipped_covered,,,WANG TOI SHAN SHAN TSUEN ROAD,橫台山散村路,2005-04-22,1896,
skipped_covered,,,WANG TUNG STREET,宏通街,1985-12-13,4098,
skipped_covered,,,WANG WA STREET,宏華街,1960-07-08,1060,
skipped_covered,,,WANG WO TSAI STREET,橫窩仔街,1963-06-21,1134,
skipped_covered,,,WANG YIP STREET EAST,宏業東街,1983-01-28,325,
skipped_covered,,,WANG YIP STREET SOUTH,宏業南街,1983-01-28,325,
skipped_covered,,,WANG YIP STREET WEST,宏業西街,1983-01-28,325,
skipped_covered,,,WANG YUEN STREET,宏遠街,1983-07-15,2233,
skipped_covered,,,WANG YUEN STREET,宏遠街,1985-12-13,4098,
skipped_covered,,,WARWICK ROAD,和域道,1957-04-05,509,
skipped_covered,,,WATERFALL BAY ROAD,瀑布灣道,1977-05-13,1088,
skipped_covered,,,WATERLOO ROAD,窩打老道,1929-06-21,331,
skipped_covered,,,WATERLOO ROAD,窩打老道,1929-08-23,427,
skipped_covered,,,WATERLOO ROAD,窩打老道,1965-06-25,1572,
skipped_covered,,,WATFORD ROAD,和福道,1966-05-27,1388,
skipped_covered,,,WELFARE ROAD,惠福道,1969-09-26,1915,
skipped_covered,,,WEST EMBANKMENT,西堤,1957-08-23,1179,
skipped_covered,,,WEST KOWLOON CORRIDOR,西九龍走廊,2007-04-27,2709,
skipped_covered,,,WEST KOWLOON CORRIDOR WEST,西九龍走廊西,2007-09-21,6231,
skipped_covered,,,WEST KOWLOON HIGHWAY,西九龍公路,1998-05-22,2489,
skipped_covered,,,WEST KOWLOON HIGHWAY,西九龍公路,2017-04-07,1921,
skipped_covered,,,WESTERN FIRE SERVICES STREET,西消防街,1985-11-22,3875,
skipped_covered,,,WESTERN FIRE SERVICES STREET,西消防街,1991-04-04,1168,
skipped_covered,,,WESTERN STREET,西邊街,1888-02-25,81,
skipped_covered,,,WESTLANDS ROAD,華蘭路,1957-08-16,1149,
skipped_covered,,,WETLAND PARK ROAD,濕地公園路,2000-07-07,4391,
skipped_covered,,,WETLAND PARK ROAD,濕地公園路,2003-01-30,655,
skipped_covered,,,WHAMPOA STREET,黃埔街,1956-06-08,717,
skipped_covered,,,WHARF ROAD,和富道,1951-03-09,264,
skipped_covered,,,WHARF ROAD,和富道,1952-04-04,397,
skipped_covered,,,WHOLESALE MARKET STREET,批發市場街,2011-11-11,7460,
skipped_covered,,,WILLOW STREET,柳樹街,1950-07-28,900,
skipped_covered,,,WILSON ROAD,衞信道,1962-02-09,285,
skipped_covered,,,WILTSHIRE ROAD,渭州道,1951-05-18,522,
skipped_covered,,,WING CHEUNG STREET,永祥街,1939-11-10,1047,
skipped_covered,,,WING CHEUNG STREET,永祥街,1969-12-12,2481,
skipped_covered,,,WING CHI PATH,榮池徑,1983-04-22,1265,
skipped_covered,,,WING CHO STREET,榮祖街,1977-11-25,2859,
skipped_covered,,,WING CHONG STREET,永創街,1975-09-19,2061,
skipped_covered,,,WING CHUK STREET,穎竹街,1986-01-24,327,
skipped_covered,,,WING FAT LANE,榮發里,1989-06-09,1978,
skipped_covered,,,WING FONG ROAD,榮芳路,1974-04-19,1023,
skipped_covered,,,WING FOOK STREET,永福街,1974-08-02,1982,
skipped_covered,,,WING FOOK STREET,永福街,2020-08-07,4509,
skipped_covered,,,WING HAU STREET,永孝街,1980-05-16,1503,
skipped_covered,,,WING HONG STREET,永康街,1934-02-09,91,
skipped_covered,,,WING KEI ROAD,永基路,1975-09-19,2061,
skipped_covered,,,WING KEI ROAD,永基路,1990-03-02,778,
skipped_covered,,,WING KEI ROAD,永基路,1999-08-20,4817,
skipped_covered,,,WING KIN ROAD,永建路,1975-09-19,2061,
skipped_covered,,,WING KWONG STREET,榮光街,1957-07-26,1050,
skipped_covered,,,WING LAI ROAD,穎禮路,1990-12-28,4644,
skipped_covered,,,WING LAP STREET,永立街,1975-09-19,2061,
skipped_covered,,,WING LUNG STREET,永隆街,1934-02-09,91,
skipped_covered,,,WING MING STREET,永明街,1970-07-10,1428,
skipped_covered,,,WING NING STREET,永寧街,1939-11-10,1047,
skipped_covered,,,WING PING STREET,永平街,1977-04-15,858,
skipped_covered,,,WING SHUN STREET,永順街,1980-05-16,1503,
skipped_covered,,,WING SHUN STREET,永順街,1990-05-18,1802,
skipped_covered,,,WING TAI ROAD,永泰道,1982-03-05,753,
skipped_covered,,,WING TAI ROAD,永泰道,1984-08-24,2562,
skipped_covered,,,WING TAI ROAD,永泰道,1984-11-30,3533,
skipped_covered,,,WING TAK STREET,永德街,1996-06-28,2858,
skipped_covered,,,WING TING ROAD,永定道,1989-07-07,2313,
skipped_covered,,,WING TING ROAD,永定道,1994-03-11,866,
skipped_covered,,,WING TING ROAD,永定道,1996-04-26,1905,
skipped_covered,,,WING TSUN STREET,永俊街,1983-06-03,1753,
skipped_covered,,,WING TUNG STREET,永東街,1983-06-03,1753,
skipped_covered,,,WING TUNG STREET,永東街,2017-09-29,7315,
skipped_covered,,,WING WO STREET,永和街,1967-04-28,930,
skipped_covered,,,WING WO STREET,永和街,1967-06-02,1196,
skipped_covered,,,WING YAN ROAD,榮欣路,2004-12-17,8104,
skipped_covered,,,WING YIN STREET,永賢街,1995-08-25,3407,
skipped_covered,,,WING YIP STREET,榮業街,1973-03-09,621,
skipped_covered,,,WING YIP STREET,永業街,1974-04-19,1023,
skipped_covered,,,WING YIU STREET,永耀街,1958-10-31,1478,
skipped_covered,,,WINSLOW STREET,溫思勞街,1923-09-28,411,
skipped_covered,,,WISTARIA ROAD,紫藤路,1953-11-20,1420,
skipped_covered,,,WO CHE STREET,禾輋街,1981-03-27,959,
skipped_covered,,,WO CHUNG STREET,和衷街,1965-04-09,914,
skipped_covered,,,WO FUNG STREET,和豐街,1970-03-06,534,
skipped_covered,,,WO HEUNG STREET,禾香街,1976-08-13,1741,
skipped_covered,,,WO HEUNG STREET,禾香街,1983-01-28,323,
skipped_covered,,,WO HING ROAD,和興路,1992-03-06,833,
skipped_covered,,,WO HONG PATH,和康徑,1986-06-27,2181,
skipped_covered,,,WO KA LAU ROAD,和家樓路,1999-02-26,972,
skipped_covered,,,WO KENG SHAN ROAD,禾徑山路,1995-02-10,449,
skipped_covered,,,WO KENG SHAN ROAD,禾徑山路,1995-09-15,3732,
skipped_covered,,,WO KWAI LANE,禾葵里,2001-07-13,4245,
skipped_covered,,,WO LIU HANG ROAD,禾寮坑路,1976-08-13,1741,
skipped_covered,,,WO LIU HANG ROAD,禾寮坑路,1983-01-28,323,
skipped_covered,,,WO LOK LANE,和樂里,2024-03-01,1176,
skipped_covered,,,WO LUNG STREET,和隆街,1970-03-06,534,
skipped_covered,,,WO MEI HUNG MIN ROAD,窩美紅棉路,2003-05-16,3285,
skipped_covered,,,WO MING LANE,和鳴里,1999-02-26,971,
skipped_covered,,,WO MUK ROAD,和睦路,1995-01-13,154,
skipped_covered,,,WO MUN STREET,和滿街,1995-01-13,154,
skipped_covered,,,WO PING PATH,和平徑,1983-01-28,326,
skipped_covered,,,WO PING SAN TSUEN LANE,和平新村里,1993-02-12,479,
skipped_covered,,,WO SHEUNG TUN STREET,禾上墩街,1981-06-12,1685,
skipped_covered,,,WO SHING STREET,禾盛街,1976-08-13,1741,
skipped_covered,,,WO SHUI STREET,禾穗街,1976-08-13,1741,
skipped_covered,,,WO SHUN LANE,和順里,1993-12-03,4432,
skipped_covered,,,WO SHUN LANE,和順里,2006-03-03,1461,
skipped_covered,,,WO TAI STREET,和泰街,1970-03-06,534,
skipped_covered,,,WO TAI STREET,和泰街,1995-01-13,154,
skipped_covered,,,WO TIK STREET,禾笛街,1963-06-21,1134,
skipped_covered,,,WO TONG TSUI STREET,禾塘咀街,1970-03-06,535,
skipped_covered,,,WO YI HOP INTERCHANGE,和宜合交匯處,1990-11-02,3966,
skipped_covered,,,WO YI HOP LANE,和宜合里,1991-03-08,816,
skipped_covered,,,WO YI HOP ROAD,和宜合道,1964-05-29,1346,
skipped_covered,,,WO YI HOP ROAD,和宜合道,1970-03-06,535,
skipped_covered,,,WOH CHAI STREET,窩仔街,1956-08-31,1108,
skipped_covered,,,WOH CHAI STREET,窩仔街,1963-12-06,2399,
skipped_covered,,,WONG CHU ROAD,皇珠路,1984-11-30,3531,
skipped_covered,,,WONG CHUK HANG PATH,黃竹坑徑,1937-09-24,682,
skipped_covered,,,WONG CHUK HANG PATH,黃竹坑徑,1978-09-08,2274,
skipped_covered,,,WONG CHUK HANG PATH,黃竹坑徑,1980-08-22,2637,
skipped_covered,,,WONG CHUK HANG ROAD,黃竹坑道,1961-08-04,1335,
skipped_covered,,,WONG CHUK HANG ROAD,黃竹坑道,1978-09-08,2274,
skipped_covered,,,WONG CHUK STREET,黃竹街,1927-11-25,699,
skipped_covered,,,WONG CHUK STREET,黃竹街,1953-06-12,757,
skipped_covered,,,WONG CHUK YEUNG STREET,黃竹洋街,1981-06-12,1685,
skipped_covered,,,WONG CHUK YEUNG STREET,黃竹洋街,1991-03-15,914,
skipped_covered,,,WONG CHUK YEUNG TSUEN PATH,黃竹洋村徑,1992-12-04,4337,
skipped_covered,,,WONG HAU SHAN DRIVE,皇后山徑,1995-09-01,3544,
skipped_covered,,,WONG KONG WAI ROAD,黃崗圍路,2010-02-05,737,
skipped_covered,,,WONG KUK AVENUE,黃菊路,1970-03-06,536,
skipped_covered,,,WONG LUNG HANG ROAD,黃龍坑道,1970-06-05,1156,
skipped_covered,,,WONG MA KOK PATH,黃麻角徑,1997-07-25,386,
skipped_covered,,,WONG MA KOK ROAD,黃麻角道,1937-09-24,682,
skipped_covered,,,WONG NAI CHUNG GAP ROAD,黃泥涌峽道,1932-10-07,635,
skipped_covered,,,WONG NAI CHUNG GAP ROAD,黃泥涌峽道,1976-03-12,580,
skipped_covered,,,WONG NAI CHUNG ROAD,黃泥涌道,1976-03-12,580,
skipped_covered,,,WONG NAI TUN TSUEN ROAD,黃泥墩村路,2012-01-13,230,
skipped_covered,,,WONG TAI SIN ROAD,黃大仙道,1976-02-06,288,
skipped_covered,,,WONG TAI SIN ROAD,黃大仙道,1983-03-18,873,
skipped_covered,,,WONG TAI STREET,旺堤街,1963-09-06,1736,
skipped_covered,,,WONG TAI STREET,旺堤街,1970-01-30,290,
skipped_covered,,,WONG TAI STREET,旺堤街,1974-04-26,1078,
skipped_covered,,,WONG UK LANE,王屋里,1994-07-08,2510,
skipped_covered,,,WONG YI AU ROAD,黃宜坳路,2004-12-10,7972,
skipped_covered,,,WONG YIN STREET,旺賢街,1989-06-09,1978,
skipped_covered,,,WONG YIN STREET,旺賢街,1990-11-02,3965,
skipped_covered,,,WOO HOP STREET,和合街,1925-10-23,608,
skipped_covered,,,WOOSUNG STREET,吳松街,1909-03-19,184,
skipped_covered,,,WOOSUNG STREET,吳松街,1921-11-10,469,
skipped_covered,,,WORLD WIDE LANE,環球里,2007-05-11,3079,
skipped_covered,,,WU CHEONG STREET,湖昌街,1994-07-29,2829,
skipped_covered,,,WU CHUI ROAD,湖翠路,1990-03-02,776,
skipped_covered,,,WU FAI STREET,湖暉街,1994-07-29,2829,
skipped_covered,,,WU HONG STREET,湖康街,1990-03-02,776,
skipped_covered,,,WU KAI SHA ROAD,烏溪沙路,2012-03-02,1335,
skipped_covered,,,WU KAU TANG ROAD,烏蛟騰路,1999-10-29,6660,
skipped_covered,,,WU KING ROAD,湖景路,1984-11-30,3531,
skipped_covered,,,WU KWONG STREET,湖光街,1971-10-08,2314,
skipped_covered,,,WU ON STREET,湖安街,1991-07-19,2514,
skipped_covered,,,WU POON STREET,湖畔街,1994-07-29,2829,
skipped_covered,,,WU SAU STREET,湖秀街,1991-07-19,2514,
skipped_covered,,,WU SHAN ROAD,湖山路,1984-11-30,3531,
skipped_covered,,,WU SHAN ROAD,湖山路,1989-06-09,1978,
skipped_covered,,,WU TIP SHAN ROAD,蝴蝶山路,1996-06-21,2739,
skipped_covered,,,WU YUET STREET,湖月街,1994-07-29,2829,
skipped_covered,,,WUHU STREET,蕪湖街,1909-03-19,184,
skipped_covered,,,WUI CHEUNG ROAD,匯翔道,1998-11-13,5530,
skipped_covered,,,WUI CHEUNG ROAD,匯翔道,2018-06-01,4004,
skipped_covered,,,WUI MAN ROAD,匯民道,2009-06-05,3561,
skipped_covered,,,WUI MAN ROAD,匯民道,2018-06-01,4004,
skipped_covered,,,WUI TUNG STREET,匯東街,2024-09-06,5323,
skipped_covered,,,WUN SHA STREET,浣紗街,1932-08-19,542,
skipped_covered,,,WUN TUNG STREET,運通街,1973-03-16,704,
skipped_covered,,,WUN YIU ROAD,碗窰路,2011-11-11,7459,
skipped_covered,,,WYLIE PATH,衞理徑,1976-07-30,1667,
skipped_covered,,,WYLIE PATH,衞理徑,1981-08-14,2414,
skipped_covered,,,WYLIE ROAD,衞理道,1956-12-21,1650,
skipped_covered,,,YACHT STREET,帆船街,1926-06-11,318,
skipped_covered,,,YAN CHAI STREET,仁濟街,1966-02-18,470,
skipped_covered,,,YAN CHAI STREET,仁濟街,1982-08-06,2500,
skipped_covered,,,YAN CHEUNG ROAD,欣翔道,1998-05-22,2488,
skipped_covered,,,YAN CHING STREET,仁政街,1986-10-03,3416,
skipped_covered,,,YAN CHING STREET,仁政街,1990-11-02,3963,
skipped_covered,,,YAN FONG STREET,仁芳街,1974-04-19,1023,
skipped_covered,,,YAN FUNG STREET,仁風街,1965-04-09,914,
skipped_covered,,,YAN HING STREET,仁興街,1930-05-02,262,
skipped_covered,,,YAN HING STREET,仁興街,1961-11-10,1975,
skipped_covered,,,YAN KING ROAD,欣景路,1993-12-24,4725,
skipped_covered,,,YAN LOK SQUARE,仁樂坊,1983-06-03,1752,
skipped_covered,,,YAN OI STREET,仁愛街,1961-09-08,1577,
skipped_covered,,,YAN OI TONG CIRCUIT,仁愛堂街,1975-08-01,1693,
skipped_covered,,,YAN PO ROAD,欣寶路,2020-10-23,6116,
skipped_covered,,,YAN SHING LANE,欣盛里,1995-01-20,245,
skipped_covered,,,YAN TAK LANE,仁德里,1966-12-09,3091,
skipped_covered,,,YAN TSUI STREET,茵翠街,1983-03-18,872,
skipped_covered,,,YAN TUNG LANE,仁東里,2025-07-25,4611,
skipped_covered,,,YAN WAH STREET,欣華街,1980-05-23,1580,
skipped_covered,,,YAN WING STREET,欣榮街,1967-06-09,1244,
skipped_covered,,,YAN WING STREET,欣榮街,1979-11-09,2899,
skipped_covered,,,YAN WO LANE,人和里,1972-08-11,1983,
skipped_covered,,,YAN YEE ROAD,仁義路,1986-08-15,2817,
skipped_covered,,,YAN YIP STREET,欣業街,1991-01-25,304,
skipped_covered,,,YAN YUE WAI,仁宇圍,1967-03-17,603,
skipped_covered,,,YAN YUE WAI,仁宇圍,1972-11-10,2866,
skipped_covered,,,YAN YUNG STREET,仁勇街,1999-03-26,1723,
skipped_covered,,,YAT CHEUNG STREET,逸祥街,2007-06-15,3924,
skipped_covered,,,YAT MING ROAD,一鳴路,1992-03-06,833,
skipped_covered,,,YAT NGA LANE,逸雅里,1995-10-13,4259,
skipped_covered,,,YAT SAN STREET,日新街,1935-02-15,124,
skipped_covered,,,YAT SAN STREET,日新街,1992-02-14,535,
skipped_covered,,,YAT SIN STREET,日善街,1979-12-07,3192,
skipped_covered,,,YAT TAI STREET,逸泰街,2000-08-11,5314,
skipped_covered,,,YAT TUNG STREET,逸東街,2004-03-12,1738,
skipped_covered,,,YAT YIU AVENUE,逸遙路,2006-10-13,6512,
skipped_covered,,,YAU CHEUNG ROAD,友翔道,1998-05-22,2488,
skipped_covered,,,YAU CHUEN STREET,友全街,1993-07-23,2597,
skipped_covered,,,YAU HONG STREET,有康街,1985-12-20,4164,
skipped_covered,,,YAU KING LANE,優景里,1992-01-10,161,
skipped_covered,,,YAU KING LANE,優景里,1999-11-26,7268,
skipped_covered,,,YAU KING LANE,優景里,2008-05-16,3267,
skipped_covered,,,YAU KWONG STREET,友光街,1985-10-18,3454,
skipped_covered,,,YAU LAI ROAD,悠麗路,1994-11-18,4385,
skipped_covered,,,YAU LUNG PATH,游龍徑,1983-05-27,1665,
skipped_covered,,,YAU MA HOM ROAD,油麻磡路,1970-03-06,535,
skipped_covered,,,YAU MA PO STREET,油麻莆街,2005-06-30,3131,
skipped_covered,,,YAU MA TEI INTERCHANGE,油麻地交匯處,2017-04-07,1920,
skipped_covered,,,YAU MA TEI INTERCHANGE,油麻地交匯處,2025-11-21,7382,
skipped_covered,,,YAU MAN STREET,祐民街,1973-04-13,964,
skipped_covered,,,YAU MAN STREET,祐民街,1990-01-05,62,
skipped_covered,,,YAU MONG LANE,油旺里,2024-06-21,3555,
skipped_covered,,,YAU MOON STREET,祐滿街,1973-01-12,99,
skipped_covered,,,YAU OI ROAD,友愛路,1990-11-02,3962,
skipped_covered,,,YAU ON STREET,悠安街,1991-05-03,1538,
skipped_covered,,,YAU POK ROAD,攸壆路,1999-09-17,5409,
skipped_covered,,,YAU SAN STREET,又新街,1935-02-15,124,
skipped_covered,,,YAU SAN STREET,又新街,1981-12-18,3742,
skipped_covered,,,YAU SHIN STREET,友善街,1977-12-02,2944,
skipped_covered,,,YAU SHUN STREET,有信街,1987-06-26,2040,
skipped_covered,,,YAU TIN EAST ROAD,攸田東路,1992-11-20,4153,
skipped_covered,,,YAU TIN EAST ROAD,攸田東路,1994-12-09,4723,
skipped_covered,,,YAU TIN WEST ROAD,攸田西路,1992-11-20,4153,
skipped_covered,,,YAU TIN WEST ROAD,攸田西路,1994-12-09,4723,
skipped_covered,,,YAU TIN WEST ROAD,攸田西路,2014-07-11,4022,
skipped_covered,,,YAU TING STREET,悠定街,1991-11-22,4198,
skipped_covered,,,YAU TONG LANE,油塘里,2002-05-31,3295,
skipped_covered,,,YAU TONG ROAD,油塘道,1963-08-02,1479,
skipped_covered,,,YAU TONG ROAD,油塘道,2002-04-26,2560,
skipped_covered,,,YAU WING STREET,友榮街,1985-10-18,3454,
skipped_covered,,,YAU WING STREET,友榮街,2017-09-29,7315,
skipped_covered,,,YAU YUE WAN VILLAGE ROAD,魷魚灣村道,1989-10-06,3497,
skipped_covered,,,YEE FUNG STREET,怡豐街,1981-07-31,2267,
skipped_covered,,,YEE KING ROAD,怡景道,1973-12-28,3349,
skipped_covered,,,YEE KUK STREET,醫局街,1927-11-25,699,
skipped_covered,,,YEE KUK STREET,醫局街,1976-06-18,1301,
skipped_covered,,,YEE KUK WEST STREET,醫局西街,1976-06-18,1301,
skipped_covered,,,YEE MING PATH,怡明徑,2017-09-29,7316,
skipped_covered,,,YEE ON STREET,宜安街,1957-02-22,264,
skipped_covered,,,YEE SHING LANE,怡盛里,1981-07-31,2267,
skipped_covered,,,YEE SHING STREET,怡盛街,1981-07-31,2267,
skipped_covered,,,YEE SHUN STREET,怡順街,1981-07-31,2267,
skipped_covered,,,YEE TAI STREET,怡泰街,1981-07-31,2267,
skipped_covered,,,YEE WAI PATH,義懷徑,2005-02-04,624,
skipped_covered,,,YEN CHOW STREET WEST,欽州街西,1998-07-03,3230,
skipped_covered,,,YEN MING ROAD,欽明路,1999-03-12,1362,
skipped_covered,,,YEN WAH STEPS,賢華街,1957-04-05,509,
skipped_covered,,,YEUNG FAN LANE NORTH,揚帆里北,2017-03-03,1160,
skipped_covered,,,YEUNG FAN LANE SOUTH,揚帆里南,2017-03-03,1160,
skipped_covered,,,YEUNG KING ROAD,楊景路,1990-11-02,3964,
skipped_covered,,,YEUNG KING ROAD,楊景路,1996-02-16,805,
skipped_covered,,,YEUNG TSING ROAD,楊青路,1990-11-02,3964,
skipped_covered,,,YEUNG UK ROAD,楊屋道,1962-11-23,2378,
skipped_covered,,,YI CHING LANE,宜正里,1986-01-17,245,
skipped_covered,,,YI CHUN STREET,宜春街,1973-12-07,3147,
skipped_covered,,,YI HONG STREET,怡康街,1990-05-18,1802,
skipped_covered,,,YI LOK STREET,怡樂街,1990-05-18,1802,
skipped_covered,,,YI LUN STREET,彝倫街,1961-09-08,1577,
skipped_covered,,,YI LUN STREET,彝倫街,2018-02-02,649,
skipped_covered,,,YI NAM ROAD,怡南路,1994-01-14,176,
skipped_covered,,,YI NGA DRIVE,怡雅路,1994-01-14,176,
skipped_covered,,,YI PEI CHUN ROAD,二陂圳路,1982-02-19,563,
skipped_covered,,,YI PEI CHUN ROAD,二陂圳路,1990-11-02,3961,
skipped_covered,,,YI PEI SQUARE,二陂坊,1963-06-21,1134,
skipped_covered,,,YI SHING SQUARE,怡成坊,1984-01-27,285,
skipped_covered,,,YI TUNG ROAD,怡東路,1998-06-19,2978,
skipped_covered,,,YI TUNG ROAD,怡東路,2019-02-01,1095,
skipped_covered,,,YICK YUEN ROAD,亦園路,2004-08-13,5281,
skipped_covered,,,YIK KWAN AVENUE,益群道,1931-02-13,86,
skipped_covered,,,YIK YAM STREET,奕蔭街,1930-03-07,138,
skipped_covered,,,YIM PO FONG STREET,染布房街,1924-08-29,492,
skipped_covered,,,YIM PO FONG STREET,染布房街,1958-06-27,865,
skipped_covered,,,YIN CHONG STREET,煙廠街,1951-05-18,522,
skipped_covered,,,YIN CHONG STREET,煙廠街,1955-01-14,52,
skipped_covered,,,YIN HING STREET,衍慶街,1961-09-08,1577,
skipped_covered,,,YIN KONG ROAD,燕崗路,2010-12-03,7632,
skipped_covered,,,YIN ON STREET,燕安街,1959-04-17,548,
skipped_covered,,,YIN PING ROAD,延坪道,1998-06-26,3109,
skipped_covered,,,YIN TSE LANE,燕子里,1983-05-27,1664,
skipped_covered,,,YING CHOI PATH,英才徑,1974-11-22,2948,
skipped_covered,,,YING FAI TERRACE,英輝台,1926-05-07,255,
skipped_covered,,,YING FUK STREET,盈福街,2001-11-30,7500,
skipped_covered,,,YING FUNG LANE,盈鳳里,1984-06-22,1826,
skipped_covered,,,YING HEI ROAD,迎禧路,1999-12-24,8173,
skipped_covered,,,YING HEI ROAD,迎禧路,2025-07-25,4610,
skipped_covered,,,YING HO ROAD,映河路,2012-10-26,7020,
skipped_covered,,,YING HONG STREET,迎康街,2014-05-30,3150,
skipped_covered,,,YING TUNG ROAD,迎東路,2014-05-30,3150,
skipped_covered,,,YING TUNG ROAD,迎東路,2016-11-11,6438,
skipped_covered,,,YING TUNG ROAD,迎東路,2024-09-06,5324,
skipped_covered,,,YING WA STREET,英華街,2003-02-07,829,
skipped_covered,,,YING WAN LANE,迎運里,2011-05-13,2996,
skipped_covered,,,YING YEUNG STREET,鷹揚街,1959-04-17,548,
skipped_covered,,,YING YIP ROAD,影業路,1991-03-28,1087,
skipped_covered,,,YIP CHEONG STREET,業暢街,1989-06-16,2059,
skipped_covered,,,YIP FAT STREET,業發街,1973-05-25,1354,
skipped_covered,,,YIP FAT STREET,業發街,1973-06-29,1675,
skipped_covered,,,YIP FUNG STREET,業豐街,1989-06-16,2059,
skipped_covered,,,YIP HING STREET,業興街,1986-05-23,1765,
skipped_covered,,,YIP KAN STREET,業勤街,1975-08-22,1865,
skipped_covered,,,YIP SHING STREET,業成街,1970-03-06,535,
skipped_covered,,,YIP WO STREET,業和街,1989-06-16,2059,
skipped_covered,,,YIP WONG ROAD,業旺路,1990-11-02,3964,
skipped_covered,,,YIP WONG ROAD,業旺路,2009-03-20,1820,
skipped_covered,,,YIU HING ROAD,耀興道,1992-09-18,3335,
skipped_covered,,,YIU HING ROAD,耀興道,2001-11-09,7008,
skipped_covered,,,YIU SHA ROAD,耀沙路,2012-03-02,1335,
skipped_covered,,,YIU SHA ROAD,耀沙路,2019-04-26,2869,
skipped_covered,,,YIU SING STREET,耀星街,2012-10-19,6891,
skipped_covered,,,YIU SING STREET,耀星街,2016-03-18,1595,
skipped_covered,,,YIU TUNG STREET,耀東街,1935-05-03,351,
skipped_covered,,,YIU WAI STREET,窰圍街,1983-07-01,2023,
skipped_covered,,,YIU WING LANE,耀榮里,1970-03-06,535,
skipped_covered,,,YIU WING STREET,耀榮街,1970-03-06,535,
skipped_covered,,,YORK ROAD,約道,1929-08-23,427,
skipped_covered,,,YU CHAU STREET,汝州街,1927-11-25,699,
skipped_covered,,,YU CHAU STREET,汝州街,1976-06-18,1301,
skipped_covered,,,YU CHAU WEST STREET,汝州西街,1976-06-18,1301,
skipped_covered,,,YU CHUI STREET,瑜翠街,1991-07-19,2515,
skipped_covered,,,YU HING LANE,餘慶里,1967-07-14,1517,
skipped_covered,,,YU HING LANE,餘慶里,1967-12-08,2628,
skipped_covered,,,YU KING SQUARE,裕景坊,1983-06-03,1752,
skipped_covered,,,YU KING SQUARE,裕景坊,2017-10-13,7594,
skipped_covered,,,YU LOK LANE,餘樂里,1967-07-14,1517,
skipped_covered,,,YU LOK LANE,餘樂里,1967-12-08,2628,
skipped_covered,,,YU ON STREET,漁安街,1987-07-03,2124,
skipped_covered,,,YU ON STREET,漁安街,2010-02-05,736,
skipped_covered,,,YU TAI ROAD,裕泰路,1995-01-13,155,
skipped_covered,,,YU TUNG ROAD,裕東路,1997-04-25,2008,
skipped_covered,,,YU TUNG ROAD,裕東路,1999-07-09,3890,
skipped_covered,,,YU WING PATH,裕榮徑,1983-06-03,1752,
skipped_covered,,,YU WING PATH,裕榮徑,2017-10-13,7595,
skipped_covered,,,YUE FAI ROAD,漁暉道,1986-05-23,1765,
skipped_covered,,,YUE FUNG STREET,漁豐街,1987-04-24,1367,
skipped_covered,,,YUE KING STREET,愉景街,1985-10-18,3454,
skipped_covered,,,YUE KO STREET,漁歌街,1960-07-08,1060,
skipped_covered,,,YUE KWONG ROAD,漁光道,1967-10-27,2311,
skipped_covered,,,YUE LEI STREET,漁利街,1960-07-08,1060,
skipped_covered,,,YUE MAN SQUARE,裕民坊,1957-02-22,264,
skipped_covered,,,YUE ON COURT ROAD,漁安苑道,1995-07-14,2630,
skipped_covered,,,YUE ON LANE,寓安里,1993-02-19,554,
skipped_covered,,,YUE SHI CHEUNG ROAD,魚市場道,1993-06-04,1913,
skipped_covered,,,YUE WOK STREET,漁獲街,1960-07-08,1060,
skipped_covered,,,YUEN CHAU KOK ROAD,圓洲角路,1981-09-18,2794,
skipped_covered,,,YUEN CHEONG LANE,源昌里,1984-11-30,3532,
skipped_covered,,,YUEN CHING ROAD,元政路,2000-06-09,3694,
skipped_covered,,,YUEN FAT PATH,元發徑,1983-06-03,1752,
skipped_covered,,,YUEN HONG STREET,源康街,1984-03-09,708,
skipped_covered,,,YUEN KONG AU STREET,鉛礦凹街,1981-06-12,1685,
skipped_covered,,,YUEN KONG AU STREET,鉛礦凹街,1981-07-24,2184,
skipped_covered,,,YUEN LONG HIGHWAY,元朗公路,1993-02-12,477,
skipped_covered,,,YUEN LONG HIGHWAY,元朗公路,1994-10-14,3892,
skipped_covered,,,YUEN LONG HIGHWAY,元朗公路,1998-11-06,5414,
skipped_covered,,,YUEN LONG HONG LOK ROAD,元朗康樂路,1977-12-02,2944,
skipped_covered,,,YUEN LONG KAU HUI ROAD,元朗舊墟路,2002-07-26,4596,
skipped_covered,,,YUEN LONG NEW STREET,元朗新街,1977-12-02,2944,
skipped_covered,,,YUEN LONG ON HING STREET,元朗安興街,1978-09-29,2481,
skipped_covered,,,YUEN LONG ON LOK ROAD,元朗安樂路,1977-12-02,2944,
skipped_covered,,,YUEN LONG ON LOK ROAD,元朗安樂路,1984-06-22,1827,
skipped_covered,,,YUEN LONG ON NING ROAD,元朗安寧路,1977-12-02,2944,
skipped_covered,,,YUEN LONG PAU CHEUNG SQUARE,元朗炮仗坊,1977-12-02,2944,
skipped_covered,,,YUEN LONG PAU CHEUNG SQUARE,元朗炮仗坊,2021-10-08,6314,
skipped_covered,,,YUEN LONG TAI CHEUNG STREET,元朗泰祥街,1977-12-02,2944,
skipped_covered,,,YUEN LONG TAI HANG STREET,元朗泰衡街,1977-12-02,2944,
skipped_covered,,,YUEN LONG TAI YUK ROAD,元朗體育路,1977-12-02,2944,
skipped_covered,,,YUEN LONG TAI YUK ROAD,元朗體育路,1984-06-15,1738,
skipped_covered,,,YUEN LONG TAI YUK ROAD,元朗體育路,2005-05-27,2493,
skipped_covered,,,YUEN LONG TUNG SHING LEI ROAD,元朗東成里路,1999-02-26,973,
skipped_covered,,,YUEN LONG TUNG TAI STREET,元朗東堤街,1977-12-02,2944,
skipped_covered,,,YUEN LUNG STREET,元龍街,2000-06-09,3694,
skipped_covered,,,YUEN NGAI STREET,園藝街,1948-04-23,381,
skipped_covered,,,YUEN ON STREET,源安街,1984-03-09,708,
skipped_covered,,,YUEN PO STREET,園圃街,1949-10-28,1043,
skipped_covered,,,YUEN SHIN ROAD,完善路,1989-03-17,893,
skipped_covered,,,YUEN SHUN CIRCUIT,源順圍,1984-03-09,708,
skipped_covered,,,YUEN TAI ROAD,元大路,2013-01-11,215,
skipped_covered,,,YUEN TUN CIRCUIT,圓墩圍,1963-06-21,1134,
skipped_covered,,,YUEN WO ROAD,源禾路,1981-04-03,1022,
skipped_covered,,,YUEN WO ROAD,源禾路,1982-03-12,827,
skipped_covered,,,YUEN WO ROAD,源禾路,1998-11-20,5659,
skipped_covered,,,YUEN YEUNG LANE NORTH,遠洋里北,2017-03-03,1160,
skipped_covered,,,YUEN YEUNG LANE SOUTH,遠洋里南,2017-03-03,1160,
skipped_covered,,,YUEN YUEN STREET,源遠街,1930-03-07,138,
skipped_covered,,,YUET HOI STREET,悅海街,1998-06-26,3111,
skipped_covered,,,YUET LUN STREET,月輪街,1970-04-24,866,
skipped_covered,,,YUET LUN STREET,月輪街,2005-06-30,3129,
skipped_covered,,,YUET WAH STREET,月華街,1960-06-17,928,
skipped_covered,,,YUET YUEN STREET,月園街,1954-10-29,1323,
skipped_covered,,,YUK CHOI ROAD,育才道,1969-03-21,554,
skipped_covered,,,YUK CHOI ROAD,育才道,1975-05-30,1206,
skipped_covered,,,YUK HOK LANE,毓學里,1987-07-24,2385,
skipped_covered,,,YUK HONG STREET,育康街,1990-11-02,3963,
skipped_covered,,,YUK KWAN STREET,育群街,1968-05-17,1004,
skipped_covered,,,YUK NGA LANE,毓雅里,1993-12-24,4725,
skipped_covered,,,YUK SAU STREET,毓秀街,1930-03-07,138,
skipped_covered,,,YUK SAU STREET,毓秀街,1932-09-16,590,
skipped_covered,,,YUK SHEK LANE,玉石里,1991-07-05,2294,
skipped_covered,,,YUK SHING STREET,玉成街,1957-07-26,1050,
skipped_covered,,,YUK TAI STREET,沃泰街,2000-01-21,378,
skipped_covered,,,YUK TONG PATH,沃塘徑,2024-10-18,6215,
skipped_covered,,,YUK TSING LANE,育青里,1991-07-19,2511,
skipped_covered,,,YUK WAH CRESCENT,毓華里,1966-06-30,1684,
skipped_covered,,,YUK WAH STREET,毓華街,1966-06-30,1684,
skipped_covered,,,YUK WAH STREET,毓華街,1966-06-30,1684,
skipped_covered,,,YUK YAT STREET,旭日街,1965-06-04,1392,
skipped_covered,,,YUK YAT STREET,旭日街,1974-05-31,1386,
skipped_covered,,,YUN PING ROAD,恩平道,1953-05-22,667,
skipped_covered,,,YUN PING ROAD,恩平道,1959-01-30,168,
skipped_covered,,,YUNG LONG ROAD,湧浪路,1999-04-30,2383,
skipped_covered,,,YUNG PING PATH,雍坪徑,1992-12-04,4337,
skipped_covered,,,YUNG PING PATH,雍坪徑,2009-12-18,7994,
skipped_covered,,,YUNG SHUE WAN BACK STREET,榕樹灣後街,1983-10-28,3425,
skipped_covered,,,YUNG SHUE WAN MAIN STREET,榕樹灣大街,1983-10-28,3425,
skipped_covered,,,YUNG SHUE WAN PLAZA ROAD,榕樹灣廣場路,2014-03-14,1563,
skipped_covered,,,YUNG YI ROAD,雍宜路,1998-07-31,3721,
skipped_covered,,,YUNG YUEN ROAD,庸園路,1995-12-29,5380,
skipped_covered,,,YUNNAN LANE,雲南里,1909-03-19,184,
