status,match_key,landsd_en,landsd_zh,landsd_district,landsd_date,landsd_gn,our_first_en,our_first_zh,our_first_date,our_first_gn,our_first_event_id,our_first_change_kind,our_latest_date,our_latest_gn,our_latest_event_id,our_latest_change_kind,date_eq_first,gn_eq_first,date_eq_latest,gn_eq_latest,notes
agree_first_only,en_zh:Kowloon City Road|九龍城道,KOWLOON CITY ROAD,九龍城道,KC,1926-04-16,GN202,Kowloon City Road,九龍城道,1926-04-16,GN202,crowd|1926-gn202-to-kwa-wan-road-11063-1926-04-16,declare,1926-06-25,GN342,crowd|1926-gn342-nga-tsin-wai-road-11063-1926-06-25,extend,true,true,false,false,landsd_matches_first_not_latest
agree_first_only,en_zh:Tai Nan West Street|大南西街,TAI NAN WEST STREET,大南西街,SSP,1976-06-18,GN1301,Tai Nan West Street,大南西街,1976-06-18,GN1301,crowd|1976-gn1301-cheung-sha-wan-west-renames-Tai-Nan-West-Street-大南西街-1976-06-18,rename,1976-06-18,GN1302,crowd|1976-gn1302-cheung-sha-wan-new-streets-Tai-Nan-West-Street-大南西街-1976-06-18,extend,true,true,true,false,landsd_matches_first_not_latest
agree_latest,en_zh:A Kung Ngam Road|阿公岩道,A KUNG NGAM ROAD,阿公岩道,E,1975-07-11,GN1540,A Kung Ngam Road,阿公岩道,1975-07-11,GN1540,crowd|1975-gn1540-a-kung-ngam-roads-A-Kung-Ngam-Road-阿公岩道-1975-07-11,declare,1975-07-11,GN1540,crowd|1975-gn1540-a-kung-ngam-roads-A-Kung-Ngam-Road-阿公岩道-1975-07-11,declare,true,true,true,true,first_equals_latest
agree_latest,en_zh:Aberdeen Main Road|香港仔大道,ABERDEEN MAIN ROAD,香港仔大道,S,1961-08-04,GN1335,Aberdeen Main Road,香港仔大道,1961-08-04,GN1335,crowd|1961-gn1335-island-road-renames-Aberdeen-Main-Road-香港仔大道-1961-08-04,rename,1961-08-04,GN1335,crowd|1961-gn1335-island-road-renames-Aberdeen-Main-Road-香港仔大道-1961-08-04,rename,true,true,true,true,first_equals_latest
agree_latest,en_zh:Aberdeen Reservoir Road|香港仔水塘道,ABERDEEN RESERVOIR ROAD,香港仔水塘道,WC-C&W-S,1984-03-09,GN710,Aberdeen Reservoir Road,香港仔水塘道,1984-03-09,GN710,crowd|1984-gn710-aberdeen-reservoir-Aberdeen-Reservoir-Road-香港仔水塘道-1984-03-09,rename,1984-03-09,GN710,crowd|1984-gn710-aberdeen-reservoir-Aberdeen-Reservoir-Road-香港仔水塘道-1984-03-09,rename,true,true,true,true,first_equals_latest
agree_latest,en:ALBERT PATH,ALBERT PATH,亞厘畢里,C&W,1957-09-27,GN1327,Albert Path,亞厘畢徑,1957-09-27,GN1327,crowd|1957-gn1327-albert-path-Albert-Path-亞厘畢徑-1957-09-27,declare,1957-09-27,GN1327,crowd|1957-gn1327-albert-path-Albert-Path-亞厘畢徑-1957-09-27,declare,true,true,true,true,first_equals_latest
agree_latest,en_zh:Anhui Street|安徽街,ANHUI STREET,安徽街,KC,1935-04-26,GN334,Anhui Street,安徽街,1935-04-26,GN334,crowd|1935-gn334-kowloon-streets-10020-1935-04-26,declare,1935-04-26,GN334,crowd|1935-gn334-kowloon-streets-10020-1935-04-26,declare,true,true,true,true,first_equals_latest
agree_latest,en_zh:Apliu Street|鴨寮街,APLIU STREET,鴨寮街,SSP,1927-11-25,GN699,Apliu Street,鴨寮街,1927-11-25,GN699,crowd|1927-gn699-nathan-square-10025-1927-11-25,declare,1927-11-25,GN699,crowd|1927-gn699-nathan-square-10025-1927-11-25,declare,true,true,true,true,first_equals_latest
agree_latest,en_zh:Arran Street|鴉蘭街,ARRAN STREET,鴉蘭街,YTM,1923-09-28,GN411,Arran Street,鴉蘭街,1923-09-28,GN411,crowd|1923-gn411-cheung-sha-wan-road-10029-1923-09-28,declare,1923-09-28,GN411,crowd|1923-gn411-cheung-sha-wan-road-10029-1923-09-28,declare,true,true,true,true,first_equals_latest
agree_latest,en_zh:Ash Street|槐樹街,ASH STREET,槐樹街,阿公岩道,1927-11-25,GN699,Ash Street,槐樹街,1927-11-25,GN699,crowd|1927-gn699-nathan-square-10033-1927-11-25,declare,1927-11-25,GN699,crowd|1927-gn699-nathan-square-10033-1927-11-25,declare,true,true,true,true,first_equals_latest
agree_latest,en:AU PUI WAN STREET,AU PUI WAN STREET,㘭背灣街,ST,1981-08-14,GN2405,Au Pui Wan Street,坳背灣街,1981-08-14,GN2405,crowd|1981-gn2405-au-pui-wan-Au-Pui-Wan-Street-坳背灣街-1981-08-14,rename,1981-08-14,GN2405,crowd|1981-gn2405-au-pui-wan-Au-Pui-Wan-Street-坳背灣街-1981-08-14,rename,true,true,true,true,first_equals_latest
agree_latest,en_zh:Babington Path|巴丙頓道,BABINGTON PATH,巴丙頓道,C&W,1904-01-29,GN59,Babington Path,巴丙頓道,1904-01-29,GN59,crowd|1904-gn59-victoria-road-renames-10038-1904-01-29,rename,1904-01-29,GN59,crowd|1904-gn59-victoria-road-renames-10038-1904-01-29,rename,true,true,true,true,first_equals_latest
agree_latest,en_zh:Baker Court|必嘉圍,BAKER COURT,必嘉圍,KC,1958-06-27,GN865,Baker Court,必嘉圍,1954-02-19,GN208,crowd|1954-gn208-baker-court-Baker-Court-必嘉圍-1954-02-19,declare,1958-06-27,GN865,crowd|1958-gn865-major-streets-Baker-Court-必嘉圍-1958-06-27,declare,false,false,true,true,our_event_count=3
agree_latest,en_zh:Bank Street|銀行街,BANK STREET,銀行街,C&W,1974-07-19,GN1822,Bank Street,銀行街,1974-07-19,GN1822,crowd|1974-gn1822-10042-1974-07-19,declare,1974-07-19,GN1822,crowd|1974-gn1822-10042-1974-07-19,declare,true,true,true,true,first_equals_latest
agree_latest,en_zh:Battery Path|炮台里,BATTERY PATH,炮台里,C&W,1958-06-27,GN865,Battery Path,炮台里,1958-06-27,GN865,crowd|1958-gn865-major-streets-Battery-Path-炮台里-1958-06-27,declare,1958-06-27,GN865,crowd|1958-gn865-major-streets-Battery-Path-炮台里-1958-06-27,declare,true,true,true,true,first_equals_latest
agree_latest,en_zh:Beach Road|海灘道,BEACH ROAD,海灘道,S,1935-04-12,GN302,Beach Road,海灘道,1935-04-12,GN302,crowd|1935-gn302-south-side-streets-10050-1935-04-12,declare,1935-04-12,GN302,crowd|1935-gn302-south-side-streets-10050-1935-04-12,declare,true,true,true,true,first_equals_latest
agree_latest,en_zh:Bedford Road|必發道,BEDFORD ROAD,必發道,YTM,1927-11-25,GN699,Bedford Road,必發道,1927-11-25,GN699,crowd|1927-gn699-nathan-square-10053-1927-11-25,declare,1927-11-25,GN699,crowd|1927-gn699-nathan-square-10053-1927-11-25,declare,true,true,true,true,first_equals_latest
agree_latest,en_zh:Beech Street|櫸樹街,BEECH STREET,櫸樹街,YTM,1927-11-25,GN699,Beech Street,櫸樹街,1927-11-25,GN699,crowd|1927-gn699-nathan-square-10054-1927-11-25,declare,1927-11-25,GN699,crowd|1927-gn699-nathan-square-10054-1927-11-25,declare,true,true,true,true,first_equals_latest
agree_latest,en_zh:Begonia Road|海棠路,BEGONIA ROAD,海棠路,SSP,1953-11-20,GN1420,Begonia Road,海棠路,1953-11-20,GN1420,crowd|1953-gn1420-yau-yat-chuen-Begonia-Road-海棠路-1953-11-20,declare,1953-11-20,GN1420,crowd|1953-gn1420-yau-yat-chuen-Begonia-Road-海棠路-1953-11-20,declare,true,true,true,true,first_equals_latest
agree_latest,en_zh:Bel-air Peak Avenue|貝沙山道,BEL-AIR PEAK AVENUE,貝沙山道,S,2009-02-06,GN851,Bel-Air Peak Avenue,貝沙山道,2009-02-06,GN851,2009-02-06|GN851|0,declare,2009-02-06,GN851,2009-02-06|GN851|0,declare,true,true,true,true,first_equals_latest
agree_latest,en_zh:Big Wave Bay Road|大浪灣道,BIG WAVE BAY ROAD,大浪灣道,S,1935-04-12,GN302,Big Wave Bay Road,大浪灣道,1935-04-12,GN302,crowd|1935-gn302-south-side-streets-10062-1935-04-12,declare,1935-04-12,GN302,crowd|1935-gn302-south-side-streets-10062-1935-04-12,declare,true,true,true,true,first_equals_latest
agree_latest,en_zh:Bijou Drive|璧如徑,BIJOU DRIVE,璧如徑,Is,2000-09-15,GN6058,Bijou Drive,璧如徑,2000-09-15,GN6058,crowd|2000-gn6058-14038,declare,2000-09-15,GN6058,crowd|2000-gn6058-14038,declare,true,true,true,true,first_equals_latest
agree_latest,en_zh:Black's Link|布力徑,BLACK'S LINK,布力徑,WC,1957-11-08,GN1495,Black's Link,布力徑,1904-07-29,GN523,crowd|1904-gn523-black-s-link-10064-1904-07-29,declare,1957-11-08,GN1495,crowd|1957-gn1495-cape-collinson-cluster-Black-s-Link-布力徑-1957-11-08,declare,false,false,true,true,
agree_latest,en_zh:Blenheim Avenue|白蘭軒道,BLENHEIM AVENUE,白蘭軒道,YTM,1935-04-26,GN334,Blenheim Avenue,白蘭軒道,1935-04-26,GN334,crowd|1935-gn334-kowloon-streets-10065-1935-04-26,declare,1935-04-26,GN334,crowd|1935-gn334-kowloon-streets-10065-1935-04-26,declare,true,true,true,true,first_equals_latest
agree_latest,en_zh:Blue Pool Road|藍塘道,BLUE POOL ROAD,藍塘道,WC,1932-10-07,GN635,Blue Pool Road,藍塘道,1932-10-07,GN635,crowd|1932-gn635-south-side-roads-10066-1932-10-07,declare,1932-10-07,GN635,crowd|1932-gn635-south-side-roads-10066-1932-10-07,declare,true,true,true,true,first_equals_latest
agree_latest,en_zh:Bonham Road|般咸道,BONHAM ROAD,般咸道,C&W,1958-06-27,GN865,Bonham Road,般咸道,1958-06-27,GN865,crowd|1958-gn865-major-streets-Bonham-Road-般咸道-1958-06-27,declare,1958-06-27,GN865,crowd|1958-gn865-major-streets-Bonham-Road-般咸道-1958-06-27,declare,true,true,true,true,first_equals_latest
agree_latest,en_zh:Borrett Road|波老道,BORRETT ROAD,波老道,C&W,1936-12-31,GN1027,Borrett Road,波老道,1936-12-31,GN1027,crowd|1936-gn1027-central-streets-10074-1936-12-31,declare,1936-12-31,GN1027,crowd|1936-gn1027-central-streets-10074-1936-12-31,declare,true,true,true,true,first_equals_latest
agree_latest,en_zh:Boundary Street|界限街,BOUNDARY STREET,界限街,KC-YTM-SSP,1929-08-23,GN427,Boundary Street,界限街,1926-04-16,GN202,crowd|1926-gn202-to-kwa-wan-road-10075-1926-04-16,declare,1929-08-23,GN427,crowd|1929-gn427-waterloo-road-10075-1929-08-23,extend,false,false,true,true,our_event_count=4
agree_latest,en_zh:Bowen Road|寶雲道,BOWEN ROAD,寶雲道,C&W-WC,1958-01-03,GN16,Bowen Road,寶雲道,1958-01-03,GN16,crowd|1958-gn16-mid-levels-roads-Bowen-Road-寶雲道-1958-01-03,declare,1958-01-03,GN16,crowd|1958-gn16-mid-levels-roads-Bowen-Road-寶雲道-1958-01-03,declare,true,true,true,true,first_equals_latest
agree_latest,en_zh:Bowring Street|寶靈街,BOWRING STREET,寶靈街,YTM,1909-03-19,GN184,Bowring Street,寶靈街,1909-03-19,GN184,crowd|1909-gn184-safe-10078-1909-03-19,rename,1909-03-19,GN184,crowd|1909-gn184-safe-10078-1909-03-19,rename,true,true,true,true,first_equals_latest
agree_latest,en:BRAGA CIRCUIT,BRAGA CIRCUIT,布力架街,KC,1936-11-06,GN885,Braga Circuit,布力架道,1936-11-06,GN885,crowd|1936-gn885-kadoorie-braga-10083-1936-11-06,declare,1936-11-06,GN885,crowd|1936-gn885-kadoorie-braga-10083-1936-11-06,declare,true,true,true,true,first_equals_latest
agree_latest,en_zh:Brewin Path|蒲魯賢徑,BREWIN PATH,蒲魯賢徑,C&W,1919-09-26,GN450,Brewin Path,蒲魯賢徑,1919-09-26,GN450,crowd|1919-gn450-hk-paths-10086-1919-09-26,declare,1919-09-26,GN450,crowd|1919-gn450-hk-paths-10086-1919-09-26,declare,true,true,true,true,first_equals_latest
agree_latest,en_zh:Briar Avenue|比雅道,BRIAR AVENUE,比雅道,WC,1940-02-07,GN154,Briar Avenue,比雅道,1940-02-07,GN154,crowd|1940-gn154-happy-valley-roads-10087-1940-02-07,declare,1940-02-07,GN154,crowd|1940-gn154-happy-valley-roads-10087-1940-02-07,declare,true,true,true,true,first_equals_latest
agree_latest,en_zh:Bridges Street|必列者士街,BRIDGES STREET,必列者士街,C&W,1958-06-27,GN865,Bridges Street,必列者士街,1958-06-27,GN865,crowd|1958-gn865-major-streets-Bridges-Street-必列者士街-1958-06-27,declare,1958-06-27,GN865,crowd|1958-gn865-major-streets-Bridges-Street-必列者士街-1958-06-27,declare,true,true,true,true,first_equals_latest
agree_latest,en_zh:Bristol Avenue|碧仙桃路,BRISTOL AVENUE,碧仙桃路,YTM,1955-08-19,GN925,Bristol Avenue,碧仙桃路,1955-08-19,GN925,crowd|1955-gn925-bristol-avenue-Bristol-Avenue-碧仙桃路-1955-08-19,declare,1955-08-19,GN925,crowd|1955-gn925-bristol-avenue-Bristol-Avenue-碧仙桃路-1955-08-19,declare,true,true,true,true,first_equals_latest
agree_latest,en_zh:Broadwood Road|樂活道,BROADWOOD ROAD,樂活道,WC,1915-05-21,GN225,Broadwood Road,樂活道,1915-05-21,GN225,crowd|1915-gn225-broadwood-road-10093-1915-05-21,declare,1915-05-21,GN225,crowd|1915-gn225-broadwood-road-10093-1915-05-21,declare,true,true,true,true,first_equals_latest
agree_latest,en_zh:Broom Road|蟠龍道,BROOM ROAD,蟠龍道,WC,1940-02-07,GN154,Broom Road,蟠龍道,1940-02-07,GN154,crowd|1940-gn154-happy-valley-roads-10094-1940-02-07,declare,1940-02-07,GN154,crowd|1940-gn154-happy-valley-roads-10094-1940-02-07,declare,true,true,true,true,first_equals_latest
agree_latest,en:BROWN STREET,BROWN STREET,布朗街,WC,1941-07-18,GN870,Brown Street,寶現街,1941-07-18,GN870,crowd|1941-gn870-tai-hang-streets-10095-1941-07-18,declare,1941-07-18,GN870,crowd|1941-gn870-tai-hang-streets-10095-1941-07-18,declare,true,true,true,true,first_equals_latest
agree_latest,en_zh:Bute Street|弼街,BUTE STREET,弼街,YTM,1980-10-10,GN3244,Bute Street,弼街,1923-09-28,GN411,crowd|1923-gn411-cheung-sha-wan-road-10100-1923-09-28,declare,1980-10-10,GN3244,crowd|1980-gn3244-bute-street-Bute-Street-弼街-1980-10-10,extend,false,false,true,true,
agree_latest,en_zh:Cambridge Road|劍橋道,CAMBRIDGE ROAD,劍橋道,KC,1951-05-18,GN522,Cambridge Road,劍橋道,1951-05-18,GN522,crowd|1951-gn522-kowloon-tong-streets-Cambridge-Road-劍橋道-1951-05-18,declare,1951-05-18,GN522,crowd|1951-gn522-kowloon-tong-streets-Cambridge-Road-劍橋道-1951-05-18,declare,true,true,true,true,first_equals_latest
agree_latest,en_zh:Cameron Lane|金馬倫里,CAMERON LANE,金馬倫里,YTM,1954-08-27,GN1068,Cameron Lane,金馬倫里,1954-08-27,GN1068,crowd|1954-gn1068-cameron-lane-Cameron-Lane-金馬倫里-1954-08-27,declare,1954-08-27,GN1068,crowd|1954-gn1068-cameron-lane-Cameron-Lane-金馬倫里-1954-08-27,declare,true,true,true,true,first_equals_latest
agree_latest,en_zh:Camp Street|營盤街,CAMP STREET,營盤街,SSP,1934-02-09,GN91,Camp Street,營盤街,1934-02-09,GN91,crowd|1934-gn91-cheung-sha-wan-streets-10111-1934-02-09,declare,1934-02-09,GN91,crowd|1934-gn91-cheung-sha-wan-streets-10111-1934-02-09,declare,true,true,true,true,first_equals_latest
agree_latest,en_zh:Canal Road East|堅拿道東,CANAL ROAD EAST,堅拿道東,WC,1929-06-14,GN312,Canal Road East,堅拿道東,1929-06-14,GN312,crowd|1929-gn312-johnston-road-10112-1929-06-14,declare,1929-06-14,GN312,crowd|1929-gn312-johnston-road-10112-1929-06-14,declare,true,true,true,true,first_equals_latest
agree_latest,en_zh:Canal Road West|堅拿道西,CANAL ROAD WEST,堅拿道西,WC,1929-06-14,GN312,Canal Road West,堅拿道西,1929-06-14,GN312,crowd|1929-gn312-johnston-road-10113-1929-06-14,declare,1929-06-14,GN312,crowd|1929-gn312-johnston-road-10113-1929-06-14,declare,true,true,true,true,first_equals_latest
agree_latest,en_zh:Canton Road|廣東道,CANTON ROAD,廣東道,YTM,1956-06-08,GN717,Canton Road,廣東道,1909-03-19,GN184,crowd|1909-gn184-safe-10115-1909-03-19,rename,1956-06-08,GN717,crowd|1956-gn717-yaumatei-hunghom-Canton-Road-廣東道-1956-06-08,extend,false,false,true,true,
agree_latest,en_zh:Cape Collinson Road|歌連臣角道,CAPE COLLINSON ROAD,歌連臣角道,E,1957-11-08,GN1495,Cape Collinson Road,歌連臣角道,1957-11-08,GN1495,crowd|1957-gn1495-cape-collinson-cluster-Cape-Collinson-Road-歌連臣角道-1957-11-08,declare,1957-11-08,GN1495,crowd|1957-gn1495-cape-collinson-cluster-Cape-Collinson-Road-歌連臣角道-1957-11-08,declare,true,true,true,true,first_equals_latest
agree_latest,en_zh:Carnarvon Road|加拿分道,CARNARVON ROAD,加拿分道,YTM,1958-06-27,GN865,Carnarvon Road,加拿分道,1958-06-27,GN865,crowd|1958-gn865-major-streets-Carnarvon-Road-加拿分道-1958-06-27,declare,1958-06-27,GN865,crowd|1958-gn865-major-streets-Carnarvon-Road-加拿分道-1958-06-27,declare,true,true,true,true,first_equals_latest
agree_latest,en:CASSIA ROAD,CASSIA ROAD,高槐路,SSP,1953-11-20,GN1420,Cassia Road,窩梳路,1953-11-20,GN1420,crowd|1953-gn1420-yau-yat-chuen-Cassia-Road-窩梳路-1953-11-20,declare,1953-11-20,GN1420,crowd|1953-gn1420-yau-yat-chuen-Cassia-Road-窩梳路-1953-11-20,declare,true,true,true,true,first_equals_latest
agree_latest,en:CASTLE LANE,CASTLE LANE,衞城里,C&W,1956-09-28,GN1241,Castle Lane,衛城里,1956-09-28,GN1241,crowd|1956-gn1241-castle-lane-Castle-Lane-衛城里-1956-09-28,declare,1956-09-28,GN1241,crowd|1956-gn1241-castle-lane-Castle-Lane-衛城里-1956-09-28,declare,true,true,true,true,first_equals_latest
agree_latest,en_zh:Castle Peak Road|青山道,CASTLE PEAK ROAD,青山道,SSP,1926-04-16,GN201,Castle Peak Road,青山道,1926-04-16,GN201,crowd|1926-gn201-castle-peak-road-Castle-Peak-Road-青山道-1926-04-16,declare,1926-04-16,GN201,crowd|1926-gn201-castle-peak-road-Castle-Peak-Road-青山道-1926-04-16,declare,true,true,true,true,first_equals_latest
agree_latest,en_zh:Catchick Street|吉席街,CATCHICK STREET,吉席街,C&W,1909-03-19,GN184,Catchick Street,吉席街,1909-03-19,GN184,crowd|1909-gn184-safe-10149-1909-03-19,rename,1909-03-19,GN184,crowd|1909-gn184-safe-10149-1909-03-19,rename,true,true,true,true,first_equals_latest
agree_latest,en_zh:Cedar Street|柏樹街,CEDAR STREET,柏樹街,YTM,1927-11-25,GN699,Cedar Street,柏樹街,1927-11-25,GN699,crowd|1927-gn699-nathan-square-10151-1927-11-25,declare,1927-11-25,GN699,crowd|1927-gn699-nathan-square-10151-1927-11-25,declare,true,true,true,true,first_equals_latest
agree_latest,en_zh:Central Kowloon Bypass|中九龍繞道,CENTRAL KOWLOON BYPASS,中九龍繞道,YTM-KC-KT,2025-11-21,GN7381,Central Kowloon Bypass,中九龍繞道,2025-11-21,GN7381,crowd|2025-gn7381-central-kowloon-bypass-14567-2025-11-21,declare,2025-11-21,GN7381,crowd|2025-gn7381-central-kowloon-bypass-14567-2025-11-21,declare,true,true,true,true,first_equals_latest
agree_latest,en_zh:Chai Kek Road|寨乪路,CHAI KEK ROAD,寨乪路,TP,2011-12-02,GN7901,Chai Kek Road,寨乪路,2011-12-02,GN7901,2011-12-02|GN7901|0,declare,2011-12-02,GN7901,2011-12-02|GN7901|0,declare,true,true,true,true,first_equals_latest
agree_latest,en_zh:Chai Wan Road|柴灣道,CHAI WAN ROAD,柴灣道,E,1984-03-30,GN970,Chai Wan Road,柴灣道,1961-08-04,GN1335,crowd|1961-gn1335-island-road-renames-Chai-Wan-Road-柴灣道-1961-08-04,rename,1984-03-30,GN970,crowd|1984-gn970-chai-wan-road-Chai-Wan-Road-柴灣道-1984-03-30,extend,false,false,true,true,
agree_latest,en_zh:Chak Yan Road|澤欣路,CHAK YAN ROAD,澤欣路,TW,2004-12-17,GN8104,Chak Yan Road,澤欣路,2004-12-17,GN8104,crowd|2004-gn8104-14205,declare,2004-12-17,GN8104,crowd|2004-gn8104-14205,declare,true,true,true,true,first_equals_latest
agree_latest,en_zh:Changsha Street|長沙街,CHANGSHA STREET,長沙街,YTM,1909-03-19,GN184,Changsha Street,長沙街,1909-03-19,GN184,crowd|1909-gn184-safe-10161-1909-03-19,rename,1909-03-19,GN184,crowd|1909-gn184-safe-10161-1909-03-19,rename,true,true,true,true,first_equals_latest
agree_latest,en_zh:Chap Wai Kon Street|插桅杆街,CHAP WAI KON STREET,插桅杆街,ST,1982-12-17,GN3954,Chap Wai Kon Street,插桅杆街,1982-12-17,GN3954,crowd|1982-gn3954-sha-tin-Chap-Wai-Kon-Street-插桅杆街-1982-12-17,declare,1982-12-17,GN3954,crowd|1982-gn3954-sha-tin-Chap-Wai-Kon-Street-插桅杆街-1982-12-17,declare,true,true,true,true,first_equals_latest
agree_latest,en_zh:Chater Road|遮打道,CHATER ROAD,遮打道,C&W,1958-06-27,GN865,Chater Road,遮打道,1958-06-27,GN865,crowd|1958-gn865-major-streets-Chater-Road-遮打道-1958-06-27,declare,1958-06-27,GN865,crowd|1958-gn865-major-streets-Chater-Road-遮打道-1958-06-27,declare,true,true,true,true,first_equals_latest
agree_latest,en_zh:Chatham Court|漆咸圍,CHATHAM COURT,漆咸圍,YTM,1949-08-19,GN787,Chatham Court,漆咸圍,1949-08-19,GN787,crowd|1949-gn787-chatham-court-Chatham-Court-漆咸圍-1949-08-19,declare,1949-08-19,GN787,crowd|1949-gn787-chatham-court-Chatham-Court-漆咸圍-1949-08-19,declare,true,true,true,true,first_equals_latest
agree_latest,en_zh:Chatham Path|漆咸徑,CHATHAM PATH,漆咸徑,C&W,1919-09-26,GN450,Chatham Path,漆咸徑,1919-09-26,GN450,crowd|1919-gn450-hk-paths-10165-1919-09-26,declare,1919-09-26,GN450,crowd|1919-gn450-hk-paths-10165-1919-09-26,declare,true,true,true,true,first_equals_latest
agree_latest,en_zh:Chatham Road North|漆咸道北,CHATHAM ROAD NORTH,漆咸道北,KC-YTM,1979-01-12,GN111,Chatham Road North,漆咸道北,1978-10-20,GN2702,crowd|1978-gn2702-kowloon-road-splits-Chatham-Road-North-漆咸道北-1978-10-20,rename,1979-01-12,GN111,crowd|1979-gn111-kowloon-road-splits-Chatham-Road-North-漆咸道北-1979-01-12,rename,false,false,true,true,
agree_latest,en_zh:Chatham Road South|漆咸道南,CHATHAM ROAD SOUTH,漆咸道南,YTM,1979-01-12,GN111,Chatham Road South,漆咸道南,1978-10-20,GN2702,crowd|1978-gn2702-kowloon-road-splits-Chatham-Road-South-漆咸道南-1978-10-20,rename,1979-01-12,GN111,crowd|1979-gn111-kowloon-road-splits-Chatham-Road-South-漆咸道南-1979-01-12,rename,false,false,true,true,
agree_latest,en_zh:Che Fong Street|智芳街,CHE FONG STREET,智芳街,K&T,1974-04-19,GN1023,Che Fong Street,智芳街,1974-04-19,GN1023,crowd|1974-gn1023-kwai-chung-streets-10168-1974-04-19,declare,1974-04-19,GN1023,crowd|1974-gn1023-kwai-chung-streets-10168-1974-04-19,declare,true,true,true,true,first_equals_latest
agree_latest,en_zh:Che Kung Miu Road|車公廟路,CHE KUNG MIU ROAD,車公廟路,ST,1983-12-23,GN3977,Che Kung Miu Road,車公廟路,1981-09-18,GN2794,crowd|1981-gn2794-sha-tin-roads-Che-Kung-Miu-Road-車公廟路-1981-09-18,declare,1983-12-23,GN3977,crowd|1983-gn3977-sha-tin-Che-Kung-Miu-Road-車公廟路-1983-12-23,extend,false,false,true,true,
agree_latest,en_zh:Che Ping Street|車坪街,CHE PING STREET,車坪街,N,1983-04-29,GN1316,Che Ping Street,車坪街,1983-04-29,GN1316,crowd|1983-gn1316-sha-tau-kok-Che-Ping-Street-車坪街-1983-04-29,declare,1983-04-29,GN1316,crowd|1983-gn1316-sha-tau-kok-Che-Ping-Street-車坪街-1983-04-29,declare,true,true,true,true,first_equals_latest
agree_latest,en_zh:Chengtu Road|成都道,CHENGTU ROAD,成都道,S,1941-10-24,GN1261,Chengtu Road,成都道,1941-10-24,GN1261,crowd|1941-gn1261-aberdeen-streets-10171-1941-10-24,declare,1941-10-24,GN1261,crowd|1941-gn1261-aberdeen-streets-10171-1941-10-24,declare,true,true,true,true,first_equals_latest
agree_latest,en_zh:Cheong Hang Lane|暢行里,CHEONG HANG LANE,暢行里,KC,1979-06-22,GN1564,Cheong Hang Lane,暢行里,1979-06-22,GN1564,crowd|1979-gn1564-cheong-hang-lane-Cheong-Hang-Lane-暢行里-1979-06-22,declare,1979-06-22,GN1564,crowd|1979-gn1564-cheong-hang-lane-Cheong-Hang-Lane-暢行里-1979-06-22,declare,true,true,true,true,first_equals_latest
agree_latest,en_zh:Cheong Hang Road|暢行道,CHEONG HANG ROAD,暢行道,KC,1975-07-11,GN1541,Cheong Hang Road,暢行道,1975-07-11,GN1541,crowd|1975-gn1541-hung-hom-streets-Cheong-Hang-Road-暢行道-1975-07-11,declare,1975-07-11,GN1541,crowd|1975-gn1541-hung-hom-streets-Cheong-Hang-Road-暢行道-1975-07-11,declare,true,true,true,true,first_equals_latest
agree_latest,en_zh:Cheong Ming Street|昌明街,CHEONG MING STREET,昌明街,WC,1930-03-07,GN138,Cheong Ming Street,昌明街,1930-03-07,GN138,crowd|1930-gn138-village-road-10175-1930-03-07,declare,1930-03-07,GN138,crowd|1930-gn138-village-road-10175-1930-03-07,declare,true,true,true,true,first_equals_latest
agree_latest,en_zh:Cheong Shing Path|昌盛徑,CHEONG SHING PATH,昌盛徑,YL,1983-06-03,GN1752,Cheong Shing Path,昌盛徑,1983-06-03,GN1752,crowd|1983-gn1752-yuen-long-Cheong-Shing-Path-昌盛徑-1983-06-03,declare,1983-06-03,GN1752,crowd|1983-gn1752-yuen-long-Cheong-Shing-Path-昌盛徑-1983-06-03,declare,true,true,true,true,first_equals_latest
agree_latest,en_zh:Chester Road|志士達道,CHESTER ROAD,志士達道,KC,1950-07-21,GN867,Chester Road,志士達道,1950-07-21,GN867,crowd|1950-gn867-868-869-kowloon-tong-streets-Chester-Road-志士達道-1950-07-21,declare,1950-07-21,GN867,crowd|1950-gn867-868-869-kowloon-tong-streets-Chester-Road-志士達道-1950-07-21,declare,true,true,true,true,first_equals_latest
agree_latest,en_zh:Cheung Chau Electric Path|長洲電廠徑,CHEUNG CHAU ELECTRIC PATH,長洲電廠徑,Is,2008-12-05,GN8315,Cheung Chau Electric Path,長洲電廠徑,2008-12-05,GN8315,2008-12-05|GN8315|0,declare,2008-12-05,GN8315,2008-12-05|GN8315|0,declare,true,true,true,true,first_equals_latest
agree_latest,en_zh:Cheung Fat Street|長發街,CHEUNG FAT STREET,長發街,SSP,1934-02-09,GN91,Cheung Fat Street,長發街,1934-02-09,GN91,crowd|1934-gn91-cheung-sha-wan-streets-10188-1934-02-09,declare,1934-02-09,GN91,crowd|1934-gn91-cheung-sha-wan-streets-10188-1934-02-09,declare,true,true,true,true,first_equals_latest
agree_latest,en_zh:Cheung Hong Street|長康街,CHEUNG HONG STREET,長康街,E,1933-07-28,GN511,Cheung Hong Street,長康街,1933-07-28,GN511,crowd|1933-gn511-north-point-streets-10193-1933-07-28,declare,1933-07-28,GN511,crowd|1933-gn511-north-point-streets-10193-1933-07-28,declare,true,true,true,true,first_equals_latest
agree_latest,en_zh:Cheung Lai Street|長荔街,CHEUNG LAI STREET,長荔街,SSP,1976-06-18,GN1302,Cheung Lai Street,長荔街,1976-06-18,GN1302,crowd|1976-gn1302-cheung-sha-wan-new-streets-Cheung-Lai-Street-長荔街-1976-06-18,declare,1976-06-18,GN1302,crowd|1976-gn1302-cheung-sha-wan-new-streets-Cheung-Lai-Street-長荔街-1976-06-18,declare,true,true,true,true,first_equals_latest
agree_latest,en_zh:Cheung Lek Mei Street|長瀝尾街,CHEUNG LEK MEI STREET,長瀝尾街,ST,1981-06-12,GN1685,Cheung Lek Mei Street,長瀝尾街,1981-06-12,GN1685,crowd|1981-gn1685-fo-tan-streets-Cheung-Lek-Mei-Street-長瀝尾街-1981-06-12,declare,1981-06-12,GN1685,crowd|1981-gn1685-fo-tan-streets-Cheung-Lek-Mei-Street-長瀝尾街-1981-06-12,declare,true,true,true,true,first_equals_latest
agree_latest,en_zh:Cheung Lung Street|長隆街,CHEUNG LUNG STREET,長隆街,K&T,1983-12-02,GN3793,Cheung Lung Street,長隆街,1983-12-02,GN3793,crowd|1983-gn3793-tsing-yi-Cheung-Lung-Street-長隆街-1983-12-02,declare,1983-12-02,GN3793,crowd|1983-gn3793-tsing-yi-Cheung-Lung-Street-長隆街-1983-12-02,declare,true,true,true,true,first_equals_latest
agree_latest,en_zh:Cheung Mou Street|長茂街,CHEUNG MOU STREET,長茂街,SSP,1976-06-18,GN1302,Cheung Mou Street,長茂街,1976-06-18,GN1302,crowd|1976-gn1302-cheung-sha-wan-new-streets-Cheung-Mou-Street-長茂街-1976-06-18,declare,1976-06-18,GN1302,crowd|1976-gn1302-cheung-sha-wan-new-streets-Cheung-Mou-Street-長茂街-1976-06-18,declare,true,true,true,true,first_equals_latest
agree_latest,en_zh:Cheung Ning Street|長寧街,CHEUNG NING STREET,長寧街,KC,1931-02-13,GN86,Cheung Ning Street,長寧街,1931-02-13,GN86,crowd|1931-gn86-tai-hang-lok-shan-10202-1931-02-13,declare,1931-02-13,GN86,crowd|1931-gn86-tai-hang-lok-shan-10202-1931-02-13,declare,true,true,true,true,first_equals_latest
agree_latest,en_zh:Cheung Sha Wan Path|長沙灣徑,CHEUNG SHA WAN PATH,長沙灣徑,SSP,1976-06-18,GN1302,Cheung Sha Wan Path,長沙灣徑,1976-06-18,GN1302,crowd|1976-gn1302-cheung-sha-wan-new-streets-Cheung-Sha-Wan-Path-長沙灣徑-1976-06-18,declare,1976-06-18,GN1302,crowd|1976-gn1302-cheung-sha-wan-new-streets-Cheung-Sha-Wan-Path-長沙灣徑-1976-06-18,declare,true,true,true,true,first_equals_latest
agree_latest,en_zh:Cheung Shan Estate Road East|象山邨東路,CHEUNG SHAN ESTATE ROAD EAST,象山邨東路,TW,1984-01-27,GN287,Cheung Shan Estate Road East,象山邨東路,1984-01-27,GN287,crowd|1984-gn287-tsuen-wan-Cheung-Shan-Estate-Road-East-象山邨東路-1984-01-27,declare,1984-01-27,GN287,crowd|1984-gn287-tsuen-wan-Cheung-Shan-Estate-Road-East-象山邨東路-1984-01-27,declare,true,true,true,true,first_equals_latest
agree_latest,en_zh:Cheung Shun Street|長順街,CHEUNG SHUN STREET,長順街,SSP,1976-06-18,GN1302,Cheung Shun Street,長順街,1976-06-18,GN1302,crowd|1976-gn1302-cheung-sha-wan-new-streets-Cheung-Shun-Street-長順街-1976-06-18,declare,1976-06-18,GN1302,crowd|1976-gn1302-cheung-sha-wan-new-streets-Cheung-Shun-Street-長順街-1976-06-18,declare,true,true,true,true,first_equals_latest
agree_latest,en_zh:Cheung Tai Road|樟大路,CHEUNG TAI ROAD,樟大路,TP,2013-11-01,GN6570,Cheung Tai Road,樟大路,2013-11-01,GN6570,crowd|2013-gn6570-cheung-tai-ka-king-14385-2013-11-01,declare,2013-11-01,GN6570,crowd|2013-gn6570-cheung-tai-ka-king-14385-2013-11-01,declare,true,true,true,true,first_equals_latest
agree_latest,en_zh:Cheung Tat Road|長達路,CHEUNG TAT ROAD,長達路,K&T,1983-12-02,GN3793,Cheung Tat Road,長達路,1983-12-02,GN3793,crowd|1983-gn3793-tsing-yi-Cheung-Tat-Road-長達路-1983-12-02,declare,1983-12-02,GN3793,crowd|1983-gn3793-tsing-yi-Cheung-Tat-Road-長達路-1983-12-02,declare,true,true,true,true,first_equals_latest
agree_latest,en_zh:Cheung Tsing Highway|長青公路,CHEUNG TSING HIGHWAY,長青公路,K&T,2009-12-18,GN7995,Cheung Tsing Highway,長青公路,2009-12-18,GN7995,2009-12-18|GN7995|0,declare,2009-12-18,GN7995,2009-12-18|GN7995|0,declare,true,true,true,true,first_equals_latest
agree_latest,en_zh:Cheung Wah Street|昌華街,CHEUNG WAH STREET,昌華街,SSP,1934-02-09,GN91,Cheung Wah Street,昌華街,1934-02-09,GN91,crowd|1934-gn91-cheung-sha-wan-streets-10215-1934-02-09,declare,1934-02-09,GN91,crowd|1934-gn91-cheung-sha-wan-streets-10215-1934-02-09,declare,true,true,true,true,first_equals_latest
agree_latest,en_zh:Cheung Wan Street|長環街,CHEUNG WAN STREET,長環街,K&T,1979-07-06,GN1702,Cheung Wan Street,長環街,1979-07-06,GN1702,crowd|1979-gn1702-tsing-yi-streets-Cheung-Wan-Street-長環街-1979-07-06,declare,1979-07-06,GN1702,crowd|1979-gn1702-tsing-yi-streets-Cheung-Wan-Street-長環街-1979-07-06,declare,true,true,true,true,first_equals_latest
agree_latest,en_zh:Cheung Yee Street|長義街,CHEUNG YEE STREET,長義街,SSP,1976-06-18,GN1302,Cheung Yee Street,長義街,1976-06-18,GN1302,crowd|1976-gn1302-cheung-sha-wan-new-streets-Cheung-Yee-Street-長義街-1976-06-18,declare,1976-06-18,GN1302,crowd|1976-gn1302-cheung-sha-wan-new-streets-Cheung-Yee-Street-長義街-1976-06-18,declare,true,true,true,true,first_equals_latest
agree_latest,en_zh:Cheung Yue Street|長裕街,CHEUNG YUE STREET,長裕街,SSP,1976-06-18,GN1302,Cheung Yue Street,長裕街,1976-06-18,GN1302,crowd|1976-gn1302-cheung-sha-wan-new-streets-Cheung-Yue-Street-長裕街-1976-06-18,declare,1976-06-18,GN1302,crowd|1976-gn1302-cheung-sha-wan-new-streets-Cheung-Yue-Street-長裕街-1976-06-18,declare,true,true,true,true,first_equals_latest
agree_latest,en_zh:Chi Fu Close|置富徑,CHI FU CLOSE,置富徑,S,1979-05-11,GN1195,Chi Fu Close,置富徑,1979-05-11,GN1195,crowd|1979-gn1195-chi-fu-streets-Chi-Fu-Close-置富徑-1979-05-11,declare,1979-05-11,GN1195,crowd|1979-gn1195-chi-fu-streets-Chi-Fu-Close-置富徑-1979-05-11,declare,true,true,true,true,first_equals_latest
agree_latest,en_zh:Chi Fu Road|置富道,CHI FU ROAD,置富道,S,1979-05-11,GN1195,Chi Fu Road,置富道,1979-05-11,GN1195,crowd|1979-gn1195-chi-fu-streets-Chi-Fu-Road-置富道-1979-05-11,declare,1979-05-11,GN1195,crowd|1979-gn1195-chi-fu-streets-Chi-Fu-Road-置富道-1979-05-11,declare,true,true,true,true,first_equals_latest
agree_latest,en_zh:Chi Man Street|治民街,CHI MAN STREET,治民街,KC-YTM,1974-11-29,GN3037,Chi Man Street,治民街,1974-11-29,GN3037,crowd|1974-gn3037-10229,declare,1974-11-29,GN3037,crowd|1974-gn3037-10229,declare,true,true,true,true,first_equals_latest
agree_latest,en_zh:Chi Tin Street|智田街,CHI TIN STREET,智田街,KT,2023-07-28,GN4517,Chi Tin Street,智田街,2023-07-28,GN4517,2023-07-28|GN4517|0,declare,2023-07-28,GN4517,2023-07-28|GN4517|0,declare,true,true,true,true,first_equals_latest
agree_latest,en:CHI WO STREET,CHI WO STREET,志和街,YTM,1920-09-17,GN483,Chi Wo Street,致和街,1920-09-17,GN483,crowd|1920-gn483-chi-wo-street-10231-1920-09-17,declare,1920-09-17,GN483,crowd|1920-gn483-chi-wo-street-10231-1920-09-17,declare,true,true,true,true,first_equals_latest
agree_latest,en_zh:Chik Chuen Street|積存街,CHIK CHUEN STREET,積存街,ST,1981-01-16,GN182,Chik Chuen Street,積存街,1981-01-16,GN182,crowd|1981-gn182-chik-chuen-street-Chik-Chuen-Street-積存街-1981-01-16,declare,1981-01-16,GN182,crowd|1981-gn182-chik-chuen-street-Chik-Chuen-Street-積存街-1981-01-16,declare,true,true,true,true,first_equals_latest
agree_latest,en_zh:Chik Fai Street|積輝街,CHIK FAI STREET,積輝街,ST,1984-06-15,GN1737,Chik Fai Street,積輝街,1984-06-15,GN1737,crowd|1984-gn1737-sha-tin-Chik-Fai-Street-積輝街-1984-06-15,declare,1984-06-15,GN1737,crowd|1984-gn1737-sha-tin-Chik-Fai-Street-積輝街-1984-06-15,declare,true,true,true,true,first_equals_latest
agree_latest,en_zh:Chik Wan Street|積運街,CHIK WAN STREET,積運街,ST,1984-06-15,GN1737,Chik Wan Street,積運街,1984-06-15,GN1737,crowd|1984-gn1737-sha-tin-Chik-Wan-Street-積運街-1984-06-15,declare,1984-06-15,GN1737,crowd|1984-gn1737-sha-tin-Chik-Wan-Street-積運街-1984-06-15,declare,true,true,true,true,first_equals_latest
agree_latest,en_zh:Ching Hiu Road|清曉路,CHING HIU ROAD,清曉路,N,2003-07-11,GN4729,Ching Hiu Road,清曉路,2003-07-11,GN4729,crowd|2003-gn4729-14164,declare,2003-07-11,GN4729,crowd|2003-gn4729-14164,declare,true,true,true,true,first_equals_latest
agree_latest,en_zh:Ching Lai Road|澄麗路,CHING LAI ROAD,澄麗路,TM,2019-03-01,GN1657,Ching Lai Road,澄麗路,2019-03-01,GN1657,2019-03-01|GN1657|0,declare,2019-03-01,GN1657,2019-03-01|GN1657|0,declare,true,true,true,true,first_equals_latest
agree_latest,en:CHING LIN TERRACE,CHING LIN TERRACE,青蓮臺,C&W,1926-01-29,GN46,Ching Lin Terrace,青蓮台,1926-01-29,GN46,crowd|1926-gn46-mount-cameron-road-10249-1926-01-29,declare,1926-01-29,GN46,crowd|1926-gn46-mount-cameron-road-10249-1926-01-29,declare,true,true,true,true,first_equals_latest
agree_latest,en_zh:Ching Sau Lane|靜修里,CHING SAU LANE,靜修里,S,1979-01-12,GN112,Ching Sau Lane,靜修里,1979-01-12,GN112,crowd|1979-gn112-ching-sau-lane-Ching-Sau-Lane-靜修里-1979-01-12,declare,1979-01-12,GN112,crowd|1979-gn112-ching-sau-lane-Ching-Sau-Lane-靜修里-1979-01-12,declare,true,true,true,true,first_equals_latest
agree_latest,en_zh:Ching Wah Street|清華街,CHING WAH STREET,清華街,E,1949-01-28,GN99,Ching Wah Street,清華街,1949-01-28,GN99,crowd|1949-gn99-ching-wah-street-Ching-Wah-Street-清華街-1949-01-28,declare,1949-01-28,GN99,crowd|1949-gn99-ching-wah-street-Ching-Wah-Street-清華街-1949-01-28,declare,true,true,true,true,first_equals_latest
agree_latest,en_zh:Ching Yu Path|菁裕徑,CHING YU PATH,菁裕徑,YL,2017-10-13,GN7595,Ching Yu Path,菁裕徑,2017-10-13,GN7595,2017-10-13|GN7595|0,declare,2017-10-13,GN7595,2017-10-13|GN7595|0,declare,true,true,true,true,first_equals_latest
agree_latest,en_zh:Choi Fung Path|彩鳳徑,CHOI FUNG PATH,彩鳳徑,WTS,1983-08-12,GN2625,Choi Fung Path,彩鳳徑,1983-08-12,GN2625,crowd|1983-gn2625-choi-fung-path-Choi-Fung-Path-彩鳳徑-1983-08-12,declare,1983-08-12,GN2625,crowd|1983-gn2625-choi-fung-path-Choi-Fung-Path-彩鳳徑-1983-08-12,declare,true,true,true,true,first_equals_latest
agree_latest,en_zh:Choi Hei Road|彩禧路,CHOI HEI ROAD,彩禧路,KT,2000-07-21,GN4745,Choi Hei Road,彩禧路,2000-07-21,GN4745,crowd|2000-gn4745-14033,declare,2000-07-21,GN4745,crowd|2000-gn4745-14033,declare,true,true,true,true,first_equals_latest
agree_latest,en_zh:Choi Hung Road|彩虹道,CHOI HUNG ROAD,彩虹道,WTS,1959-05-29,GN738,Choi Hung Road,彩虹道,1959-05-29,GN738,crowd|1959-gn738-prince-edward-choi-hung-Choi-Hung-Road-彩虹道-1959-05-29,declare,1959-05-29,GN738,crowd|1959-gn738-prince-edward-choi-hung-Choi-Hung-Road-彩虹道-1959-05-29,declare,true,true,true,true,first_equals_latest
agree_latest,en_zh:Choi Lung Street|彩隆街,CHOI LUNG STREET,彩隆街,N,2025-10-10,GN6447,Choi Lung Street,彩隆街,2025-10-10,GN6447,2025-10-10|GN6447|0,declare,2025-10-10,GN6447,2025-10-10|GN6447|0,declare,true,true,true,true,first_equals_latest
agree_latest,en_zh:Choi Shing Lane|彩盛里,CHOI SHING LANE,彩盛里,KT,2018-02-02,GN650,Choi Shing Lane,彩盛里,2018-02-02,GN650,2018-02-02|GN650|0,declare,2018-02-02,GN650,2018-02-02|GN650|0,declare,true,true,true,true,first_equals_latest
agree_latest,en_zh:Choi Tip Street|彩蝶街,CHOI TIP STREET,彩蝶街,TP,2021-09-30,GN6129,Choi Tip Street,彩蝶街,2021-09-30,GN6129,2021-09-30|GN6129|0,declare,2021-09-30,GN6129,2021-09-30|GN6129|0,declare,true,true,true,true,first_equals_latest
agree_latest,en_zh:Choi Wing Lane|彩榮里,CHOI WING LANE,彩榮里,KT,2010-07-16,GN4562,Choi Wing Lane,彩榮里,2010-07-16,GN4562,2010-07-16|GN4562|2,declare,2010-07-16,GN4562,2010-07-16|GN4562|2,declare,true,true,true,true,first_equals_latest
agree_latest,en_zh:Chong San Road|創新路,CHONG SAN ROAD,創新路,TP-ST,2005-10-21,GN5456,Chong San Road,創新路,2005-10-21,GN5456,crowd|2005-gn5456-fo-chong-san-roads-14230-2005-10-21,declare,2005-10-21,GN5456,crowd|2005-gn5456-fo-chong-san-roads-14230-2005-10-21,declare,true,true,true,true,first_equals_latest
agree_latest,en_zh:Chui Fuk Road|翠福路,CHUI FUK ROAD,翠福路,TM,2018-03-29,GN2325,Chui Fuk Road,翠福路,2018-03-29,GN2325,2018-03-29|GN2325|0,declare,2018-03-29,GN2325,2018-03-29|GN2325|0,declare,true,true,true,true,first_equals_latest
agree_latest,en_zh:Chui Tin Street|翠田街,CHUI TIN STREET,翠田街,ST,1984-03-09,GN708,Chui Tin Street,翠田街,1984-03-09,GN708,crowd|1984-gn708-sha-tin-Chui-Tin-Street-翠田街-1984-03-09,declare,1984-03-09,GN708,crowd|1984-gn708-sha-tin-Chui-Tin-Street-翠田街-1984-03-09,declare,true,true,true,true,first_equals_latest
agree_latest,en_zh:Chun Chi Lane North|振翅里北,CHUN CHI LANE NORTH,振翅里北,KC,2017-03-03,GN1160,Chun Chi Lane North,振翅里北,2017-03-03,GN1160,2017-03-03|GN1160|0,declare,2017-03-03,GN1160,2017-03-03|GN1160|0,declare,true,true,true,true,first_equals_latest
agree_latest,en_zh:Chun Chi Lane South|振翅里南,CHUN CHI LANE SOUTH,振翅里南,KC,2017-03-03,GN1160,Chun Chi Lane South,振翅里南,2017-03-03,GN1160,2017-03-03|GN1160|1,declare,2017-03-03,GN1160,2017-03-03|GN1160|1,declare,true,true,true,true,first_equals_latest
agree_latest,en_zh:Chun Wah Road|振華道,CHUN WAH ROAD,振華道,KT,1984-03-02,GN665,Chun Wah Road,振華道,1957-10-11,GN1367,crowd|1957-gn1367-chuk-yuen-ngau-tau-kok-Chun-Wah-Road-振華道-1957-10-11,declare,1984-03-02,GN665,crowd|1984-gn665-chun-wah-road-Chun-Wah-Road-振華道-1984-03-02,declare,false,false,true,true,
agree_latest,en_zh:Chun Wing Street|振榮街,CHUN WING STREET,振榮街,YTM,1954-12-24,GN1562,Chun Wing Street,振榮街,1954-12-24,GN1562,crowd|1954-gn1562-tai-kok-tsui-waterfront-Chun-Wing-Street-振榮街-1954-12-24,declare,1954-12-24,GN1562,crowd|1954-gn1562-tai-kok-tsui-waterfront-Chun-Wing-Street-振榮街-1954-12-24,declare,true,true,true,true,first_equals_latest
agree_latest,en_zh:Chun Yan Street|親仁街,CHUN YAN STREET,親仁街,WTS,1983-07-29,GN2420,Chun Yan Street,親仁街,1983-07-29,GN2420,crowd|1983-gn2420-chun-yan-street-Chun-Yan-Street-親仁街-1983-07-29,extend,1983-07-29,GN2420,crowd|1983-gn2420-chun-yan-street-Chun-Yan-Street-親仁街-1983-07-29,extend,true,true,true,true,first_equals_latest
agree_latest,en_zh:Chun Yeung Street|春秧街,CHUN YEUNG STREET,春秧街,E,1933-07-28,GN511,Chun Yeung Street,春秧街,1933-07-28,GN511,crowd|1933-gn511-north-point-streets-10285-1933-07-28,declare,1933-07-28,GN511,crowd|1933-gn511-north-point-streets-10285-1933-07-28,declare,true,true,true,true,first_equals_latest
agree_latest,en_zh:Chun Yi Lane|真義里,CHUN YI LANE,真義里,YTM,1974-11-29,GN3038,Chun Yi Lane,真義里,1974-11-29,GN3038,crowd|1974-gn3038-10286,declare,1974-11-29,GN3038,crowd|1974-gn3038-10286,declare,true,true,true,true,first_equals_latest
agree_latest,en_zh:Chung Hing Street|中興街,CHUNG HING STREET,中興街,Is,1983-08-12,GN2627,Chung Hing Street,中興街,1983-08-12,GN2627,crowd|1983-gn2627-cheung-chau-Chung-Hing-Street-中興街-1983-08-12,declare,1983-08-12,GN2627,crowd|1983-gn2627-cheung-chau-Chung-Hing-Street-中興街-1983-08-12,declare,true,true,true,true,first_equals_latest
agree_latest,en_zh:Chung Man Street|忠民街,CHUNG MAN STREET,忠民街,KC,1974-11-29,GN3037,Chung Man Street,忠民街,1974-11-29,GN3037,crowd|1974-gn3037-10295,declare,1974-11-29,GN3037,crowd|1974-gn3037-10295,declare,true,true,true,true,first_equals_latest
agree_latest,en:CHUNG SING PATH,CHUNG SING PATH,鐘聲徑,YL,1983-06-03,GN1752,Chung Sing Path,鍾聲徑,1983-06-03,GN1752,crowd|1983-gn1752-yuen-long-Chung-Sing-Path-鍾聲徑-1983-06-03,declare,1983-06-03,GN1752,crowd|1983-gn1752-yuen-long-Chung-Sing-Path-鍾聲徑-1983-06-03,declare,true,true,true,true,first_equals_latest
agree_latest,en_zh:Chung Sun Street|忠信街,CHUNG SUN STREET,忠信街,KC,1959-05-15,GN670,Chung Sun Street,忠信街,1959-05-15,GN670,crowd|1959-gn670-to-kwa-wan-streets-Chung-Sun-Street-忠信街-1959-05-15,declare,1959-05-15,GN670,crowd|1959-gn670-to-kwa-wan-streets-Chung-Sun-Street-忠信街-1959-05-15,declare,true,true,true,true,first_equals_latest
agree_latest,en_zh:Chung Ying Street|中英街,CHUNG YING STREET,中英街,N,1983-04-29,GN1316,Chung Ying Street,中英街,1983-04-29,GN1316,crowd|1983-gn1316-sha-tau-kok-Chung-Ying-Street-中英街-1983-04-29,declare,1983-04-29,GN1316,crowd|1983-gn1316-sha-tau-kok-Chung-Ying-Street-中英街-1983-04-29,declare,true,true,true,true,first_equals_latest
agree_latest,en_zh:Cliff Road|石壁道,CLIFF ROAD,石壁道,YTM,1935-02-22,GN139,Cliff Road,石壁道,1935-02-22,GN139,crowd|1935-gn139-cliff-road-10315-1935-02-22,declare,1935-02-22,GN139,crowd|1935-gn139-cliff-road-10315-1935-02-22,declare,true,true,true,true,first_equals_latest
agree_latest,en_zh:Clovelly Path|高化利徑,CLOVELLY PATH,高化利徑,C&W,1919-09-26,GN450,Clovelly Path,高化利徑,1919-09-26,GN450,crowd|1919-gn450-hk-paths-10317-1919-09-26,declare,1919-09-26,GN450,crowd|1919-gn450-hk-paths-10317-1919-09-26,declare,true,true,true,true,first_equals_latest
agree_latest,en_zh:Club Street|會所街,CLUB STREET,會所街,C&W,1935-04-12,GN302,Club Street,會所街,1935-04-12,GN302,crowd|1935-gn302-south-side-streets-10318-1935-04-12,declare,1935-04-12,GN302,crowd|1935-gn302-south-side-streets-10318-1935-04-12,declare,true,true,true,true,first_equals_latest
agree_latest,en_zh:College Road|書院道,COLLEGE ROAD,書院道,KC,1958-02-07,GN184,College Road,書院道,1935-03-01,GN165,crowd|1935-gn165-kowloon-tong-streets-10320-1935-03-01,declare,1958-02-07,GN184,crowd|1958-gn184-college-nga-tsin-wai-College-Road-書院道-1958-02-07,extend,false,false,true,true,
agree_latest,en_zh:Comfort Terrace|康福臺,COMFORT TERRACE,康福臺,E,1952-11-28,GN1363,Comfort Terrace,康福臺,1952-11-28,GN1363,crowd|1952-gn1363-comfort-terrace-Comfort-Terrace-康福臺-1952-11-28,declare,1952-11-28,GN1363,crowd|1952-gn1363-comfort-terrace-Comfort-Terrace-康福臺-1952-11-28,declare,true,true,true,true,first_equals_latest
agree_latest,en_zh:Conduit Road|干德道,CONDUIT ROAD,干德道,C&W,1976-09-24,GN2119,Conduit Road,干德道,1976-09-24,GN2119,crowd|1976-gn2119-2120-zh-renames-Conduit-Road-干德道-1976-09-24,rename,1976-09-24,GN2119,crowd|1976-gn2119-2120-zh-renames-Conduit-Road-干德道-1976-09-24,rename,true,true,true,true,first_equals_latest
agree_latest,en_zh:Cooper Road|谷柏道,COOPER ROAD,谷柏道,WC,1954-06-25,GN765,Cooper Road,谷柏道,1954-06-25,GN765,crowd|1954-gn765-jardine-lookout-Cooper-Road-谷柏道-1954-06-25,declare,1954-06-25,GN765,crowd|1954-gn765-jardine-lookout-Cooper-Road-谷柏道-1954-06-25,declare,true,true,true,true,first_equals_latest
agree_latest,en_zh:Costa Avenue|海堤徑,COSTA AVENUE,海堤徑,Is,2000-09-15,GN6058,Costa Avenue,海堤徑,2000-09-15,GN6058,crowd|2000-gn6058-14039,declare,2000-09-15,GN6058,crowd|2000-gn6058-14039,declare,true,true,true,true,first_equals_latest
agree_latest,en_zh:Creasy Road|祈禮士道,CREASY ROAD,祈禮士道,WC,1954-09-17,GN1151,Creasy Road,祈禮士道,1954-09-17,GN1151,crowd|1954-gn1151-creasy-road-zh-Creasy-Road-祈禮士道-1954-09-17,declare,1954-09-17,GN1151,crowd|1954-gn1151-creasy-road-zh-Creasy-Road-祈禮士道-1954-09-17,declare,true,true,true,true,first_equals_latest
agree_latest,en_zh:Cumberland Road|金巴倫道,CUMBERLAND ROAD,金巴倫道,KC,1929-08-23,GN427,Cumberland Road,金巴倫道,1929-08-23,GN427,crowd|1929-gn427-waterloo-road-10351-1929-08-23,declare,1929-08-23,GN427,crowd|1929-gn427-waterloo-road-10351-1929-08-23,declare,true,true,true,true,first_equals_latest
agree_latest,en_zh:Dai Cheong Street|大昌街,DAI CHEONG STREET,大昌街,TP,1980-08-08,GN2486,Dai Cheong Street,大昌街,1980-08-08,GN2486,crowd|1980-gn2486-tai-po-dai-streets-Dai-Cheong-Street-大昌街-1980-08-08,declare,1980-08-08,GN2486,crowd|1980-gn2486-tai-po-dai-streets-Dai-Cheong-Street-大昌街-1980-08-08,declare,true,true,true,true,first_equals_latest
agree_latest,en_zh:Dai Fu Street|大富街,DAI FU STREET,大富街,TP,1980-08-08,GN2486,Dai Fu Street,大富街,1979-04-20,GN1002,crowd|1979-gn1002-tai-po-industrial-estate-Dai-Fu-Street-大富街-1979-04-20,declare,1980-08-08,GN2486,crowd|1980-gn2486-tai-po-dai-streets-Dai-Fu-Street-大富街-1980-08-08,extend,false,false,true,true,
agree_latest,en_zh:Dai Kwai Street|大貴街,DAI KWAI STREET,大貴街,TP,1980-08-08,GN2486,Dai Kwai Street,大貴街,1979-04-20,GN1002,crowd|1979-gn1002-tai-po-industrial-estate-Dai-Kwai-Street-大貴街-1979-04-20,declare,1980-08-08,GN2486,crowd|1980-gn2486-tai-po-dai-streets-Dai-Kwai-Street-大貴街-1980-08-08,extend,false,false,true,true,
agree_latest,en_zh:Dai Li Street|大利街,DAI LI STREET,大利街,TP,1979-04-20,GN1002,Dai Li Street,大利街,1979-04-20,GN1002,crowd|1979-gn1002-tai-po-industrial-estate-Dai-Li-Street-大利街-1979-04-20,declare,1979-04-20,GN1002,crowd|1979-gn1002-tai-po-industrial-estate-Dai-Li-Street-大利街-1979-04-20,declare,true,true,true,true,first_equals_latest
agree_latest,en_zh:Dai Pang Street|大鵬街,DAI PANG STREET,大鵬街,TP,1980-08-08,GN2486,Dai Pang Street,大鵬街,1980-08-08,GN2486,crowd|1980-gn2486-tai-po-dai-streets-Dai-Pang-Street-大鵬街-1980-08-08,declare,1980-08-08,GN2486,crowd|1980-gn2486-tai-po-dai-streets-Dai-Pang-Street-大鵬街-1980-08-08,declare,true,true,true,true,first_equals_latest
agree_latest,en_zh:Dai Shing Street|大盛街,DAI SHING STREET,大盛街,TP,1980-08-08,GN2486,Dai Shing Street,大盛街,1980-08-08,GN2486,crowd|1980-gn2486-tai-po-dai-streets-Dai-Shing-Street-大盛街-1980-08-08,declare,1980-08-08,GN2486,crowd|1980-gn2486-tai-po-dai-streets-Dai-Shing-Street-大盛街-1980-08-08,declare,true,true,true,true,first_equals_latest
agree_latest,en_zh:Dai Shun Street|大順街,DAI SHUN STREET,大順街,TP,1980-08-08,GN2486,Dai Shun Street,大順街,1979-04-20,GN1002,crowd|1979-gn1002-tai-po-industrial-estate-Dai-Shun-Street-大順街-1979-04-20,declare,1980-08-08,GN2486,crowd|1980-gn2486-tai-po-dai-streets-Dai-Shun-Street-大順街-1980-08-08,extend,false,false,true,true,
agree_latest,en_zh:Dai Wang Street|大宏街,DAI WANG STREET,大宏街,TP,1980-08-08,GN2486,Dai Wang Street,大宏街,1980-08-08,GN2486,crowd|1980-gn2486-tai-po-dai-streets-Dai-Wang-Street-大宏街-1980-08-08,declare,1980-08-08,GN2486,crowd|1980-gn2486-tai-po-dai-streets-Dai-Wang-Street-大宏街-1980-08-08,declare,true,true,true,true,first_equals_latest
agree_latest,en_zh:Deep Water Bay Road|深水灣道,DEEP WATER BAY ROAD,深水灣道,S-WC,1950-01-06,GN28,Deep Water Bay Road,深水灣道,1937-09-24,GN682,crowd|1937-gn682-island-roads-10371-1937-09-24,declare,1950-01-06,GN28,crowd|1950-gn28-deep-water-bay-road-Deep-Water-Bay-Road-深水灣道-1950-01-06,extend,false,false,true,true,
agree_latest,en:DERBY ROAD,DERBY ROAD,打比道,KC,1939-04-28,GN341,Derby Road,多庇道,1939-04-28,GN341,crowd|1939-gn341-kowloon-tong-roads-10373-1939-04-28,declare,1939-04-28,GN341,crowd|1939-gn341-kowloon-tong-roads-10373-1939-04-28,declare,true,true,true,true,first_equals_latest
agree_latest,en_zh:Devon Road|德雲道,DEVON ROAD,德雲道,KC,1929-08-23,GN427,Devon Road,德雲道,1929-08-23,GN427,crowd|1929-gn427-waterloo-road-10376-1929-08-23,declare,1929-08-23,GN427,crowd|1929-gn427-waterloo-road-10376-1929-08-23,declare,true,true,true,true,first_equals_latest
agree_latest,en_zh:Dianthus Road|石竹路,DIANTHUS ROAD,石竹路,SSP,1960-03-04,GN368,Dianthus Road,石竹路,1953-11-20,GN1420,crowd|1953-gn1420-yau-yat-chuen-Dianthus-Road-石竹路-1953-11-20,declare,1960-03-04,GN368,crowd|1960-gn368-tin-kwong-dianthus-Dianthus-Road-石竹路-1960-03-04,declare,false,false,true,true,
agree_latest,en_zh:Discovery Peak Road|愉峰道,DISCOVERY PEAK ROAD,愉峰道,IS,2021-06-11,GN3565,Discovery Peak Road,愉峰道,2021-06-11,GN3565,2021-06-11|GN3565|0,declare,2021-06-11,GN3565,2021-06-11|GN3565|0,declare,true,true,true,true,first_equals_latest
agree_latest,en_zh:Dorset Crescent|多實街,DORSET CRESCENT,多實街,KC,1929-08-23,GN427,Dorset Crescent,多實街,1929-08-23,GN427,crowd|1929-gn427-waterloo-road-10382-1929-08-23,declare,1929-08-23,GN427,crowd|1929-gn427-waterloo-road-10382-1929-08-23,declare,true,true,true,true,first_equals_latest
agree_latest,en:DRAGON ROAD,DRAGON ROAD,皇龍道,WC,1930-11-28,GN708,Dragon Road,黃龍道,1930-11-28,GN708,crowd|1930-gn708-dragon-road-10385-1930-11-28,declare,1930-11-28,GN708,crowd|1930-gn708-dragon-road-10385-1930-11-28,declare,true,true,true,true,first_equals_latest
agree_latest,en_zh:Drake Street|德立街,DRAKE STREET,德立街,C&W,1980-11-28,GN3730,Drake Street,德立街,1980-11-28,GN3730,crowd|1980-gn3730-admiralty-streets-Drake-Street-德立街-1980-11-28,declare,1980-11-28,GN3730,crowd|1980-gn3730-admiralty-streets-Drake-Street-德立街-1980-11-28,declare,true,true,true,true,first_equals_latest
agree_latest,en_zh:Duke Street|公爵街,DUKE STREET,公爵街,KC,1929-06-21,GN331,Duke Street,公爵街,1929-06-21,GN331,crowd|1929-gn331-boundary-street-10389-1929-06-21,declare,1929-06-21,GN331,crowd|1929-gn331-boundary-street-10389-1929-06-21,declare,true,true,true,true,first_equals_latest
agree_latest,en_zh:Dumbarton Road|東寶庭道,DUMBARTON ROAD,東寶庭道,KC,1950-07-28,GN900,Dumbarton Road,東寶庭道,1950-07-28,GN900,crowd|1950-gn900-kowloon-streets-Dumbarton-Road-東寶庭道-1950-07-28,declare,1950-07-28,GN900,crowd|1950-gn900-kowloon-streets-Dumbarton-Road-東寶庭道-1950-07-28,declare,true,true,true,true,first_equals_latest
agree_latest,en_zh:Dunbar Road|登巴道,DUNBAR ROAD,登巴道,KC,1951-06-15,GN636,Dunbar Road,登巴道,1951-06-15,GN636,crowd|1951-gn636-dunbar-road-Dunbar-Road-登巴道-1951-06-15,declare,1951-06-15,GN636,crowd|1951-gn636-dunbar-road-Dunbar-Road-登巴道-1951-06-15,declare,true,true,true,true,first_equals_latest
agree_latest,en_zh:Durham Road|對衡道,DURHAM ROAD,對衡道,KC,1951-05-18,GN522,Durham Road,對衡道,1951-05-18,GN522,crowd|1951-gn522-kowloon-tong-streets-Durham-Road-對衡道-1951-05-18,declare,1951-05-18,GN522,crowd|1951-gn522-kowloon-tong-streets-Durham-Road-對衡道-1951-05-18,declare,true,true,true,true,first_equals_latest
agree_latest,en_zh:Dyer Avenue|戴亞街,DYER AVENUE,戴亞街,KC,1930-01-17,GN38,Dyer Avenue,戴亞街,1930-01-17,GN38,crowd|1930-gn38-dyer-avenue-10395-1930-01-17,declare,1930-01-17,GN38,crowd|1930-gn38-dyer-avenue-10395-1930-01-17,declare,true,true,true,true,first_equals_latest
agree_latest,en_zh:Earl Street|伯爵街,EARL STREET,伯爵街,KC,1935-04-26,GN334,Earl Street,伯爵街,1935-04-26,GN334,crowd|1935-gn334-kowloon-streets-10396-1935-04-26,declare,1935-04-26,GN334,crowd|1935-gn334-kowloon-streets-10396-1935-04-26,declare,true,true,true,true,first_equals_latest
agree_latest,en_zh:East Embankment|東堤,EAST EMBANKMENT,東堤,E,1957-08-23,GN1179,East Embankment,東堤,1957-08-23,GN1179,crowd|1957-gn1179-harbour-embankments-East-Embankment-東堤-1957-08-23,declare,1957-08-23,GN1179,crowd|1957-gn1179-harbour-embankments-East-Embankment-東堤-1957-08-23,declare,true,true,true,true,first_equals_latest
agree_latest,en_zh:East Point Road|東角道,EAST POINT ROAD,東角道,WC,1954-06-04,GN673,East Point Road,東角道,1954-06-04,GN673,crowd|1954-gn673-java-east-point-East-Point-Road-東角道-1954-06-04,declare,1954-06-04,GN673,crowd|1954-gn673-java-east-point-East-Point-Road-東角道-1954-06-04,declare,true,true,true,true,first_equals_latest
agree_latest,en_zh:Edinburgh Place|愛丁堡廣場,EDINBURGH PLACE,愛丁堡廣場,C&W,2009-12-04,GN7642,Edinburgh Place,愛丁堡廣場,1961-07-21,GN1210,crowd|1961-gn1210-edinburgh-place-Edinburgh-Place-愛丁堡廣場-1961-07-21,declare,2009-12-04,GN7642,2009-12-04|GN7642|1,declare,false,false,true,true,
agree_latest,en_zh:Electric Road|電氣道,ELECTRIC ROAD,電氣道,E-WC,1959-11-20,GN1608,Electric Road,電氣道,1935-06-21,GN490,crowd|1935-gn490-causeway-bay-roads-10406-1935-06-21,declare,1959-11-20,GN1608,crowd|1959-gn1608-north-point-roads-Electric-Road-電氣道-1959-11-20,extend,false,false,true,true,
agree_latest,en_zh:Electric Street|電氣街,ELECTRIC STREET,電氣街,WC,1929-03-15,GN140,Electric Street,電氣街,1929-03-15,GN140,crowd|1929-gn140-electric-street-10407-1929-03-15,declare,1929-03-15,GN140,crowd|1929-gn140-electric-street-10407-1929-03-15,declare,true,true,true,true,first_equals_latest
agree_latest,en_zh:Elm Street|榆樹街,ELM STREET,榆樹街,YTM,1927-11-25,GN699,Elm Street,榆樹街,1927-11-25,GN699,crowd|1927-gn699-nathan-square-10411-1927-11-25,declare,1927-11-25,GN699,crowd|1927-gn699-nathan-square-10411-1927-11-25,declare,true,true,true,true,first_equals_latest
agree_latest,en_zh:Embankment Road|基堤道,EMBANKMENT ROAD,基堤道,KC,1929-06-21,GN331,Embankment Road,基堤道,1929-06-21,GN331,crowd|1929-gn331-boundary-street-10412-1929-06-21,declare,1929-06-21,GN331,crowd|1929-gn331-boundary-street-10412-1929-06-21,declare,true,true,true,true,first_equals_latest
agree_latest,en_zh:Essex Crescent|雅息士道,ESSEX CRESCENT,雅息士道,KC,1929-08-23,GN427,Essex Crescent,雅息士道,1929-08-23,GN427,crowd|1929-gn427-waterloo-road-10414-1929-08-23,declare,1929-08-23,GN427,crowd|1929-gn427-waterloo-road-10414-1929-08-23,declare,true,true,true,true,first_equals_latest
agree_latest,en_zh:Ezra's Lane|伊沙里,EZRA'S LANE,伊沙里,C&W,1958-06-27,GN865,Ezra's Lane,伊沙里,1958-06-27,GN865,crowd|1958-gn865-major-streets-Ezra-s-Lane-伊沙里-1958-06-27,declare,1958-06-27,GN865,crowd|1958-gn865-major-streets-Ezra-s-Lane-伊沙里-1958-06-27,declare,true,true,true,true,first_equals_latest
agree_latest,en_zh:Fa Yuen Street|花園街,FA YUEN STREET,花園街,YTM,1924-08-29,GN492,Fa Yuen Street,花園街,1924-08-29,GN492,crowd|1924-gn492-sai-yeung-choi-street-10419-1924-08-29,declare,1924-08-29,GN492,crowd|1924-gn492-sai-yeung-choi-street-10419-1924-08-29,declare,true,true,true,true,first_equals_latest
agree_latest,en_zh:Factory Street|工廠街,FACTORY STREET,工廠街,E,1959-05-08,GN628,Factory Street,工廠街,1931-05-15,GN300,crowd|1931-gn300-shaukiwan-streets-10420-1931-05-15,declare,1959-05-08,GN628,crowd|1959-gn628-factory-tung-sing-Factory-Street-工廠街-1959-05-08,extend,false,false,true,true,
agree_latest,en_zh:Fairview Park Road East|錦綉大道東,FAIRVIEW PARK ROAD EAST,錦綉大道東,YL,1984-08-31,GN2609,Fairview Park Road East,錦綉大道東,1984-08-31,GN2609,crowd|1984-gn2609-fairview-park-Fairview-Park-Road-East-錦綉大道東-1984-08-31,declare,1984-08-31,GN2609,crowd|1984-gn2609-fairview-park-Fairview-Park-Road-East-錦綉大道東-1984-08-31,declare,true,true,true,true,first_equals_latest
agree_latest,en_zh:Fairview Park Road North|錦綉大道北,FAIRVIEW PARK ROAD NORTH,錦綉大道北,YL,1984-08-31,GN2609,Fairview Park Road North,錦綉大道北,1984-08-31,GN2609,crowd|1984-gn2609-fairview-park-Fairview-Park-Road-North-錦綉大道北-1984-08-31,declare,1984-08-31,GN2609,crowd|1984-gn2609-fairview-park-Fairview-Park-Road-North-錦綉大道北-1984-08-31,declare,true,true,true,true,first_equals_latest
agree_latest,en_zh:Fairview Park Road South|錦綉大道南,FAIRVIEW PARK ROAD SOUTH,錦綉大道南,YL,1984-08-31,GN2609,Fairview Park Road South,錦綉大道南,1984-08-31,GN2609,crowd|1984-gn2609-fairview-park-Fairview-Park-Road-South-錦綉大道南-1984-08-31,declare,1984-08-31,GN2609,crowd|1984-gn2609-fairview-park-Fairview-Park-Road-South-錦綉大道南-1984-08-31,declare,true,true,true,true,first_equals_latest
agree_latest,en_zh:Fairview Park Road West|錦綉大道西,FAIRVIEW PARK ROAD WEST,錦綉大道西,YL,1984-08-31,GN2609,Fairview Park Road West,錦綉大道西,1984-08-31,GN2609,crowd|1984-gn2609-fairview-park-Fairview-Park-Road-West-錦綉大道西-1984-08-31,declare,1984-08-31,GN2609,crowd|1984-gn2609-fairview-park-Fairview-Park-Road-West-錦綉大道西-1984-08-31,declare,true,true,true,true,first_equals_latest
agree_latest,en_zh:Fan Kam Road|粉錦公路,FAN KAM ROAD,粉錦公路,N-YL,1979-08-24,GN2145,Fan Kam Road,粉錦公路,1979-08-24,GN2145,crowd|1979-gn2145-fan-kam-road-Fan-Kam-Road-粉錦公路-1979-08-24,rename,1979-08-24,GN2145,crowd|1979-gn2145-fan-kam-road-Fan-Kam-Road-粉錦公路-1979-08-24,rename,true,true,true,true,first_equals_latest
agree_latest,en_zh:Fan Wa Street|繁華街,FAN WA STREET,繁華街,KT,1975-03-14,GN589,Fan Wa Street,繁華街,1975-03-14,GN589,crowd|1975-gn589-10469-1975-03-14,rename,1975-03-14,GN589,crowd|1975-gn589-10469-1975-03-14,rename,true,true,true,true,first_equals_latest
agree_latest,en_zh:Fantasy Road|幻想道,FANTASY ROAD,幻想道,TW,2004-12-17,GN8104,Fantasy Road,幻想道,2004-12-17,GN8104,crowd|2004-gn8104-14203,declare,2004-12-17,GN8104,crowd|2004-gn8104-14203,declare,true,true,true,true,first_equals_latest
agree_latest,en_zh:Farm Road|農圃道,FARM ROAD,農圃道,KC,1933-12-22,GN823,Farm Road,農圃道,1933-12-22,GN823,crowd|1933-gn823-ho-man-tin-roads-10471-1933-12-22,declare,1933-12-22,GN823,crowd|1933-gn823-ho-man-tin-roads-10471-1933-12-22,declare,true,true,true,true,first_equals_latest
agree_latest,en_zh:Fat Kwong Street Flyover|佛光街天橋,FAT KWONG STREET FLYOVER,佛光街天橋,KC,2009-02-06,GN852,Fat Kwong Street Flyover,佛光街天橋,2009-02-06,GN0852,2009-02-06|GN0852|0,declare,2009-02-06,GN0852,2009-02-06|GN0852|0,declare,true,true,true,true,first_equals_latest
agree_latest,en_zh:Fau Tsoi Street|阜財街,FAU TSOI STREET,阜財街,YL,1977-12-02,GN2944,Fau Tsoi Street,阜財街,1935-02-15,GN124,crowd|1935-gn124-yuen-long-streets-10477-1935-02-15,declare,1977-12-02,GN2944,crowd|1977-gn2944-yuen-long-streets-Fau-Tsoi-Street-阜財街-1977-12-02,extend,false,false,true,true,
agree_latest,en_zh:Fei Ngo Shan Road|飛鵝山道,FEI NGO SHAN ROAD,飛鵝山道,WTS-SK,1957-05-24,GN730,Fei Ngo Shan Road,飛鵝山道,1957-05-24,GN730,crowd|1957-gn730-shatin-pass-fei-ngo-Fei-Ngo-Shan-Road-飛鵝山道-1957-05-24,declare,1957-05-24,GN730,crowd|1957-gn730-shatin-pass-fei-ngo-Fei-Ngo-Shan-Road-飛鵝山道-1957-05-24,declare,true,true,true,true,first_equals_latest
agree_latest,en_zh:Fei Tsui Road|翡翠道,FEI TSUI ROAD,翡翠道,E,1977-08-12,GN1914,Fei Tsui Road,翡翠道,1977-08-12,GN1914,crowd|1977-gn1914-fei-tsui-road-Fei-Tsui-Road-翡翠道-1977-08-12,declare,1977-08-12,GN1914,crowd|1977-gn1914-fei-tsui-road-Fei-Tsui-Road-翡翠道-1977-08-12,declare,true,true,true,true,first_equals_latest
agree_latest,en_zh:Fenwick Pier Street|分域碼頭街,FENWICK PIER STREET,分域碼頭街,WC,1974-05-31,GN1382,Fenwick Pier Street,分域碼頭街,1974-05-31,GN1382,crowd|1974-gn1382-fenwick-pier-10481,declare,1974-05-31,GN1382,crowd|1974-gn1382-fenwick-pier-10481,declare,true,true,true,true,first_equals_latest
agree_latest,en_zh:Findlay Path|芬梨徑,FINDLAY PATH,芬梨徑,C&W,1915-05-28,GN244,Findlay Path,芬梨徑,1915-05-28,GN244,crowd|1915-gn244-lugard-road-10487-1915-05-28,declare,1915-05-28,GN244,crowd|1915-gn244-lugard-road-10487-1915-05-28,declare,true,true,true,true,first_equals_latest
agree_latest,en_zh:Findlay Road|芬梨道,FINDLAY ROAD,芬梨道,C&W,1915-05-28,GN244,Findlay Road,芬梨道,1915-05-28,GN244,crowd|1915-gn244-lugard-road-10488-1915-05-28,declare,1915-05-28,GN244,crowd|1915-gn244-lugard-road-10488-1915-05-28,declare,true,true,true,true,first_equals_latest
agree_latest,en_zh:Finnie Street|芬尼街,FINNIE STREET,芬尼街,E,1954-11-19,GN1418,Finnie Street,芬尼街,1954-11-19,GN1418,crowd|1954-gn1418-finnie-street-Finnie-Street-芬尼街-1954-11-19,declare,1954-11-19,GN1418,crowd|1954-gn1418-finnie-street-Finnie-Street-芬尼街-1954-11-19,declare,true,true,true,true,first_equals_latest
agree_latest,en_zh:Fir Street|松樹街,FIR STREET,松樹街,YTM,1927-11-25,GN699,Fir Street,松樹街,1927-11-25,GN699,crowd|1927-gn699-nathan-square-10490-1927-11-25,declare,1927-11-25,GN699,crowd|1927-gn699-nathan-square-10490-1927-11-25,declare,true,true,true,true,first_equals_latest
agree_latest,en:FLINT ROAD,FLINT ROAD,火石道,KC,1939-04-28,GN341,Flint Road,芙蓮道,1939-04-28,GN341,crowd|1939-gn341-kowloon-tong-roads-10496-1939-04-28,declare,1939-04-28,GN341,crowd|1939-gn341-kowloon-tong-roads-10496-1939-04-28,declare,true,true,true,true,first_equals_latest
agree_latest,en_zh:Flower Market Road|花墟道,FLOWER MARKET ROAD,花墟道,YTM,1948-04-23,GN381,Flower Market Road,花墟道,1948-04-23,GN381,crowd|1948-gn381-flower-market-yuen-ngai-Flower-Market-Road-花墟道-1948-04-23,declare,1948-04-23,GN381,crowd|1948-gn381-flower-market-yuen-ngai-Flower-Market-Road-花墟道-1948-04-23,declare,true,true,true,true,first_equals_latest
agree_latest,en_zh:Fo Chun Road|科進路,FO CHUN ROAD,科進路,TP,2010-12-24,GN8236,Fo Chun Road,科進路,2010-12-24,GN8236,crowd|2010-gn8236-fo-chun-road-14231-2010-12-24,rename,2010-12-24,GN8236,crowd|2010-gn8236-fo-chun-road-14231-2010-12-24,rename,true,true,true,true,first_equals_latest
agree_latest,en_zh:Fo Shing Road|科城路,FO SHING ROAD,科城路,TP,2005-10-21,GN5456,Fo Shing Road,科城路,2005-10-21,GN5456,crowd|2005-gn5456-fo-chong-san-roads-14232-2005-10-21,declare,2005-10-21,GN5456,crowd|2005-gn5456-fo-chong-san-roads-14232-2005-10-21,declare,true,true,true,true,first_equals_latest
agree_latest,en_zh:Fo Tan Road|火炭路,FO TAN ROAD,火炭路,ST,1981-11-13,GN3369,Fo Tan Road,火炭路,1981-11-13,GN3369,crowd|1981-gn3369-fo-tan-city-one-Fo-Tan-Road-火炭路-1981-11-13,declare,1981-11-13,GN3369,crowd|1981-gn3369-fo-tan-city-one-Fo-Tan-Road-火炭路-1981-11-13,declare,true,true,true,true,first_equals_latest
agree_latest,en_zh:Fo Yin Road|科研路,FO YIN ROAD,科研路,TP,2005-10-21,GN5456,Fo Yin Road,科研路,2005-10-21,GN5456,crowd|2005-gn5456-fo-chong-san-roads-14233-2005-10-21,declare,2005-10-21,GN5456,crowd|2005-gn5456-fo-chong-san-roads-14233-2005-10-21,declare,true,true,true,true,first_equals_latest
agree_latest,en_zh:Foo Kwai Street|富貴街,FOO KWAI STREET,富貴街,YTM,1954-12-24,GN1562,Foo Kwai Street,富貴街,1954-12-24,GN1562,crowd|1954-gn1562-tai-kok-tsui-waterfront-Foo-Kwai-Street-富貴街-1954-12-24,declare,1954-12-24,GN1562,crowd|1954-gn1562-tai-kok-tsui-waterfront-Foo-Kwai-Street-富貴街-1954-12-24,declare,true,true,true,true,first_equals_latest
agree_latest,en_zh:Fook Hong Street|福康街,FOOK HONG STREET,福康街,YL,1977-12-02,GN2944,Fook Hong Street,福康街,1977-12-02,GN2944,crowd|1977-gn2944-yuen-long-streets-Fook-Hong-Street-福康街-1977-12-02,declare,1977-12-02,GN2944,crowd|1977-gn2944-yuen-long-streets-Fook-Hong-Street-福康街-1977-12-02,declare,true,true,true,true,first_equals_latest
agree_latest,en_zh:Fook Tak Street|福德街,FOOK TAK STREET,福德街,YL,1984-05-18,GN1452,Fook Tak Street,福德街,1977-12-02,GN2944,crowd|1977-gn2944-yuen-long-streets-Fook-Tak-Street-福德街-1977-12-02,declare,1984-05-18,GN1452,crowd|1984-gn1452-yuen-long-Fook-Tak-Street-福德街-1984-05-18,extend,false,false,true,true,
agree_latest,en_zh:Fook Yat Path|福日徑,FOOK YAT PATH,福日徑,YL,1983-06-03,GN1752,Fook Yat Path,福日徑,1983-06-03,GN1752,crowd|1983-gn1752-yuen-long-Fook-Yat-Path-福日徑-1983-06-03,declare,1983-06-03,GN1752,crowd|1983-gn1752-yuen-long-Fook-Yat-Path-福日徑-1983-06-03,declare,true,true,true,true,first_equals_latest
agree_latest,en_zh:Fook Yum Road|福蔭道,FOOK YUM ROAD,福蔭道,E,1954-07-30,GN947,Fook Yum Road,福蔭道,1954-07-30,GN947,crowd|1954-gn947-north-point-tak-cheong-Fook-Yum-Road-福蔭道-1954-07-30,declare,1954-07-30,GN947,crowd|1954-gn947-north-point-tak-cheong-Fook-Yum-Road-福蔭道-1954-07-30,declare,true,true,true,true,first_equals_latest
agree_latest,en_zh:Forfar Road|科發道,FORFAR ROAD,科發道,KC,1933-12-22,GN823,Forfar Road,科發道,1933-12-22,GN823,crowd|1933-gn823-ho-man-tin-roads-10510-1933-12-22,declare,1933-12-22,GN823,crowd|1933-gn823-ho-man-tin-roads-10510-1933-12-22,declare,true,true,true,true,first_equals_latest
agree_latest,en_zh:Fort Street|堡壘街,FORT STREET,堡壘街,E,1933-07-28,GN511,Fort Street,堡壘街,1933-07-28,GN511,crowd|1933-gn511-north-point-streets-10511-1933-07-28,declare,1933-07-28,GN511,crowd|1933-gn511-north-point-streets-10511-1933-07-28,declare,true,true,true,true,first_equals_latest
agree_latest,en_zh:Fortress Hill Road|炮台山道,FORTRESS HILL ROAD,炮台山道,E,1959-11-20,GN1608,Fortress Hill Road,炮台山道,1959-11-20,GN1608,crowd|1959-gn1608-north-point-roads-Fortress-Hill-Road-炮台山道-1959-11-20,declare,1959-11-20,GN1608,crowd|1959-gn1608-north-point-roads-Fortress-Hill-Road-炮台山道-1959-11-20,declare,true,true,true,true,first_equals_latest
agree_latest,en_zh:Fu Chi Path|富池徑,FU CHI PATH,富池徑,WTS,1983-04-22,GN1265,Fu Chi Path,富池徑,1983-04-22,GN1265,crowd|1983-gn1265-ngau-chi-wan-Fu-Chi-Path-富池徑-1983-04-22,declare,1983-04-22,GN1265,crowd|1983-gn1265-ngau-chi-wan-Fu-Chi-Path-富池徑-1983-04-22,declare,true,true,true,true,first_equals_latest
agree_latest,en_zh:Fu Fuk Road|富福路,FU FUK ROAD,富福路,TM,2018-03-29,GN2325,Fu Fuk Road,富福路,2018-03-29,GN2325,2018-03-29|GN2325|1,declare,2018-03-29,GN2325,2018-03-29|GN2325|1,declare,true,true,true,true,first_equals_latest
agree_latest,en_zh:Fu Hing Street|符興街,FU HING STREET,符興街,N,1958-06-06,GN770,Fu Hing Street,符興街,1958-06-06,GN770,crowd|1958-gn770-shek-wu-hui-Fu-Hing-Street-符興街-1958-06-06,declare,1958-06-06,GN770,crowd|1958-gn770-shek-wu-hui-Fu-Hing-Street-符興街-1958-06-06,declare,true,true,true,true,first_equals_latest
agree_latest,en_zh:Fu Keung Street|富強街,FU KEUNG STREET,富強街,WTS,1983-01-28,GN327,Fu Keung Street,富強街,1983-01-28,GN327,crowd|1983-gn327-fu-keung-street-Fu-Keung-Street-富強街-1983-01-28,declare,1983-01-28,GN327,crowd|1983-gn327-fu-keung-street-Fu-Keung-Street-富強街-1983-01-28,declare,true,true,true,true,first_equals_latest
agree_latest,en_zh:Fu Kin Street|富健街,FU KIN STREET,富健街,ST,1984-06-15,GN1737,Fu Kin Street,富健街,1984-06-15,GN1737,crowd|1984-gn1737-sha-tin-Fu-Kin-Street-富健街-1984-06-15,declare,1984-06-15,GN1737,crowd|1984-gn1737-sha-tin-Fu-Kin-Street-富健街-1984-06-15,declare,true,true,true,true,first_equals_latest
agree_latest,en_zh:Fu Yip Street|富業街,FU YIP STREET,富業街,YL,1983-01-28,GN325,Fu Yip Street,富業街,1983-01-28,GN325,crowd|1983-gn325-yuen-long-Fu-Yip-Street-富業街-1983-01-28,declare,1983-01-28,GN325,crowd|1983-gn325-yuen-long-Fu-Yip-Street-富業街-1983-01-28,declare,true,true,true,true,first_equals_latest
agree_latest,en_zh:Fuk Chi Street|福至街,FUK CHI STREET,福至街,KC,1980-05-23,GN1581,Fuk Chi Street,福至街,1980-05-23,GN1581,crowd|1980-gn1581-hung-hom-streets-Fuk-Chi-Street-福至街-1980-05-23,declare,1980-05-23,GN1581,crowd|1980-gn1581-hung-hom-streets-Fuk-Chi-Street-福至街-1980-05-23,declare,true,true,true,true,first_equals_latest
agree_latest,en:FUK HANG STREET,FUK HANG STREET,福恆街,YL,1984-05-04,GN1312,Fuk Hang Street,福恒街,1984-05-04,GN1312,crowd|1984-gn1312-yuen-long-Fuk-Hang-Street-福恒街-1984-05-04,declare,1984-05-04,GN1312,crowd|1984-gn1312-yuen-long-Fuk-Hang-Street-福恒街-1984-05-04,declare,true,true,true,true,first_equals_latest
agree_latest,en_zh:Fuk Hi Street|福喜街,FUK HI STREET,福喜街,YL,1984-05-04,GN1312,Fuk Hi Street,福喜街,1984-05-04,GN1312,crowd|1984-gn1312-yuen-long-Fuk-Hi-Street-福喜街-1984-05-04,declare,1984-05-04,GN1312,crowd|1984-gn1312-yuen-long-Fuk-Hi-Street-福喜街-1984-05-04,declare,true,true,true,true,first_equals_latest
agree_latest,en_zh:Fuk Kwan Avenue|福群道,FUK KWAN AVENUE,福群道,WC,1931-02-13,GN86,Fuk Kwan Avenue,福群道,1931-02-13,GN86,crowd|1931-gn86-tai-hang-lok-shan-10548-1931-02-13,declare,1931-02-13,GN86,crowd|1931-gn86-tai-hang-lok-shan-10548-1931-02-13,declare,true,true,true,true,first_equals_latest
agree_latest,en:FUK LO TSUN ROAD,FUK LO TSUN ROAD,福佬村道,KC,1933-05-12,GN340,Fuk Lo Tsun Road,福老村道,1933-05-12,GN340,crowd|1933-gn340-kowloon-city-roads-10550-1933-05-12,declare,1933-05-12,GN340,crowd|1933-gn340-kowloon-city-roads-10550-1933-05-12,declare,true,true,true,true,first_equals_latest
agree_latest,en_zh:Fuk Tsun Street|福全街,FUK TSUN STREET,福全街,YTM,1927-11-25,GN699,Fuk Tsun Street,福全街,1927-11-25,GN699,crowd|1927-gn699-nathan-square-10559-1927-11-25,declare,1927-11-25,GN699,crowd|1927-gn699-nathan-square-10559-1927-11-25,declare,true,true,true,true,first_equals_latest
agree_latest,en_zh:Fuk Wa Street|福華街,FUK WA STREET,福華街,SSP,1930-08-15,GN510,Fuk Wa Street,福華街,1930-08-15,GN510,crowd|1930-gn510-fuk-streets-10560-1930-08-15,rename,1930-08-15,GN510,crowd|1930-gn510-fuk-streets-10560-1930-08-15,rename,true,true,true,true,first_equals_latest
agree_latest,en_zh:Fuk Wang Street|福宏街,FUK WANG STREET,福宏街,YL,1984-05-04,GN1312,Fuk Wang Street,福宏街,1984-05-04,GN1312,crowd|1984-gn1312-yuen-long-Fuk-Wang-Street-福宏街-1984-05-04,declare,1984-05-04,GN1312,crowd|1984-gn1312-yuen-long-Fuk-Wang-Street-福宏街-1984-05-04,declare,true,true,true,true,first_equals_latest
agree_latest,en_zh:Fuk Wing Street|福榮街,FUK WING STREET,福榮街,SSP,1930-08-15,GN510,Fuk Wing Street,福榮街,1930-08-15,GN510,crowd|1930-gn510-fuk-streets-10562-1930-08-15,rename,1930-08-15,GN510,crowd|1930-gn510-fuk-streets-10562-1930-08-15,rename,true,true,true,true,first_equals_latest
agree_latest,en_zh:Fuk Wo Road|福和路,FUK WO ROAD,福和路,TP,2000-06-23,GN3981,Fuk Wo Road,福和路,2000-06-23,GN3981,crowd|2000-gn3981-14026,declare,2000-06-23,GN3981,crowd|2000-gn3981-14026,declare,true,true,true,true,first_equals_latest
agree_latest,en_zh:Fuk Yan Street|福欣街,FUK YAN STREET,福欣街,YL,1984-10-19,GN3073,Fuk Yan Street,福欣街,1984-10-19,GN3073,crowd|1984-gn3073-fuk-yan-Fuk-Yan-Street-福欣街-1984-10-19,declare,1984-10-19,GN3073,crowd|1984-gn3073-fuk-yan-Fuk-Yan-Street-福欣街-1984-10-19,declare,true,true,true,true,first_equals_latest
agree_latest,en_zh:Fung Cheung Path|鳳翔徑,FUNG CHEUNG PATH,鳳翔徑,YL,2017-10-13,GN7595,Fung Cheung Path,鳳翔徑,2017-10-13,GN7595,2017-10-13|GN7595|1,declare,2017-10-13,GN7595,2017-10-13|GN7595|1,declare,true,true,true,true,first_equals_latest
agree_latest,en_zh:Fung Kam Street|鳳琴街,FUNG KAM STREET,鳳琴街,YL,1981-12-18,GN3742,Fung Kam Street,鳳琴街,1981-12-18,GN3742,crowd|1981-gn3742-yuen-long-Fung-Kam-Street-鳳琴街-1981-12-18,declare,1981-12-18,GN3742,crowd|1981-gn3742-yuen-long-Fung-Kam-Street-鳳琴街-1981-12-18,declare,true,true,true,true,first_equals_latest
agree_latest,en_zh:Fung Kwan Path|鳳群徑,FUNG KWAN PATH,鳳群徑,YL,2017-10-13,GN7595,Fung Kwan Path,鳳群徑,2017-10-13,GN7595,2017-10-13|GN7595|2,declare,2017-10-13,GN7595,2017-10-13|GN7595|2,declare,true,true,true,true,first_equals_latest
agree_latest,en_zh:Fung Kwan Street|鳳群街,FUNG KWAN STREET,鳳群街,YL,1981-12-18,GN3742,Fung Kwan Street,鳳群街,1981-12-18,GN3742,crowd|1981-gn3742-yuen-long-Fung-Kwan-Street-鳳群街-1981-12-18,declare,1981-12-18,GN3742,crowd|1981-gn3742-yuen-long-Fung-Kwan-Street-鳳群街-1981-12-18,declare,true,true,true,true,first_equals_latest
agree_latest,en_zh:Fung Nin Road|豐年路,FUNG NIN ROAD,豐年路,YL,1977-12-02,GN2944,Fung Nin Road,豐年路,1977-12-02,GN2944,crowd|1977-gn2944-yuen-long-streets-Fung-Nin-Road-豐年路-1977-12-02,declare,1977-12-02,GN2944,crowd|1977-gn2944-yuen-long-streets-Fung-Nin-Road-豐年路-1977-12-02,declare,true,true,true,true,first_equals_latest
agree_latest,en_zh:Fung Ping Lane|鳳坪里,FUNG PING LANE,鳳坪里,SSP,1984-11-09,GN3320,Fung Ping Lane,鳳坪里,1984-11-09,GN3320,crowd|1984-gn3320-fung-ping-lane-Fung-Ping-Lane-鳳坪里-1984-11-09,declare,1984-11-09,GN3320,crowd|1984-gn3320-fung-ping-lane-Fung-Ping-Lane-鳳坪里-1984-11-09,declare,true,true,true,true,first_equals_latest
agree_latest,en_zh:Fung Shun Street|豐順街,FUNG SHUN STREET,豐順街,ST,1983-12-23,GN3977,Fung Shun Street,豐順街,1983-12-23,GN3977,crowd|1983-gn3977-sha-tin-Fung-Shun-Street-豐順街-1983-12-23,declare,1983-12-23,GN3977,crowd|1983-gn3977-sha-tin-Fung-Shun-Street-豐順街-1983-12-23,declare,true,true,true,true,first_equals_latest
agree_latest,en_zh:Fung Tin Street|奉天街,FUNG TIN STREET,奉天街,S,1979-03-16,GN713,Fung Tin Street,奉天街,1979-03-16,GN713,crowd|1979-gn713-aberdeen-streets-Fung-Tin-Street-奉天街-1979-03-16,declare,1979-03-16,GN713,crowd|1979-gn713-aberdeen-streets-Fung-Tin-Street-奉天街-1979-03-16,declare,true,true,true,true,first_equals_latest
agree_latest,en_zh:Fung Wo Lane|豐禾里,FUNG WO LANE,豐禾里,ST,1983-12-23,GN3977,Fung Wo Lane,豐禾里,1983-12-23,GN3977,crowd|1983-gn3977-sha-tin-Fung-Wo-Lane-豐禾里-1983-12-23,declare,1983-12-23,GN3977,crowd|1983-gn3977-sha-tin-Fung-Wo-Lane-豐禾里-1983-12-23,declare,true,true,true,true,first_equals_latest
agree_latest,en_zh:Fung Yau Path|鳳攸徑,FUNG YAU PATH,鳳攸徑,YL,2017-10-13,GN7595,Fung Yau Path,鳳攸徑,2017-10-13,GN7595,2017-10-13|GN7595|3,declare,2017-10-13,GN7595,2017-10-13|GN7595|3,declare,true,true,true,true,first_equals_latest
agree_latest,en_zh:Fung Yau Street East|鳳攸東街,FUNG YAU STREET EAST,鳳攸東街,YL,1981-12-18,GN3742,Fung Yau Street East,鳳攸東街,1981-12-18,GN3742,crowd|1981-gn3742-yuen-long-Fung-Yau-Street-East-鳳攸東街-1981-12-18,declare,1981-12-18,GN3742,crowd|1981-gn3742-yuen-long-Fung-Yau-Street-East-鳳攸東街-1981-12-18,declare,true,true,true,true,first_equals_latest
agree_latest,en_zh:Fung Yau Street North|鳳攸北街,FUNG YAU STREET NORTH,鳳攸北街,YL,1981-12-18,GN3742,Fung Yau Street North,鳳攸北街,1981-12-18,GN3742,crowd|1981-gn3742-yuen-long-Fung-Yau-Street-North-鳳攸北街-1981-12-18,declare,1981-12-18,GN3742,crowd|1981-gn3742-yuen-long-Fung-Yau-Street-North-鳳攸北街-1981-12-18,declare,true,true,true,true,first_equals_latest
agree_latest,en_zh:Fung Yau Street South|鳳攸南街,FUNG YAU STREET SOUTH,鳳攸南街,YL,1981-12-18,GN3742,Fung Yau Street South,鳳攸南街,1981-12-18,GN3742,crowd|1981-gn3742-yuen-long-Fung-Yau-Street-South-鳳攸南街-1981-12-18,declare,1981-12-18,GN3742,crowd|1981-gn3742-yuen-long-Fung-Yau-Street-South-鳳攸南街-1981-12-18,declare,true,true,true,true,first_equals_latest
agree_latest,en_zh:Fung Yi Street|鳳儀街,FUNG YI STREET,鳳儀街,KC,1959-04-17,GN548,Fung Yi Street,鳳儀街,1959-04-17,GN548,crowd|1959-gn548-ma-tau-kok-streets-Fung-Yi-Street-鳳儀街-1959-04-17,declare,1959-04-17,GN548,crowd|1959-gn548-ma-tau-kok-streets-Fung-Yi-Street-鳳儀街-1959-04-17,declare,true,true,true,true,first_equals_latest
agree_latest,en_zh:Fung Ying Path|豐盈徑,FUNG YING PATH,豐盈徑,N,2024-05-10,GN2696,Fung Ying Path,豐盈徑,2024-05-10,GN2696,2024-05-10|GN2696|0,declare,2024-05-10,GN2696,2024-05-10|GN2696|0,declare,true,true,true,true,first_equals_latest
agree_latest,en_zh:Fung Yu Road|豐裕路,FUNG YU ROAD,豐裕路,YL,2016-04-29,GN2478,Fung Yu Road,豐裕路,2016-04-29,GN2478,2016-04-29|GN2478|0,declare,2016-04-29,GN2478,2016-04-29|GN2478|0,declare,true,true,true,true,first_equals_latest
agree_latest,en_zh:Garden Road|花園道,GARDEN ROAD,花園道,C&W,1958-01-03,GN16,Garden Road,花園道,1958-01-03,GN16,crowd|1958-gn16-mid-levels-roads-Garden-Road-花園道-1958-01-03,declare,1958-01-03,GN16,crowd|1958-gn16-mid-levels-roads-Garden-Road-花園道-1958-01-03,declare,true,true,true,true,first_equals_latest
agree_latest,en_zh:Gilman Street|機利文街,GILMAN STREET,機利文街,C&W,1974-05-31,GN1381,Gilman Street,機利文街,1958-06-27,GN865,crowd|1958-gn865-major-streets-Gilman-Street-機利文街-1958-06-27,declare,1974-05-31,GN1381,crowd|1974-gn1381-10603,declare,false,false,true,true,our_event_count=3
agree_latest,en_zh:Ginkgo Road|銀杏路,GINKGO ROAD,銀杏路,YL,1984-08-31,GN2609,Ginkgo Road,銀杏路,1984-08-31,GN2609,crowd|1984-gn2609-fairview-park-Ginkgo-Road-銀杏路-1984-08-31,declare,1984-08-31,GN2609,crowd|1984-gn2609-fairview-park-Ginkgo-Road-銀杏路-1984-08-31,declare,true,true,true,true,first_equals_latest
agree_latest,en_zh:Golden Bamboo Road East|金竹東路,GOLDEN BAMBOO ROAD EAST,金竹東路,YL,1984-08-31,GN2609,Golden Bamboo Road East,金竹東路,1984-08-31,GN2609,crowd|1984-gn2609-fairview-park-Golden-Bamboo-Road-East-金竹東路-1984-08-31,declare,1984-08-31,GN2609,crowd|1984-gn2609-fairview-park-Golden-Bamboo-Road-East-金竹東路-1984-08-31,declare,true,true,true,true,first_equals_latest
agree_latest,en_zh:Golden Bamboo Road North|金竹北路,GOLDEN BAMBOO ROAD NORTH,金竹北路,YL,1984-08-31,GN2609,Golden Bamboo Road North,金竹北路,1984-08-31,GN2609,crowd|1984-gn2609-fairview-park-Golden-Bamboo-Road-North-金竹北路-1984-08-31,declare,1984-08-31,GN2609,crowd|1984-gn2609-fairview-park-Golden-Bamboo-Road-North-金竹北路-1984-08-31,declare,true,true,true,true,first_equals_latest
agree_latest,en_zh:Golden Beach Path|黃金泳灘徑,GOLDEN BEACH PATH,黃金泳灘徑,TM,2011-05-13,GN2995,Golden Beach Path,黃金泳灘徑,2011-05-13,GN2995,2011-05-13|GN2995|0,declare,2011-05-13,GN2995,2011-05-13|GN2995|0,declare,true,true,true,true,first_equals_latest
agree_latest,en_zh:Golden Hill Road|金山路,GOLDEN HILL ROAD,金山路,ST,1980-11-28,GN3731,Golden Hill Road,金山路,1980-11-28,GN3731,crowd|1980-gn3731-tsuen-wan-streets-Golden-Hill-Road-金山路-1980-11-28,declare,1980-11-28,GN3731,crowd|1980-gn3731-tsuen-wan-streets-Golden-Hill-Road-金山路-1980-11-28,declare,true,true,true,true,first_equals_latest
agree_latest,en_zh:Goldsmith Road|高士美道,GOLDSMITH ROAD,高士美道,WC,1954-06-25,GN765,Goldsmith Road,高士美道,1954-06-25,GN765,crowd|1954-gn765-jardine-lookout-Goldsmith-Road-高士美道-1954-06-25,declare,1954-06-25,GN765,crowd|1954-gn765-jardine-lookout-Goldsmith-Road-高士美道-1954-06-25,declare,true,true,true,true,first_equals_latest
agree_latest,en_zh:Gough Hill Path|歌賦山里,GOUGH HILL PATH,歌賦山里,C&W,1956-04-13,GN465,Gough Hill Path,歌賦山里,1956-04-13,GN465,crowd|1956-gn465-aberdeen-gough-Gough-Hill-Path-歌賦山里-1956-04-13,rename,1956-04-13,GN465,crowd|1956-gn465-aberdeen-gough-Gough-Hill-Path-歌賦山里-1956-04-13,rename,true,true,true,true,first_equals_latest
agree_latest,en_zh:Grampian Road|嘉林邊道,GRAMPIAN ROAD,嘉林邊道,KC,1932-02-19,GN107,Grampian Road,嘉林邊道,1932-02-19,GN107,crowd|1932-gn107-grampian-road-10620-1932-02-19,declare,1932-02-19,GN107,crowd|1932-gn107-grampian-road-10620-1932-02-19,declare,true,true,true,true,first_equals_latest
agree_latest,en_zh:Granville Circuit|嘉蘭圍,GRANVILLE CIRCUIT,嘉蘭圍,YTM,1949-07-29,GN715,Granville Circuit,嘉蘭圍,1949-07-29,GN715,crowd|1949-gn715-granville-circuit-Granville-Circuit-嘉蘭圍-1949-07-29,declare,1949-07-29,GN715,crowd|1949-gn715-granville-circuit-Granville-Circuit-嘉蘭圍-1949-07-29,declare,true,true,true,true,first_equals_latest
agree_latest,en_zh:Green Lane|箕璉坊,GREEN LANE,箕璉坊,WC,1940-02-07,GN154,Green Lane,箕璉坊,1940-02-07,GN154,crowd|1940-gn154-happy-valley-roads-10625-1940-02-07,declare,1940-02-07,GN154,crowd|1940-gn154-happy-valley-roads-10625-1940-02-07,declare,true,true,true,true,first_equals_latest
agree_latest,en_zh:Greig Crescent|基利坊,GREIG CRESCENT,基利坊,E,1978-02-24,GN464,Greig Crescent,基利坊,1978-02-24,GN464,crowd|1978-gn464-greig-crescent-Greig-Crescent-基利坊-1978-02-24,declare,1978-02-24,GN464,crowd|1978-gn464-greig-crescent-Greig-Crescent-基利坊-1978-02-24,declare,true,true,true,true,first_equals_latest
agree_latest,en_zh:Gullane Road|嘉齡道,GULLANE ROAD,嘉齡道,KC,1950-09-15,GN1083,Gullane Road,嘉齡道,1950-09-15,GN1083,crowd|1950-gn1083-ho-man-tin-streets-Gullane-Road-嘉齡道-1950-09-15,declare,1950-09-15,GN1083,crowd|1950-gn1083-ho-man-tin-streets-Gullane-Road-嘉齡道-1950-09-15,declare,true,true,true,true,first_equals_latest
agree_latest,en_zh:Ha Heung Road|下鄉道,HA HEUNG ROAD,下鄉道,KC,1926-06-25,GN342,Ha Heung Road,下鄉道,1926-06-25,GN342,crowd|1926-gn342-nga-tsin-wai-road-10632-1926-06-25,declare,1926-06-25,GN342,crowd|1926-gn342-nga-tsin-wai-road-10632-1926-06-25,declare,true,true,true,true,first_equals_latest
agree_latest,en_zh:Ha Mei Road|廈尾路,HA MEI ROAD,廈尾路,YL,2013-05-10,GN2719,Ha Mei Road,廈尾路,2013-05-10,GN2719,2013-05-10|GN2719|0,declare,2013-05-10,GN2719,2013-05-10|GN2719|0,declare,true,true,true,true,first_equals_latest
agree_latest,en_zh:Hai Tan Street|海壇街,HAI TAN STREET,海壇街,SSP,1927-11-25,GN699,Hai Tan Street,海壇街,1927-11-25,GN699,crowd|1927-gn699-nathan-square-10635-1927-11-25,declare,1927-11-25,GN699,crowd|1927-gn699-nathan-square-10635-1927-11-25,declare,true,true,true,true,first_equals_latest
agree_latest,en_zh:Haiphong Road|海防道,HAIPHONG ROAD,海防道,YTM,1909-03-19,GN184,Haiphong Road,海防道,1909-03-19,GN184,crowd|1909-gn184-safe-10637-1909-03-19,rename,1909-03-19,GN184,crowd|1909-gn184-safe-10637-1909-03-19,rename,true,true,true,true,first_equals_latest
agree_latest,en_zh:Hak Pai Road|黑排路,HAK PAI ROAD,黑排路,Is,1983-08-12,GN2627,Hak Pai Road,黑排路,1983-08-12,GN2627,crowd|1983-gn2627-cheung-chau-Hak-Pai-Road-黑排路-1983-08-12,declare,1983-08-12,GN2627,crowd|1983-gn2627-cheung-chau-Hak-Pai-Road-黑排路-1983-08-12,declare,true,true,true,true,first_equals_latest
agree_latest,en_zh:Hak Po Street|黑布街,HAK PO STREET,黑布街,YTM,1924-08-29,GN492,Hak Po Street,黑布街,1924-08-29,GN492,crowd|1924-gn492-sai-yeung-choi-street-10639-1924-08-29,declare,1924-08-29,GN492,crowd|1924-gn492-sai-yeung-choi-street-10639-1924-08-29,declare,true,true,true,true,first_equals_latest
agree_latest,en_zh:Hampshire Road|衡州道,HAMPSHIRE ROAD,衡州道,KC,1951-05-18,GN522,Hampshire Road,衡州道,1951-05-18,GN522,crowd|1951-gn522-kowloon-tong-streets-Hampshire-Road-衡州道-1951-05-18,declare,1951-05-18,GN522,crowd|1951-gn522-kowloon-tong-streets-Hampshire-Road-衡州道-1951-05-18,declare,true,true,true,true,first_equals_latest
agree_latest,en_zh:Hang Hau Wing Lung Road|坑口永隆路,HANG HAU WING LUNG ROAD,坑口永隆路,SK,1979-05-04,GN1131,Hang Hau Wing Lung Road,坑口永隆路,1979-05-04,GN1131,crowd|1979-gn1131-hang-hau-wing-lung-road-Hang-Hau-Wing-Lung-Road-坑口永隆路-1979-05-04,rename,1979-05-04,GN1131,crowd|1979-gn1131-hang-hau-wing-lung-road-Hang-Hau-Wing-Lung-Road-坑口永隆路-1979-05-04,rename,true,true,true,true,first_equals_latest
agree_latest,en_zh:Hang Kai Lane|坑溪里,HANG KAI LANE,坑溪里,TP,2015-03-13,GN2181,Hang Kai Lane,坑溪里,2015-03-13,GN2181,2015-03-13|GN2181|0,declare,2015-03-13,GN2181,2015-03-13|GN2181|0,declare,true,true,true,true,first_equals_latest
agree_latest,en_zh:Hang On Street|恆安街,HANG ON STREET,恆安街,KT,1957-02-22,GN264,Hang On Street,恆安街,1957-02-22,GN264,crowd|1957-gn264-kwun-tong-streets-Hang-On-Street-恆安街-1957-02-22,declare,1957-02-22,GN264,crowd|1957-gn264-kwun-tong-streets-Hang-On-Street-恆安街-1957-02-22,declare,true,true,true,true,first_equals_latest
agree_latest,en_zh:Hankow Road|漢口道,HANKOW ROAD,漢口道,YTM,1909-03-19,GN184,Hankow Road,漢口道,1909-03-19,GN184,crowd|1909-gn184-safe-10656-1909-03-19,rename,1909-03-19,GN184,crowd|1909-gn184-safe-10656-1909-03-19,rename,true,true,true,true,first_equals_latest
agree_latest,en_zh:Hanoi Road|河內道,HANOI ROAD,河內道,YTM,1909-03-19,GN184,Hanoi Road,河內道,1909-03-19,GN184,crowd|1909-gn184-safe-10657-1909-03-19,rename,1909-03-19,GN184,crowd|1909-gn184-safe-10657-1909-03-19,rename,true,true,true,true,first_equals_latest
agree_latest,en_zh:Harbour Drive|港灣徑,HARBOUR DRIVE,港灣徑,WC,1984-06-29,GN1900,Harbour Drive,港灣徑,1984-06-29,GN1900,crowd|1984-gn1900-harbour-drive-Harbour-Drive-港灣徑-1984-06-29,declare,1984-06-29,GN1900,crowd|1984-gn1900-harbour-drive-Harbour-Drive-港灣徑-1984-06-29,declare,true,true,true,true,first_equals_latest
agree_latest,en_zh:Harbour View Street|港景街,HARBOUR VIEW STREET,港景街,C&W,1974-05-31,GN1381,Harbour View Street,港景街,1974-05-31,GN1381,crowd|1974-gn1381-10662,declare,1974-05-31,GN1381,crowd|1974-gn1381-10662,declare,true,true,true,true,first_equals_latest
agree_latest,en_zh:Harcourt Road|夏慤道,HARCOURT ROAD,夏慤道,C&W-WC,1961-04-07,GN575,Harcourt Road,夏慤道,1961-04-07,GN575,crowd|1961-gn575-harcourt-road-Harcourt-Road-夏慤道-1961-04-07,declare,1961-04-07,GN575,crowd|1961-gn575-harcourt-road-Harcourt-Road-夏慤道-1961-04-07,declare,true,true,true,true,first_equals_latest
agree_latest,en_zh:Harlech Road|夏力道,HARLECH ROAD,夏力道,C&W-S,1959-02-13,GN245,Harlech Road,夏力道,1959-02-13,GN245,crowd|1959-gn245-harlech-road-Harlech-Road-夏力道-1959-02-13,declare,1959-02-13,GN245,crowd|1959-gn245-harlech-road-Harlech-Road-夏力道-1959-02-13,declare,true,true,true,true,first_equals_latest
agree_latest,en_zh:Hart Avenue|赫德道,HART AVENUE,赫德道,YTM,1909-05-28,GN323,Hart Avenue,赫德道,1909-05-28,GN323,crowd|1909-gn323-hart-shantung-10665-1909-05-28,rename,1909-05-28,GN323,crowd|1909-gn323-hart-shantung-10665-1909-05-28,rename,true,true,true,true,first_equals_latest
agree_latest,en:HATTON ROAD,HATTON ROAD,克頓道,C&W,1906-08-03,GN662,Hatton Road,旭龢道,1906-08-03,GN662,crowd|1906-gn662-hatton-road-10666-1906-08-03,declare,1906-08-03,GN662,crowd|1906-gn662-hatton-road-10666-1906-08-03,declare,true,true,true,true,first_equals_latest
agree_latest,en_zh:Hau Tak Lane|厚德里,HAU TAK LANE,厚德里,WC,1959-09-11,GN1258,Hau Tak Lane,厚德里,1959-09-11,GN1258,crowd|1959-gn1258-hau-tak-lane-Hau-Tak-Lane-厚德里-1959-09-11,declare,1959-09-11,GN1258,crowd|1959-gn1258-hau-tak-lane-Hau-Tak-Lane-厚德里-1959-09-11,declare,true,true,true,true,first_equals_latest
agree_latest,en_zh:Hau Wong Road|侯王道,HAU WONG ROAD,侯王道,KC,1933-05-12,GN340,Hau Wong Road,侯王道,1933-05-12,GN340,crowd|1933-gn340-kowloon-city-roads-10673-1933-05-12,declare,1933-05-12,GN340,crowd|1933-gn340-kowloon-city-roads-10673-1933-05-12,declare,true,true,true,true,first_equals_latest
agree_latest,en_zh:Hau Yuen Path|校園徑,HAU YUEN PATH,校園徑,E,1984-10-19,GN3075,Hau Yuen Path,校園徑,1984-10-19,GN3075,crowd|1984-gn3075-hau-yuen-path-Hau-Yuen-Path-校園徑-1984-10-19,declare,1984-10-19,GN3075,crowd|1984-gn3075-hau-yuen-path-Hau-Yuen-Path-校園徑-1984-10-19,declare,true,true,true,true,first_equals_latest
agree_latest,en_zh:Haven Street|希雲街,HAVEN STREET,希雲街,WC,1931-03-20,GN172,Haven Street,希雲街,1931-03-20,GN172,crowd|1931-gn172-haven-10675-1931-03-20,declare,1931-03-20,GN172,crowd|1931-gn172-haven-10675-1931-03-20,declare,true,true,true,true,first_equals_latest
agree_latest,en_zh:Hawthorn Road|荷塘道,HAWTHORN ROAD,荷塘道,WC,1940-02-07,GN154,Hawthorn Road,荷塘道,1940-02-07,GN154,crowd|1940-gn154-happy-valley-roads-10676-1940-02-07,declare,1940-02-07,GN154,crowd|1940-gn154-happy-valley-roads-10676-1940-02-07,declare,true,true,true,true,first_equals_latest
agree_latest,en_zh:Headland Road|赫蘭道,HEADLAND ROAD,赫蘭道,S,1949-12-09,GN1189,Headland Road,赫蘭道,1949-12-09,GN1189,crowd|1949-gn1189-headland-road-Headland-Road-赫蘭道-1949-12-09,declare,1949-12-09,GN1189,crowd|1949-gn1189-headland-road-Headland-Road-赫蘭道-1949-12-09,declare,true,true,true,true,first_equals_latest
agree_latest,en_zh:Healthy Street Central|健康中街,HEALTHY STREET CENTRAL,健康中街,E,1960-08-12,GN1217,Healthy Street Central,健康中街,1960-08-12,GN1217,crowd|1960-gn1217-healthy-street-central-Healthy-Street-Central-健康中街-1960-08-12,declare,1960-08-12,GN1217,crowd|1960-gn1217-healthy-street-central-Healthy-Street-Central-健康中街-1960-08-12,declare,true,true,true,true,first_equals_latest
agree_latest,en_zh:Healthy Street East|健康東街,HEALTHY STREET EAST,健康東街,E,1958-09-12,GN1260,Healthy Street East,健康東街,1958-09-12,GN1260,crowd|1958-gn1260-healthy-streets-Healthy-Street-East-健康東街-1958-09-12,declare,1958-09-12,GN1260,crowd|1958-gn1260-healthy-streets-Healthy-Street-East-健康東街-1958-09-12,declare,true,true,true,true,first_equals_latest
agree_latest,en_zh:Healthy Street West|健康西街,HEALTHY STREET WEST,健康西街,E,1958-09-12,GN1260,Healthy Street West,健康西街,1958-09-12,GN1260,crowd|1958-gn1260-healthy-streets-Healthy-Street-West-健康西街-1958-09-12,declare,1958-09-12,GN1260,crowd|1958-gn1260-healthy-streets-Healthy-Street-West-健康西街-1958-09-12,declare,true,true,true,true,first_equals_latest
agree_latest,en_zh:Hei Wo Street|熙和街,HEI WO STREET,熙和街,E,1956-03-16,GN355,Hei Wo Street,熙和街,1956-03-16,GN355,crowd|1956-gn355-hei-wo-street-Hei-Wo-Street-熙和街-1956-03-16,declare,1956-03-16,GN355,crowd|1956-gn355-hei-wo-street-Hei-Wo-Street-熙和街-1956-03-16,declare,true,true,true,true,first_equals_latest
agree_latest,en_zh:Henderson Road|軒德蓀道,HENDERSON ROAD,軒德蓀道,WC,1951-07-20,GN754,Henderson Road,軒德蓀道,1951-07-20,GN754,crowd|1951-gn754-jardine-lookout-roads-Henderson-Road-軒德蓀道-1951-07-20,declare,1951-07-20,GN754,crowd|1951-gn754-jardine-lookout-roads-Henderson-Road-軒德蓀道-1951-07-20,declare,true,true,true,true,first_equals_latest
agree_latest,en_zh:Hennessy Road|軒尼詩道,HENNESSY ROAD,軒尼詩道,WC,1929-06-14,GN312,Hennessy Road,軒尼詩道,1929-06-14,GN312,crowd|1929-gn312-johnston-road-10689-1929-06-14,declare,1929-06-14,GN312,crowd|1929-gn312-johnston-road-10689-1929-06-14,declare,true,true,true,true,first_equals_latest
agree_latest,en_zh:Hereford Road|禧福道,HEREFORD ROAD,禧福道,KC,1951-05-18,GN522,Hereford Road,禧福道,1951-05-18,GN522,crowd|1951-gn522-kowloon-tong-streets-Hereford-Road-禧福道-1951-05-18,declare,1951-05-18,GN522,crowd|1951-gn522-kowloon-tong-streets-Hereford-Road-禧福道-1951-05-18,declare,true,true,true,true,first_equals_latest
agree_latest,en_zh:Heung Fan Liu Street|香粉寮街,HEUNG FAN LIU STREET,香粉寮街,ST,1983-12-23,GN3977,Heung Fan Liu Street,香粉寮街,1983-12-23,GN3977,crowd|1983-gn3977-sha-tin-Heung-Fan-Liu-Street-香粉寮街-1983-12-23,declare,1983-12-23,GN3977,crowd|1983-gn3977-sha-tin-Heung-Fan-Liu-Street-香粉寮街-1983-12-23,declare,true,true,true,true,first_equals_latest
agree_latest,en_zh:Heung Yip Path|香葉徑,HEUNG YIP PATH,香葉徑,S,2017-04-07,GN1922,Heung Yip Path,香葉徑,2017-04-07,GN1922,2017-04-07|GN1922|0,declare,2017-04-07,GN1922,2017-04-07|GN1922|0,declare,true,true,true,true,first_equals_latest
agree_latest,en_zh:Heung Yuen Wai Highway|香園圍公路,HEUNG YUEN WAI HIGHWAY,香園圍公路,N-TP,2019-02-01,GN1094,Heung Yuen Wai Highway,香園圍公路,2019-02-01,GN1094,2019-02-01|GN1094|0,declare,2019-02-01,GN1094,2019-02-01|GN1094|0,declare,true,true,true,true,first_equals_latest
agree_latest,en_zh:Hi Lee Path|喜利徑,HI LEE PATH,喜利徑,YL,1983-06-03,GN1752,Hi Lee Path,喜利徑,1983-06-03,GN1752,crowd|1983-gn1752-yuen-long-Hi-Lee-Path-喜利徑-1983-06-03,declare,1983-06-03,GN1752,crowd|1983-gn1752-yuen-long-Hi-Lee-Path-喜利徑-1983-06-03,declare,true,true,true,true,first_equals_latest
agree_latest,en_zh:Hi Yip Street|喜業街,HI YIP STREET,喜業街,YL,1983-01-28,GN325,Hi Yip Street,喜業街,1983-01-28,GN325,crowd|1983-gn325-yuen-long-Hi-Yip-Street-喜業街-1983-01-28,declare,1983-01-28,GN325,crowd|1983-gn325-yuen-long-Hi-Yip-Street-喜業街-1983-01-28,declare,true,true,true,true,first_equals_latest
agree_latest,en_zh:Hill Road|山道,HILL ROAD,山道,C&W,1936-11-20,GN918,Hill Road,山道,1936-11-20,GN918,crowd|1936-gn918-hill-road-10704-1936-11-20,rename,1936-11-20,GN918,crowd|1936-gn918-hill-road-10704-1936-11-20,rename,true,true,true,true,first_equals_latest
agree_latest,en_zh:Hill Side Terrace|山坡臺,HILL SIDE TERRACE,山坡臺,WC,1959-02-27,GN315,Hill Side Terrace,山坡臺,1959-02-27,GN315,crowd|1959-gn315-urban-council-renames-Hill-Side-Terrace-山坡臺-1959-02-27,rename,1959-02-27,GN315,crowd|1959-gn315-urban-council-renames-Hill-Side-Terrace-山坡臺-1959-02-27,rename,true,true,true,true,first_equals_latest
agree_latest,en_zh:Hilltop Road|顯達路,HILLTOP ROAD,顯達路,TW,1981-04-16,GN1146,Hilltop Road,顯達路,1981-04-16,GN1146,crowd|1981-gn1146-tsuen-wan-Hilltop-Road-顯達路-1981-04-16,declare,1981-04-16,GN1146,crowd|1981-gn1146-tsuen-wan-Hilltop-Road-顯達路-1981-04-16,declare,true,true,true,true,first_equals_latest
agree_latest,en_zh:Hin Keng Street|顯徑街,HIN KENG STREET,顯徑街,ST,1984-06-15,GN1737,Hin Keng Street,顯徑街,1984-06-15,GN1737,crowd|1984-gn1737-sha-tin-Hin-Keng-Street-顯徑街-1984-06-15,declare,1984-06-15,GN1737,crowd|1984-gn1737-sha-tin-Hin-Keng-Street-顯徑街-1984-06-15,declare,true,true,true,true,first_equals_latest
agree_latest,en_zh:Hing Man Street|興民街,HING MAN STREET,興民街,E,1937-06-04,GN387,Hing Man Street,興民街,1937-06-04,GN387,crowd|1937-gn387-shaukiwan-streets-10726-1937-06-04,declare,1937-06-04,GN387,crowd|1937-gn387-shaukiwan-streets-10726-1937-06-04,declare,true,true,true,true,first_equals_latest
agree_latest,en_zh:Hing Shing Road|興盛路,HING SHING ROAD,興盛路,K&T,1974-04-19,GN1023,Hing Shing Road,興盛路,1974-04-19,GN1023,crowd|1974-gn1023-kwai-chung-streets-10729-1974-04-19,declare,1974-04-19,GN1023,crowd|1974-gn1023-kwai-chung-streets-10729-1974-04-19,declare,true,true,true,true,first_equals_latest
agree_latest,en_zh:Hing Wo Street|興和街,HING WO STREET,興和街,S,1974-05-31,GN1379,Hing Wo Street,興和街,1974-05-31,GN1379,crowd|1974-gn1379-10733,declare,1974-05-31,GN1379,crowd|1974-gn1379-10733,declare,true,true,true,true,first_equals_latest
agree_latest,en_zh:Hing Wong Street|興旺街,HING WONG STREET,興旺街,TM,1975-08-01,GN1693,Hing Wong Street,興旺街,1975-08-01,GN1693,crowd|1975-gn1693-tuen-mun-streets-Hing-Wong-Street-興旺街-1975-08-01,declare,1975-08-01,GN1693,crowd|1975-gn1693-tuen-mun-streets-Hing-Wong-Street-興旺街-1975-08-01,declare,true,true,true,true,first_equals_latest
agree_latest,en_zh:Hing Yan Street|興仁街,HING YAN STREET,興仁街,KC,1959-05-15,GN670,Hing Yan Street,興仁街,1959-05-15,GN670,crowd|1959-gn670-to-kwa-wan-streets-Hing-Yan-Street-興仁街-1959-05-15,declare,1959-05-15,GN670,crowd|1959-gn670-to-kwa-wan-streets-Hing-Yan-Street-興仁街-1959-05-15,declare,true,true,true,true,first_equals_latest
agree_latest,en_zh:Hing Yin Street|興賢街,HING YIN STREET,興賢街,KC,1959-05-15,GN670,Hing Yin Street,興賢街,1959-05-15,GN670,crowd|1959-gn670-to-kwa-wan-streets-Hing-Yin-Street-興賢街-1959-05-15,declare,1959-05-15,GN670,crowd|1959-gn670-to-kwa-wan-streets-Hing-Yin-Street-興賢街-1959-05-15,declare,true,true,true,true,first_equals_latest
agree_latest,en_zh:Hing Yip Street|興業街,HING YIP STREET,興業街,KT,1957-02-22,GN264,Hing Yip Street,興業街,1957-02-22,GN264,crowd|1957-gn264-kwun-tong-streets-Hing-Yip-Street-興業街-1957-02-22,declare,1957-02-22,GN264,crowd|1957-gn264-kwun-tong-streets-Hing-Yip-Street-興業街-1957-02-22,declare,true,true,true,true,first_equals_latest
agree_latest,en_zh:Hip Wo Lane|協和里,HIP WO LANE,協和里,WC,1956-10-12,GN1306,Hip Wo Lane,協和里,1956-10-12,GN1306,crowd|1956-gn1306-hip-wo-lane-Hip-Wo-Lane-協和里-1956-10-12,declare,1956-10-12,GN1306,crowd|1956-gn1306-hip-wo-lane-Hip-Wo-Lane-協和里-1956-10-12,declare,true,true,true,true,first_equals_latest
agree_latest,en_zh:Hip Yan Street|協欣街,HIP YAN STREET,協欣街,ST,1983-12-23,GN3977,Hip Yan Street,協欣街,1983-12-23,GN3977,crowd|1983-gn3977-sha-tin-Hip-Yan-Street-協欣街-1983-12-23,declare,1983-12-23,GN3977,crowd|1983-gn3977-sha-tin-Hip-Yan-Street-協欣街-1983-12-23,declare,true,true,true,true,first_equals_latest
agree_latest,en_zh:Hiram's Highway|西貢公路,HIRAM'S HIGHWAY,西貢公路,SK,1977-06-10,GN1311,Hiram's Highway,西貢公路,1977-06-10,GN1311,crowd|1977-gn1311-sai-kung-roads-Hiram-s-Highway-西貢公路-1977-06-10,declare,1977-06-10,GN1311,crowd|1977-gn1311-sai-kung-roads-Hiram-s-Highway-西貢公路-1977-06-10,declare,true,true,true,true,first_equals_latest
agree_latest,en_zh:Ho Chung North Road|蠔涌北路,HO CHUNG NORTH ROAD,蠔涌北路,SK,2020-06-12,GN3236,Ho Chung North Road,蠔涌北路,2020-06-12,GN3236,2020-06-12|GN3236|0,declare,2020-06-12,GN3236,2020-06-12|GN3236|0,declare,true,true,true,true,first_equals_latest
agree_latest,en_zh:Ho King Street|好景街,HO KING STREET,好景街,S,1932-04-22,GN245,Ho King Street,好景街,1932-04-22,GN245,crowd|1932-gn245-ap-lei-chau-streets-10750-1932-04-22,declare,1932-04-22,GN245,crowd|1932-gn245-ap-lei-chau-streets-10750-1932-04-22,declare,true,true,true,true,first_equals_latest
agree_latest,en_zh:Ho Man Tin Street|何文田街,HO MAN TIN STREET,何文田街,KC,1929-11-29,GN616,Ho Man Tin Street,何文田街,1929-11-29,GN616,crowd|1929-gn616-ho-man-tin-street-10756-1929-11-29,declare,1929-11-29,GN616,crowd|1929-gn616-ho-man-tin-street-10756-1929-11-29,declare,true,true,true,true,first_equals_latest
agree_latest,en_zh:Ho Tung Road|何東道,HO TUNG ROAD,何東道,KC,1939-04-28,GN341,Ho Tung Road,何東道,1939-04-28,GN341,crowd|1939-gn341-kowloon-tong-roads-10761-1939-04-28,declare,1939-04-28,GN341,crowd|1939-gn341-kowloon-tong-roads-10761-1939-04-28,declare,true,true,true,true,first_equals_latest
agree_latest,en_zh:Hoi Bun Road|海濱道,HOI BUN ROAD,海濱道,KT,1979-11-09,GN2898,Hoi Bun Road,海濱道,1957-02-22,GN264,crowd|1957-gn264-kwun-tong-streets-Hoi-Bun-Road-海濱道-1957-02-22,declare,1979-11-09,GN2898,crowd|1979-gn2898-kwun-tong-streets-Hoi-Bun-Road-海濱道-1979-11-09,declare,false,false,true,true,
agree_latest,en_zh:Hoi Foo Street|海富街,HOI FOO STREET,海富街,E,1937-06-04,GN387,Hoi Foo Street,海富街,1937-06-04,GN387,crowd|1937-gn387-shaukiwan-streets-10769-1937-06-04,declare,1937-06-04,GN387,crowd|1937-gn387-shaukiwan-streets-10769-1937-06-04,declare,true,true,true,true,first_equals_latest
agree_latest,en_zh:Hoi Fung Path|海風徑,HOI FUNG PATH,海風徑,S,1980-05-02,GN1356,Hoi Fung Path,海風徑,1978-07-21,GN1852,crowd|1978-gn1852-hoi-fung-path-Hoi-Fung-Path-海風徑-1978-07-21,declare,1980-05-02,GN1356,crowd|1980-gn1356-stanley-paths-Hoi-Fung-Path-海風徑-1980-05-02,extend,false,false,true,true,
agree_latest,en_zh:Hoi Kwong Street|海光街,HOI KWONG STREET,海光街,E,1960-11-04,GN1673,Hoi Kwong Street,海光街,1960-11-04,GN1673,crowd|1960-gn1673-tong-chong-streets-Hoi-Kwong-Street-海光街-1960-11-04,declare,1960-11-04,GN1673,crowd|1960-gn1673-tong-chong-streets-Hoi-Kwong-Street-海光街-1960-11-04,declare,true,true,true,true,first_equals_latest
agree_latest,en_zh:Hoi Long Path|海浪徑,HOI LONG PATH,海浪徑,TW,2009-12-18,GN7996,Hoi Long Path,海浪徑,2009-12-18,GN7996,2009-12-18|GN7996|0,declare,2009-12-18,GN7996,2009-12-18|GN7996|0,declare,true,true,true,true,first_equals_latest
agree_latest,en_zh:Hoi Ning Street|海寧街,HOI NING STREET,海寧街,E,1937-06-04,GN387,Hoi Ning Street,海寧街,1937-06-04,GN387,crowd|1937-gn387-shaukiwan-streets-10779-1937-06-04,declare,1937-06-04,GN387,crowd|1937-gn387-shaukiwan-streets-10779-1937-06-04,declare,true,true,true,true,first_equals_latest
agree_latest,en_zh:Hoi Ping Road|開平道,HOI PING ROAD,開平道,WC,1936-01-10,GN35,Hoi Ping Road,開平道,1936-01-10,GN35,crowd|1936-gn35-hoi-ping-road-10782-1936-01-10,declare,1936-01-10,GN35,crowd|1936-gn35-hoi-ping-road-10782-1936-01-10,declare,true,true,true,true,first_equals_latest
agree_latest,en_zh:Hoi Sha Path|海沙徑,HOI SHA PATH,海沙徑,Is,2019-10-25,GN6636,Hoi Sha Path,海沙徑,2019-10-25,GN6636,2019-10-25|GN6636|0,declare,2019-10-25,GN6636,2019-10-25|GN6636|0,declare,true,true,true,true,first_equals_latest
agree_latest,en_zh:Hoi Tat Street|海達街,HOI TAT STREET,海達街,SSP,2022-09-02,GN4919,Hoi Tat Street,海達街,2022-09-02,GN4919,2022-09-02|GN4919|0,declare,2022-09-02,GN4919,2022-09-02|GN4919|0,declare,true,true,true,true,first_equals_latest
agree_latest,en_zh:Hoi Wan Street|海灣街,HOI WAN STREET,海灣街,E,1960-11-04,GN1673,Hoi Wan Street,海灣街,1960-11-04,GN1673,crowd|1960-gn1673-tong-chong-streets-Hoi-Wan-Street-海灣街-1960-11-04,declare,1960-11-04,GN1673,crowd|1960-gn1673-tong-chong-streets-Hoi-Wan-Street-海灣街-1960-11-04,declare,true,true,true,true,first_equals_latest
agree_latest,en_zh:Hoi Yu Street|海裕街,HOI YU STREET,海裕街,E,1984-11-30,GN3529,Hoi Yu Street,海裕街,1984-11-30,GN3529,crowd|1984-gn3529-eastern-Hoi-Yu-Street-海裕街-1984-11-30,declare,1984-11-30,GN3529,crowd|1984-gn3529-eastern-Hoi-Yu-Street-海裕街-1984-11-30,declare,true,true,true,true,first_equals_latest
agree_latest,en_zh:Hok Ling Street|鶴齡街,HOK LING STREET,鶴齡街,KC,1959-04-17,GN548,Hok Ling Street,鶴齡街,1959-04-17,GN548,crowd|1959-gn548-ma-tau-kok-streets-Hok-Ling-Street-鶴齡街-1959-04-17,declare,1959-04-17,GN548,crowd|1959-gn548-ma-tau-kok-streets-Hok-Ling-Street-鶴齡街-1959-04-17,declare,true,true,true,true,first_equals_latest
agree_latest,en_zh:Hok Yuen Street East|鶴園東街,HOK YUEN STREET EAST,鶴園東街,KC,1981-05-01,GN1299,Hok Yuen Street East,鶴園東街,1981-05-01,GN1299,crowd|1981-gn1299-hok-yuen-street-east-Hok-Yuen-Street-East-鶴園東街-1981-05-01,declare,1981-05-01,GN1299,crowd|1981-gn1299-hok-yuen-street-east-Hok-Yuen-Street-East-鶴園東街-1981-05-01,declare,true,true,true,true,first_equals_latest
agree_latest,en_zh:Holly Road|冬青道,HOLLY ROAD,冬青道,WC,1940-02-07,GN154,Holly Road,冬青道,1940-02-07,GN154,crowd|1940-gn154-happy-valley-roads-10797-1940-02-07,declare,1940-02-07,GN154,crowd|1940-gn154-happy-valley-roads-10797-1940-02-07,declare,true,true,true,true,first_equals_latest
agree_latest,en:HOLY CROSS PATH,HOLY CROSS PATH,聖十字徑,E,1937-06-04,GN387,Holy Cross Path,聖十字路,1937-06-04,GN387,crowd|1937-gn387-shaukiwan-streets-10799-1937-06-04,declare,1937-06-04,GN387,crowd|1937-gn387-shaukiwan-streets-10799-1937-06-04,declare,true,true,true,true,first_equals_latest
agree_latest,en_zh:Homestead Road|堪仕達道,HOMESTEAD ROAD,堪仕達道,C&W,1939-12-15,GN1178,Homestead Road,堪仕達道,1939-12-15,GN1178,crowd|1939-gn1178-homestead-road-10800-1939-12-15,declare,1939-12-15,GN1178,crowd|1939-gn1178-homestead-road-10800-1939-12-15,declare,true,true,true,true,first_equals_latest
agree_latest,en_zh:Hong Cheung Street|康祥街,HONG CHEUNG STREET,康祥街,E,1980-03-14,GN787,Hong Cheung Street,康祥街,1980-03-14,GN787,crowd|1980-gn787-hong-cheung-shun-fu-Hong-Cheung-Street-康祥街-1980-03-14,declare,1980-03-14,GN787,crowd|1980-gn787-hong-cheung-shun-fu-Hong-Cheung-Street-康祥街-1980-03-14,declare,true,true,true,true,first_equals_latest
agree_latest,en_zh:Hong King Street|康景街,HONG KING STREET,康景街,YL,1981-12-18,GN3742,Hong King Street,康景街,1981-12-18,GN3742,crowd|1981-gn3742-yuen-long-Hong-King-Street-康景街-1981-12-18,declare,1981-12-18,GN3742,crowd|1981-gn3742-yuen-long-Hong-King-Street-康景街-1981-12-18,declare,true,true,true,true,first_equals_latest
agree_latest,en_zh:Hong Kong-zhuhai-macao Bridge Hong Kong Link Road|港珠澳大橋香港連接路,HONG KONG-ZHUHAI-MACAO BRIDGE HONG KONG LINK ROAD,港珠澳大橋香港連接路,Is,2017-03-10,GN1273,Hong Kong-Zhuhai-Macao Bridge Hong Kong Link Road,港珠澳大橋香港連接路,2017-03-10,GN1273,2017-03-10|GN1273|1,declare,2017-03-10,GN1273,2017-03-10|GN1273|1,declare,true,true,true,true,first_equals_latest
agree_latest,en_zh:Hong Ning Road|康寧道,HONG NING ROAD,康寧道,KT,1957-02-22,GN264,Hong Ning Road,康寧道,1957-02-22,GN264,crowd|1957-gn264-kwun-tong-streets-Hong-Ning-Road-康寧道-1957-02-22,declare,1957-02-22,GN264,crowd|1957-gn264-kwun-tong-streets-Hong-Ning-Road-康寧道-1957-02-22,declare,true,true,true,true,first_equals_latest
agree_latest,en_zh:Hong Ping Street|康平街,HONG PING STREET,康平街,E,1977-04-15,GN858,Hong Ping Street,康平街,1977-04-15,GN858,crowd|1977-gn858-chai-wan-streets-Hong-Ping-Street-康平街-1977-04-15,declare,1977-04-15,GN858,crowd|1977-gn858-chai-wan-streets-Hong-Ping-Street-康平街-1977-04-15,declare,true,true,true,true,first_equals_latest
agree_latest,en_zh:Hong Tak Road|康德道,HONG TAK ROAD,康德道,KT,1976-08-06,GN1712,Hong Tak Road,康德道,1976-08-06,GN1712,crowd|1976-gn1712-hong-tak-road-Hong-Tak-Road-康德道-1976-08-06,declare,1976-08-06,GN1712,crowd|1976-gn1712-hong-tak-road-Hong-Tak-Road-康德道-1976-08-06,declare,true,true,true,true,first_equals_latest
agree_latest,en_zh:Hop Choi Street|合財街,HOP CHOI STREET,合財街,YL,1981-12-18,GN3742,Hop Choi Street,合財街,1981-12-18,GN3742,crowd|1981-gn3742-yuen-long-Hop-Choi-Street-合財街-1981-12-18,declare,1981-12-18,GN3742,crowd|1981-gn3742-yuen-long-Hop-Choi-Street-合財街-1981-12-18,declare,true,true,true,true,first_equals_latest
agree_latest,en_zh:Hop Yat Road|合一道,HOP YAT ROAD,合一道,KC,1957-07-26,GN1050,Hop Yat Road,合一道,1957-07-26,GN1050,crowd|1957-gn1050-hop-yat-cluster-Hop-Yat-Road-合一道-1957-07-26,declare,1957-07-26,GN1050,crowd|1957-gn1050-hop-yat-cluster-Hop-Yat-Road-合一道-1957-07-26,declare,true,true,true,true,first_equals_latest
agree_latest,en_zh:Hospital Path|醫院徑,HOSPITAL PATH,醫院徑,C&W,1935-04-12,GN302,Hospital Path,醫院徑,1935-04-12,GN302,crowd|1935-gn302-south-side-streets-10856-1935-04-12,declare,1935-04-12,GN302,crowd|1935-gn302-south-side-streets-10856-1935-04-12,declare,true,true,true,true,first_equals_latest
agree_latest,en_zh:How Ming Lane|巧明里,HOW MING LANE,巧明里,KT,1957-02-22,GN264,How Ming Lane,巧明里,1957-02-22,GN264,crowd|1957-gn264-kwun-tong-streets-How-Ming-Lane-巧明里-1957-02-22,declare,1957-02-22,GN264,crowd|1957-gn264-kwun-tong-streets-How-Ming-Lane-巧明里-1957-02-22,declare,true,true,true,true,first_equals_latest
agree_latest,en_zh:How Ming Street|巧明街,HOW MING STREET,巧明街,KT,1957-02-22,GN264,How Ming Street,巧明街,1957-02-22,GN264,crowd|1957-gn264-kwun-tong-streets-How-Ming-Street-巧明街-1957-02-22,declare,1957-02-22,GN264,crowd|1957-gn264-kwun-tong-streets-How-Ming-Street-巧明街-1957-02-22,declare,true,true,true,true,first_equals_latest
agree_latest,en_zh:Hung Cheung Road|洪祥路,HUNG CHEUNG ROAD,洪祥路,TM,1975-08-01,GN1693,Hung Cheung Road,洪祥路,1975-08-01,GN1693,crowd|1975-gn1693-tuen-mun-streets-Hung-Cheung-Road-洪祥路-1975-08-01,declare,1975-08-01,GN1693,crowd|1975-gn1693-tuen-mun-streets-Hung-Cheung-Road-洪祥路-1975-08-01,declare,true,true,true,true,first_equals_latest
agree_latest,en_zh:Hung Fook Street|鴻福街,HUNG FOOK STREET,鴻福街,KC,1957-07-26,GN1050,Hung Fook Street,鴻福街,1957-07-26,GN1050,crowd|1957-gn1050-hop-yat-cluster-Hung-Fook-Street-鴻福街-1957-07-26,declare,1957-07-26,GN1050,crowd|1957-gn1050-hop-yat-cluster-Hung-Fook-Street-鴻福街-1957-07-26,declare,true,true,true,true,first_equals_latest
agree_latest,en_zh:Hung Hom Bypass|紅磡繞道,HUNG HOM BYPASS,紅磡繞道,KC-YTM,2019-03-01,GN1656,Hung Hom Bypass,紅磡繞道,2019-03-01,GN1656,2019-03-01|GN1656|0,declare,2019-03-01,GN1656,2019-03-01|GN1656|0,declare,true,true,true,true,first_equals_latest
agree_latest,en_zh:Hung Hom Wan Street|紅磡灣街,HUNG HOM WAN STREET,紅磡灣街,KC,1980-05-23,GN1581,Hung Hom Wan Street,紅磡灣街,1980-05-23,GN1581,crowd|1980-gn1581-hung-hom-streets-Hung-Hom-Wan-Street-紅磡灣街-1980-05-23,declare,1980-05-23,GN1581,crowd|1980-gn1581-hung-hom-streets-Hung-Hom-Wan-Street-紅磡灣街-1980-05-23,declare,true,true,true,true,first_equals_latest
agree_latest,en_zh:Hung Kwong Street|鴻光街,HUNG KWONG STREET,鴻光街,KC,1958-10-31,GN1478,Hung Kwong Street,鴻光街,1958-10-31,GN1478,crowd|1958-gn1478-hung-kwong-wing-yiu-Hung-Kwong-Street-鴻光街-1958-10-31,declare,1958-10-31,GN1478,crowd|1958-gn1478-hung-kwong-wing-yiu-Hung-Kwong-Street-鴻光街-1958-10-31,declare,true,true,true,true,first_equals_latest
agree_latest,en_zh:Hung Leng North Road|孔嶺北路,HUNG LENG NORTH ROAD,孔嶺北路,N,2019-04-26,GN2871,Hung Leng North Road,孔嶺北路,2019-04-26,GN2871,2019-04-26|GN2871|0,declare,2019-04-26,GN2871,2019-04-26|GN2871|0,declare,true,true,true,true,first_equals_latest
agree_latest,en_zh:Hung Min Court|紅棉圍,HUNG MIN COURT,紅棉圍,YL,1977-12-02,GN2944,Hung Min Court,紅棉圍,1977-12-02,GN2944,crowd|1977-gn2944-yuen-long-streets-Hung-Min-Court-紅棉圍-1977-12-02,declare,1977-12-02,GN2944,crowd|1977-gn2944-yuen-long-streets-Hung-Min-Court-紅棉圍-1977-12-02,declare,true,true,true,true,first_equals_latest
agree_latest,en_zh:Hung Mui Kuk Road|紅梅谷路,HUNG MUI KUK ROAD,紅梅谷路,ST,1983-12-23,GN3977,Hung Mui Kuk Road,紅梅谷路,1982-03-05,GN754,crowd|1982-gn754-sha-tin-Hung-Mui-Kuk-Road-紅梅谷路-1982-03-05,declare,1983-12-23,GN3977,crowd|1983-gn3977-sha-tin-Hung-Mui-Kuk-Road-紅梅谷路-1983-12-23,extend,false,false,true,true,
agree_latest,en_zh:Hung Pak Road|洪柏路,HUNG PAK ROAD,洪柏路,YL,2019-09-27,GN6068,Hung Pak Road,洪柏路,2019-09-27,GN6068,2019-09-27|GN6068|0,declare,2019-09-27,GN6068,2019-09-27|GN6068|0,declare,true,true,true,true,first_equals_latest
agree_latest,en_zh:Hung To Road|鴻圖道,HUNG TO ROAD,鴻圖道,KT,1957-02-22,GN264,Hung To Road,鴻圖道,1957-02-22,GN264,crowd|1957-gn264-kwun-tong-streets-Hung-To-Road-鴻圖道-1957-02-22,declare,1957-02-22,GN264,crowd|1957-gn264-kwun-tong-streets-Hung-To-Road-鴻圖道-1957-02-22,declare,true,true,true,true,first_equals_latest
agree_latest,en_zh:Hung Wan Street|鴻運街,HUNG WAN STREET,鴻運街,KC,1959-04-17,GN548,Hung Wan Street,鴻運街,1959-04-17,GN548,crowd|1959-gn548-ma-tau-kok-streets-Hung-Wan-Street-鴻運街-1959-04-17,declare,1959-04-17,GN548,crowd|1959-gn548-ma-tau-kok-streets-Hung-Wan-Street-鴻運街-1959-04-17,declare,true,true,true,true,first_equals_latest
agree_latest,en_zh:Hung Yip Street|鴻業街,HUNG YIP STREET,鴻業街,KT,1976-12-24,GN2874,Hung Yip Street,鴻業街,1976-12-24,GN2874,crowd|1976-gn2874-kowloon-bay-streets-Hung-Yip-Street-鴻業街-1976-12-24,declare,1976-12-24,GN2874,crowd|1976-gn2874-kowloon-bay-streets-Hung-Yip-Street-鴻業街-1976-12-24,declare,true,true,true,true,first_equals_latest
agree_latest,en_zh:Hysan Avenue|希慎道,HYSAN AVENUE,希慎道,WC,1934-04-27,GN332,Hysan Avenue,希慎道,1934-04-27,GN332,crowd|1934-gn332-hysan-avenue-10879-1934-04-27,rename,1934-04-27,GN332,crowd|1934-gn332-hysan-avenue-10879-1934-04-27,rename,true,true,true,true,first_equals_latest
agree_latest,en_zh:Ichang Street|宜昌街,ICHANG STREET,宜昌街,YTM,1935-04-26,GN334,Ichang Street,宜昌街,1935-04-26,GN334,crowd|1935-gn334-kowloon-streets-10881-1935-04-26,declare,1935-04-26,GN334,crowd|1935-gn334-kowloon-streets-10881-1935-04-26,declare,true,true,true,true,first_equals_latest
agree_latest,en_zh:Innovation And Technology Park Road|創科園路,INNOVATION AND TECHNOLOGY PARK ROAD,創科園路,N,2025-02-28,GN1271,Innovation and Technology Park Road,創科園路,2025-02-28,GN1271,crowd|2025-gn1271-14555-2025-02-28,declare,2025-02-28,GN1271,crowd|2025-gn1271-14555-2025-02-28,declare,true,true,true,true,first_equals_latest
agree_latest,en_zh:Inspiration Drive|迪欣路,INSPIRATION DRIVE,迪欣路,TW,2004-12-17,GN8104,Inspiration Drive,迪欣路,2004-12-17,GN8104,crowd|2004-gn8104-14202,declare,2004-12-17,GN8104,crowd|2004-gn8104-14202,declare,true,true,true,true,first_equals_latest
agree_latest,en_zh:Island Eastern Corridor|東區走廊,ISLAND EASTERN CORRIDOR,東區走廊,E-WC,1984-08-24,GN2562,Island Eastern Corridor,東區走廊,1984-08-24,GN2562,crowd|1984-gn2562-island-eastern-Island-Eastern-Corridor-東區走廊-1984-08-24,declare,1984-08-24,GN2562,crowd|1984-gn2562-island-eastern-Island-Eastern-Corridor-東區走廊-1984-08-24,declare,true,true,true,true,first_equals_latest
agree_latest,en_zh:Ivy Street|埃華街,IVY STREET,埃華街,YTM,1974-04-26,GN1078,Ivy Street,埃華街,1974-04-26,GN1078,crowd|1974-gn1078-10889-1974-04-26,declare,1974-04-26,GN1078,crowd|1974-gn1078-10889-1974-04-26,declare,true,true,true,true,first_equals_latest
agree_latest,en_zh:Jade Lane|翡翠里,JADE LANE,翡翠里,SK,1983-01-28,GN324,Jade Lane,翡翠里,1983-01-28,GN324,crowd|1983-gn324-sai-kung-Jade-Lane-翡翠里-1983-01-28,declare,1983-01-28,GN324,crowd|1983-gn324-sai-kung-Jade-Lane-翡翠里-1983-01-28,declare,true,true,true,true,first_equals_latest
agree_latest,en_zh:Jaffe Road|謝斐道,JAFFE ROAD,謝斐道,WC,1961-07-07,GN1136,Jaffe Road,謝斐道,1961-07-07,GN1136,crowd|1961-gn1136-jaffe-cannon-Jaffe-Road-謝斐道-1961-07-07,declare,1961-07-07,GN1136,crowd|1961-gn1136-jaffe-cannon-Jaffe-Road-謝斐道-1961-07-07,declare,true,true,true,true,first_equals_latest
agree_latest,en_zh:Jardine's Crescent|渣甸坊,JARDINE'S CRESCENT,渣甸坊,WC,1950-06-09,GN712,Jardine's Crescent,渣甸坊,1950-06-09,GN712,crowd|1950-gn712-jardines-crescent-Jardine-s-Crescent-渣甸坊-1950-06-09,declare,1950-06-09,GN712,crowd|1950-gn712-jardines-crescent-Jardine-s-Crescent-渣甸坊-1950-06-09,declare,true,true,true,true,first_equals_latest
agree_latest,en_zh:Java Road|渣華道,JAVA ROAD,渣華道,E,1959-11-20,GN1608,Java Road,渣華道,1954-06-04,GN673,crowd|1954-gn673-java-east-point-Java-Road-渣華道-1954-06-04,extend,1959-11-20,GN1608,crowd|1959-gn1608-north-point-roads-Java-Road-渣華道-1959-11-20,extend,false,false,true,true,
agree_latest,en_zh:Johnston Road|莊士敦道,JOHNSTON ROAD,莊士敦道,WC,1929-06-14,GN312,Johnston Road,莊士敦道,1929-06-14,GN312,crowd|1929-gn312-johnston-road-10900-1929-06-14,declare,1929-06-14,GN312,crowd|1929-gn312-johnston-road-10900-1929-06-14,declare,true,true,true,true,first_equals_latest
agree_latest,en_zh:Joint Street|聯接街,JOINT STREET,聯接街,K&T,1977-11-25,GN2859,Joint Street,聯接街,1977-11-25,GN2859,crowd|1977-gn2859-tsuen-wan-kwai-streets-Joint-Street-聯接街-1977-11-25,declare,1977-11-25,GN2859,crowd|1977-gn2859-tsuen-wan-kwai-streets-Joint-Street-聯接街-1977-11-25,declare,true,true,true,true,first_equals_latest
agree_latest,en:JONES STREET,JONES STREET,重士街,WC,1915-10-22,GN475,Jones Street,瓊斯街,1915-10-22,GN475,crowd|1915-gn475-jones-street-10902-1915-10-22,declare,1915-10-22,GN475,crowd|1915-gn475-jones-street-10902-1915-10-22,declare,true,true,true,true,first_equals_latest
agree_latest,en_zh:Jordan Path|佐敦里,JORDAN PATH,佐敦里,YTM,1960-03-18,GN468,Jordan Path,佐敦里,1960-03-18,GN468,crowd|1960-gn468-jordan-path-Jordan-Path-佐敦里-1960-03-18,declare,1960-03-18,GN468,crowd|1960-gn468-jordan-path-Jordan-Path-佐敦里-1960-03-18,declare,true,true,true,true,first_equals_latest
agree_latest,en_zh:Julia Avenue|棗梨雅道,JULIA AVENUE,棗梨雅道,KC,1925-10-09,GN575,Julia Avenue,棗梨雅道,1925-10-09,GN575,crowd|1925-gn575-village-road-10908-1925-10-09,declare,1925-10-09,GN575,crowd|1925-gn575-village-road-10908-1925-10-09,declare,true,true,true,true,first_equals_latest
agree_latest,en_zh:Jupiter Street|木星街,JUPITER STREET,木星街,WC,1952-08-15,GN972,Jupiter Street,木星街,1952-08-15,GN972,crowd|1952-gn972-north-point-streets-Jupiter-Street-木星街-1952-08-15,declare,1952-08-15,GN972,crowd|1952-gn972-north-point-streets-Jupiter-Street-木星街-1952-08-15,declare,true,true,true,true,first_equals_latest
agree_latest,en_zh:Ka King Lane|嘉敬里,KA KING LANE,嘉敬里,TP,2013-11-01,GN6570,Ka King Lane,嘉敬里,2013-11-01,GN6570,crowd|2013-gn6570-cheung-tai-ka-king-14386-2013-11-01,declare,2013-11-01,GN6570,crowd|2013-gn6570-cheung-tai-ka-king-14386-2013-11-01,declare,true,true,true,true,first_equals_latest
agree_latest,en_zh:Ka On Street|嘉安街,KA ON STREET,嘉安街,C&W,1983-03-18,GN874,Ka On Street,嘉安街,1983-03-18,GN874,crowd|1983-gn874-western-Ka-On-Street-嘉安街-1983-03-18,declare,1983-03-18,GN874,crowd|1983-gn874-western-Ka-On-Street-嘉安街-1983-03-18,declare,true,true,true,true,first_equals_latest
agree_latest,en_zh:Ka Wai Man Road|加惠民道,KA WAI MAN ROAD,加惠民道,C&W,1958-09-19,GN1285,Ka Wai Man Road,加惠民道,1958-09-19,GN1285,crowd|1958-gn1285-ka-wai-man-san-ma-tau-Ka-Wai-Man-Road-加惠民道-1958-09-19,declare,1958-09-19,GN1285,crowd|1958-gn1285-ka-wai-man-san-ma-tau-Ka-Wai-Man-Road-加惠民道-1958-09-19,declare,true,true,true,true,first_equals_latest
agree_latest,en_zh:Ka Wing Street|嘉榮街,KA WING STREET,嘉榮街,KT,1979-11-09,GN2899,Ka Wing Street,嘉榮街,1979-11-09,GN2899,crowd|1979-gn2899-yau-tong-streets-Ka-Wing-Street-嘉榮街-1979-11-09,declare,1979-11-09,GN2899,crowd|1979-gn2899-yau-tong-streets-Ka-Wing-Street-嘉榮街-1979-11-09,declare,true,true,true,true,first_equals_latest
agree_latest,en_zh:Ka Wo Street|嘉禾街,KA WO STREET,嘉禾街,S,1956-07-06,GN849,Ka Wo Street,嘉禾街,1956-07-06,GN849,crowd|1956-gn849-tin-wan-cluster-Ka-Wo-Street-嘉禾街-1956-07-06,declare,1956-07-06,GN849,crowd|1956-gn849-tin-wan-cluster-Ka-Wo-Street-嘉禾街-1956-07-06,declare,true,true,true,true,first_equals_latest
agree_latest,en:KAI CHEUNG ROAD,KAI CHEUNG ROAD,啟祥道,KT,1983-07-15,GN2233,Kai Cheung Road,啓祥道,1983-07-15,GN2233,crowd|1983-gn2233-kowloon-bay-Kai-Cheung-Road-啓祥道-1983-07-15,declare,1983-07-15,GN2233,crowd|1983-gn2233-kowloon-bay-Kai-Cheung-Road-啓祥道-1983-07-15,declare,true,true,true,true,first_equals_latest
agree_latest,en_zh:Kai Fat Path|啟發徑,KAI FAT PATH,啟發徑,TM,1975-08-01,GN1693,Kai Fat Path,啟發徑,1975-08-01,GN1693,crowd|1975-gn1693-tuen-mun-streets-Kai-Fat-Path-啟發徑-1975-08-01,declare,1975-08-01,GN1693,crowd|1975-gn1693-tuen-mun-streets-Kai-Fat-Path-啟發徑-1975-08-01,declare,true,true,true,true,first_equals_latest
agree_latest,en:KAI FUK ROAD,KAI FUK ROAD,啟福道,KT-KC,1983-07-15,GN2233,Kai Fuk Road,啓福道,1983-07-15,GN2233,crowd|1983-gn2233-kowloon-bay-Kai-Fuk-Road-啓福道-1983-07-15,declare,1983-07-15,GN2233,crowd|1983-gn2233-kowloon-bay-Kai-Fuk-Road-啓福道-1983-07-15,declare,true,true,true,true,first_equals_latest
agree_latest,en:KAI HING ROAD,KAI HING ROAD,啟興道,KT,1984-04-19,GN1193,Kai Hing Road,啓興道,1984-04-19,GN1193,crowd|1984-gn1193-kowloon-bay-Kai-Hing-Road-啓興道-1984-04-19,declare,1984-04-19,GN1193,crowd|1984-gn1193-kowloon-bay-Kai-Hing-Road-啓興道-1984-04-19,declare,true,true,true,true,first_equals_latest
agree_latest,en:KAI LOK STREET,KAI LOK STREET,啟樂街,KT,1983-07-15,GN2233,Kai Lok Street,啓樂街,1983-07-15,GN2233,crowd|1983-gn2233-kowloon-bay-Kai-Lok-Street-啓樂街-1983-07-15,declare,1983-07-15,GN2233,crowd|1983-gn2233-kowloon-bay-Kai-Lok-Street-啓樂街-1983-07-15,declare,true,true,true,true,first_equals_latest
agree_latest,en_zh:Kai Ming Street|啟明街,KAI MING STREET,啟明街,KC,1957-07-26,GN1050,Kai Ming Street,啟明街,1957-07-26,GN1050,crowd|1957-gn1050-hop-yat-cluster-Kai-Ming-Street-啟明街-1957-07-26,declare,1957-07-26,GN1050,crowd|1957-gn1050-hop-yat-cluster-Kai-Ming-Street-啟明街-1957-07-26,declare,true,true,true,true,first_equals_latest
agree_latest,en_zh:Kai Pak Ling Road|雞伯嶺路,KAI PAK LING ROAD,雞伯嶺路,YL,2011-11-11,GN7461,Kai Pak Ling Road,雞伯嶺路,2011-11-11,GN7461,2011-11-11|GN7461|0,declare,2011-11-11,GN7461,2011-11-11|GN7461|0,declare,true,true,true,true,first_equals_latest
agree_latest,en_zh:Kai San Road|啟新道,KAI SAN ROAD,啟新道,WTS-KC,2017-08-04,GN5710,Kai San Road,啟新道,2017-08-04,GN5710,2017-08-04|GN5710|0,declare,2017-08-04,GN5710,2017-08-04|GN5710|0,declare,true,true,true,true,first_equals_latest
agree_latest,en:KAI SHING STREET,KAI SHING STREET,啟成街,KT-KC,1983-07-15,GN2233,Kai Shing Street,啓成街,1983-07-15,GN2233,crowd|1983-gn2233-kowloon-bay-Kai-Shing-Street-啓成街-1983-07-15,declare,1983-07-15,GN2233,crowd|1983-gn2233-kowloon-bay-Kai-Shing-Street-啓成街-1983-07-15,declare,true,true,true,true,first_equals_latest
agree_latest,en_zh:Kai Tak Interchange|啟德交匯處,KAI TAK INTERCHANGE,啟德交匯處,KC-KT,2025-11-21,GN7381,Kai Tak Interchange,啟德交匯處,2025-11-21,GN7381,2025-11-21|GN7381|1,declare,2025-11-21,GN7381,2025-11-21|GN7381|1,declare,true,true,true,true,first_equals_latest
agree_latest,en_zh:Kai Tak Road|啟德道,KAI TAK ROAD,啟德道,KC,1954-05-14,GN572,Kai Tak Road,啟德道,1954-05-14,GN572,crowd|1954-gn572-kai-tak-road-Kai-Tak-Road-啟德道-1954-05-14,rename,1954-05-14,GN572,crowd|1954-gn572-kai-tak-road-Kai-Tak-Road-啟德道-1954-05-14,rename,true,true,true,true,first_equals_latest
agree_latest,en_zh:Kai Wo Road|啟和路,KAI WO ROAD,啟和路,TP,2000-06-23,GN3981,Kai Wo Road,啟和路,2000-06-23,GN3981,crowd|2000-gn3981-14025,declare,2000-06-23,GN3981,crowd|2000-gn3981-14025,declare,true,true,true,true,first_equals_latest
agree_latest,en_zh:Kai Yip Road|啟業道,KAI YIP ROAD,啟業道,KT,1981-12-11,GN3683,Kai Yip Road,啟業道,1981-12-11,GN3683,crowd|1981-gn3683-kai-yip-rehab-Kai-Yip-Road-啟業道-1981-12-11,declare,1981-12-11,GN3683,crowd|1981-gn3683-kai-yip-rehab-Kai-Yip-Road-啟業道-1981-12-11,declare,true,true,true,true,first_equals_latest
agree_latest,en_zh:Kai Yung Lane|啟融里,KAI YUNG LANE,啟融里,KC,2017-03-03,GN1160,Kai Yung Lane,啟融里,2017-03-03,GN1160,2017-03-03|GN1160|2,declare,2017-03-03,GN1160,2017-03-03|GN1160|2,declare,true,true,true,true,first_equals_latest
agree_latest,en_zh:Kam Cheung Square|金祥坊,KAM CHEUNG SQUARE,金祥坊,YL,1983-06-03,GN1752,Kam Cheung Square,金祥坊,1983-06-03,GN1752,crowd|1983-gn1752-yuen-long-Kam-Cheung-Square-金祥坊-1983-06-03,declare,1983-06-03,GN1752,crowd|1983-gn1752-yuen-long-Kam-Cheung-Square-金祥坊-1983-06-03,declare,true,true,true,true,first_equals_latest
agree_latest,en_zh:Kam Chi Path|金池徑,KAM CHI PATH,金池徑,WTS,1983-04-22,GN1265,Kam Chi Path,金池徑,1983-04-22,GN1265,crowd|1983-gn1265-ngau-chi-wan-Kam-Chi-Path-金池徑-1983-04-22,declare,1983-04-22,GN1265,crowd|1983-gn1265-ngau-chi-wan-Kam-Chi-Path-金池徑-1983-04-22,declare,true,true,true,true,first_equals_latest
agree_latest,en_zh:Kam Fai Path|金輝徑,KAM FAI PATH,金輝徑,YL,1983-06-03,GN1752,Kam Fai Path,金輝徑,1983-06-03,GN1752,crowd|1983-gn1752-yuen-long-Kam-Fai-Path-金輝徑-1983-06-03,declare,1983-06-03,GN1752,crowd|1983-gn1752-yuen-long-Kam-Fai-Path-金輝徑-1983-06-03,declare,true,true,true,true,first_equals_latest
agree_latest,en_zh:Kam Fong Street|甘芳街,KAM FONG STREET,甘芳街,YTM,1957-06-21,GN887,Kam Fong Street,甘芳街,1957-06-21,GN887,crowd|1957-gn887-tak-cheong-kam-fong-Kam-Fong-Street-甘芳街-1957-06-21,declare,1957-06-21,GN887,crowd|1957-gn887-tak-cheong-kam-fong-Kam-Fong-Street-甘芳街-1957-06-21,declare,true,true,true,true,first_equals_latest
agree_latest,en_zh:Kam Hong Street|琴行街,KAM HONG STREET,琴行街,E,1937-09-24,GN682,Kam Hong Street,琴行街,1937-09-24,GN682,crowd|1937-gn682-island-roads-10955-1937-09-24,declare,1937-09-24,GN682,crowd|1937-gn682-island-roads-10955-1937-09-24,declare,true,true,true,true,first_equals_latest
agree_latest,en_zh:Kam Kong Road|錦江路,KAM KONG ROAD,錦江路,YL,2017-01-20,GN330,Kam Kong Road,錦江路,2017-01-20,GN330,2017-01-20|GN330|0,declare,2017-01-20,GN330,2017-01-20|GN330|0,declare,true,true,true,true,first_equals_latest
agree_latest,en_zh:Kam Ping Street|錦屏街,KAM PING STREET,錦屏街,E,1961-06-16,GN1002,Kam Ping Street,錦屏街,1961-06-16,GN1002,crowd|1961-gn1002-stanley-oxford-streets-Kam-Ping-Street-錦屏街-1961-06-16,declare,1961-06-16,GN1002,crowd|1961-gn1002-stanley-oxford-streets-Kam-Ping-Street-錦屏街-1961-06-16,declare,true,true,true,true,first_equals_latest
agree_latest,en_zh:Kam Pok Road East|錦壆路東,KAM POK ROAD EAST,錦壆路東,YL,2013-05-10,GN2719,Kam Pok Road East,錦壆路東,2013-05-10,GN2719,2013-05-10|GN2719|1,declare,2013-05-10,GN2719,2013-05-10|GN2719|1,declare,true,true,true,true,first_equals_latest
agree_latest,en_zh:Kam Pok Road West|錦壆路西,KAM POK ROAD WEST,錦壆路西,YL,2013-05-10,GN2719,Kam Pok Road West,錦壆路西,2013-05-10,GN2719,2013-05-10|GN2719|2,declare,2013-05-10,GN2719,2013-05-10|GN2719|2,declare,true,true,true,true,first_equals_latest
agree_latest,en_zh:Kam Sheung Road|錦上路,KAM SHEUNG ROAD,錦上路,YL,1982-03-05,GN755,Kam Sheung Road,錦上路,1982-03-05,GN755,crowd|1982-gn755-yuen-long-Kam-Sheung-Road-錦上路-1982-03-05,declare,1982-03-05,GN755,crowd|1982-gn755-yuen-long-Kam-Sheung-Road-錦上路-1982-03-05,declare,true,true,true,true,first_equals_latest
agree_latest,en_zh:Kam Tin Bypass|錦田繞道,KAM TIN BYPASS,錦田繞道,YL,2004-12-31,GN8428,KAM TIN BYPASS,錦田繞道,2004-12-31,GN8428,crowd|2004-gn8428-1,declare,2004-12-31,GN8428,crowd|2004-gn8428-1,declare,true,true,true,true,first_equals_latest
agree_latest,en_zh:Kam Tin Road|錦田公路,KAM TIN ROAD,錦田公路,YL,1978-09-29,GN2481,Kam Tin Road,錦田公路,1978-09-29,GN2481,crowd|1978-gn2481-yuen-long-streets-Kam-Tin-Road-錦田公路-1978-09-29,declare,1978-09-29,GN2481,crowd|1978-gn2481-yuen-long-streets-Kam-Tin-Road-錦田公路-1978-09-29,declare,true,true,true,true,first_equals_latest
agree_latest,en_zh:Kam Tsin Path|金錢徑,KAM TSIN PATH,金錢徑,N,2000-07-21,GN4742,Kam Tsin Path,金錢徑,2000-07-21,GN4742,crowd|2000-gn4742-14034,declare,2000-07-21,GN4742,crowd|2000-gn4742-14034,declare,true,true,true,true,first_equals_latest
agree_latest,en_zh:Kam Yee Road|錦義路,KAM YEE ROAD,錦義路,YL,2023-12-08,GN7465,Kam Yee Road,錦義路,2023-12-08,GN7465,2023-12-08|GN7465|0,declare,2023-12-08,GN7465,2023-12-08|GN7465|0,declare,true,true,true,true,first_equals_latest
agree_latest,en_zh:Kam Yuen Lane|金源里,KAM YUEN LANE,金源里,E,1983-08-12,GN2626,Kam Yuen Lane,金源里,1983-08-12,GN2626,crowd|1983-gn2626-kam-yuen-lane-Kam-Yuen-Lane-金源里-1983-08-12,declare,1983-08-12,GN2626,crowd|1983-gn2626-kam-yuen-lane-Kam-Yuen-Lane-金源里-1983-08-12,declare,true,true,true,true,first_equals_latest
agree_latest,en_zh:Kat Hing Back Street|吉慶後街,KAT HING BACK STREET,吉慶後街,Is,1983-12-02,GN3792,Kat Hing Back Street,吉慶後街,1983-12-02,GN3792,crowd|1983-gn3792-tai-o-Kat-Hing-Back-Street-吉慶後街-1983-12-02,declare,1983-12-02,GN3792,crowd|1983-gn3792-tai-o-Kat-Hing-Back-Street-吉慶後街-1983-12-02,declare,true,true,true,true,first_equals_latest
agree_latest,en_zh:Kat Hing Street|吉慶街,KAT HING STREET,吉慶街,Is,1983-12-02,GN3792,Kat Hing Street,吉慶街,1983-12-02,GN3792,crowd|1983-gn3792-tai-o-Kat-Hing-Street-吉慶街-1983-12-02,declare,1983-12-02,GN3792,crowd|1983-gn3792-tai-o-Kat-Hing-Street-吉慶街-1983-12-02,declare,true,true,true,true,first_equals_latest
agree_latest,en_zh:Kau Yuk Road|教育路,KAU YUK ROAD,教育路,YL,1977-12-02,GN2944,Kau Yuk Road,教育路,1977-12-02,GN2944,crowd|1977-gn2944-yuen-long-streets-Kau-Yuk-Road-教育路-1977-12-02,declare,1977-12-02,GN2944,crowd|1977-gn2944-yuen-long-streets-Kau-Yuk-Road-教育路-1977-12-02,declare,true,true,true,true,first_equals_latest
agree_latest,en_zh:Kei Lun Path|麒麟徑,KEI LUN PATH,麒麟徑,TM,1983-01-28,GN326,Kei Lun Path,麒麟徑,1983-01-28,GN326,crowd|1983-gn326-tuen-mun-Kei-Lun-Path-麒麟徑-1983-01-28,declare,1983-01-28,GN326,crowd|1983-gn326-tuen-mun-Kei-Lun-Path-麒麟徑-1983-01-28,declare,true,true,true,true,first_equals_latest
agree_latest,en_zh:Keng Hau Road|徑口路,KENG HAU ROAD,徑口路,ST,1976-08-13,GN1741,Keng Hau Road,徑口路,1976-08-13,GN1741,crowd|1976-gn1741-sha-tin-streets-Keng-Hau-Road-徑口路-1976-08-13,declare,1976-08-13,GN1741,crowd|1976-gn1741-sha-tin-streets-Keng-Hau-Road-徑口路-1976-08-13,declare,true,true,true,true,first_equals_latest
agree_latest,en_zh:Kennedy Road|堅尼地道,KENNEDY ROAD,堅尼地道,C&W-WC,1958-06-27,GN865,Kennedy Road,堅尼地道,1958-06-27,GN865,crowd|1958-gn865-major-streets-Kennedy-Road-堅尼地道-1958-06-27,declare,1958-06-27,GN865,crowd|1958-gn865-major-streets-Kennedy-Road-堅尼地道-1958-06-27,declare,true,true,true,true,first_equals_latest
agree_latest,en_zh:Kent Road|根德道,KENT ROAD,根德道,KC,1929-08-23,GN427,Kent Road,根德道,1929-08-23,GN427,crowd|1929-gn427-waterloo-road-10984-1929-08-23,declare,1929-08-23,GN427,crowd|1929-gn427-waterloo-road-10984-1929-08-23,declare,true,true,true,true,first_equals_latest
agree_latest,en_zh:Keswick Street|敬誠街,KESWICK STREET,敬誠街,WC,1976-09-24,GN2120,Keswick Street,敬誠街,1976-09-24,GN2120,crowd|1976-gn2119-2120-zh-renames-Keswick-Street-敬誠街-1976-09-24,rename,1976-09-24,GN2120,crowd|1976-gn2119-2120-zh-renames-Keswick-Street-敬誠街-1976-09-24,rename,true,true,true,true,first_equals_latest
agree_latest,en_zh:Keung Yip Street|強業街,KEUNG YIP STREET,強業街,YL,1983-01-28,GN325,Keung Yip Street,強業街,1983-01-28,GN325,crowd|1983-gn325-yuen-long-Keung-Yip-Street-強業街-1983-01-28,declare,1983-01-28,GN325,crowd|1983-gn325-yuen-long-Keung-Yip-Street-強業街-1983-01-28,declare,true,true,true,true,first_equals_latest
agree_latest,en_zh:Ki Lung Street|基隆街,KI LUNG STREET,基隆街,YTM-SSP,1927-11-25,GN699,Ki Lung Street,基隆街,1927-11-25,GN699,crowd|1927-gn699-nathan-square-10989-1927-11-25,declare,1927-11-25,GN699,crowd|1927-gn699-nathan-square-10989-1927-11-25,declare,true,true,true,true,first_equals_latest
agree_latest,en_zh:Kiang Hsi Street|江西街,KIANG HSI STREET,江西街,KC,1935-04-26,GN334,Kiang Hsi Street,江西街,1935-04-26,GN334,crowd|1935-gn334-kowloon-streets-10990-1935-04-26,declare,1935-04-26,GN334,crowd|1935-gn334-kowloon-streets-10990-1935-04-26,declare,true,true,true,true,first_equals_latest
agree_latest,en_zh:Kiang Su Street|江蘇街,KIANG SU STREET,江蘇街,KC,1935-04-26,GN334,Kiang Su Street,江蘇街,1935-04-26,GN334,crowd|1935-gn334-kowloon-streets-10991-1935-04-26,declare,1935-04-26,GN334,crowd|1935-gn334-kowloon-streets-10991-1935-04-26,declare,true,true,true,true,first_equals_latest
agree_latest,en_zh:Kik Yeung Road|擊壤路,KIK YEUNG ROAD,擊壤路,YL,1977-12-02,GN2944,Kik Yeung Road,擊壤路,1977-12-02,GN2944,crowd|1977-gn2944-yuen-long-streets-Kik-Yeung-Road-擊壤路-1977-12-02,declare,1977-12-02,GN2944,crowd|1977-gn2944-yuen-long-streets-Kik-Yeung-Road-擊壤路-1977-12-02,declare,true,true,true,true,first_equals_latest
agree_latest,en_zh:Kim Shin Lane|兼善里,KIM SHIN LANE,兼善里,SSP,1958-02-28,GN305,Kim Shin Lane,兼善里,1958-02-28,GN305,crowd|1958-gn305-kim-shin-lane-Kim-Shin-Lane-兼善里-1958-02-28,declare,1958-02-28,GN305,crowd|1958-gn305-kim-shin-lane-Kim-Shin-Lane-兼善里-1958-02-28,declare,true,true,true,true,first_equals_latest
agree_latest,en_zh:Kin Cheung Street|建翔街,KIN CHEUNG STREET,建翔街,YL,2017-10-13,GN7595,Kin Cheung Street,建翔街,2017-10-13,GN7595,2017-10-13|GN7595|4,declare,2017-10-13,GN7595,2017-10-13|GN7595|4,declare,true,true,true,true,first_equals_latest
agree_latest,en_zh:Kin Kei Street|建基街,KIN KEI STREET,建基街,TM,1983-01-28,GN326,Kin Kei Street,建基街,1983-01-28,GN326,crowd|1983-gn326-tuen-mun-Kin-Kei-Street-建基街-1983-01-28,declare,1983-01-28,GN326,crowd|1983-gn326-tuen-mun-Kin-Kei-Street-建基街-1983-01-28,declare,true,true,true,true,first_equals_latest
agree_latest,en_zh:Kin Lok Street|建樂街,KIN LOK STREET,建樂街,YL,1981-12-18,GN3742,Kin Lok Street,建樂街,1981-12-18,GN3742,crowd|1981-gn3742-yuen-long-Kin-Lok-Street-建樂街-1981-12-18,declare,1981-12-18,GN3742,crowd|1981-gn3742-yuen-long-Kin-Lok-Street-建樂街-1981-12-18,declare,true,true,true,true,first_equals_latest
agree_latest,en_zh:Kin Tak Street|建德街,KIN TAK STREET,建德街,YL,1984-05-18,GN1452,Kin Tak Street,建德街,1984-05-18,GN1452,crowd|1984-gn1452-yuen-long-Kin-Tak-Street-建德街-1984-05-18,declare,1984-05-18,GN1452,crowd|1984-gn1452-yuen-long-Kin-Tak-Street-建德街-1984-05-18,declare,true,true,true,true,first_equals_latest
agree_latest,en_zh:Kin Wah Street|建華街,KIN WAH STREET,建華街,E,1948-12-24,GN1215,Kin Wah Street,建華街,1948-12-24,GN1215,crowd|1948-gn1215-kin-wah-street-Kin-Wah-Street-建華街-1948-12-24,declare,1948-12-24,GN1215,crowd|1948-gn1215-kin-wah-street-Kin-Wah-Street-建華街-1948-12-24,declare,true,true,true,true,first_equals_latest
agree_latest,en_zh:Kin Yip Path|建業徑,KIN YIP PATH,建業徑,YL,2017-10-13,GN7595,Kin Yip Path,建業徑,2017-10-13,GN7595,2017-10-13|GN7595|5,declare,2017-10-13,GN7595,2017-10-13|GN7595|5,declare,true,true,true,true,first_equals_latest
agree_latest,en_zh:Kin Yip Street|建業街,KIN YIP STREET,建業街,YL,1981-12-18,GN3742,Kin Yip Street,建業街,1981-12-18,GN3742,crowd|1981-gn3742-yuen-long-Kin-Yip-Street-建業街-1981-12-18,declare,1981-12-18,GN3742,crowd|1981-gn3742-yuen-long-Kin-Yip-Street-建業街-1981-12-18,declare,true,true,true,true,first_equals_latest
agree_latest,en_zh:King Cho Road|敬祖路,KING CHO ROAD,敬祖路,K&T,1977-11-25,GN2859,King Cho Road,敬祖路,1977-11-25,GN2859,crowd|1977-gn2859-tsuen-wan-kwai-streets-King-Cho-Road-敬祖路-1977-11-25,declare,1977-11-25,GN2859,crowd|1977-gn2859-tsuen-wan-kwai-streets-King-Cho-Road-敬祖路-1977-11-25,declare,true,true,true,true,first_equals_latest
agree_latest,en_zh:King Hong Street|景康街,KING HONG STREET,景康街,WTS,1982-12-03,GN3825,King Hong Street,景康街,1982-12-03,GN3825,crowd|1982-gn3825-king-hong-street-King-Hong-Street-景康街-1982-12-03,declare,1982-12-03,GN3825,crowd|1982-gn3825-king-hong-street-King-Hong-Street-景康街-1982-12-03,declare,true,true,true,true,first_equals_latest
agree_latest,en_zh:King Kwong Street|景光街,KING KWONG STREET,景光街,WC,1930-03-07,GN138,King Kwong Street,景光街,1930-03-07,GN138,crowd|1930-gn138-village-road-11025-1930-03-07,declare,1930-03-07,GN138,crowd|1930-gn138-village-road-11025-1930-03-07,declare,true,true,true,true,first_equals_latest
agree_latest,en_zh:King Lam Street|瓊林街,KING LAM STREET,瓊林街,SSP,1959-10-16,GN1411,King Lam Street,瓊林街,1959-10-16,GN1411,crowd|1959-gn1411-king-lam-street-King-Lam-Street-瓊林街-1959-10-16,declare,1959-10-16,GN1411,crowd|1959-gn1411-king-lam-street-King-Lam-Street-瓊林街-1959-10-16,declare,true,true,true,true,first_equals_latest
agree_latest,en_zh:King Tung Street|瓊東街,KING TUNG STREET,瓊東街,WTS,1984-06-29,GN1901,King Tung Street,瓊東街,1984-06-29,GN1901,crowd|1984-gn1901-king-tung-street-King-Tung-Street-瓊東街-1984-06-29,declare,1984-06-29,GN1901,crowd|1984-gn1901-king-tung-street-King-Tung-Street-瓊東街-1984-06-29,declare,true,true,true,true,first_equals_latest
agree_latest,en_zh:King Wah Road|京華道,KING WAH ROAD,京華道,E,1954-07-30,GN947,King Wah Road,京華道,1954-07-30,GN947,crowd|1954-gn947-north-point-tak-cheong-King-Wah-Road-京華道-1954-07-30,declare,1954-07-30,GN947,crowd|1954-gn947-north-point-tak-cheong-King-Wah-Road-京華道-1954-07-30,declare,true,true,true,true,first_equals_latest
agree_latest,en_zh:King Yip Lane|敬業里,KING YIP LANE,敬業里,KT,1957-02-22,GN264,King Yip Lane,敬業里,1957-02-22,GN264,crowd|1957-gn264-kwun-tong-streets-King-Yip-Lane-敬業里-1957-02-22,declare,1957-02-22,GN264,crowd|1957-gn264-kwun-tong-streets-King-Yip-Lane-敬業里-1957-02-22,declare,true,true,true,true,first_equals_latest
agree_latest,en_zh:King Yip Street|敬業街,KING YIP STREET,敬業街,KT,1957-02-22,GN264,King Yip Street,敬業街,1957-02-22,GN264,crowd|1957-gn264-kwun-tong-streets-King-Yip-Street-敬業街-1957-02-22,declare,1957-02-22,GN264,crowd|1957-gn264-kwun-tong-streets-King-Yip-Street-敬業街-1957-02-22,declare,true,true,true,true,first_equals_latest
agree_latest,en_zh:King's Park Hill Road|京士柏山道,KING'S PARK HILL ROAD,京士柏山道,YTM,2000-06-16,GN3866,King's Park Hill Road,京士柏山道,2000-06-16,GN3866,crowd|2000-gn3866-14023,declare,2000-06-16,GN3866,crowd|2000-gn3866-14023,declare,true,true,true,true,first_equals_latest
agree_latest,en_zh:King's Road|英皇道,KING'S ROAD,英皇道,E,1935-06-21,GN490,King's Road,英皇道,1935-06-21,GN490,crowd|1935-gn490-causeway-bay-roads-11038-1935-06-21,declare,1935-06-21,GN490,crowd|1935-gn490-causeway-bay-roads-11038-1935-06-21,declare,true,true,true,true,first_equals_latest
agree_latest,en_zh:Kiu Kiang Street|九江街,KIU KIANG STREET,九江街,SSP,1932-05-06,GN278,Kiu Kiang Street,九江街,1932-05-06,GN278,crowd|1932-gn278-kiu-kiang-street-11041-1932-05-06,declare,1932-05-06,GN278,crowd|1932-gn278-kiu-kiang-street-11041-1932-05-06,declare,true,true,true,true,first_equals_latest
agree_latest,en_zh:Kiu King Street|僑景街,KIU KING STREET,僑景街,Is,1983-06-03,GN1753,Kiu King Street,僑景街,1983-06-03,GN1753,crowd|1983-gn1753-peng-chau-Kiu-King-Street-僑景街-1983-06-03,declare,1983-06-03,GN1753,crowd|1983-gn1753-peng-chau-Kiu-King-Street-僑景街-1983-06-03,declare,true,true,true,true,first_equals_latest
agree_latest,en_zh:Kiu Lok Square|橋樂坊,KIU LOK SQUARE,橋樂坊,YL,1983-06-03,GN1752,Kiu Lok Square,橋樂坊,1983-06-03,GN1752,crowd|1983-gn1752-yuen-long-Kiu-Lok-Square-橋樂坊-1983-06-03,declare,1983-06-03,GN1752,crowd|1983-gn1752-yuen-long-Kiu-Lok-Square-橋樂坊-1983-06-03,declare,true,true,true,true,first_equals_latest
agree_latest,en_zh:Kiu Sau Path|橋壽徑,KIU SAU PATH,橋壽徑,YL,2013-05-10,GN2719,Kiu Sau Path,橋壽徑,2013-05-10,GN2719,2013-05-10|GN2719|3,declare,2013-05-10,GN2719,2013-05-10|GN2719|3,declare,true,true,true,true,first_equals_latest
agree_latest,en_zh:Kiu Tak Path|橋德徑,KIU TAK PATH,橋德徑,YL,2013-05-10,GN2719,Kiu Tak Path,橋德徑,2013-05-10,GN2719,2013-05-10|GN2719|4,declare,2013-05-10,GN2719,2013-05-10|GN2719|4,declare,true,true,true,true,first_equals_latest
agree_latest,en_zh:Kiu Yam Street|僑蔭街,KIU YAM STREET,僑蔭街,SSP,1950-08-11,GN938,Kiu Yam Street,僑蔭街,1950-08-11,GN938,crowd|1950-gn938-kiu-yam-street-Kiu-Yam-Street-僑蔭街-1950-08-11,declare,1950-08-11,GN938,crowd|1950-gn938-kiu-yam-street-Kiu-Yam-Street-僑蔭街-1950-08-11,declare,true,true,true,true,first_equals_latest
agree_latest,en:KNIGHT STREET,KNIGHT STREET,勵德街,KC,1929-06-21,GN331,Knight Street,勳德街,1929-06-21,GN331,crowd|1929-gn331-boundary-street-11048-1929-06-21,declare,1929-06-21,GN331,crowd|1929-gn331-boundary-street-11048-1929-06-21,declare,true,true,true,true,first_equals_latest
agree_latest,en_zh:Ko Chiu Path|高超徑,KO CHIU PATH,高超徑,KT,2000-07-21,GN4744,Ko Chiu Path,高超徑,2000-07-21,GN4744,crowd|2000-gn4744-14032,declare,2000-07-21,GN4744,crowd|2000-gn4744-14032,declare,true,true,true,true,first_equals_latest
agree_latest,en_zh:Ko Fei Lane North|高飛里北,KO FEI LANE NORTH,高飛里北,KC,2017-03-03,GN1160,Ko Fei Lane North,高飛里北,2017-03-03,GN1160,2017-03-03|GN1160|3,declare,2017-03-03,GN1160,2017-03-03|GN1160|3,declare,true,true,true,true,first_equals_latest
agree_latest,en_zh:Ko Fei Lane South|高飛里南,KO FEI LANE SOUTH,高飛里南,KC,2017-03-03,GN1160,Ko Fei Lane South,高飛里南,2017-03-03,GN1160,2017-03-03|GN1160|4,declare,2017-03-03,GN1160,2017-03-03|GN1160|4,declare,true,true,true,true,first_equals_latest
agree_latest,en_zh:Ko Fong Street|高芳街,KO FONG STREET,高芳街,K&T,1974-04-19,GN1023,Ko Fong Street,高芳街,1974-04-19,GN1023,crowd|1974-gn1023-kwai-chung-streets-11052-1974-04-19,declare,1974-04-19,GN1023,crowd|1974-gn1023-kwai-chung-streets-11052-1974-04-19,declare,true,true,true,true,first_equals_latest
agree_latest,en_zh:Ko Ling Road|高嶺道,KO LING ROAD,高嶺道,KT,2021-11-26,GN7441,Ko Ling Road,高嶺道,2021-11-26,GN7441,2021-11-26|GN7441|0,declare,2021-11-26,GN7441,2021-11-26|GN7441|0,declare,true,true,true,true,first_equals_latest
agree_latest,en_zh:Ko Nga Lane|高雅里,KO NGA LANE,高雅里,KT,2022-08-19,GN4534,Ko Nga Lane,高雅里,2022-08-19,GN4534,2022-08-19|GN4534|0,declare,2022-08-19,GN4534,2022-08-19|GN4534|0,declare,true,true,true,true,first_equals_latest
agree_latest,en_zh:Ko Po Path|高埔徑,KO PO PATH,高埔徑,YL,2017-12-22,GN9866,Ko Po Path,高埔徑,2017-12-22,GN9866,2017-12-22|GN9866|0,declare,2017-12-22,GN9866,2017-12-22|GN9866|0,declare,true,true,true,true,first_equals_latest
agree_latest,en_zh:Ko Shan Road|高山道,KO SHAN ROAD,高山道,KC,1954-08-06,GN977,Ko Shan Road,高山道,1954-08-06,GN977,crowd|1954-gn977-ko-shan-road-Ko-Shan-Road-高山道-1954-08-06,rename,1954-08-06,GN977,crowd|1954-gn977-ko-shan-road-Ko-Shan-Road-高山道-1954-08-06,rename,true,true,true,true,first_equals_latest
agree_latest,en_zh:Kok Cheung Street|角祥街,KOK CHEUNG STREET,角祥街,YTM,1974-04-26,GN1078,Kok Cheung Street,角祥街,1974-04-26,GN1078,crowd|1974-gn1078-11056-1974-04-26,declare,1974-04-26,GN1078,crowd|1974-gn1078-11056-1974-04-26,declare,true,true,true,true,first_equals_latest
agree_latest,en_zh:Kong Pui Street|崗背街,KONG PUI STREET,崗背街,ST,1984-01-27,GN285,Kong Pui Street,崗背街,1984-01-27,GN285,crowd|1984-gn285-sha-tin-Kong-Pui-Street-崗背街-1984-01-27,declare,1984-01-27,GN285,crowd|1984-gn285-sha-tin-Kong-Pui-Street-崗背街-1984-01-27,declare,true,true,true,true,first_equals_latest
agree_latest,en_zh:Kotewall Road|旭龢道,KOTEWALL ROAD,旭龢道,C&W,1928-07-06,GN386,Kotewall Road,旭龢道,1928-07-06,GN386,crowd|1928-gn386-kotewall-road-11062-1928-07-06,declare,1928-07-06,GN386,crowd|1928-gn386-kotewall-road-11062-1928-07-06,declare,true,true,true,true,first_equals_latest
agree_latest,en_zh:Kowloon Park Drive|九龍公園徑,KOWLOON PARK DRIVE,九龍公園徑,YTM,1975-07-25,GN1659,Kowloon Park Drive,九龍公園徑,1975-07-25,GN1659,crowd|1975-gn1659-kowloon-park-drive-Kowloon-Park-Drive-九龍公園徑-1975-07-25,declare,1975-07-25,GN1659,crowd|1975-gn1659-kowloon-park-drive-Kowloon-Park-Drive-九龍公園徑-1975-07-25,declare,true,true,true,true,first_equals_latest
agree_latest,en_zh:Kowloon Road|九龍道,KOWLOON ROAD,九龍道,SSP,1934-02-09,GN91,Kowloon Road,九龍道,1934-02-09,GN91,crowd|1934-gn91-cheung-sha-wan-streets-11065-1934-02-09,declare,1934-02-09,GN91,crowd|1934-gn91-cheung-sha-wan-streets-11065-1934-02-09,declare,true,true,true,true,first_equals_latest
agree_latest,en_zh:Kuk Ting Street|谷亭街,KUK TING STREET,谷亭街,YL,1977-12-02,GN2944,Kuk Ting Street,谷亭街,1977-12-02,GN2944,crowd|1977-gn2944-yuen-long-streets-Kuk-Ting-Street-谷亭街-1977-12-02,extend,1977-12-02,GN2944,crowd|1977-gn2944-yuen-long-streets-Kuk-Ting-Street-谷亭街-1977-12-02,extend,true,true,true,true,first_equals_latest
agree_latest,en_zh:Kung Lok Road|功樂道,KUNG LOK ROAD,功樂道,KT,1976-04-02,GN721,Kung Lok Road,功樂道,1976-04-02,GN721,crowd|1976-gn721-kung-lok-ping-ting-Kung-Lok-Road-功樂道-1976-04-02,rename,1976-04-02,GN721,crowd|1976-gn721-kung-lok-ping-ting-Kung-Lok-Road-功樂道-1976-04-02,rename,true,true,true,true,first_equals_latest
agree_latest,en_zh:Kung Yip Street|工業街,KUNG YIP STREET,工業街,K&T,1974-04-19,GN1023,Kung Yip Street,工業街,1974-04-19,GN1023,crowd|1974-gn1023-kwai-chung-streets-11074-1974-04-19,declare,1974-04-19,GN1023,crowd|1974-gn1023-kwai-chung-streets-11074-1974-04-19,declare,true,true,true,true,first_equals_latest
agree_latest,en_zh:Kwai Chi Path|貴池徑,KWAI CHI PATH,貴池徑,WTS,1983-04-22,GN1265,Kwai Chi Path,貴池徑,1983-04-22,GN1265,crowd|1983-gn1265-ngau-chi-wan-Kwai-Chi-Path-貴池徑-1983-04-22,declare,1983-04-22,GN1265,crowd|1983-gn1265-ngau-chi-wan-Kwai-Chi-Path-貴池徑-1983-04-22,declare,true,true,true,true,first_equals_latest
agree_latest,en_zh:Kwai Chung Hospital Road|葵涌醫院路,KWAI CHUNG HOSPITAL ROAD,葵涌醫院路,K&T,1983-10-28,GN3424,Kwai Chung Hospital Road,葵涌醫院路,1983-10-28,GN3424,crowd|1983-gn3424-hospital-roads-Kwai-Chung-Hospital-Road-葵涌醫院路-1983-10-28,declare,1983-10-28,GN3424,crowd|1983-gn3424-hospital-roads-Kwai-Chung-Hospital-Road-葵涌醫院路-1983-10-28,declare,true,true,true,true,first_equals_latest
agree_latest,en_zh:Kwai Fong Street|桂芳街,KWAI FONG STREET,桂芳街,WC,1930-03-07,GN138,Kwai Fong Street,桂芳街,1930-03-07,GN138,crowd|1930-gn138-village-road-11081-1930-03-07,declare,1930-03-07,GN138,crowd|1930-gn138-village-road-11081-1930-03-07,declare,true,true,true,true,first_equals_latest
agree_latest,en_zh:Kwai Foo Road|葵富路,KWAI FOO ROAD,葵富路,K&T,1974-04-19,GN1023,Kwai Foo Road,葵富路,1974-04-19,GN1023,crowd|1974-gn1023-kwai-chung-streets-11082-1974-04-19,declare,1974-04-19,GN1023,crowd|1974-gn1023-kwai-chung-streets-11082-1974-04-19,declare,true,true,true,true,first_equals_latest
agree_latest,en_zh:Kwai Fung Crescent|葵豐街,KWAI FUNG CRESCENT,葵豐街,K&T,1977-11-25,GN2859,Kwai Fung Crescent,葵豐街,1977-11-25,GN2859,crowd|1977-gn2859-tsuen-wan-kwai-streets-Kwai-Fung-Crescent-葵豐街-1977-11-25,declare,1977-11-25,GN2859,crowd|1977-gn2859-tsuen-wan-kwai-streets-Kwai-Fung-Crescent-葵豐街-1977-11-25,declare,true,true,true,true,first_equals_latest
agree_latest,en_zh:Kwai Hau Street|葵孝街,KWAI HAU STREET,葵孝街,K&T,1977-11-25,GN2859,Kwai Hau Street,葵孝街,1977-11-25,GN2859,crowd|1977-gn2859-tsuen-wan-kwai-streets-Kwai-Hau-Street-葵孝街-1977-11-25,declare,1977-11-25,GN2859,crowd|1977-gn2859-tsuen-wan-kwai-streets-Kwai-Hau-Street-葵孝街-1977-11-25,declare,true,true,true,true,first_equals_latest
agree_latest,en_zh:Kwai Hei Street|葵喜街,KWAI HEI STREET,葵喜街,K&T,1980-05-16,GN1503,Kwai Hei Street,葵喜街,1977-11-25,GN2859,crowd|1977-gn2859-tsuen-wan-kwai-streets-Kwai-Hei-Street-葵喜街-1977-11-25,declare,1980-05-16,GN1503,crowd|1980-gn1503-kwai-chung-streets-Kwai-Hei-Street-葵喜街-1980-05-16,extend,false,false,true,true,
agree_latest,en_zh:Kwai Heung Street|桂香街,KWAI HEUNG STREET,桂香街,C&W,1919-09-26,GN450,Kwai Heung Street,桂香街,1919-09-26,GN450,crowd|1919-gn450-hk-paths-11087-1919-09-26,rename,1919-09-26,GN450,crowd|1919-gn450-hk-paths-11087-1919-09-26,rename,true,true,true,true,first_equals_latest
agree_latest,en_zh:Kwai Hing Road|葵興路,KWAI HING ROAD,葵興路,K&T,1974-04-19,GN1023,Kwai Hing Road,葵興路,1974-04-19,GN1023,crowd|1974-gn1023-kwai-chung-streets-11088-1974-04-19,declare,1974-04-19,GN1023,crowd|1974-gn1023-kwai-chung-streets-11088-1974-04-19,declare,true,true,true,true,first_equals_latest
agree_latest,en_zh:Kwai Hong Street|葵康街,KWAI HONG STREET,葵康街,K&T,1977-11-25,GN2859,Kwai Hong Street,葵康街,1977-11-25,GN2859,crowd|1977-gn2859-tsuen-wan-kwai-streets-Kwai-Hong-Street-葵康街-1977-11-25,declare,1977-11-25,GN2859,crowd|1977-gn2859-tsuen-wan-kwai-streets-Kwai-Hong-Street-葵康街-1977-11-25,declare,true,true,true,true,first_equals_latest
agree_latest,en_zh:Kwai Hop Street|葵合街,KWAI HOP STREET,葵合街,K&T,1974-04-19,GN1023,Kwai Hop Street,葵合街,1974-04-19,GN1023,crowd|1974-gn1023-kwai-chung-streets-11090-1974-04-19,declare,1974-04-19,GN1023,crowd|1974-gn1023-kwai-chung-streets-11090-1974-04-19,declare,true,true,true,true,first_equals_latest
agree_latest,en_zh:Kwai Lok Street|葵樂街,KWAI LOK STREET,葵樂街,K&T,1977-11-25,GN2859,Kwai Lok Street,葵樂街,1977-11-25,GN2859,crowd|1977-gn2859-tsuen-wan-kwai-streets-Kwai-Lok-Street-葵樂街-1977-11-25,declare,1977-11-25,GN2859,crowd|1977-gn2859-tsuen-wan-kwai-streets-Kwai-Lok-Street-葵樂街-1977-11-25,declare,true,true,true,true,first_equals_latest
agree_latest,en_zh:Kwai Luen Road|葵聯路,KWAI LUEN ROAD,葵聯路,K&T,1977-11-25,GN2859,Kwai Luen Road,葵聯路,1977-11-25,GN2859,crowd|1977-gn2859-tsuen-wan-kwai-streets-Kwai-Luen-Road-葵聯路-1977-11-25,declare,1977-11-25,GN2859,crowd|1977-gn2859-tsuen-wan-kwai-streets-Kwai-Luen-Road-葵聯路-1977-11-25,declare,true,true,true,true,first_equals_latest
agree_latest,en_zh:Kwai Shing Circuit|葵盛圍,KWAI SHING CIRCUIT,葵盛圍,K&T,1974-04-19,GN1023,Kwai Shing Circuit,葵盛圍,1974-04-19,GN1023,crowd|1974-gn1023-kwai-chung-streets-11095-1974-04-19,declare,1974-04-19,GN1023,crowd|1974-gn1023-kwai-chung-streets-11095-1974-04-19,declare,true,true,true,true,first_equals_latest
agree_latest,en_zh:Kwai Shun Street|葵順街,KWAI SHUN STREET,葵順街,K&T,1977-11-25,GN2859,Kwai Shun Street,葵順街,1977-11-25,GN2859,crowd|1977-gn2859-tsuen-wan-kwai-streets-Kwai-Shun-Street-葵順街-1977-11-25,declare,1977-11-25,GN2859,crowd|1977-gn2859-tsuen-wan-kwai-streets-Kwai-Shun-Street-葵順街-1977-11-25,declare,true,true,true,true,first_equals_latest
agree_latest,en_zh:Kwai Tak Street|葵德街,KWAI TAK STREET,葵德街,K&T,1977-11-25,GN2859,Kwai Tak Street,葵德街,1977-11-25,GN2859,crowd|1977-gn2859-tsuen-wan-kwai-streets-Kwai-Tak-Street-葵德街-1977-11-25,declare,1977-11-25,GN2859,crowd|1977-gn2859-tsuen-wan-kwai-streets-Kwai-Tak-Street-葵德街-1977-11-25,declare,true,true,true,true,first_equals_latest
agree_latest,en_zh:Kwai Yi Road|葵義路,KWAI YI ROAD,葵義路,K&T,1982-12-24,GN4036,Kwai Yi Road,葵義路,1982-12-24,GN4036,crowd|1982-gn4036-tsuen-wan-Kwai-Yi-Road-葵義路-1982-12-24,declare,1982-12-24,GN4036,crowd|1982-gn4036-tsuen-wan-Kwai-Yi-Road-葵義路-1982-12-24,declare,true,true,true,true,first_equals_latest
agree_latest,en_zh:Kwai Yip Street|葵葉街,KWAI YIP STREET,葵葉街,K&T,1974-09-13,GN2352,Kwai Yip Street,葵葉街,1974-09-13,GN2352,crowd|1974-gn2352-11107,declare,1974-09-13,GN2352,crowd|1974-gn2352-11107,declare,true,true,true,true,first_equals_latest
agree_latest,en_zh:Kwai Yue Street|葵裕街,KWAI YUE STREET,葵裕街,K&T,1980-05-16,GN1503,Kwai Yue Street,葵裕街,1980-05-16,GN1503,crowd|1980-gn1503-kwai-chung-streets-Kwai-Yue-Street-葵裕街-1980-05-16,declare,1980-05-16,GN1503,crowd|1980-gn1503-kwai-chung-streets-Kwai-Yue-Street-葵裕街-1980-05-16,declare,true,true,true,true,first_equals_latest
agree_latest,en_zh:Kwan Yick Street|均益街,KWAN YICK STREET,均益街,C&W,1925-10-09,GN575,Kwan Yick Street,均益街,1925-10-09,GN575,crowd|1925-gn575-village-road-11110-1925-10-09,declare,1925-10-09,GN575,crowd|1925-gn575-village-road-11110-1925-10-09,declare,true,true,true,true,first_equals_latest
agree_latest,en_zh:Kwei Tei Street|桂地街,KWEI TEI STREET,桂地街,ST,1981-06-12,GN1685,Kwei Tei Street,桂地街,1981-06-12,GN1685,crowd|1981-gn1685-fo-tan-streets-Kwei-Tei-Street-桂地街-1981-06-12,declare,1981-06-12,GN1685,crowd|1981-gn1685-fo-tan-streets-Kwei-Tei-Street-桂地街-1981-06-12,declare,true,true,true,true,first_equals_latest
agree_latest,en_zh:Kwong Cheung Street|光昌街,KWONG CHEUNG STREET,光昌街,SSP,1935-05-03,GN351,Kwong Cheung Street,光昌街,1935-05-03,GN351,crowd|1935-gn351-new-kowloon-streets-11118-1935-05-03,declare,1935-05-03,GN351,crowd|1935-gn351-new-kowloon-streets-11118-1935-05-03,declare,true,true,true,true,first_equals_latest
agree_latest,en_zh:Kwong Fai Circuit|光輝圍,KWONG FAI CIRCUIT,光輝圍,K&T,1975-09-19,GN2061,Kwong Fai Circuit,光輝圍,1975-09-19,GN2061,crowd|1975-gn2061-kwai-chung-streets-Kwong-Fai-Circuit-光輝圍-1975-09-19,declare,1975-09-19,GN2061,crowd|1975-gn2061-kwai-chung-streets-Kwong-Fai-Circuit-光輝圍-1975-09-19,declare,true,true,true,true,first_equals_latest
agree_latest,en_zh:Kwong Fai Lane|光輝里,KWONG FAI LANE,光輝里,K&T,1975-09-19,GN2061,Kwong Fai Lane,光輝里,1975-09-19,GN2061,crowd|1975-gn2061-kwai-chung-streets-Kwong-Fai-Lane-光輝里-1975-09-19,declare,1975-09-19,GN2061,crowd|1975-gn2061-kwai-chung-streets-Kwong-Fai-Lane-光輝里-1975-09-19,declare,true,true,true,true,first_equals_latest
agree_latest,en:KWONG HON TERRACE,KWONG HON TERRACE,光漢臺,C&W,1920-11-05,GN550,Kwong Hon Terrace,光漢台,1920-11-05,GN550,crowd|1920-gn550-kwong-hon-terrace-11128-1920-11-05,declare,1920-11-05,GN550,crowd|1920-gn550-kwong-hon-terrace-11128-1920-11-05,declare,true,true,true,true,first_equals_latest
agree_latest,en_zh:Kwong Lee Road|廣利道,KWONG LEE ROAD,廣利道,SSP,1934-02-09,GN91,Kwong Lee Road,廣利道,1934-02-09,GN91,crowd|1934-gn91-cheung-sha-wan-streets-11129-1934-02-09,declare,1934-02-09,GN91,crowd|1934-gn91-cheung-sha-wan-streets-11129-1934-02-09,declare,true,true,true,true,first_equals_latest
agree_latest,en_zh:Kwong Ming Street|光明街,KWONG MING STREET,光明街,WC,1925-06-12,GN340,Kwong Ming Street,光明街,1925-06-12,GN340,crowd|1925-gn340-kwong-ming-street-11130-1925-06-12,declare,1925-06-12,GN340,crowd|1925-gn340-kwong-ming-street-11130-1925-06-12,declare,true,true,true,true,first_equals_latest
agree_latest,en_zh:Kwong Shing Street|廣成街,KWONG SHING STREET,廣成街,SSP,1935-05-03,GN351,Kwong Shing Street,廣成街,1935-05-03,GN351,crowd|1935-gn351-new-kowloon-streets-11131-1935-05-03,declare,1935-05-03,GN351,crowd|1935-gn351-new-kowloon-streets-11131-1935-05-03,declare,true,true,true,true,first_equals_latest
agree_latest,en_zh:Kwong Wa Street|廣華街,KWONG WA STREET,廣華街,YTM,1923-09-28,GN411,Kwong Wa Street,廣華街,1923-09-28,GN411,crowd|1923-gn411-cheung-sha-wan-road-11133-1923-09-28,declare,1923-09-28,GN411,crowd|1923-gn411-cheung-sha-wan-road-11133-1923-09-28,declare,true,true,true,true,first_equals_latest
agree_latest,en_zh:Kwong Wang Street|廣宏街,KWONG WANG STREET,廣宏街,TP,1984-05-18,GN1451,Kwong Wang Street,廣宏街,1984-05-18,GN1451,crowd|1984-gn1451-kwong-wang-Kwong-Wang-Street-廣宏街-1984-05-18,declare,1984-05-18,GN1451,crowd|1984-gn1451-kwong-wang-Kwong-Wang-Street-廣宏街-1984-05-18,declare,true,true,true,true,first_equals_latest
agree_latest,en_zh:Kwong Wing Lane|廣榮里,KWONG WING LANE,廣榮里,ST,2000-07-21,GN4740,Kwong Wing Lane,廣榮里,2000-07-21,GN4740,crowd|2000-gn4740-14031,declare,2000-07-21,GN4740,crowd|2000-gn4740-14031,declare,true,true,true,true,first_equals_latest
agree_latest,en_zh:Kwu Uk Lane|古屋里,KWU UK LANE,古屋里,TW,1983-11-04,GN3497,Kwu Uk Lane,古屋里,1983-11-04,GN3497,crowd|1983-gn3497-tsuen-wan-Kwu-Uk-Lane-古屋里-1983-11-04,declare,1983-11-04,GN3497,crowd|1983-gn3497-tsuen-wan-Kwu-Uk-Lane-古屋里-1983-11-04,declare,true,true,true,true,first_equals_latest
agree_latest,en_zh:Kwun Chung Street|官涌街,KWUN CHUNG STREET,官涌街,YTM,1932-03-18,GN173,Kwun Chung Street,官涌街,1932-03-18,GN173,crowd|1932-gn173-kwun-chung-street-11141-1932-03-18,declare,1932-03-18,GN173,crowd|1932-gn173-kwun-chung-street-11141-1932-03-18,declare,true,true,true,true,first_equals_latest
agree_latest,en_zh:Kwun Tong Bypass|觀塘繞道,KWUN TONG BYPASS,觀塘繞道,KT,2020-11-20,GN6775,Kwun Tong Bypass,觀塘繞道,2020-11-20,GN6775,2020-11-20|GN6775|0,declare,2020-11-20,GN6775,2020-11-20|GN6775|0,declare,true,true,true,true,first_equals_latest
agree_latest,en_zh:La Salle Road|喇沙利道,LA SALLE ROAD,喇沙利道,KC,1951-05-18,GN522,La Salle Road,喇沙利道,1935-03-01,GN165,crowd|1935-gn165-kowloon-tong-streets-11145-1935-03-01,declare,1951-05-18,GN522,crowd|1951-gn522-kowloon-tong-streets-La-Salle-Road-喇沙利道-1951-05-18,extend,false,false,true,true,
agree_latest,en_zh:Lai Cho Road|麗祖路,LAI CHO ROAD,麗祖路,K&T,1977-11-25,GN2859,Lai Cho Road,麗祖路,1977-11-25,GN2859,crowd|1977-gn2859-tsuen-wan-kwai-streets-Lai-Cho-Road-麗祖路-1977-11-25,declare,1977-11-25,GN2859,crowd|1977-gn2859-tsuen-wan-kwai-streets-Lai-Cho-Road-麗祖路-1977-11-25,declare,true,true,true,true,first_equals_latest
agree_latest,en_zh:Lai Chui Path|麗翠徑,LAI CHUI PATH,麗翠徑,KT,2020-08-07,GN4508,Lai Chui Path,麗翠徑,2020-08-07,GN4508,2020-08-07|GN4508|0,declare,2020-08-07,GN4508,2020-08-07|GN4508|0,declare,true,true,true,true,first_equals_latest
agree_latest,en_zh:Lai Fong Street|禮芳街,LAI FONG STREET,禮芳街,K&T,1974-04-19,GN1023,Lai Fong Street,禮芳街,1974-04-19,GN1023,crowd|1974-gn1023-kwai-chung-streets-11153-1974-04-19,declare,1974-04-19,GN1023,crowd|1974-gn1023-kwai-chung-streets-11153-1974-04-19,declare,true,true,true,true,first_equals_latest
agree_latest,en_zh:Lai Fung Street|荔峰街,LAI FUNG STREET,荔峰街,K&T,1980-05-16,GN1503,Lai Fung Street,荔峰街,1980-05-16,GN1503,crowd|1980-gn1503-kwai-chung-streets-Lai-Fung-Street-荔峰街-1980-05-16,declare,1980-05-16,GN1503,crowd|1980-gn1503-kwai-chung-streets-Lai-Fung-Street-荔峰街-1980-05-16,declare,true,true,true,true,first_equals_latest
agree_latest,en_zh:Lai Kong Street|荔崗街,LAI KONG STREET,荔崗街,K&T,1980-05-16,GN1503,Lai Kong Street,荔崗街,1980-05-16,GN1503,crowd|1980-gn1503-kwai-chung-streets-Lai-Kong-Street-荔崗街-1980-05-16,declare,1980-05-16,GN1503,crowd|1980-gn1503-kwai-chung-streets-Lai-Kong-Street-荔崗街-1980-05-16,declare,true,true,true,true,first_equals_latest
agree_latest,en_zh:Lai Wa Street|麗華街,LAI WA STREET,麗華街,KC,1960-07-08,GN1060,Lai Wa Street,麗華街,1960-07-08,GN1060,crowd|1960-gn1060-mei-wa-streets-Lai-Wa-Street-麗華街-1960-07-08,declare,1960-07-08,GN1060,crowd|1960-gn1060-mei-wa-streets-Lai-Wa-Street-麗華街-1960-07-08,declare,true,true,true,true,first_equals_latest
agree_latest,en_zh:Lai Wo Lane|麗禾里,LAI WO LANE,麗禾里,ST,1984-01-27,GN285,Lai Wo Lane,麗禾里,1984-01-27,GN285,crowd|1984-gn285-sha-tin-Lai-Wo-Lane-麗禾里-1984-01-27,declare,1984-01-27,GN285,crowd|1984-gn285-sha-tin-Lai-Wo-Lane-麗禾里-1984-01-27,declare,true,true,true,true,first_equals_latest
agree_latest,en_zh:Lai Ying Street|荔盈街,LAI YING STREET,荔盈街,SSP,2017-12-22,GN9865,Lai Ying Street,荔盈街,2017-12-22,GN9865,2017-12-22|GN9865|0,declare,2017-12-22,GN9865,2017-12-22|GN9865|0,declare,true,true,true,true,first_equals_latest
agree_latest,en_zh:Lai Yip Street|勵業街,LAI YIP STREET,勵業街,KT,1957-02-22,GN264,Lai Yip Street,勵業街,1957-02-22,GN264,crowd|1957-gn264-kwun-tong-streets-Lai-Yip-Street-勵業街-1957-02-22,declare,1957-02-22,GN264,crowd|1957-gn264-kwun-tong-streets-Lai-Yip-Street-勵業街-1957-02-22,declare,true,true,true,true,first_equals_latest
agree_latest,en_zh:Lai Yiu Street|麗瑤街,LAI YIU STREET,麗瑤街,K&T,1977-11-25,GN2859,Lai Yiu Street,麗瑤街,1977-11-25,GN2859,crowd|1977-gn2859-tsuen-wan-kwai-streets-Lai-Yiu-Street-麗瑤街-1977-11-25,declare,1977-11-25,GN2859,crowd|1977-gn2859-tsuen-wan-kwai-streets-Lai-Yiu-Street-麗瑤街-1977-11-25,declare,true,true,true,true,first_equals_latest
agree_latest,en_zh:Lam Chak Street|臨澤街,LAM CHAK STREET,臨澤街,KT,1984-10-26,GN3135,Lam Chak Street,臨澤街,1984-10-26,GN3135,crowd|1984-gn3135-lam-streets-Lam-Chak-Street-臨澤街-1984-10-26,declare,1984-10-26,GN3135,crowd|1984-gn3135-lam-streets-Lam-Chak-Street-臨澤街-1984-10-26,declare,true,true,true,true,first_equals_latest
agree_latest,en_zh:Lam Fook Street|臨福街,LAM FOOK STREET,臨福街,KT,1984-10-26,GN3135,Lam Fook Street,臨福街,1984-10-26,GN3135,crowd|1984-gn3135-lam-streets-Lam-Fook-Street-臨福街-1984-10-26,declare,1984-10-26,GN3135,crowd|1984-gn3135-lam-streets-Lam-Fook-Street-臨福街-1984-10-26,declare,true,true,true,true,first_equals_latest
agree_latest,en_zh:Lam Hing Street|臨興街,LAM HING STREET,臨興街,KT,1984-10-26,GN3135,Lam Hing Street,臨興街,1984-10-26,GN3135,crowd|1984-gn3135-lam-streets-Lam-Hing-Street-臨興街-1984-10-26,declare,1984-10-26,GN3135,crowd|1984-gn3135-lam-streets-Lam-Hing-Street-臨興街-1984-10-26,declare,true,true,true,true,first_equals_latest
agree_latest,en_zh:Lam Kam Road|林錦公路,LAM KAM ROAD,林錦公路,YL-TP,1978-09-29,GN2481,Lam Kam Road,林錦公路,1978-09-29,GN2481,crowd|1978-gn2481-yuen-long-streets-Lam-Kam-Road-林錦公路-1978-09-29,declare,1978-09-29,GN2481,crowd|1978-gn2481-yuen-long-streets-Lam-Kam-Road-林錦公路-1978-09-29,declare,true,true,true,true,first_equals_latest
agree_latest,en_zh:Lam Lee Street|臨利街,LAM LEE STREET,臨利街,KT,1984-10-26,GN3135,Lam Lee Street,臨利街,1984-10-26,GN3135,crowd|1984-gn3135-lam-streets-Lam-Lee-Street-臨利街-1984-10-26,declare,1984-10-26,GN3135,crowd|1984-gn3135-lam-streets-Lam-Lee-Street-臨利街-1984-10-26,declare,true,true,true,true,first_equals_latest
agree_latest,en_zh:Lam Yu Road|欖裕路,LAM YU ROAD,欖裕路,YL,2008-08-29,GN6060,Lam Yu Road,欖裕路,2008-08-29,GN6060,2008-08-29|GN6060|0,declare,2008-08-29,GN6060,2008-08-29|GN6060|0,declare,true,true,true,true,first_equals_latest
agree_latest,en_zh:Lambeth Walk|琳寶徑,LAMBETH WALK,琳寶徑,C&W,1975-03-14,GN586,Lambeth Walk,琳寶徑,1975-03-14,GN586,crowd|1975-gn586-11184,declare,1975-03-14,GN586,crowd|1975-gn586-11184,declare,true,true,true,true,first_equals_latest
agree_latest,en_zh:Lancashire Road|蘭開夏道,LANCASHIRE ROAD,蘭開夏道,KC,1939-04-28,GN341,Lancashire Road,蘭開夏道,1939-04-28,GN341,crowd|1939-gn341-kowloon-tong-roads-11187-1939-04-28,declare,1939-04-28,GN341,crowd|1939-gn341-kowloon-tong-roads-11187-1939-04-28,declare,true,true,true,true,first_equals_latest
agree_latest,en_zh:Lap Tak Lane|立德里,LAP TAK LANE,立德里,WC,1979-12-07,GN3192,Lap Tak Lane,立德里,1979-12-07,GN3192,crowd|1979-gn3192-wan-chai-streets-Lap-Tak-Lane-立德里-1979-12-07,declare,1979-12-07,GN3192,crowd|1979-gn3192-wan-chai-streets-Lap-Tak-Lane-立德里-1979-12-07,declare,true,true,true,true,first_equals_latest
agree_latest,en_zh:Larch Street|洋松街,LARCH STREET,洋松街,YTM,1927-11-25,GN699,Larch Street,洋松街,1927-11-25,GN699,crowd|1927-gn699-nathan-square-11190-1927-11-25,declare,1927-11-25,GN699,crowd|1927-gn699-nathan-square-11190-1927-11-25,declare,true,true,true,true,first_equals_latest
agree_latest,en_zh:Lau Li Street|琉璃街,LAU LI STREET,琉璃街,WC,1926-06-11,GN318,Lau Li Street,琉璃街,1926-06-11,GN318,crowd|1926-gn318-tsing-fung-street-11193-1926-06-11,declare,1926-06-11,GN318,crowd|1926-gn318-tsing-fung-street-11193-1926-06-11,declare,true,true,true,true,first_equals_latest
agree_latest,en_zh:Lau Sin Street|留仙街,LAU SIN STREET,留仙街,E,1926-06-11,GN318,Lau Sin Street,留仙街,1926-06-11,GN318,crowd|1926-gn318-tsing-fung-street-11195-1926-06-11,declare,1926-06-11,GN318,crowd|1926-gn318-tsing-fung-street-11195-1926-06-11,declare,true,true,true,true,first_equals_latest
agree_latest,en_zh:Lau Yip Street|流業街,LAU YIP STREET,流業街,YL,2015-03-13,GN2182,Lau Yip Street,流業街,2015-03-13,GN2182,2015-03-13|GN2182|0,declare,2015-03-13,GN2182,2015-03-13|GN2182|0,declare,true,true,true,true,first_equals_latest
agree_latest,en_zh:Lee Chi Road|利枝道,LEE CHI ROAD,利枝道,S,1981-02-20,GN593,Lee Chi Road,利枝道,1981-02-20,GN593,crowd|1981-gn593-ap-lei-chau-Lee-Chi-Road-利枝道-1981-02-20,declare,1981-02-20,GN593,crowd|1981-gn593-ap-lei-chau-Lee-Chi-Road-利枝道-1981-02-20,declare,true,true,true,true,first_equals_latest
agree_latest,en_zh:Lee Fat Path|利發徑,LEE FAT PATH,利發徑,TM,1983-01-28,GN326,Lee Fat Path,利發徑,1983-01-28,GN326,crowd|1983-gn326-tuen-mun-Lee-Fat-Path-利發徑-1983-01-28,declare,1983-01-28,GN326,crowd|1983-gn326-tuen-mun-Lee-Fat-Path-利發徑-1983-01-28,declare,true,true,true,true,first_equals_latest
agree_latest,en_zh:Lee On Road|利安道,LEE ON ROAD,利安道,KT,1979-04-20,GN1001,Lee On Road,利安道,1979-04-20,GN1001,crowd|1979-gn1001-clear-water-bay-streets-Lee-On-Road-利安道-1979-04-20,declare,1979-04-20,GN1001,crowd|1979-gn1001-clear-water-bay-streets-Lee-On-Road-利安道-1979-04-20,declare,true,true,true,true,first_equals_latest
agree_latest,en_zh:Lee Tung Street|利東街,LEE TUNG STREET,利東街,WC,1923-12-28,GN567,Lee Tung Street,利東街,1923-12-28,GN567,crowd|1923-gn567-lee-tung-street-11205-1923-12-28,declare,1923-12-28,GN567,crowd|1923-gn567-lee-tung-street-11205-1923-12-28,declare,true,true,true,true,first_equals_latest
agree_latest,en_zh:Legislative Council Road|立法會道,LEGISLATIVE COUNCIL ROAD,立法會道,C&W,2011-02-25,GN1313,Legislative Council Road,立法會道,2011-02-25,GN1313,2011-02-25|GN1313|0,declare,2011-02-25,GN1313,2011-02-25|GN1313|0,declare,true,true,true,true,first_equals_latest
agree_latest,en_zh:Leighton Road|禮頓道,LEIGHTON ROAD,禮頓道,WC,1951-04-27,GN445,Leighton Road,禮頓道,1951-04-27,GN445,crowd|1951-gn445-leighton-road-1951-04-27,rename,1951-04-27,GN445,crowd|1951-gn445-leighton-road-1951-04-27,rename,true,true,true,true,first_equals_latest
agree_latest,en_zh:Leung Yip Street|良業街,LEUNG YIP STREET,良業街,YL,1983-01-28,GN325,Leung Yip Street,良業街,1983-01-28,GN325,crowd|1983-gn325-yuen-long-Leung-Yip-Street-良業街-1983-01-28,declare,1983-01-28,GN325,crowd|1983-gn325-yuen-long-Leung-Yip-Street-良業街-1983-01-28,declare,true,true,true,true,first_equals_latest
agree_latest,en_zh:Li Chit Street|李節街,LI CHIT STREET,李節街,WC,1920-04-01,GN194,Li Chit Street,李節街,1920-04-01,GN194,crowd|1920-gn194-li-chit-street-11221-1920-04-01,declare,1920-04-01,GN194,crowd|1920-gn194-li-chit-street-11221-1920-04-01,declare,true,true,true,true,first_equals_latest
agree_latest,en_zh:Li Kwan Avenue|利群道,LI KWAN AVENUE,利群道,WC,1931-02-13,GN86,Li Kwan Avenue,利群道,1931-02-13,GN86,crowd|1931-gn86-tai-hang-lok-shan-11222-1931-02-13,declare,1931-02-13,GN86,crowd|1931-gn86-tai-hang-lok-shan-11222-1931-02-13,declare,true,true,true,true,first_equals_latest
agree_latest,en_zh:Li Sing Street|李陞街,LI SING STREET,李陞街,C&W,1958-06-27,GN865,Li Sing Street,李陞街,1958-06-27,GN865,crowd|1958-gn865-major-streets-Li-Sing-Street-李陞街-1958-06-27,declare,1958-06-27,GN865,crowd|1958-gn865-major-streets-Li-Sing-Street-李陞街-1958-06-27,declare,true,true,true,true,first_equals_latest
agree_latest,en_zh:Lily Street|蓮花街,LILY STREET,蓮花街,WC,1935-10-04,GN768,Lily Street,蓮花街,1935-10-04,GN768,crowd|1935-gn768-lin-fa-kung-streets-11231-1935-10-04,declare,1935-10-04,GN768,crowd|1935-gn768-lin-fa-kung-streets-11231-1935-10-04,declare,true,true,true,true,first_equals_latest
agree_latest,en_zh:Lim Cho Street|念祖街,LIM CHO STREET,念祖街,K&T,1977-11-25,GN2859,Lim Cho Street,念祖街,1977-11-25,GN2859,crowd|1977-gn2859-tsuen-wan-kwai-streets-Lim-Cho-Street-念祖街-1977-11-25,declare,1977-11-25,GN2859,crowd|1977-gn2859-tsuen-wan-kwai-streets-Lim-Cho-Street-念祖街-1977-11-25,declare,true,true,true,true,first_equals_latest
agree_latest,en_zh:Lime Street|菩提街,LIME STREET,菩提街,YTM,1927-11-25,GN699,Lime Street,菩提街,1927-11-25,GN699,crowd|1927-gn699-nathan-square-11233-1927-11-25,declare,1927-11-25,GN699,crowd|1927-gn699-nathan-square-11233-1927-11-25,declare,true,true,true,true,first_equals_latest
agree_latest,en_zh:Lin Fa Kung Street East|蓮花宮東街,LIN FA KUNG STREET EAST,蓮花宮東街,WC,1935-10-04,GN768,Lin Fa Kung Street East,蓮花宮東街,1935-10-04,GN768,crowd|1935-gn768-lin-fa-kung-streets-11234-1935-10-04,declare,1935-10-04,GN768,crowd|1935-gn768-lin-fa-kung-streets-11234-1935-10-04,declare,true,true,true,true,first_equals_latest
agree_latest,en_zh:Lin Fa Kung Street West|蓮花宮西街,LIN FA KUNG STREET WEST,蓮花宮西街,WC,1935-10-04,GN768,Lin Fa Kung Street West,蓮花宮西街,1935-10-04,GN768,crowd|1935-gn768-lin-fa-kung-streets-11235-1935-10-04,declare,1935-10-04,GN768,crowd|1935-gn768-lin-fa-kung-streets-11235-1935-10-04,declare,true,true,true,true,first_equals_latest
agree_latest,en_zh:Lincoln Road|林肯道,LINCOLN ROAD,林肯道,KC,1929-08-23,GN427,Lincoln Road,林肯道,1929-08-23,GN427,crowd|1929-gn427-waterloo-road-11239-1929-08-23,declare,1929-08-23,GN427,crowd|1929-gn427-waterloo-road-11239-1929-08-23,declare,true,true,true,true,first_equals_latest
agree_latest,en_zh:Link Road|連道,LINK ROAD,連道,WC,1959-02-27,GN315,Link Road,連道,1959-02-27,GN315,crowd|1959-gn315-urban-council-renames-Link-Road-連道-1959-02-27,rename,1959-02-27,GN315,crowd|1959-gn315-urban-council-renames-Link-Road-連道-1959-02-27,rename,true,true,true,true,first_equals_latest
agree_latest,en:LION ROCK ROAD,LION ROCK ROAD,獅子石道,KC,1933-05-12,GN340,Lion Rock Road,獅子石街,1933-05-12,GN340,crowd|1933-gn340-kowloon-city-roads-11241-1933-05-12,declare,1933-05-12,GN340,crowd|1933-gn340-kowloon-city-roads-11241-1933-05-12,declare,true,true,true,true,first_equals_latest
agree_latest,en_zh:Liu Pok Road|料壆路,LIU POK ROAD,料壆路,N,2010-06-25,GN4011,Liu Pok Road,料壆路,2010-06-25,GN4011,2010-06-25|GN4011|0,declare,2010-06-25,GN4011,2010-06-25|GN4011|0,declare,true,true,true,true,first_equals_latest
agree_latest,en_zh:Lloyd Path|雷丹彌徑,LLOYD PATH,雷丹彌徑,C&W,1935-04-12,GN302,Lloyd Path,雷丹彌徑,1935-04-12,GN302,crowd|1935-gn302-south-side-streets-11244-1935-04-12,declare,1935-04-12,GN302,crowd|1935-gn302-south-side-streets-11244-1935-04-12,declare,true,true,true,true,first_equals_latest
agree_latest,en_zh:Lo Lung Hang Street|老龍坑街,LO LUNG HANG STREET,老龍坑街,KC,1923-09-28,GN411,Lo Lung Hang Street,老龍坑街,1923-09-28,GN411,crowd|1923-gn411-cheung-sha-wan-road-11245-1923-09-28,declare,1923-09-28,GN411,crowd|1923-gn411-cheung-sha-wan-road-11245-1923-09-28,declare,true,true,true,true,first_equals_latest
agree_latest,en_zh:Lock Road|樂道,LOCK ROAD,樂道,YTM,1931-01-09,GN21,Lock Road,樂道,1931-01-09,GN21,crowd|1931-gn21-lock-road-Lock-Road-樂道-1931-01-09,declare,1931-01-09,GN21,crowd|1931-gn21-lock-road-Lock-Road-樂道-1931-01-09,declare,true,true,true,true,first_equals_latest
agree_latest,en_zh:Lockhart Road|駱克道,LOCKHART ROAD,駱克道,WC,1953-07-24,GN912,Lockhart Road,駱克道,1929-06-14,GN312,crowd|1929-gn312-johnston-road-11250-1929-06-14,declare,1953-07-24,GN912,crowd|1953-gn912-jaffe-lockhart-Lockhart-Road-駱克道-1953-07-24,extend,false,false,true,true,
agree_latest,en_zh:Lohas Park Road|康城路,LOHAS PARK ROAD,康城路,SK,2009-04-09,GN2232,LOHAS Park Road,康城路,2009-04-09,GN2232,2009-04-09|GN2232|0,declare,2009-04-09,GN2232,2009-04-09|GN2232|0,declare,true,true,true,true,first_equals_latest
agree_latest,en_zh:Lok Fung Path|樂楓徑,LOK FUNG PATH,樂楓徑,ST,1981-05-29,GN1559,Lok Fung Path,樂楓徑,1981-05-29,GN1559,crowd|1981-gn1559-lok-paths-rename-Lok-Fung-Path-樂楓徑-1981-05-29,rename,1981-05-29,GN1559,crowd|1981-gn1559-lok-paths-rename-Lok-Fung-Path-樂楓徑-1981-05-29,rename,true,true,true,true,first_equals_latest
agree_latest,en_zh:Lok Ha Square|樂霞坊,LOK HA SQUARE,樂霞坊,ST,1981-05-29,GN1559,Lok Ha Square,樂霞坊,1981-05-29,GN1559,crowd|1981-gn1559-lok-paths-rename-Lok-Ha-Square-樂霞坊-1981-05-29,rename,1981-05-29,GN1559,crowd|1981-gn1559-lok-paths-rename-Lok-Ha-Square-樂霞坊-1981-05-29,rename,true,true,true,true,first_equals_latest
agree_latest,en_zh:Lok Ku Road|樂古道,LOK KU ROAD,樂古道,C&W,1977-04-15,GN857,Lok Ku Road,樂古道,1977-04-15,GN857,crowd|1977-gn857-lok-ku-road-Lok-Ku-Road-樂古道-1977-04-15,declare,1977-04-15,GN857,crowd|1977-gn857-lok-ku-road-Lok-Ku-Road-樂古道-1977-04-15,declare,true,true,true,true,first_equals_latest
agree_latest,en_zh:Lok Lam Road|樂林路,LOK LAM ROAD,樂林路,ST,1979-12-07,GN3194,Lok Lam Road,樂林路,1979-12-07,GN3194,crowd|1979-gn3194-sha-tin-lok-streets-Lok-Lam-Road-樂林路-1979-12-07,declare,1979-12-07,GN3194,crowd|1979-gn3194-sha-tin-lok-streets-Lok-Lam-Road-樂林路-1979-12-07,declare,true,true,true,true,first_equals_latest
agree_latest,en_zh:Lok Lin Path|樂蓮徑,LOK LIN PATH,樂蓮徑,ST,1981-05-29,GN1559,Lok Lin Path,樂蓮徑,1981-05-29,GN1559,crowd|1981-gn1559-lok-paths-rename-Lok-Lin-Path-樂蓮徑-1981-05-29,rename,1981-05-29,GN1559,crowd|1981-gn1559-lok-paths-rename-Lok-Lin-Path-樂蓮徑-1981-05-29,rename,true,true,true,true,first_equals_latest
agree_latest,en_zh:Lok Ma Chau Road|落馬洲路,LOK MA CHAU ROAD,落馬洲路,YL,2015-12-24,GN9966,Lok Ma Chau Road,落馬洲路,1982-03-05,GN755,crowd|1982-gn755-yuen-long-Lok-Ma-Chau-Road-落馬洲路-1982-03-05,declare,2015-12-24,GN9966,2015-12-24|GN9966|0,declare,false,false,true,true,
agree_latest,en_zh:Lok Shun Path|樂信徑,LOK SHUN PATH,樂信徑,ST,1984-06-15,GN1737,Lok Shun Path,樂信徑,1984-06-15,GN1737,crowd|1984-gn1737-sha-tin-Lok-Shun-Path-樂信徑-1984-06-15,declare,1984-06-15,GN1737,crowd|1984-gn1737-sha-tin-Lok-Shun-Path-樂信徑-1984-06-15,declare,true,true,true,true,first_equals_latest
agree_latest,en_zh:Lok Yeung Street|洛陽街,LOK YEUNG STREET,洛陽街,S,1941-10-24,GN1261,Lok Yeung Street,洛陽街,1941-10-24,GN1261,crowd|1941-gn1261-aberdeen-streets-11272-1941-10-24,declare,1941-10-24,GN1261,crowd|1941-gn1261-aberdeen-streets-11272-1941-10-24,declare,true,true,true,true,first_equals_latest
agree_latest,en_zh:Lok Yuen Path|樂園徑,LOK YUEN PATH,樂園徑,ST,1981-05-29,GN1559,Lok Yuen Path,樂園徑,1981-05-29,GN1559,crowd|1981-gn1559-lok-paths-rename-Lok-Yuen-Path-樂園徑-1981-05-29,rename,1981-05-29,GN1559,crowd|1981-gn1559-lok-paths-rename-Lok-Yuen-Path-樂園徑-1981-05-29,rename,true,true,true,true,first_equals_latest
agree_latest,en_zh:Lomond Road|露明道,LOMOND ROAD,露明道,KC,1953-03-27,GN419,Lomond Road,露明道,1953-03-27,GN419,crowd|1953-gn419-lomond-road-Lomond-Road-露明道-1953-03-27,rename,1953-03-27,GN419,crowd|1953-gn419-lomond-road-Lomond-Road-露明道-1953-03-27,rename,true,true,true,true,first_equals_latest
agree_latest,en_zh:Long Fung Street|朗風街,LONG FUNG STREET,朗風街,YL,2025-01-24,GN565,Long Fung Street,朗風街,2025-01-24,GN565,2025-01-24|GN565|0,declare,2025-01-24,GN565,2025-01-24|GN565|0,declare,true,true,true,true,first_equals_latest
agree_latest,en_zh:Long Ngai Path|朗藝徑,LONG NGAI PATH,朗藝徑,YL,2017-11-10,GN8364,Long Ngai Path,朗藝徑,2017-11-10,GN8364,2017-11-10|GN8364|0,declare,2017-11-10,GN8364,2017-11-10|GN8364|0,declare,true,true,true,true,first_equals_latest
agree_latest,en_zh:Long Yan Road|朗欣路,LONG YAN ROAD,朗欣路,TW,2004-12-17,GN8104,Long Yan Road,朗欣路,2004-12-17,GN8104,crowd|2004-gn8104-14206,declare,2004-12-17,GN8104,crowd|2004-gn8104-14206,declare,true,true,true,true,first_equals_latest
agree_latest,en_zh:Long Yip Street|朗業街,LONG YIP STREET,朗業街,YL,1984-06-22,GN1827,Long Yip Street,朗業街,1983-01-28,GN325,crowd|1983-gn325-yuen-long-Long-Yip-Street-朗業街-1983-01-28,declare,1984-06-22,GN1827,crowd|1984-gn1827-yuen-long-Long-Yip-Street-朗業街-1984-06-22,extend,false,false,true,true,
agree_latest,en_zh:Lookout Link|瞭望里,LOOKOUT LINK,瞭望里,TP,1983-05-27,GN1664,Lookout Link,瞭望里,1983-05-27,GN1664,crowd|1983-gn1664-tai-po-Lookout-Link-瞭望里-1983-05-27,declare,1983-05-27,GN1664,crowd|1983-gn1664-tai-po-Lookout-Link-瞭望里-1983-05-27,declare,true,true,true,true,first_equals_latest
agree_latest,en_zh:Lotus Road|紅荷路,LOTUS ROAD,紅荷路,YL,1984-08-31,GN2609,Lotus Road,紅荷路,1984-08-31,GN2609,crowd|1984-gn2609-fairview-park-Lotus-Road-紅荷路-1984-08-31,declare,1984-08-31,GN2609,crowd|1984-gn2609-fairview-park-Lotus-Road-紅荷路-1984-08-31,declare,true,true,true,true,first_equals_latest
agree_latest,en_zh:Luen Wan Street|聯運街,LUEN WAN STREET,聯運街,YTM,1949-03-18,GN266,Luen Wan Street,聯運街,1949-03-18,GN266,crowd|1949-gn266-luen-wan-street-Luen-Wan-Street-聯運街-1949-03-18,declare,1949-03-18,GN266,crowd|1949-gn266-luen-wan-street-Luen-Wan-Street-聯運街-1949-03-18,declare,true,true,true,true,first_equals_latest
agree_latest,en_zh:Lugard Road|盧吉道,LUGARD ROAD,盧吉道,C&W,1915-05-28,GN244,Lugard Road,盧吉道,1915-05-28,GN244,crowd|1915-gn244-lugard-road-11298-1915-05-28,declare,1915-05-28,GN244,crowd|1915-gn244-lugard-road-11298-1915-05-28,declare,true,true,true,true,first_equals_latest
agree_latest,en_zh:Luk Ming Street|鹿鳴街,LUK MING STREET,鹿鳴街,KC,1959-04-17,GN548,Luk Ming Street,鹿鳴街,1959-04-17,GN548,crowd|1959-gn548-ma-tau-kok-streets-Luk-Ming-Street-鹿鳴街-1959-04-17,declare,1959-04-17,GN548,crowd|1959-gn548-ma-tau-kok-streets-Luk-Ming-Street-鹿鳴街-1959-04-17,declare,true,true,true,true,first_equals_latest
agree_latest,en_zh:Luk Yuen Street|鹿苑街,LUK YUEN STREET,鹿苑街,TM,1983-01-28,GN326,Luk Yuen Street,鹿苑街,1983-01-28,GN326,crowd|1983-gn326-tuen-mun-Luk-Yuen-Street-鹿苑街-1983-01-28,declare,1983-01-28,GN326,crowd|1983-gn326-tuen-mun-Luk-Yuen-Street-鹿苑街-1983-01-28,declare,true,true,true,true,first_equals_latest
agree_latest,en_zh:Lun Cheung Street|麟祥街,LUN CHEUNG STREET,麟祥街,KC,1959-04-17,GN548,Lun Cheung Street,麟祥街,1959-04-17,GN548,crowd|1959-gn548-ma-tau-kok-streets-Lun-Cheung-Street-麟祥街-1959-04-17,declare,1959-04-17,GN548,crowd|1959-gn548-ma-tau-kok-streets-Lun-Cheung-Street-麟祥街-1959-04-17,declare,true,true,true,true,first_equals_latest
agree_latest,en_zh:Lun Hing Street|聯興街,LUN HING STREET,聯興街,WC,1930-03-07,GN138,Lun Hing Street,聯興街,1930-03-07,GN138,crowd|1930-gn138-village-road-11307-1930-03-07,declare,1930-03-07,GN138,crowd|1930-gn138-village-road-11307-1930-03-07,declare,true,true,true,true,first_equals_latest
agree_latest,en_zh:Lung Chak Road|龍澤路,LUNG CHAK ROAD,龍澤路,TM,2013-08-02,GN4533,Lung Chak Road,龍澤路,2013-08-02,GN4533,2013-08-02|GN4533|0,declare,2013-08-02,GN4533,2013-08-02|GN4533|0,declare,true,true,true,true,first_equals_latest
agree_latest,en_zh:Lung Chi Path|龍池徑,LUNG CHI PATH,龍池徑,WTS,1983-04-22,GN1265,Lung Chi Path,龍池徑,1983-04-22,GN1265,crowd|1983-gn1265-ngau-chi-wan-Lung-Chi-Path-龍池徑-1983-04-22,declare,1983-04-22,GN1265,crowd|1983-gn1265-ngau-chi-wan-Lung-Chi-Path-龍池徑-1983-04-22,declare,true,true,true,true,first_equals_latest
agree_latest,en_zh:Lung Chun Road|龍峻路,LUNG CHUN ROAD,龍峻路,N,2021-02-26,GN1088,Lung Chun Road,龍峻路,2021-02-26,GN1088,2021-02-26|GN1088|0,declare,2021-02-26,GN1088,2021-02-26|GN1088|0,declare,true,true,true,true,first_equals_latest
agree_latest,en_zh:Lung Hop Street|龍合街,LUNG HOP STREET,龍合街,WC,2019-03-15,GN1970,Lung Hop Street,龍合街,2019-03-15,GN1970,2019-03-15|GN1970|0,declare,2019-03-15,GN1970,2019-03-15|GN1970|0,declare,true,true,true,true,first_equals_latest
agree_latest,en_zh:Lung Kong Road|龍崗道,LUNG KONG ROAD,龍崗道,KC,1933-05-12,GN340,Lung Kong Road,龍崗道,1933-05-12,GN340,crowd|1933-gn340-kowloon-city-roads-11315-1933-05-12,declare,1933-05-12,GN340,crowd|1933-gn340-kowloon-city-roads-11315-1933-05-12,declare,true,true,true,true,first_equals_latest
agree_latest,en_zh:Lung Kui Road|龍駒道,LUNG KUI ROAD,龍駒道,SSP,2016-07-08,GN3864,Lung Kui Road,龍駒道,2016-07-08,GN3864,2016-07-08|GN3864|0,declare,2016-07-08,GN3864,2016-07-08|GN3864|0,declare,true,true,true,true,first_equals_latest
agree_latest,en_zh:Lung Pak Street|龍柏街,LUNG PAK STREET,龍柏街,ST,1982-03-05,GN754,Lung Pak Street,龍柏街,1982-03-05,GN754,crowd|1982-gn754-sha-tin-Lung-Pak-Street-龍柏街-1982-03-05,declare,1982-03-05,GN754,crowd|1982-gn754-sha-tin-Lung-Pak-Street-龍柏街-1982-03-05,declare,true,true,true,true,first_equals_latest
agree_latest,en_zh:Lung Tang Road|龍騰路,LUNG TANG ROAD,龍騰路,TW,1977-11-25,GN2859,Lung Tang Road,龍騰路,1977-11-25,GN2859,crowd|1977-gn2859-tsuen-wan-kwai-streets-Lung-Tang-Road-龍騰路-1977-11-25,declare,1977-11-25,GN2859,crowd|1977-gn2859-tsuen-wan-kwai-streets-Lung-Tang-Road-龍騰路-1977-11-25,declare,true,true,true,true,first_equals_latest
agree_latest,en_zh:Lung To Street|龍圖街,LUNG TO STREET,龍圖街,KC,1959-04-17,GN548,Lung To Street,龍圖街,1959-04-17,GN548,crowd|1959-gn548-ma-tau-kok-streets-Lung-To-Street-龍圖街-1959-04-17,declare,1959-04-17,GN548,crowd|1959-gn548-ma-tau-kok-streets-Lung-To-Street-龍圖街-1959-04-17,declare,true,true,true,true,first_equals_latest
agree_latest,en_zh:Lung Wah Street|龍華街,LUNG WAH STREET,龍華街,C&W,2010-08-20,GN5350,Lung Wah Street,龍華街,2010-08-20,GN5350,2010-08-20|GN5350|0,declare,2010-08-20,GN5350,2010-08-20|GN5350|0,declare,true,true,true,true,first_equals_latest
agree_latest,en_zh:Lung Yue Road|龍如路,LUNG YUE ROAD,龍如路,TW,1977-11-25,GN2859,Lung Yue Road,龍如路,1977-11-25,GN2859,crowd|1977-gn2859-tsuen-wan-kwai-streets-Lung-Yue-Road-龍如路-1977-11-25,declare,1977-11-25,GN2859,crowd|1977-gn2859-tsuen-wan-kwai-streets-Lung-Yue-Road-龍如路-1977-11-25,declare,true,true,true,true,first_equals_latest
agree_latest,en_zh:Lung Yuet Road|龍悅道,LUNG YUET ROAD,龍悅道,SSP,2016-03-18,GN1596,Lung Yuet Road,龍悅道,2016-03-18,GN1596,2016-03-18|GN1596|0,declare,2016-03-18,GN1596,2016-03-18|GN1596|0,declare,true,true,true,true,first_equals_latest
agree_latest,en_zh:Lychee Road East|荔枝東路,LYCHEE ROAD EAST,荔枝東路,YL,1984-08-31,GN2609,Lychee Road East,荔枝東路,1984-08-31,GN2609,crowd|1984-gn2609-fairview-park-Lychee-Road-East-荔枝東路-1984-08-31,declare,1984-08-31,GN2609,crowd|1984-gn2609-fairview-park-Lychee-Road-East-荔枝東路-1984-08-31,declare,true,true,true,true,first_equals_latest
agree_latest,en_zh:Lychee Road North|荔枝北路,LYCHEE ROAD NORTH,荔枝北路,YL,1984-08-31,GN2609,Lychee Road North,荔枝北路,1984-08-31,GN2609,crowd|1984-gn2609-fairview-park-Lychee-Road-North-荔枝北路-1984-08-31,declare,1984-08-31,GN2609,crowd|1984-gn2609-fairview-park-Lychee-Road-North-荔枝北路-1984-08-31,declare,true,true,true,true,first_equals_latest
agree_latest,en_zh:Lychee Road South|荔枝南路,LYCHEE ROAD SOUTH,荔枝南路,YL,1984-08-31,GN2609,Lychee Road South,荔枝南路,1984-08-31,GN2609,crowd|1984-gn2609-fairview-park-Lychee-Road-South-荔枝南路-1984-08-31,declare,1984-08-31,GN2609,crowd|1984-gn2609-fairview-park-Lychee-Road-South-荔枝南路-1984-08-31,declare,true,true,true,true,first_equals_latest
agree_latest,en_zh:Lychee Road West|荔枝西路,LYCHEE ROAD WEST,荔枝西路,YL,1984-08-31,GN2609,Lychee Road West,荔枝西路,1984-08-31,GN2609,crowd|1984-gn2609-fairview-park-Lychee-Road-West-荔枝西路-1984-08-31,declare,1984-08-31,GN2609,crowd|1984-gn2609-fairview-park-Lychee-Road-West-荔枝西路-1984-08-31,declare,true,true,true,true,first_equals_latest
agree_latest,en_zh:Lyttelton Road|列堤頓道,LYTTELTON ROAD,列堤頓道,C&W,1904-01-29,GN59,Lyttelton Road,列堤頓道,1904-01-29,GN59,crowd|1904-gn59-victoria-road-renames-11336-1904-01-29,rename,1904-01-29,GN59,crowd|1904-gn59-victoria-road-renames-11336-1904-01-29,rename,true,true,true,true,first_equals_latest
agree_latest,en_zh:Ma Hang Chung Road|馬坑涌道,MA HANG CHUNG ROAD,馬坑涌道,KC,1926-04-16,GN202,Ma Hang Chung Road,馬坑涌道,1926-04-16,GN202,crowd|1926-gn202-to-kwa-wan-road-11339-1926-04-16,declare,1926-04-16,GN202,crowd|1926-gn202-to-kwa-wan-road-11339-1926-04-16,declare,true,true,true,true,first_equals_latest
agree_latest,en_zh:Ma Kok Lane|馬角里,MA KOK LANE,馬角里,TW,1983-11-04,GN3497,Ma Kok Lane,馬角里,1983-11-04,GN3497,crowd|1983-gn3497-tsuen-wan-Ma-Kok-Lane-馬角里-1983-11-04,declare,1983-11-04,GN3497,crowd|1983-gn3497-tsuen-wan-Ma-Kok-Lane-馬角里-1983-11-04,declare,true,true,true,true,first_equals_latest
agree_latest,en_zh:Ma Ling Path|馬鈴徑,MA LING PATH,馬鈴徑,ST,1981-03-27,GN958,Ma Ling Path,馬鈴徑,1981-03-27,GN958,crowd|1981-gn958-kau-to-shan-Ma-Ling-Path-馬鈴徑-1981-03-27,declare,1981-03-27,GN958,crowd|1981-gn958-kau-to-shan-Ma-Ling-Path-馬鈴徑-1981-03-27,declare,true,true,true,true,first_equals_latest
agree_latest,en_zh:Ma Lok Path|馬樂徑,MA LOK PATH,馬樂徑,ST,1981-03-27,GN958,Ma Lok Path,馬樂徑,1981-03-27,GN958,crowd|1981-gn958-kau-to-shan-Ma-Lok-Path-馬樂徑-1981-03-27,declare,1981-03-27,GN958,crowd|1981-gn958-kau-to-shan-Ma-Lok-Path-馬樂徑-1981-03-27,declare,true,true,true,true,first_equals_latest
agree_latest,en_zh:Ma Miu Road|媽廟路,MA MIU ROAD,媽廟路,YL,1977-12-02,GN2944,Ma Miu Road,媽廟路,1977-12-02,GN2944,crowd|1977-gn2944-yuen-long-streets-Ma-Miu-Road-媽廟路-1977-12-02,declare,1977-12-02,GN2944,crowd|1977-gn2944-yuen-long-streets-Ma-Miu-Road-媽廟路-1977-12-02,declare,true,true,true,true,first_equals_latest
agree_latest,en_zh:Ma On Path|馬鞍徑,MA ON PATH,馬鞍徑,ST,1981-03-27,GN958,Ma On Path,馬鞍徑,1981-03-27,GN958,crowd|1981-gn958-kau-to-shan-Ma-On-Path-馬鞍徑-1981-03-27,declare,1981-03-27,GN958,crowd|1981-gn958-kau-to-shan-Ma-On-Path-馬鞍徑-1981-03-27,declare,true,true,true,true,first_equals_latest
agree_latest,en_zh:Ma Shing Path|馬成徑,MA SHING PATH,馬成徑,TP,2010-06-18,GN3608,Ma Shing Path,馬成徑,2010-06-18,GN3608,2010-06-18|GN3608|0,declare,2010-06-18,GN3608,2010-06-18|GN3608|0,declare,true,true,true,true,first_equals_latest
agree_latest,en:MA TAU CHUNG ROAD,MA TAU CHUNG ROAD,馬頭涌道,KC,1926-04-16,GN202,Ma Tau Chung Road,碼頭涌道,1926-04-16,GN202,crowd|1926-gn202-to-kwa-wan-road-11349-1926-04-16,declare,1926-04-16,GN202,crowd|1926-gn202-to-kwa-wan-road-11349-1926-04-16,declare,true,true,true,true,first_equals_latest
agree_latest,en:MA TAU KOK ROAD,MA TAU KOK ROAD,馬頭角道,KC,1926-04-16,GN202,Ma Tau Kok Road,碼頭角道,1926-04-16,GN202,crowd|1926-gn202-to-kwa-wan-road-11350-1926-04-16,declare,1926-04-16,GN202,crowd|1926-gn202-to-kwa-wan-road-11350-1926-04-16,declare,true,true,true,true,first_equals_latest
agree_latest,en_zh:Ma Wang Road|媽橫路,MA WANG ROAD,媽橫路,YL,1984-08-31,GN2608,Ma Wang Road,媽橫路,1978-09-29,GN2481,crowd|1978-gn2481-yuen-long-streets-Ma-Wang-Road-媽橫路-1978-09-29,declare,1984-08-31,GN2608,crowd|1984-gn2608-ma-wang-Ma-Wang-Road-媽橫路-1984-08-31,extend,false,false,true,true,our_event_count=3
agree_latest,en_zh:Ma Yeung Path|馬鞅徑,MA YEUNG PATH,馬鞅徑,ST,1981-03-27,GN958,Ma Yeung Path,馬鞅徑,1981-03-27,GN958,crowd|1981-gn958-kau-to-shan-Ma-Yeung-Path-馬鞅徑-1981-03-27,declare,1981-03-27,GN958,crowd|1981-gn958-kau-to-shan-Ma-Yeung-Path-馬鞅徑-1981-03-27,declare,true,true,true,true,first_equals_latest
agree_latest,en_zh:Ma Ying Path|馬影徑,MA YING PATH,馬影徑,ST,1981-03-27,GN958,Ma Ying Path,馬影徑,1981-03-27,GN958,crowd|1981-gn958-kau-to-shan-Ma-Ying-Path-馬影徑-1981-03-27,declare,1981-03-27,GN958,crowd|1981-gn958-kau-to-shan-Ma-Ying-Path-馬影徑-1981-03-27,declare,true,true,true,true,first_equals_latest
agree_latest,en_zh:Macdonnell Road|麥當勞道,MACDONNELL ROAD,麥當勞道,C&W,1958-06-27,GN865,MacDonnell Road,麥當勞道,1958-06-27,GN865,crowd|1958-gn865-major-streets-Macdonnell-Road-麥當勞道-1958-06-27,declare,1958-06-27,GN865,crowd|1958-gn865-major-streets-Macdonnell-Road-麥當勞道-1958-06-27,declare,true,true,true,true,first_equals_latest
agree_latest,en_zh:Magazine Gap Road|馬己仙峽道,MAGAZINE GAP ROAD,馬己仙峽道,C&W-WC,1958-01-03,GN16,Magazine Gap Road,馬己仙峽道,1958-01-03,GN16,crowd|1958-gn16-mid-levels-roads-Magazine-Gap-Road-馬己仙峽道-1958-01-03,declare,1958-01-03,GN16,crowd|1958-gn16-mid-levels-roads-Magazine-Gap-Road-馬己仙峽道-1958-01-03,declare,true,true,true,true,first_equals_latest; our_event_count=3
agree_latest,en_zh:Magic Road|神奇道,MAGIC ROAD,神奇道,Is-TW,2004-12-17,GN8104,Magic Road,神奇道,2004-12-17,GN8104,crowd|2004-gn8104-14201,declare,2004-12-17,GN8104,crowd|2004-gn8104-14201,declare,true,true,true,true,first_equals_latest
agree_latest,en_zh:Magnolia Road|玉蘭路,MAGNOLIA ROAD,玉蘭路,SSP,1953-11-20,GN1420,Magnolia Road,玉蘭路,1953-11-20,GN1420,crowd|1953-gn1420-yau-yat-chuen-Magnolia-Road-玉蘭路-1953-11-20,declare,1953-11-20,GN1420,crowd|1953-gn1420-yau-yat-chuen-Magnolia-Road-玉蘭路-1953-11-20,declare,true,true,true,true,first_equals_latest
agree_latest,en_zh:Maidstone Lane|美善同里,MAIDSTONE LANE,美善同里,KC,1954-06-11,GN713,Maidstone Lane,美善同里,1954-06-11,GN713,crowd|1954-gn713-maidstone-Maidstone-Lane-美善同里-1954-06-11,declare,1954-06-11,GN713,crowd|1954-gn713-maidstone-Maidstone-Lane-美善同里-1954-06-11,declare,true,true,true,true,first_equals_latest
agree_latest,en_zh:Maidstone Road|美善同道,MAIDSTONE ROAD,美善同道,KC,1954-06-11,GN713,Maidstone Road,美善同道,1954-06-11,GN713,crowd|1954-gn713-maidstone-Maidstone-Road-美善同道-1954-06-11,declare,1954-06-11,GN713,crowd|1954-gn713-maidstone-Maidstone-Road-美善同道-1954-06-11,declare,true,true,true,true,first_equals_latest
agree_latest,en_zh:Malacca Street|馬來街,MALACCA STREET,馬來街,KC,1929-05-31,GN283,Malacca Street,馬來街,1929-05-31,GN283,crowd|1929-gn283-malacca-street-11364-1929-05-31,declare,1929-05-31,GN283,crowd|1929-gn283-malacca-street-11364-1929-05-31,declare,true,true,true,true,first_equals_latest
agree_latest,en_zh:Man Chat Road|文質路,MAN CHAT ROAD,文質路,TM,2015-03-13,GN2183,Man Chat Road,文質路,2015-03-13,GN2183,2015-03-13|GN2183|0,declare,2015-03-13,GN2183,2015-03-13|GN2183|0,declare,true,true,true,true,first_equals_latest
agree_latest,en_zh:Man Cheong Street|文昌街,MAN CHEONG STREET,文昌街,YTM,1974-07-12,GN1739,Man Cheong Street,文昌街,1974-07-12,GN1739,crowd|1974-gn1739-11366,declare,1974-07-12,GN1739,crowd|1974-gn1739-11366,declare,true,true,true,true,first_equals_latest
agree_latest,en_zh:Man Fat Street|文發街,MAN FAT STREET,文發街,SSP,1977-12-16,GN3094,Man Fat Street,文發街,1977-12-16,GN3094,crowd|1977-gn3094-man-fat-street-Man-Fat-Street-文發街-1977-12-16,declare,1977-12-16,GN3094,crowd|1977-gn3094-man-fat-street-Man-Fat-Street-文發街-1977-12-16,declare,true,true,true,true,first_equals_latest
agree_latest,en:MAN HANG STREET,MAN HANG STREET,文恆街,ST,1981-06-12,GN1685,Man Hang Street,文恒街,1981-06-12,GN1685,crowd|1981-gn1685-fo-tan-streets-Man-Hang-Street-文恒街-1981-06-12,declare,1981-06-12,GN1685,crowd|1981-gn1685-fo-tan-streets-Man-Hang-Street-文恒街-1981-06-12,declare,true,true,true,true,first_equals_latest
agree_latest,en_zh:Man Hong Street|民康街,MAN HONG STREET,民康街,E,1984-11-30,GN3529,Man Hong Street,民康街,1984-11-30,GN3529,crowd|1984-gn3529-eastern-Man-Hong-Street-民康街-1984-11-30,declare,1984-11-30,GN3529,crowd|1984-gn3529-eastern-Man-Hong-Street-民康街-1984-11-30,declare,true,true,true,true,first_equals_latest
agree_latest,en_zh:Man Hop Path|民合徑,MAN HOP PATH,民合徑,YL,1983-06-03,GN1752,Man Hop Path,民合徑,1983-06-03,GN1752,crowd|1983-gn1752-yuen-long-Man-Hop-Path-民合徑-1983-06-03,declare,1983-06-03,GN1752,crowd|1983-gn1752-yuen-long-Man-Hop-Path-民合徑-1983-06-03,declare,true,true,true,true,first_equals_latest
agree_latest,en_zh:Man Lai Road|文禮路,MAN LAI ROAD,文禮路,ST,1983-07-01,GN2023,Man Lai Road,文禮路,1980-09-26,GN3083,crowd|1980-gn3083-man-lam-lai-Man-Lai-Road-文禮路-1980-09-26,declare,1983-07-01,GN2023,crowd|1983-gn2023-sha-tin-Man-Lai-Road-文禮路-1983-07-01,extend,false,false,true,true,
agree_latest,en_zh:Man Lam Road|文林路,MAN LAM ROAD,文林路,ST,1983-07-01,GN2023,Man Lam Road,文林路,1980-09-26,GN3083,crowd|1980-gn3083-man-lam-lai-Man-Lam-Road-文林路-1980-09-26,declare,1983-07-01,GN2023,crowd|1983-gn2023-sha-tin-Man-Lam-Road-文林路-1983-07-01,extend,false,false,true,true,
agree_latest,en_zh:Man On Street|萬安街,MAN ON STREET,萬安街,YTM,1958-05-30,GN732,Man On Street,萬安街,1958-05-30,GN732,crowd|1958-gn732-tai-kok-tsui-west-Man-On-Street-萬安街-1958-05-30,declare,1958-05-30,GN732,crowd|1958-gn732-tai-kok-tsui-west-Man-On-Street-萬安街-1958-05-30,declare,true,true,true,true,first_equals_latest
agree_latest,en_zh:Man Siu Street|民兆街,MAN SIU STREET,民兆街,KC,1976-06-25,GN1367,Man Siu Street,民兆街,1976-06-25,GN1367,crowd|1976-gn1367-hung-hom-streets-Man-Siu-Street-民兆街-1976-06-25,declare,1976-06-25,GN1367,crowd|1976-gn1367-hung-hom-streets-Man-Siu-Street-民兆街-1976-06-25,declare,true,true,true,true,first_equals_latest
agree_latest,en_zh:Man Tai Street|民泰街,MAN TAI STREET,民泰街,KC,1976-06-25,GN1367,Man Tai Street,民泰街,1976-06-25,GN1367,crowd|1976-gn1367-hung-hom-streets-Man-Tai-Street-民泰街-1976-06-25,declare,1976-06-25,GN1367,crowd|1976-gn1367-hung-hom-streets-Man-Tai-Street-民泰街-1976-06-25,declare,true,true,true,true,first_equals_latest
agree_latest,en_zh:Mansion Street|民新街,MANSION STREET,民新街,E,1959-04-10,GN507,Mansion Street,民新街,1959-04-10,GN507,crowd|1959-gn507-mansion-street-Mansion-Street-民新街-1959-04-10,declare,1959-04-10,GN507,crowd|1959-gn507-mansion-street-Mansion-Street-民新街-1959-04-10,declare,true,true,true,true,first_equals_latest
agree_latest,en_zh:Maple Street|楓樹街,MAPLE STREET,楓樹街,YTM-SSP,1927-11-25,GN699,Maple Street,楓樹街,1927-11-25,GN699,crowd|1927-gn699-nathan-square-11395-1927-11-25,declare,1927-11-25,GN699,crowd|1927-gn699-nathan-square-11395-1927-11-25,declare,true,true,true,true,first_equals_latest
agree_latest,en_zh:Marble Road|馬寶道,MARBLE ROAD,馬寶道,E,1954-07-16,GN877,Marble Road,馬寶道,1937-09-24,GN682,crowd|1937-gn682-island-roads-11396-1937-09-24,declare,1954-07-16,GN877,crowd|1954-gn877-marble-road-Marble-Road-馬寶道-1954-07-16,declare,false,false,true,true,
agree_latest,en_zh:Marigold Road|壽菊路,MARIGOLD ROAD,壽菊路,SSP,1953-11-20,GN1420,Marigold Road,壽菊路,1953-11-20,GN1420,crowd|1953-gn1420-yau-yat-chuen-Marigold-Road-壽菊路-1953-11-20,declare,1953-11-20,GN1420,crowd|1953-gn1420-yau-yat-chuen-Marigold-Road-壽菊路-1953-11-20,declare,true,true,true,true,first_equals_latest
agree_latest,en_zh:Marina Drive|遊艇徑,MARINA DRIVE,遊艇徑,Is,2000-09-15,GN6058,Marina Drive,遊艇徑,2000-09-15,GN6058,crowd|2000-gn6058-14037,declare,2000-09-15,GN6058,crowd|2000-gn6058-14037,declare,true,true,true,true,first_equals_latest
agree_latest,en_zh:Mau Lam Street|茂林街,MAU LAM STREET,茂林街,YTM,1922-07-28,GN335,Mau Lam Street,茂林街,1922-07-28,GN335,crowd|1922-gn335-mau-lam-street-11405-1922-07-28,declare,1922-07-28,GN335,crowd|1922-gn335-mau-lam-street-11405-1922-07-28,declare,true,true,true,true,first_equals_latest
agree_latest,en_zh:Mau Tan Street|牡丹街,MAU TAN STREET,牡丹街,YL,1977-12-02,GN2944,Mau Tan Street,牡丹街,1977-12-02,GN2944,crowd|1977-gn2944-yuen-long-streets-Mau-Tan-Street-牡丹街-1977-12-02,declare,1977-12-02,GN2944,crowd|1977-gn2944-yuen-long-streets-Mau-Tan-Street-牡丹街-1977-12-02,declare,true,true,true,true,first_equals_latest
agree_latest,en_zh:Mei Fai Street|美輝街,MEI FAI STREET,美輝街,ST,2011-05-13,GN2996,Mei Fai Street,美輝街,2011-05-13,GN2996,2011-05-13|GN2996|0,declare,2011-05-13,GN2996,2011-05-13|GN2996|0,declare,true,true,true,true,first_equals_latest
agree_latest,en_zh:Mei Fong Street|美芳街,MEI FONG STREET,美芳街,K&T,1974-04-19,GN1023,Mei Fong Street,美芳街,1974-04-19,GN1023,crowd|1974-gn1023-kwai-chung-streets-11410-1974-04-19,declare,1974-04-19,GN1023,crowd|1974-gn1023-kwai-chung-streets-11410-1974-04-19,declare,true,true,true,true,first_equals_latest
agree_latest,en_zh:Mei King Street|美景街,MEI KING STREET,美景街,KC,1977-02-17,GN420,Mei King Street,美景街,1959-01-23,GN131,crowd|1959-gn131-mei-king-street-Mei-King-Street-美景街-1959-01-23,declare,1977-02-17,GN420,crowd|1977-gn420-to-kwa-wan-streets-Mei-King-Street-美景街-1977-02-17,extend,false,false,true,true,
agree_latest,en_zh:Mei Wo Circuit|美禾圍,MEI WO CIRCUIT,美禾圍,ST,1984-01-27,GN285,Mei Wo Circuit,美禾圍,1984-01-27,GN285,crowd|1984-gn285-sha-tin-Mei-Wo-Circuit-美禾圍-1984-01-27,declare,1984-01-27,GN285,crowd|1984-gn285-sha-tin-Mei-Wo-Circuit-美禾圍-1984-01-27,declare,true,true,true,true,first_equals_latest
agree_latest,en_zh:Mercury Street|水星街,MERCURY STREET,水星街,WC,1952-08-15,GN972,Mercury Street,水星街,1952-08-15,GN972,crowd|1952-gn972-north-point-streets-Mercury-Street-水星街-1952-08-15,declare,1952-08-15,GN972,crowd|1952-gn972-north-point-streets-Mercury-Street-水星街-1952-08-15,declare,true,true,true,true,first_equals_latest
agree_latest,en_zh:Merlin Street|麥連街,MERLIN STREET,麥連街,E,1952-08-15,GN972,Merlin Street,麥連街,1952-08-15,GN972,crowd|1952-gn972-north-point-streets-Merlin-Street-麥連街-1952-08-15,declare,1952-08-15,GN972,crowd|1952-gn972-north-point-streets-Merlin-Street-麥連街-1952-08-15,declare,true,true,true,true,first_equals_latest
agree_latest,en_zh:Middle Gap Road|中峽道,MIDDLE GAP ROAD,中峽道,WC,1925-03-27,GN172,Middle Gap Road,中峽道,1925-03-27,GN172,crowd|1925-gn172-middle-gap-road-11423-1925-03-27,declare,1925-03-27,GN172,crowd|1925-gn172-middle-gap-road-11423-1925-03-27,declare,true,true,true,true,first_equals_latest
agree_latest,en_zh:Min Fat Street|綿發街,MIN FAT STREET,綿發街,WC,1930-03-07,GN138,Min Fat Street,綿發街,1930-03-07,GN138,crowd|1930-gn138-village-road-11427-1930-03-07,declare,1930-03-07,GN138,crowd|1930-gn138-village-road-11427-1930-03-07,declare,true,true,true,true,first_equals_latest
agree_latest,en_zh:Min Fong Street|麵房街,MIN FONG STREET,麵房街,ST,1981-06-12,GN1685,Min Fong Street,麵房街,1981-06-12,GN1685,crowd|1981-gn1685-fo-tan-streets-Min-Fong-Street-麵房街-1981-06-12,declare,1981-06-12,GN1685,crowd|1981-gn1685-fo-tan-streets-Min-Fong-Street-麵房街-1981-06-12,declare,true,true,true,true,first_equals_latest
agree_latest,en_zh:Minden Avenue|棉登徑,MINDEN AVENUE,棉登徑,YTM,1923-09-28,GN411,Minden Avenue,棉登徑,1923-09-28,GN411,crowd|1923-gn411-cheung-sha-wan-road-11430-1923-09-28,declare,1923-09-28,GN411,crowd|1923-gn411-cheung-sha-wan-road-11430-1923-09-28,declare,true,true,true,true,first_equals_latest
agree_latest,en_zh:Ming Lun Street|明倫街,MING LUN STREET,明倫街,KC,1959-05-15,GN670,Ming Lun Street,明倫街,1959-05-15,GN670,crowd|1959-gn670-to-kwa-wan-streets-Ming-Lun-Street-明倫街-1959-05-15,declare,1959-05-15,GN670,crowd|1959-gn670-to-kwa-wan-streets-Ming-Lun-Street-明倫街-1959-05-15,declare,true,true,true,true,first_equals_latest
agree_latest,en_zh:Ming Ngai Street|明藝街,MING NGAI STREET,明藝街,TM,1975-08-01,GN1693,Ming Ngai Street,明藝街,1975-08-01,GN1693,crowd|1975-gn1693-tuen-mun-streets-Ming-Ngai-Street-明藝街-1975-08-01,declare,1975-08-01,GN1693,crowd|1975-gn1693-tuen-mun-streets-Ming-Ngai-Street-明藝街-1975-08-01,declare,true,true,true,true,first_equals_latest
agree_latest,en_zh:Miu Kong Street|廟崗街,MIU KONG STREET,廟崗街,TW,1983-11-04,GN3497,Miu Kong Street,廟崗街,1983-11-04,GN3497,crowd|1983-gn3497-tsuen-wan-Miu-Kong-Street-廟崗街-1983-11-04,declare,1983-11-04,GN3497,crowd|1983-gn3497-tsuen-wan-Miu-Kong-Street-廟崗街-1983-11-04,declare,true,true,true,true,first_equals_latest
agree_latest,en_zh:Miu Tung Street|廟東街,MIU TUNG STREET,廟東街,E,1959-02-27,GN315,Miu Tung Street,廟東街,1959-02-27,GN315,crowd|1959-gn315-urban-council-renames-Miu-Tung-Street-廟東街-1959-02-27,rename,1959-02-27,GN315,crowd|1959-gn315-urban-council-renames-Miu-Tung-Street-廟東街-1959-02-27,rename,true,true,true,true,first_equals_latest
agree_latest,en_zh:Mok Cheong Street|木廠街,MOK CHEONG STREET,木廠街,KC,1926-04-16,GN202,Mok Cheong Street,木廠街,1926-04-16,GN202,crowd|1926-gn202-to-kwa-wan-road-11453-1926-04-16,declare,1926-04-16,GN202,crowd|1926-gn202-to-kwa-wan-road-11453-1926-04-16,declare,true,true,true,true,first_equals_latest
agree_latest,en_zh:Mong Kok Road|旺角道,MONG KOK ROAD,旺角道,YTM,1923-09-28,GN411,Mong Kok Road,旺角道,1923-09-28,GN411,crowd|1923-gn411-cheung-sha-wan-road-11454-1923-09-28,declare,1923-09-28,GN411,crowd|1923-gn411-cheung-sha-wan-road-11454-1923-09-28,declare,true,true,true,true,first_equals_latest
agree_latest,en_zh:Monmouth Path|萬茂里,MONMOUTH PATH,萬茂里,C&W-WC,1956-09-14,GN1176,Monmouth Path,萬茂里,1956-07-20,GN917,crowd|1956-gn917-monmouth-path-intention-Monmouth-Path-萬茂里-1956-07-20,rename,1956-09-14,GN1176,crowd|1956-gn1176-monmouth-path-zh-Monmouth-Path-萬茂里-1956-09-14,rename,false,false,true,true,
agree_latest,en_zh:Monmouth Terrace|萬茂臺,MONMOUTH TERRACE,萬茂臺,WC,1949-10-28,GN1044,Monmouth Terrace,萬茂臺,1949-10-28,GN1044,crowd|1949-gn1043-1044-streets-Monmouth-Terrace-萬茂臺-1949-10-28,declare,1949-10-28,GN1044,crowd|1949-gn1043-1044-streets-Monmouth-Terrace-萬茂臺-1949-10-28,declare,true,true,true,true,first_equals_latest
agree_latest,en_zh:Moorsom Drive|睦誠徑,MOORSOM DRIVE,睦誠徑,WC,1974-10-04,GN2524,Moorsom Drive,睦誠徑,1974-10-04,GN2524,crowd|1974-gn2524-11459,declare,1974-10-04,GN2524,crowd|1974-gn2524-11459,declare,true,true,true,true,first_equals_latest
agree_latest,en_zh:Moray Road|慕禮道,MORAY ROAD,慕禮道,KC,1951-05-18,GN522,Moray Road,慕禮道,1951-05-18,GN522,crowd|1951-gn522-kowloon-tong-streets-Moray-Road-慕禮道-1951-05-18,declare,1951-05-18,GN522,crowd|1951-gn522-kowloon-tong-streets-Moray-Road-慕禮道-1951-05-18,declare,true,true,true,true,first_equals_latest
agree_latest,en_zh:Mosque Junction|摩羅廟交加街,MOSQUE JUNCTION,摩羅廟交加街,C&W,1958-06-27,GN865,Mosque Junction,摩羅廟交加街,1958-06-27,GN865,crowd|1958-gn865-major-streets-Mosque-Junction-摩羅廟交加街-1958-06-27,declare,1958-06-27,GN865,crowd|1958-gn865-major-streets-Mosque-Junction-摩羅廟交加街-1958-06-27,declare,true,true,true,true,first_equals_latest
agree_latest,en_zh:Mosque Street|摩羅廟街,MOSQUE STREET,摩羅廟街,C&W,1958-06-27,GN865,Mosque Street,摩羅廟街,1958-06-27,GN865,crowd|1958-gn865-major-streets-Mosque-Street-摩羅廟街-1958-06-27,declare,1958-06-27,GN865,crowd|1958-gn865-major-streets-Mosque-Street-摩羅廟街-1958-06-27,declare,true,true,true,true,first_equals_latest
agree_latest,en_zh:Mount Austin Road|柯士甸山道,MOUNT AUSTIN ROAD,柯士甸山道,C&W,1960-07-29,GN1174,Mount Austin Road,柯士甸山道,1960-07-29,GN1174,crowd|1960-gn1174-peak-renames-Mount-Austin-Road-柯士甸山道-1960-07-29,rename,1960-07-29,GN1174,crowd|1960-gn1174-peak-renames-Mount-Austin-Road-柯士甸山道-1960-07-29,rename,true,true,true,true,first_equals_latest
agree_latest,en_zh:Mount Cameron Road|金馬麟山道,MOUNT CAMERON ROAD,金馬麟山道,WC,1926-01-29,GN46,Mount Cameron Road,金馬麟山道,1926-01-29,GN46,crowd|1926-gn46-mount-cameron-road-11470-1926-01-29,declare,1926-01-29,GN46,crowd|1926-gn46-mount-cameron-road-11470-1926-01-29,declare,true,true,true,true,first_equals_latest
agree_latest,en_zh:Mount Davis Path|摩星嶺徑,MOUNT DAVIS PATH,摩星嶺徑,C&W,1983-07-15,GN2232,Mount Davis Path,摩星嶺徑,1983-07-15,GN2232,crowd|1983-gn2232-mount-davis-path-Mount-Davis-Path-摩星嶺徑-1983-07-15,declare,1983-07-15,GN2232,crowd|1983-gn2232-mount-davis-path-Mount-Davis-Path-摩星嶺徑-1983-07-15,declare,true,true,true,true,first_equals_latest
agree_latest,en_zh:Mount Nicholson Road|聶歌信山道,MOUNT NICHOLSON ROAD,聶歌信山道,WC,1957-11-08,GN1495,Mount Nicholson Road,聶歌信山道,1957-11-08,GN1495,crowd|1957-gn1495-cape-collinson-cluster-Mount-Nicholson-Road-聶歌信山道-1957-11-08,declare,1957-11-08,GN1495,crowd|1957-gn1495-cape-collinson-cluster-Mount-Nicholson-Road-聶歌信山道-1957-11-08,declare,true,true,true,true,first_equals_latest
agree_latest,en_zh:Mui Fong Street|梅芳街,MUI FONG STREET,梅芳街,C&W,1919-09-26,GN450,Mui Fong Street,梅芳街,1919-09-26,GN450,crowd|1919-gn450-hk-paths-11477-1919-09-26,rename,1919-09-26,GN450,crowd|1919-gn450-hk-paths-11477-1919-09-26,rename,true,true,true,true,first_equals_latest
agree_latest,en_zh:Mui Wo Chung Hau Street|梅窩涌口街,MUI WO CHUNG HAU STREET,梅窩涌口街,Is,1983-11-04,GN3496,Mui Wo Chung Hau Street,梅窩涌口街,1983-11-04,GN3496,crowd|1983-gn3496-mui-wo-Mui-Wo-Chung-Hau-Street-梅窩涌口街-1983-11-04,declare,1983-11-04,GN3496,crowd|1983-gn3496-mui-wo-Mui-Wo-Chung-Hau-Street-梅窩涌口街-1983-11-04,declare,true,true,true,true,first_equals_latest
agree_latest,en_zh:Mui Wo Ferry Pier Road|梅窩碼頭路,MUI WO FERRY PIER ROAD,梅窩碼頭路,Is,1983-11-04,GN3496,Mui Wo Ferry Pier Road,梅窩碼頭路,1983-11-04,GN3496,crowd|1983-gn3496-mui-wo-Mui-Wo-Ferry-Pier-Road-梅窩碼頭路-1983-11-04,declare,1983-11-04,GN3496,crowd|1983-gn3496-mui-wo-Mui-Wo-Ferry-Pier-Road-梅窩碼頭路-1983-11-04,declare,true,true,true,true,first_equals_latest
agree_latest,en_zh:Mui Wo Rural Committee Road|梅窩鄉事會路,MUI WO RURAL COMMITTEE ROAD,梅窩鄉事會路,Is,1983-11-04,GN3496,Mui Wo Rural Committee Road,梅窩鄉事會路,1983-11-04,GN3496,crowd|1983-gn3496-mui-wo-Mui-Wo-Rural-Committee-Road-梅窩鄉事會路-1983-11-04,declare,1983-11-04,GN3496,crowd|1983-gn3496-mui-wo-Mui-Wo-Rural-Committee-Road-梅窩鄉事會路-1983-11-04,declare,true,true,true,true,first_equals_latest
agree_latest,en_zh:Muk Chui Street|沐翠街,MUK CHUI STREET,沐翠街,KC,2012-09-28,GN6493,Muk Chui Street,沐翠街,2012-09-28,GN6493,crowd|2012-gn6493-kowloon-city-streets-14359-2012-09-28,declare,2012-09-28,GN6493,crowd|2012-gn6493-kowloon-city-streets-14359-2012-09-28,declare,true,true,true,true,first_equals_latest
agree_latest,en_zh:Muk Chun Street|沐縉街,MUK CHUN STREET,沐縉街,KC,2012-09-28,GN6493,Muk Chun Street,沐縉街,2012-09-28,GN6493,crowd|2012-gn6493-kowloon-city-streets-14360-2012-09-28,declare,2012-09-28,GN6493,crowd|2012-gn6493-kowloon-city-streets-14360-2012-09-28,declare,true,true,true,true,first_equals_latest
agree_latest,en_zh:Muk Hung Street|沐虹街,MUK HUNG STREET,沐虹街,KC,2012-09-28,GN6493,Muk Hung Street,沐虹街,2012-09-28,GN6493,crowd|2012-gn6493-kowloon-city-streets-14361-2012-09-28,declare,2012-09-28,GN6493,crowd|2012-gn6493-kowloon-city-streets-14361-2012-09-28,declare,true,true,true,true,first_equals_latest
agree_latest,en_zh:Muk Lai Street|沐禮街,MUK LAI STREET,沐禮街,KC,2021-07-23,GN4522,Muk Lai Street,沐禮街,2021-07-23,GN4522,2021-07-23|GN4522|0,declare,2021-07-23,GN4522,2021-07-23|GN4522|0,declare,true,true,true,true,first_equals_latest
agree_latest,en_zh:Muk Long Street|沐朗街,MUK LONG STREET,沐朗街,KC,2017-08-04,GN5710,Muk Long Street,沐朗街,2017-08-04,GN5710,2017-08-04|GN5710|1,declare,2017-08-04,GN5710,2017-08-04|GN5710|1,declare,true,true,true,true,first_equals_latest
agree_latest,en_zh:Muk Ning Street|沐寧街,MUK NING STREET,沐寧街,KC,2014-02-14,GN930,Muk Ning Street,沐寧街,2014-02-14,GN930,2014-02-14|GN930|0,declare,2014-02-14,GN930,2014-02-14|GN930|0,declare,true,true,true,true,first_equals_latest
agree_latest,en_zh:Muk On Street|沐安街,MUK ON STREET,沐安街,KC,2012-09-28,GN6493,Muk On Street,沐安街,2012-09-28,GN6493,crowd|2012-gn6493-kowloon-city-streets-14362-2012-09-28,declare,2012-09-28,GN6493,crowd|2012-gn6493-kowloon-city-streets-14362-2012-09-28,declare,true,true,true,true,first_equals_latest
agree_latest,en_zh:Muk Tai Street|沐泰街,MUK TAI STREET,沐泰街,KC,2017-03-03,GN1160,Muk Tai Street,沐泰街,2017-03-03,GN1160,2017-03-03|GN1160|5,declare,2017-03-03,GN1160,2017-03-03|GN1160|5,declare,true,true,true,true,first_equals_latest
agree_latest,en_zh:Muk Wo Street|沐和街,MUK WO STREET,沐和街,KC,2023-04-28,GN2593,Muk Wo Street,沐和街,2023-04-28,GN2593,2023-04-28|GN2593|0,declare,2023-04-28,GN2593,2023-04-28|GN2593|0,declare,true,true,true,true,first_equals_latest
agree_latest,en_zh:Muk Yuen Street|沐元街,MUK YUEN STREET,沐元街,KC,2017-03-03,GN1160,Muk Yuen Street,沐元街,2017-03-03,GN1160,2017-03-03|GN1160|6,declare,2017-03-03,GN1160,2017-03-03|GN1160|6,declare,true,true,true,true,first_equals_latest
agree_latest,en_zh:Museum Drive|博物館道,MUSEUM DRIVE,博物館道,YTM,2019-05-31,GN3588,Museum Drive,博物館道,2019-05-31,GN3588,2019-05-31|GN3588|0,declare,2019-05-31,GN3588,2019-05-31|GN3588|0,declare,true,true,true,true,first_equals_latest
agree_latest,en:NAM KOK ROAD,NAM KOK ROAD,南角道,KC,1933-05-12,GN340,Nam Kok Road,南角路,1933-05-12,GN340,crowd|1933-gn340-kowloon-city-roads-11490-1933-05-12,declare,1933-05-12,GN340,crowd|1933-gn340-kowloon-city-roads-11490-1933-05-12,declare,true,true,true,true,first_equals_latest
agree_latest,en_zh:Nam Ning Street|南寧街,NAM NING STREET,南寧街,S,1979-03-16,GN713,Nam Ning Street,南寧街,1979-03-16,GN713,crowd|1979-gn713-aberdeen-streets-Nam-Ning-Street-南寧街-1979-03-16,declare,1979-03-16,GN713,crowd|1979-gn713-aberdeen-streets-Nam-Ning-Street-南寧街-1979-03-16,declare,true,true,true,true,first_equals_latest
agree_latest,en_zh:Nam On Street|南安街,NAM ON STREET,南安街,E,1930-11-14,GN686,Nam On Street,南安街,1930-11-14,GN686,crowd|1930-gn686-nam-on-street-11495-1930-11-14,declare,1930-11-14,GN686,crowd|1930-gn686-nam-on-street-11495-1930-11-14,declare,true,true,true,true,first_equals_latest
agree_latest,en_zh:Nanking Street|南京街,NANKING STREET,南京街,YTM,1909-03-19,GN184,Nanking Street,南京街,1909-03-19,GN184,crowd|1909-gn184-safe-11502-1909-03-19,rename,1909-03-19,GN184,crowd|1909-gn184-safe-11502-1909-03-19,rename,true,true,true,true,first_equals_latest
agree_latest,en_zh:New Clear Water Bay Road|新清水灣道,NEW CLEAR WATER BAY ROAD,新清水灣道,KT-WTS,1979-04-20,GN1001,New Clear Water Bay Road,新清水灣道,1979-04-20,GN1001,crowd|1979-gn1001-clear-water-bay-streets-New-Clear-Water-Bay-Road-新清水灣道-1979-04-20,declare,1979-04-20,GN1001,crowd|1979-gn1001-clear-water-bay-streets-New-Clear-Water-Bay-Road-新清水灣道-1979-04-20,declare,true,true,true,true,first_equals_latest
agree_latest,en_zh:Nga Tsin Long Road|衙前塱道,NGA TSIN LONG ROAD,衙前塱道,KC,1933-05-12,GN340,Nga Tsin Long Road,衙前塱道,1933-05-12,GN340,crowd|1933-gn340-kowloon-city-roads-11516-1933-05-12,declare,1933-05-12,GN340,crowd|1933-gn340-kowloon-city-roads-11516-1933-05-12,declare,true,true,true,true,first_equals_latest
agree_latest,en_zh:Nga Tsin Wai Road|衙前圍道,NGA TSIN WAI ROAD,衙前圍道,KC,1958-02-07,GN184,Nga Tsin Wai Road,衙前圍道,1926-06-25,GN342,crowd|1926-gn342-nga-tsin-wai-road-11517-1926-06-25,declare,1958-02-07,GN184,crowd|1958-gn184-college-nga-tsin-wai-Nga-Tsin-Wai-Road-衙前圍道-1958-02-07,extend,false,false,true,true,
agree_latest,en_zh:Ngan Chi Path|銀池徑,NGAN CHI PATH,銀池徑,WTS,1983-04-22,GN1265,Ngan Chi Path,銀池徑,1983-04-22,GN1265,crowd|1983-gn1265-ngau-chi-wan-Ngan-Chi-Path-銀池徑-1983-04-22,declare,1983-04-22,GN1265,crowd|1983-gn1265-ngau-chi-wan-Ngan-Chi-Path-銀池徑-1983-04-22,declare,true,true,true,true,first_equals_latest
agree_latest,en_zh:Ngan Ho Path|銀河徑,NGAN HO PATH,銀河徑,WTS,1983-05-27,GN1665,Ngan Ho Path,銀河徑,1983-05-27,GN1665,crowd|1983-gn1665-wong-tai-sin-Ngan-Ho-Path-銀河徑-1983-05-27,declare,1983-05-27,GN1665,crowd|1983-gn1665-wong-tai-sin-Ngan-Ho-Path-銀河徑-1983-05-27,declare,true,true,true,true,first_equals_latest
agree_latest,en_zh:Ngan Hon Street|銀漢街,NGAN HON STREET,銀漢街,KC,1957-07-26,GN1050,Ngan Hon Street,銀漢街,1957-07-26,GN1050,crowd|1957-gn1050-hop-yat-cluster-Ngan-Hon-Street-銀漢街-1957-07-26,declare,1957-07-26,GN1050,crowd|1957-gn1050-hop-yat-cluster-Ngan-Hon-Street-銀漢街-1957-07-26,declare,true,true,true,true,first_equals_latest
agree_latest,en_zh:Ngan Mok Street|銀幕街,NGAN MOK STREET,銀幕街,WC,1926-06-11,GN318,Ngan Mok Street,銀幕街,1926-06-11,GN318,crowd|1926-gn318-tsing-fung-street-11525-1926-06-11,declare,1926-06-11,GN318,crowd|1926-gn318-tsing-fung-street-11525-1926-06-11,declare,true,true,true,true,first_equals_latest
agree_latest,en_zh:Ngan Shing Street|銀城街,NGAN SHING STREET,銀城街,ST,1982-12-17,GN3954,Ngan Shing Street,銀城街,1981-11-13,GN3369,crowd|1981-gn3369-fo-tan-city-one-Ngan-Shing-Street-銀城街-1981-11-13,declare,1982-12-17,GN3954,crowd|1982-gn3954-sha-tin-Ngan-Shing-Street-銀城街-1982-12-17,extend,false,false,true,true,
agree_latest,en_zh:Ngau Chi Wan Street|牛池灣街,NGAU CHI WAN STREET,牛池灣街,WTS,1979-11-09,GN2897,Ngau Chi Wan Street,牛池灣街,1979-11-09,GN2897,crowd|1979-gn2897-ngau-chi-wan-street-Ngau-Chi-Wan-Street-牛池灣街-1979-11-09,declare,1979-11-09,GN2897,crowd|1979-gn2897-ngau-chi-wan-street-Ngau-Chi-Wan-Street-牛池灣街-1979-11-09,declare,true,true,true,true,first_equals_latest
agree_latest,en_zh:Ngau Tau Kok Road|牛頭角道,NGAU TAU KOK ROAD,牛頭角道,KT,1957-02-22,GN264,Ngau Tau Kok Road,牛頭角道,1957-02-22,GN264,crowd|1957-gn264-kwun-tong-streets-Ngau-Tau-Kok-Road-牛頭角道-1957-02-22,declare,1957-02-22,GN264,crowd|1957-gn264-kwun-tong-streets-Ngau-Tau-Kok-Road-牛頭角道-1957-02-22,declare,true,true,true,true,first_equals_latest
agree_latest,en_zh:Ngau Wu Tok Street|牛湖托街,NGAU WU TOK STREET,牛湖托街,ST,1981-06-12,GN1685,Ngau Wu Tok Street,牛湖托街,1981-06-12,GN1685,crowd|1981-gn1685-fo-tan-streets-Ngau-Wu-Tok-Street-牛湖托街-1981-06-12,declare,1981-06-12,GN1685,crowd|1981-gn1685-fo-tan-streets-Ngau-Wu-Tok-Street-牛湖托街-1981-06-12,declare,true,true,true,true,first_equals_latest
agree_latest,en:NGONG PING ROAD,NGONG PING ROAD,昂平路,Is,1984-09-07,GN2659,Ngong Ping Road,昂坪路,1984-09-07,GN2659,crowd|1984-gn2659-ngong-ping-Ngong-Ping-Road-昂坪路-1984-09-07,declare,1984-09-07,GN2659,crowd|1984-gn2659-ngong-ping-Ngong-Ping-Road-昂坪路-1984-09-07,declare,true,true,true,true,first_equals_latest
agree_latest,en_zh:Nightingale Road|南丁格爾路,NIGHTINGALE ROAD,南丁格爾路,YTM,2008-10-10,GN7003,Nightingale Road,南丁格爾路,2008-10-10,GN7003,2008-10-10|GN7003|0,declare,2008-10-10,GN7003,2008-10-10|GN7003|0,declare,true,true,true,true,first_equals_latest
agree_latest,en_zh:Ning Po Street|寧波街,NING PO STREET,寧波街,YTM,1909-03-19,GN184,Ning Po Street,寧波街,1909-03-19,GN184,crowd|1909-gn184-safe-11545-1909-03-19,rename,1909-03-19,GN184,crowd|1909-gn184-safe-11545-1909-03-19,rename,true,true,true,true,first_equals_latest
agree_latest,en_zh:Norfolk Road|羅福道,NORFOLK ROAD,羅福道,KC,1929-08-23,GN427,Norfolk Road,羅福道,1929-08-23,GN427,crowd|1929-gn427-waterloo-road-11549-1929-08-23,declare,1929-08-23,GN427,crowd|1929-gn427-waterloo-road-11549-1929-08-23,declare,true,true,true,true,first_equals_latest
agree_latest,en:NORTH POINT ROAD,NORTH POINT ROAD,北角道,E,1933-07-28,GN511,North Point Road,北角路,1933-07-28,GN511,crowd|1933-gn511-north-point-streets-11550-1933-07-28,declare,1933-07-28,GN511,crowd|1933-gn511-north-point-streets-11550-1933-07-28,declare,true,true,true,true,first_equals_latest
agree_latest,en_zh:North View Street|北景街,NORTH VIEW STREET,北景街,E,1933-07-28,GN511,North View Street,北景街,1933-07-28,GN511,crowd|1933-gn511-north-point-streets-11553-1933-07-28,declare,1933-07-28,GN511,crowd|1933-gn511-north-point-streets-11553-1933-07-28,declare,true,true,true,true,first_equals_latest
agree_latest,en_zh:Nullah Road|水渠道,NULLAH ROAD,水渠道,YTM,1930-01-17,GN39,Nullah Road,水渠道,1930-01-17,GN39,crowd|1930-gn39-nullah-road-11556-1930-01-17,declare,1930-01-17,GN39,crowd|1930-gn39-nullah-road-11556-1930-01-17,declare,true,true,true,true,first_equals_latest
agree_latest,en_zh:O'brien Road|柯布連道,O'BRIEN ROAD,柯布連道,WC,1929-06-14,GN312,O'brien Road,柯布連道,1929-06-14,GN312,crowd|1929-gn312-johnston-road-11557-1929-06-14,declare,1929-06-14,GN312,crowd|1929-gn312-johnston-road-11557-1929-06-14,declare,true,true,true,true,first_equals_latest
agree_latest,en_zh:Oaklands Path|屋蘭士里,OAKLANDS PATH,屋蘭士里,C&W,1958-06-27,GN865,Oaklands Path,屋蘭士里,1904-01-29,GN59,crowd|1904-gn59-victoria-road-renames-11560-1904-01-29,rename,1958-06-27,GN865,crowd|1958-gn865-major-streets-Oaklands-Path-屋蘭士里-1958-06-27,extend,false,false,true,true,
agree_latest,en:OBSERVATORY COURT,OBSERVATORY COURT,天文臺圍,YTM,1950-09-29,GN1135,Observatory Court,天文台圍,1950-09-29,GN1135,crowd|1950-gn1135-tsim-sha-tsui-streets-Observatory-Court-天文台圍-1950-09-29,declare,1950-09-29,GN1135,crowd|1950-gn1135-tsim-sha-tsui-streets-Observatory-Court-天文台圍-1950-09-29,declare,true,true,true,true,first_equals_latest
agree_latest,en_zh:Ocean Drive|海洋徑,OCEAN DRIVE,海洋徑,S,2021-04-30,GN2547,Ocean Drive,海洋徑,2021-04-30,GN2547,2021-04-30|GN2547|0,declare,2021-04-30,GN2547,2021-04-30|GN2547|0,declare,true,true,true,true,first_equals_latest
agree_latest,"en_zh:OLD MAIN STREET, ABERDEEN|香港仔舊大街","OLD MAIN STREET, ABERDEEN",香港仔舊大街,S,1958-05-02,GN607,"Old Main Street, Aberdeen",香港仔舊大街,1958-05-02,GN607,crowd|1958-gn607-old-main-street-aberdeen-OLD-MAIN-STREET-ABERDEEN-香港仔舊大街-1958-05-02,rename,1958-05-02,GN607,crowd|1958-gn607-old-main-street-aberdeen-OLD-MAIN-STREET-ABERDEEN-香港仔舊大街-1958-05-02,rename,true,true,true,true,first_equals_latest
agree_latest,en_zh:Old Peak Road|舊山頂道,OLD PEAK ROAD,舊山頂道,C&W,1960-07-29,GN1174,Old Peak Road,舊山頂道,1960-07-29,GN1174,crowd|1960-gn1174-peak-renames-Old-Peak-Road-舊山頂道-1960-07-29,rename,1960-07-29,GN1174,crowd|1960-gn1174-peak-renames-Old-Peak-Road-舊山頂道-1960-07-29,rename,true,true,true,true,first_equals_latest
agree_latest,en_zh:On Chee Road|安慈路,ON CHEE ROAD,安慈路,TP,1982-12-17,GN3955,On Chee Road,安慈路,1982-12-17,GN3955,crowd|1982-gn3955-tai-po-On-Chee-Road-安慈路-1982-12-17,declare,1982-12-17,GN3955,crowd|1982-gn3955-tai-po-On-Chee-Road-安慈路-1982-12-17,declare,true,true,true,true,first_equals_latest
agree_latest,en_zh:On Ching Road|安靜道,ON CHING ROAD,安靜道,KC,1975-07-11,GN1541,On Ching Road,安靜道,1975-07-11,GN1541,crowd|1975-gn1541-hung-hom-streets-On-Ching-Road-安靜道-1975-07-11,declare,1975-07-11,GN1541,crowd|1975-gn1541-hung-hom-streets-On-Ching-Road-安靜道-1975-07-11,declare,true,true,true,true,first_equals_latest
agree_latest,en_zh:On Chui Street|安翠街,ON CHUI STREET,安翠街,KT,2015-08-28,GN6516,On Chui Street,安翠街,2015-08-28,GN6516,crowd|2015-gn6516-on-chui-on-yan-14409-2015-08-28,declare,2015-08-28,GN6516,crowd|2015-gn6516-on-chui-on-yan-14409-2015-08-28,declare,true,true,true,true,first_equals_latest
agree_latest,en_zh:On Hong Road|安康路,ON HONG ROAD,安康路,YL,1977-12-02,GN2944,On Hong Road,安康路,1977-12-02,GN2944,crowd|1977-gn2944-yuen-long-streets-On-Hong-Road-安康路-1977-12-02,declare,1977-12-02,GN2944,crowd|1977-gn2944-yuen-long-streets-On-Hong-Road-安康路-1977-12-02,declare,true,true,true,true,first_equals_latest
agree_latest,en_zh:On Lok Lane|安樂里,ON LOK LANE,安樂里,WC,1930-10-24,GN652,On Lok Lane,安樂里,1930-10-24,GN652,crowd|1930-gn652-on-lok-lane-11588-1930-10-24,declare,1930-10-24,GN652,crowd|1930-gn652-on-lok-lane-11588-1930-10-24,declare,true,true,true,true,first_equals_latest
agree_latest,en_zh:On Man Square|安民坊,ON MAN SQUARE,安民坊,TP,1982-12-17,GN3955,On Man Square,安民坊,1982-12-17,GN3955,crowd|1982-gn3955-tai-po-On-Man-Square-安民坊-1982-12-17,declare,1982-12-17,GN3955,crowd|1982-gn3955-tai-po-On-Man-Square-安民坊-1982-12-17,declare,true,true,true,true,first_equals_latest
agree_latest,en_zh:On Ping Street|安平街,ON PING STREET,安平街,ST,1984-09-07,GN2660,On Ping Street,安平街,1984-09-07,GN2660,crowd|1984-gn2660-sha-tin-on-On-Ping-Street-安平街-1984-09-07,declare,1984-09-07,GN2660,crowd|1984-gn2660-sha-tin-on-On-Ping-Street-安平街-1984-09-07,declare,true,true,true,true,first_equals_latest
agree_latest,en_zh:On Pong Road|安邦路,ON PONG ROAD,安邦路,TP,1982-12-17,GN3955,On Pong Road,安邦路,1982-12-17,GN3955,crowd|1982-gn3955-tai-po-On-Pong-Road-安邦路-1982-12-17,declare,1982-12-17,GN3955,crowd|1982-gn3955-tai-po-On-Pong-Road-安邦路-1982-12-17,declare,true,true,true,true,first_equals_latest
agree_latest,en_zh:On Sau Road|安秀道,ON SAU ROAD,安秀道,KT,2014-03-28,GN1857,On Sau Road,安秀道,2014-03-28,GN1857,2014-03-28|GN1857|0,declare,2014-03-28,GN1857,2014-03-28|GN1857|0,declare,true,true,true,true,first_equals_latest
agree_latest,en_zh:On Shun Path|安信徑,ON SHUN PATH,安信徑,YL,2017-10-13,GN7595,On Shun Path,安信徑,2017-10-13,GN7595,2017-10-13|GN7595|6,declare,2017-10-13,GN7595,2017-10-13|GN7595|6,declare,true,true,true,true,first_equals_latest
agree_latest,en_zh:On Shun Street|安信街,ON SHUN STREET,安信街,YL,1981-12-18,GN3742,On Shun Street,安信街,1981-12-18,GN3742,crowd|1981-gn3742-yuen-long-On-Shun-Street-安信街-1981-12-18,declare,1981-12-18,GN3742,crowd|1981-gn3742-yuen-long-On-Shun-Street-安信街-1981-12-18,declare,true,true,true,true,first_equals_latest
agree_latest,en_zh:On Sum Street|安心街,ON SUM STREET,安心街,ST,1984-09-07,GN2660,On Sum Street,安心街,1984-09-07,GN2660,crowd|1984-gn2660-sha-tin-on-On-Sum-Street-安心街-1984-09-07,declare,1984-09-07,GN2660,crowd|1984-gn2660-sha-tin-on-On-Sum-Street-安心街-1984-09-07,declare,true,true,true,true,first_equals_latest
agree_latest,en_zh:On Tat Square|安達坊,ON TAT SQUARE,安達坊,YL,1983-06-03,GN1752,On Tat Square,安達坊,1983-06-03,GN1752,crowd|1983-gn1752-yuen-long-On-Tat-Square-安達坊-1983-06-03,declare,1983-06-03,GN1752,crowd|1983-gn1752-yuen-long-On-Tat-Square-安達坊-1983-06-03,declare,true,true,true,true,first_equals_latest
agree_latest,en_zh:On Tin Street|安田街,ON TIN STREET,安田街,KT,2003-08-01,GN5248,On Tin Street,安田街,2003-08-01,GN5248,crowd|2003-gn5248-on-tin-street-11608-2003-08-01,rename,2003-08-01,GN5248,crowd|2003-gn5248-on-tin-street-11608-2003-08-01,rename,true,true,true,true,first_equals_latest
agree_latest,en_zh:On Wah Street|安華街,ON WAH STREET,安華街,KT,1975-05-09,GN1043,On Wah Street,安華街,1975-05-09,GN1043,crowd|1975-gn1043-on-wah-street-On-Wah-Street-安華街-1975-05-09,declare,1975-05-09,GN1043,crowd|1975-gn1043-on-wah-street-On-Wah-Street-安華街-1975-05-09,declare,true,true,true,true,first_equals_latest
agree_latest,en_zh:On Yan Street|安茵街,ON YAN STREET,安茵街,KT,2015-08-28,GN6516,On Yan Street,安茵街,2015-08-28,GN6516,crowd|2015-gn6516-on-chui-on-yan-14410-2015-08-28,declare,2015-08-28,GN6516,crowd|2015-gn6516-on-chui-on-yan-14410-2015-08-28,declare,true,true,true,true,first_equals_latest
agree_latest,en_zh:On Yat Street|安逸街,ON YAT STREET,安逸街,TW,1980-11-28,GN3731,On Yat Street,安逸街,1980-11-28,GN3731,crowd|1980-gn3731-tsuen-wan-streets-On-Yat-Street-安逸街-1980-11-28,declare,1980-11-28,GN3731,crowd|1980-gn3731-tsuen-wan-streets-On-Yat-Street-安逸街-1980-11-28,declare,true,true,true,true,first_equals_latest
agree_latest,en_zh:On Yin Street|安賢街,ON YIN STREET,安賢街,TW,1980-11-28,GN3731,On Yin Street,安賢街,1980-11-28,GN3731,crowd|1980-gn3731-tsuen-wan-streets-On-Yin-Street-安賢街-1980-11-28,declare,1980-11-28,GN3731,crowd|1980-gn3731-tsuen-wan-streets-On-Yin-Street-安賢街-1980-11-28,declare,true,true,true,true,first_equals_latest
agree_latest,en_zh:On Yip Street|安業街,ON YIP STREET,安業街,E,1974-05-31,GN1380,On Yip Street,安業街,1974-05-31,GN1380,crowd|1974-gn1380-11616,declare,1974-05-31,GN1380,crowd|1974-gn1380-11616,declare,true,true,true,true,first_equals_latest
agree_latest,en_zh:Osmanthus Road|丹桂路,OSMANTHUS ROAD,丹桂路,SSP,1953-11-20,GN1420,Osmanthus Road,丹桂路,1953-11-20,GN1420,crowd|1953-gn1420-yau-yat-chuen-Osmanthus-Road-丹桂路-1953-11-20,declare,1953-11-20,GN1420,crowd|1953-gn1420-yau-yat-chuen-Osmanthus-Road-丹桂路-1953-11-20,declare,true,true,true,true,first_equals_latest
agree_latest,en_zh:Oxford Road|牛津道,OXFORD ROAD,牛津道,KC,1961-06-16,GN1002,Oxford Road,牛津道,1951-05-18,GN522,crowd|1951-gn522-kowloon-tong-streets-Oxford-Road-牛津道-1951-05-18,declare,1961-06-16,GN1002,crowd|1961-gn1002-stanley-oxford-streets-Oxford-Road-牛津道-1961-06-16,extend,false,false,true,true,
agree_latest,en_zh:Pai Tau Street|排頭街,PAI TAU STREET,排頭街,ST,1984-06-15,GN1737,Pai Tau Street,排頭街,1984-06-15,GN1737,crowd|1984-gn1737-sha-tin-Pai-Tau-Street-排頭街-1984-06-15,declare,1984-06-15,GN1737,crowd|1984-gn1737-sha-tin-Pai-Tau-Street-排頭街-1984-06-15,declare,true,true,true,true,first_equals_latest
agree_latest,en_zh:Pak Fa Lam Road|百花林路,PAK FA LAM ROAD,百花林路,SK,2003-11-28,GN8574,Pak Fa Lam Road,百花林路,2003-11-28,GN8574,crowd|2003-gn8574-14170,declare,2003-11-28,GN8574,crowd|2003-gn8574-14170,declare,true,true,true,true,first_equals_latest
agree_latest,en_zh:Pak Hoi Street|北海街,PAK HOI STREET,北海街,YTM,1909-03-19,GN184,Pak Hoi Street,北海街,1909-03-19,GN184,crowd|1909-gn184-safe-11627-1909-03-19,rename,1909-03-19,GN184,crowd|1909-gn184-safe-11627-1909-03-19,rename,true,true,true,true,first_equals_latest
agree_latest,en_zh:Pak Kung Street|北拱街,PAK KUNG STREET,北拱街,KC,1926-06-25,GN342,Pak Kung Street,北拱街,1926-06-25,GN342,crowd|1926-gn342-missing-streets-Pak-Kung-Street-北拱街-1926-06-25,declare,1926-06-25,GN342,crowd|1926-gn342-missing-streets-Pak-Kung-Street-北拱街-1926-06-25,declare,true,true,true,true,first_equals_latest
agree_latest,en_zh:Pak Lee Street|百利街,PAK LEE STREET,百利街,ST,1981-11-13,GN3369,Pak Lee Street,百利街,1981-11-13,GN3369,crowd|1981-gn3369-fo-tan-city-one-Pak-Lee-Street-百利街-1981-11-13,declare,1981-11-13,GN3369,crowd|1981-gn3369-fo-tan-city-one-Pak-Lee-Street-百利街-1981-11-13,declare,true,true,true,true,first_equals_latest
agree_latest,en_zh:Pak Po Street|白布街,PAK PO STREET,白布街,YTM,1932-07-15,GN465,Pak Po Street,白布街,1932-07-15,GN465,crowd|1932-gn465-pak-po-street-11634-1932-07-15,declare,1932-07-15,GN465,crowd|1932-gn465-pak-po-street-11634-1932-07-15,declare,true,true,true,true,first_equals_latest
agree_latest,en_zh:Pak Sha Wan Street|白沙灣街,PAK SHA WAN STREET,白沙灣街,SK,2018-03-02,GN1472,Pak Sha Wan Street,白沙灣街,2018-03-02,GN1472,2018-03-02|GN1472|0,declare,2018-03-02,GN1472,2018-03-02|GN1472|0,declare,true,true,true,true,first_equals_latest
agree_latest,en_zh:Pak She Street|北社街,PAK SHE STREET,北社街,Is,1983-08-12,GN2627,Pak She Street,北社街,1983-08-12,GN2627,crowd|1983-gn2627-cheung-chau-Pak-She-Street-北社街-1983-08-12,declare,1983-08-12,GN2627,crowd|1983-gn2627-cheung-chau-Pak-She-Street-北社街-1983-08-12,declare,true,true,true,true,first_equals_latest
agree_latest,en_zh:Pak Tai Street|北帝街,PAK TAI STREET,北帝街,KC,1926-04-16,GN202,Pak Tai Street,北帝街,1926-04-16,GN202,crowd|1926-gn202-to-kwa-wan-road-11647-1926-04-16,declare,1926-04-16,GN202,crowd|1926-gn202-to-kwa-wan-road-11647-1926-04-16,declare,true,true,true,true,first_equals_latest
agree_latest,en_zh:Pak Tin Street|白田街,PAK TIN STREET,白田街,SSP,1977-07-29,GN1794,Pak Tin Street,白田街,1956-08-31,GN1108,crowd|1956-gn1108-shek-kip-mei-Pak-Tin-Street-白田街-1956-08-31,declare,1977-07-29,GN1794,crowd|1977-gn1794-shek-kip-mei-streets-Pak-Tin-Street-白田街-1977-07-29,extend,false,false,true,true,
agree_latest,en_zh:Pak Wan Street|白雲街,PAK WAN STREET,白雲街,SSP,1977-07-29,GN1794,Pak Wan Street,白雲街,1977-07-29,GN1794,crowd|1977-gn1794-shek-kip-mei-streets-Pak-Wan-Street-白雲街-1977-07-29,declare,1977-07-29,GN1794,crowd|1977-gn1794-shek-kip-mei-streets-Pak-Wan-Street-白雲街-1977-07-29,declare,true,true,true,true,first_equals_latest
agree_latest,en_zh:Palm Street|棕樹街,PALM STREET,棕樹街,YTM,1954-11-05,GN1349,Palm Street,棕樹街,1954-11-05,GN1349,crowd|1954-gn1349-palm-street-Palm-Street-棕樹街-1954-11-05,declare,1954-11-05,GN1349,crowd|1954-gn1349-palm-street-Palm-Street-棕樹街-1954-11-05,declare,true,true,true,true,first_equals_latest
agree_latest,en_zh:Pan Hoi Street|濱海街,PAN HOI STREET,濱海街,E,1958-12-19,GN1728,Pan Hoi Street,濱海街,1958-12-19,GN1728,crowd|1958-gn1728-pan-hoi-street-Pan-Hoi-Street-濱海街-1958-12-19,declare,1958-12-19,GN1728,crowd|1958-gn1728-pan-hoi-street-Pan-Hoi-Street-濱海街-1958-12-19,declare,true,true,true,true,first_equals_latest
agree_latest,en_zh:Pang Ching Street|鵬程街,PANG CHING STREET,鵬程街,KC,1959-04-17,GN548,Pang Ching Street,鵬程街,1959-04-17,GN548,crowd|1959-gn548-ma-tau-kok-streets-Pang-Ching-Street-鵬程街-1959-04-17,declare,1959-04-17,GN548,crowd|1959-gn548-ma-tau-kok-streets-Pang-Ching-Street-鵬程街-1959-04-17,declare,true,true,true,true,first_equals_latest
agree_latest,en_zh:Park Promenade|迎樂路,PARK PROMENADE,迎樂路,Is-TW,2004-12-17,GN8104,Park Promenade,迎樂路,2004-12-17,GN8104,crowd|2004-gn8104-14208,declare,2004-12-17,GN8104,crowd|2004-gn8104-14208,declare,true,true,true,true,first_equals_latest
agree_latest,en_zh:Park Road|柏道,PARK ROAD,柏道,C&W,1904-01-29,GN59,Park Road,柏道,1904-01-29,GN59,crowd|1904-gn59-victoria-road-renames-11658-1904-01-29,rename,1904-01-29,GN59,crowd|1904-gn59-victoria-road-renames-11658-1904-01-29,rename,true,true,true,true,first_equals_latest
agree_latest,en_zh:Pat Tsz Wo Street|拔子窩街,PAT TSZ WO STREET,拔子窩街,ST,1981-06-12,GN1685,Pat Tsz Wo Street,拔子窩街,1981-06-12,GN1685,crowd|1981-gn1685-fo-tan-streets-Pat-Tsz-Wo-Street-拔子窩街-1981-06-12,declare,1981-06-12,GN1685,crowd|1981-gn1685-fo-tan-streets-Pat-Tsz-Wo-Street-拔子窩街-1981-06-12,declare,true,true,true,true,first_equals_latest
agree_latest,en_zh:Paterson Street|百德新街,PATERSON STREET,百德新街,WC,1957-03-08,GN339,Paterson Street,百德新街,1957-01-30,GN154,crowd|1957-gn154-paterson-intention-Paterson-Street-百德新街-1957-01-30,rename,1957-03-08,GN339,crowd|1957-gn339-paterson-street-Paterson-Street-百德新街-1957-03-08,rename,false,false,true,true,
agree_latest,en_zh:Pau Chung Street|炮仗街,PAU CHUNG STREET,炮仗街,KC,1926-04-16,GN202,Pau Chung Street,炮仗街,1926-04-16,GN202,crowd|1926-gn202-to-kwa-wan-road-11666-1926-04-16,declare,1926-04-16,GN202,crowd|1926-gn202-to-kwa-wan-road-11666-1926-04-16,declare,true,true,true,true,first_equals_latest
agree_latest,en_zh:Peacock Road|孔雀道,PEACOCK ROAD,孔雀道,E,1952-10-10,GN1173,Peacock Road,孔雀道,1952-10-10,GN1173,crowd|1952-gn1173-peacock-road-1952-10-10,declare,1952-10-10,GN1173,crowd|1952-gn1173-peacock-road-1952-10-10,declare,true,true,true,true,first_equals_latest
agree_latest,en_zh:Peak Road|山頂道,PEAK ROAD,山頂道,C&W-WC,1960-07-29,GN1174,Peak Road,山頂道,1960-07-29,GN1174,crowd|1960-gn1174-peak-renames-Peak-Road-山頂道-1960-07-29,rename,1960-07-29,GN1174,crowd|1960-gn1174-peak-renames-Peak-Road-山頂道-1960-07-29,rename,true,true,true,true,first_equals_latest
agree_latest,en_zh:Pedder Street|畢打街,PEDDER STREET,畢打街,C&W,1976-03-12,GN579,Pedder Street,畢打街,1976-03-12,GN579,crowd|1976-gn579-pedder-street-Pedder-Street-畢打街-1976-03-12,rename,1976-03-12,GN579,crowd|1976-gn579-pedder-street-Pedder-Street-畢打街-1976-03-12,rename,true,true,true,true,first_equals_latest
agree_latest,en:PEEL RISE,PEEL RISE,貝璐道,C&W-S,1960-07-29,GN1174,Peel Rise,貝璐,1960-07-29,GN1174,crowd|1960-gn1174-peak-renames-Peel-Rise-貝璐道-1960-07-29,rename,1960-07-29,GN1174,crowd|1960-gn1174-peak-renames-Peel-Rise-貝璐道-1960-07-29,rename,true,true,true,true,first_equals_latest
agree_latest,en_zh:Peking Road|北京道,PEKING ROAD,北京道,YTM,1909-03-19,GN184,Peking Road,北京道,1909-03-19,GN184,crowd|1909-gn184-safe-11676-1909-03-19,rename,1909-03-19,GN184,crowd|1909-gn184-safe-11676-1909-03-19,rename,true,true,true,true,first_equals_latest
agree_latest,en_zh:Peng Chau Ho King Street|坪洲好景街,PENG CHAU HO KING STREET,坪洲好景街,Is,2016-09-23,GN5398,Peng Chau Ho King Street,坪洲好景街,2016-09-23,GN5398,2016-09-23|GN5398|0,declare,2016-09-23,GN5398,2016-09-23|GN5398|0,declare,true,true,true,true,first_equals_latest
agree_latest,en_zh:Pennington Street|邊寧頓街,PENNINGTON STREET,邊寧頓街,WC,1959-01-30,GN168,Pennington Street,邊寧頓街,1959-01-30,GN168,crowd|1959-gn168-yun-ping-pennington-Pennington-Street-邊寧頓街-1959-01-30,declare,1959-01-30,GN168,crowd|1959-gn168-yun-ping-pennington-Pennington-Street-邊寧頓街-1959-01-30,declare,true,true,true,true,first_equals_latest
agree_latest,en_zh:Penny's Bay Highway|竹篙灣公路,PENNY'S BAY HIGHWAY,竹篙灣公路,TW,2004-12-17,GN8104,Penny's Bay Highway,竹篙灣公路,2004-12-17,GN8104,crowd|2004-gn8104-14199,declare,2004-12-17,GN8104,crowd|2004-gn8104-14199,declare,true,true,true,true,first_equals_latest
agree_latest,en_zh:Pentland Street|品蘭街,PENTLAND STREET,品蘭街,KC,1935-03-01,GN165,Pentland Street,品蘭街,1935-03-01,GN165,crowd|1935-gn165-kowloon-tong-streets-11681-1935-03-01,declare,1935-03-01,GN165,crowd|1935-gn165-kowloon-tong-streets-11681-1935-03-01,declare,true,true,true,true,first_equals_latest
agree_latest,en_zh:Peony Road|牡丹路,PEONY ROAD,牡丹路,SSP,1953-11-20,GN1420,Peony Road,牡丹路,1953-11-20,GN1420,crowd|1953-gn1420-yau-yat-chuen-Peony-Road-牡丹路-1953-11-20,declare,1953-11-20,GN1420,crowd|1953-gn1420-yau-yat-chuen-Peony-Road-牡丹路-1953-11-20,declare,true,true,true,true,first_equals_latest
agree_latest,en_zh:Percival Street|波斯富街,PERCIVAL STREET,波斯富街,WC,1929-06-14,GN312,Percival Street,波斯富街,1929-06-14,GN312,crowd|1929-gn312-johnston-road-11683-1929-06-14,declare,1929-06-14,GN312,crowd|1929-gn312-johnston-road-11683-1929-06-14,declare,true,true,true,true,first_equals_latest
agree_latest,en_zh:Perkins Road|白建時道,PERKINS ROAD,白建時道,WC,1951-07-20,GN754,Perkins Road,白建時道,1951-07-20,GN754,crowd|1951-gn754-jardine-lookout-roads-Perkins-Road-白建時道-1951-07-20,declare,1951-07-20,GN754,crowd|1951-gn754-jardine-lookout-roads-Perkins-Road-白建時道-1951-07-20,declare,true,true,true,true,first_equals_latest
agree_latest,en_zh:Perth Street|巴富街,PERTH STREET,巴富街,KC,1950-09-15,GN1083,Perth Street,巴富街,1950-09-15,GN1083,crowd|1950-gn1083-ho-man-tin-streets-Perth-Street-巴富街-1950-09-15,declare,1950-09-15,GN1083,crowd|1950-gn1083-ho-man-tin-streets-Perth-Street-巴富街-1950-09-15,declare,true,true,true,true,first_equals_latest
agree_latest,en_zh:Pier Road|統一碼頭道,PIER ROAD,統一碼頭道,C&W,1974-05-31,GN1381,Pier Road,統一碼頭道,1974-05-31,GN1381,crowd|1974-gn1381-11687,declare,1974-05-31,GN1381,crowd|1974-gn1381-11687,declare,true,true,true,true,first_equals_latest
agree_latest,en_zh:Pik Sha Road|碧沙路,PIK SHA ROAD,碧沙路,SK,1983-01-28,GN324,Pik Sha Road,碧沙路,1983-01-28,GN324,crowd|1983-gn324-sai-kung-Pik-Sha-Road-碧沙路-1983-01-28,declare,1983-01-28,GN324,crowd|1983-gn324-sai-kung-Pik-Sha-Road-碧沙路-1983-01-28,declare,true,true,true,true,first_equals_latest
agree_latest,en_zh:Pilkem Street|庇利金街,PILKEM STREET,庇利金街,YTM,1923-09-28,GN411,Pilkem Street,庇利金街,1923-09-28,GN411,crowd|1923-gn411-cheung-sha-wan-road-11693-1923-09-28,declare,1923-09-28,GN411,crowd|1923-gn411-cheung-sha-wan-road-11693-1923-09-28,declare,true,true,true,true,first_equals_latest
agree_latest,en_zh:Pine Tree Hill Road|松山道,PINE TREE HILL ROAD,松山道,YTM,1933-05-12,GN341,Pine Tree Hill Road,松山道,1933-05-12,GN341,crowd|1933-gn341-chater-estate-11695-1933-05-12,declare,1933-05-12,GN341,crowd|1933-gn341-chater-estate-11695-1933-05-12,declare,true,true,true,true,first_equals_latest
agree_latest,en_zh:Pinery Road East|松濤東路,PINERY ROAD EAST,松濤東路,YL,1984-08-31,GN2609,Pinery Road East,松濤東路,1984-08-31,GN2609,crowd|1984-gn2609-fairview-park-Pinery-Road-East-松濤東路-1984-08-31,declare,1984-08-31,GN2609,crowd|1984-gn2609-fairview-park-Pinery-Road-East-松濤東路-1984-08-31,declare,true,true,true,true,first_equals_latest
agree_latest,en_zh:Ping Cheong Path|屏昌徑,PING CHEONG PATH,屏昌徑,YL,1983-06-03,GN1752,Ping Cheong Path,屏昌徑,1983-06-03,GN1752,crowd|1983-gn1752-yuen-long-Ping-Cheong-Path-屏昌徑-1983-06-03,declare,1983-06-03,GN1752,crowd|1983-gn1752-yuen-long-Ping-Cheong-Path-屏昌徑-1983-06-03,declare,true,true,true,true,first_equals_latest
agree_latest,en_zh:Ping Fai Path|屏輝徑,PING FAI PATH,屏輝徑,YL,1983-06-03,GN1752,Ping Fai Path,屏輝徑,1983-06-03,GN1752,crowd|1983-gn1752-yuen-long-Ping-Fai-Path-屏輝徑-1983-06-03,declare,1983-06-03,GN1752,crowd|1983-gn1752-yuen-long-Ping-Fai-Path-屏輝徑-1983-06-03,declare,true,true,true,true,first_equals_latest
agree_latest,en_zh:Ping Ha Path|屏廈徑,PING HA PATH,屏廈徑,YL,2017-11-10,GN8364,Ping Ha Path,屏廈徑,2017-11-10,GN8364,2017-11-10|GN8364|2,declare,2017-11-10,GN8364,2017-11-10|GN8364|2,declare,true,true,true,true,first_equals_latest
agree_latest,en_zh:Ping Kin Lane|屏健里,PING KIN LANE,屏健里,YL,2017-09-29,GN7314,Ping Kin Lane,屏健里,2017-09-29,GN7314,2017-09-29|GN7314|0,declare,2017-09-29,GN7314,2017-09-29|GN7314|0,declare,true,true,true,true,first_equals_latest
agree_latest,en_zh:Ping Lai Path|屏麗徑,PING LAI PATH,屏麗徑,K&T,1974-09-13,GN2352,Ping Lai Path,屏麗徑,1974-09-13,GN2352,crowd|1974-gn2352-11707,declare,1974-09-13,GN2352,crowd|1974-gn2352-11707,declare,true,true,true,true,first_equals_latest
agree_latest,en_zh:Ping Lok Path|平樂徑,PING LOK PATH,平樂徑,YL,1983-06-03,GN1752,Ping Lok Path,平樂徑,1983-06-03,GN1752,crowd|1983-gn1752-yuen-long-Ping-Lok-Path-平樂徑-1983-06-03,declare,1983-06-03,GN1752,crowd|1983-gn1752-yuen-long-Ping-Lok-Path-平樂徑-1983-06-03,declare,true,true,true,true,first_equals_latest
agree_latest,en_zh:Ping Shek Lane|坪石里,PING SHEK LANE,坪石里,KT,2021-07-30,GN4715,Ping Shek Lane,坪石里,2021-07-30,GN4715,2021-07-30|GN4715|0,declare,2021-07-30,GN4715,2021-07-30|GN4715|0,declare,true,true,true,true,first_equals_latest
agree_latest,en_zh:Ping Shing Lane|平成里,PING SHING LANE,平成里,KT,1961-05-19,GN850,Ping Shing Lane,平成里,1961-05-19,GN850,crowd|1961-gn850-ping-shing-tsz-loi-Ping-Shing-Lane-平成里-1961-05-19,declare,1961-05-19,GN850,crowd|1961-gn850-ping-shing-tsz-loi-Ping-Shing-Lane-平成里-1961-05-19,declare,true,true,true,true,first_equals_latest
agree_latest,en_zh:Ping Shun Street|屏信街,PING SHUN STREET,屏信街,YL,1981-12-18,GN3742,Ping Shun Street,屏信街,1981-12-18,GN3742,crowd|1981-gn3742-yuen-long-Ping-Shun-Street-屏信街-1981-12-18,declare,1981-12-18,GN3742,crowd|1981-gn3742-yuen-long-Ping-Shun-Street-屏信街-1981-12-18,declare,true,true,true,true,first_equals_latest
agree_latest,en_zh:Ping Wui Street|屏會街,PING WUI STREET,屏會街,YL,1981-12-18,GN3742,Ping Wui Street,屏會街,1981-12-18,GN3742,crowd|1981-gn3742-yuen-long-Ping-Wui-Street-屏會街-1981-12-18,declare,1981-12-18,GN3742,crowd|1981-gn3742-yuen-long-Ping-Wui-Street-屏會街-1981-12-18,declare,true,true,true,true,first_equals_latest
agree_latest,en_zh:Ping Yip Street|屏業街,PING YIP STREET,屏業街,YL,2026-04-24,GN2370,Ping Yip Street,屏業街,2026-04-24,GN2370,2026-04-24|GN2370|0,declare,2026-04-24,GN2370,2026-04-24|GN2370|0,declare,true,true,true,true,first_equals_latest
agree_latest,en_zh:Playing Field Road|運動場道,PLAYING FIELD ROAD,運動場道,YTM,1932-09-16,GN591,Playing Field Road,運動場道,1932-09-16,GN591,crowd|1932-gn591-playing-field-road-11724-1932-09-16,declare,1932-09-16,GN591,crowd|1932-gn591-playing-field-road-11724-1932-09-16,declare,true,true,true,true,first_equals_latest
agree_latest,en_zh:Po Chiu Road|普照路,PO CHIU ROAD,普照路,KT,2000-06-16,GN3864,Po Chiu Road,普照路,2000-06-16,GN3864,crowd|2000-gn3864-14024,declare,2000-06-16,GN3864,crowd|2000-gn3864-14024,declare,true,true,true,true,first_equals_latest
agree_latest,en_zh:Po Fai Path|保輝徑,PO FAI PATH,保輝徑,YL,1983-06-03,GN1752,Po Fai Path,保輝徑,1983-06-03,GN1752,crowd|1983-gn1752-yuen-long-Po-Fai-Path-保輝徑-1983-06-03,declare,1983-06-03,GN1752,crowd|1983-gn1752-yuen-long-Po-Fai-Path-保輝徑-1983-06-03,declare,true,true,true,true,first_equals_latest
agree_latest,en_zh:Po Fung Terrace|寶豐台,PO FUNG TERRACE,寶豐台,TW,1984-01-27,GN287,Po Fung Terrace,寶豐台,1984-01-27,GN287,crowd|1984-gn287-tsuen-wan-Po-Fung-Terrace-寶豐台-1984-01-27,declare,1984-01-27,GN287,crowd|1984-gn287-tsuen-wan-Po-Fung-Terrace-寶豐台-1984-01-27,declare,true,true,true,true,first_equals_latest
agree_latest,en_zh:Po Heung Bridge|寶鄉橋,PO HEUNG BRIDGE,寶鄉橋,TP,1984-10-19,GN3074,Po Heung Bridge,寶鄉橋,1984-10-19,GN3074,crowd|1984-gn3074-po-heung-Po-Heung-Bridge-寶鄉橋-1984-10-19,declare,1984-10-19,GN3074,crowd|1984-gn3074-po-heung-Po-Heung-Bridge-寶鄉橋-1984-10-19,declare,true,true,true,true,first_equals_latest
agree_latest,en_zh:Po Heung Street|寶鄉街,PO HEUNG STREET,寶鄉街,TP,1984-10-19,GN3074,Po Heung Street,寶鄉街,1984-10-19,GN3074,crowd|1984-gn3074-po-heung-Po-Heung-Street-寶鄉街-1984-10-19,extend,1984-10-19,GN3074,crowd|1984-gn3074-po-heung-Po-Heung-Street-寶鄉街-1984-10-19,extend,true,true,true,true,first_equals_latest
agree_latest,en_zh:Po Kong Lane|蒲崗里,PO KONG LANE,蒲崗里,WTS,1975-01-17,GN176,Po Kong Lane,蒲崗里,1975-01-17,GN176,crowd|1975-gn176-11736,declare,1975-01-17,GN176,crowd|1975-gn176-11736,declare,true,true,true,true,first_equals_latest
agree_latest,en_zh:Po Loi Street|寶來街,PO LOI STREET,寶來街,KC,1980-05-23,GN1581,Po Loi Street,寶來街,1980-05-23,GN1581,crowd|1980-gn1581-hung-hom-streets-Po-Loi-Street-寶來街-1980-05-23,declare,1980-05-23,GN1581,crowd|1980-gn1581-hung-hom-streets-Po-Loi-Street-寶來街-1980-05-23,declare,true,true,true,true,first_equals_latest
agree_latest,en_zh:Po Lok Square|寶樂坊,PO LOK SQUARE,寶樂坊,YL,1983-06-03,GN1752,Po Lok Square,寶樂坊,1983-06-03,GN1752,crowd|1983-gn1752-yuen-long-Po-Lok-Square-寶樂坊-1983-06-03,declare,1983-06-03,GN1752,crowd|1983-gn1752-yuen-long-Po-Lok-Square-寶樂坊-1983-06-03,declare,true,true,true,true,first_equals_latest
agree_latest,en_zh:Po Luen Path|寶聯徑,PO LUEN PATH,寶聯徑,E,1984-02-10,GN413,Po Luen Path,寶聯徑,1984-02-10,GN413,crowd|1984-gn413-po-luen-path-Po-Luen-Path-寶聯徑-1984-02-10,declare,1984-02-10,GN413,crowd|1984-gn413-po-luen-path-Po-Luen-Path-寶聯徑-1984-02-10,declare,true,true,true,true,first_equals_latest
agree_latest,en_zh:Po Man Street|寶文街,PO MAN STREET,寶文街,E,1957-01-25,GN119,Po Man Street,寶文街,1957-01-25,GN119,crowd|1957-gn119-nam-on-po-man-Po-Man-Street-寶文街-1957-01-25,declare,1957-01-25,GN119,crowd|1957-gn119-nam-on-po-man-Po-Man-Street-寶文街-1957-01-25,declare,true,true,true,true,first_equals_latest
agree_latest,en_zh:Po Min Path|坡面徑,PO MIN PATH,坡面徑,TP,2018-02-02,GN651,Po Min Path,坡面徑,2018-02-02,GN651,2018-02-02|GN651|0,declare,2018-02-02,GN651,2018-02-02|GN651|0,declare,true,true,true,true,first_equals_latest
agree_latest,en:PO ON ROAD,PO ON ROAD,保安道,SSP,1934-02-09,GN91,Po On Road,普安道,1934-02-09,GN91,crowd|1934-gn91-cheung-sha-wan-streets-11749-1934-02-09,declare,1934-02-09,GN91,crowd|1934-gn91-cheung-sha-wan-streets-11749-1934-02-09,declare,true,true,true,true,first_equals_latest
agree_latest,en_zh:Po Shan Road|寶珊道,PO SHAN ROAD,寶珊道,C&W,1928-07-06,GN386,Po Shan Road,寶珊道,1928-07-06,GN386,crowd|1928-gn386-kotewall-road-11750-1928-07-06,declare,1928-07-06,GN386,crowd|1928-gn386-kotewall-road-11750-1928-07-06,declare,true,true,true,true,first_equals_latest
agree_latest,en_zh:Po Shin Street|普善街,PO SHIN STREET,普善街,WC,1930-03-07,GN138,Po Shin Street,普善街,1930-03-07,GN138,crowd|1930-gn138-village-road-11751-1930-03-07,declare,1930-03-07,GN138,crowd|1930-gn138-village-road-11751-1930-03-07,declare,true,true,true,true,first_equals_latest
agree_latest,en_zh:Po Shu Lane|寶樹里,PO SHU LANE,寶樹里,YL,1983-06-03,GN1752,Po Shu Lane,寶樹里,1983-06-03,GN1752,crowd|1983-gn1752-yuen-long-Po-Shu-Lane-寶樹里-1983-06-03,declare,1983-06-03,GN1752,crowd|1983-gn1752-yuen-long-Po-Shu-Lane-寶樹里-1983-06-03,declare,true,true,true,true,first_equals_latest
agree_latest,en_zh:Po Tung Road|普通道,PO TUNG ROAD,普通道,SK,1976-11-05,GN2462,Po Tung Road,普通道,1976-11-05,GN2462,crowd|1976-gn2462-sai-kung-streets-Po-Tung-Road-普通道-1976-11-05,declare,1976-11-05,GN2462,crowd|1976-gn2462-sai-kung-streets-Po-Tung-Road-普通道-1976-11-05,declare,true,true,true,true,first_equals_latest
agree_latest,en_zh:Po Yee Street|普義街,PO YEE STREET,普義街,C&W,1935-10-04,GN767,Po Yee Street,普義街,1935-10-04,GN767,crowd|1935-gn767-po-yee-street-11762-1935-10-04,declare,1935-10-04,GN767,crowd|1935-gn767-po-yee-street-11762-1935-10-04,declare,true,true,true,true,first_equals_latest
agree_latest,en_zh:Po Yick Street|普益街,PO YICK STREET,普益街,TP,1954-04-09,GN435,Po Yick Street,普益街,1954-04-09,GN435,crowd|1954-gn435-po-yick-street-Po-Yick-Street-普益街-1954-04-09,declare,1954-04-09,GN435,crowd|1954-gn435-po-yick-street-Po-Yick-Street-普益街-1954-04-09,declare,true,true,true,true,first_equals_latest
agree_latest,en_zh:Po Yip Street|寶業街,PO YIP STREET,寶業街,YL,1983-01-28,GN325,Po Yip Street,寶業街,1983-01-28,GN325,crowd|1983-gn325-yuen-long-Po-Yip-Street-寶業街-1983-01-28,declare,1983-01-28,GN325,crowd|1983-gn325-yuen-long-Po-Yip-Street-寶業街-1983-01-28,declare,true,true,true,true,first_equals_latest
agree_latest,en_zh:Pok Chuen Path|博泉徑,POK CHUEN PATH,博泉徑,ST,2010-04-09,GN2046,Pok Chuen Path,博泉徑,2010-04-09,GN2046,2010-04-09|GN2046|1,declare,2010-04-09,GN2046,2010-04-09|GN2046|1,declare,true,true,true,true,first_equals_latest
agree_latest,en_zh:Pok Chuen Street|博泉街,POK CHUEN STREET,博泉街,ST,2010-04-09,GN2046,Pok Chuen Street,博泉街,2010-04-09,GN2046,2010-04-09|GN2046|0,declare,2010-04-09,GN2046,2010-04-09|GN2046|0,declare,true,true,true,true,first_equals_latest
agree_latest,en_zh:Pok Hok Lane|博學里,POK HOK LANE,博學里,YTM,1980-03-07,GN727,Pok Hok Lane,博學里,1980-03-07,GN727,crowd|1980-gn727-tit-shu-pok-hok-Pok-Hok-Lane-博學里-1980-03-07,declare,1980-03-07,GN727,crowd|1980-gn727-tit-shu-pok-hok-Pok-Hok-Lane-博學里-1980-03-07,declare,true,true,true,true,first_equals_latest
agree_latest,en_zh:Pok Wai South Road|壆圍南路,POK WAI SOUTH ROAD,壆圍南路,YL,2002-08-23,GN5146,Pok Wai South Road,壆圍南路,2002-08-23,GN5146,crowd|2002-gn5146-14124,declare,2002-08-23,GN5146,crowd|2002-gn5146-14124,declare,true,true,true,true,first_equals_latest
agree_latest,en_zh:Pok Yin Road|博研路,POK YIN ROAD,博研路,TP,2013-02-08,GN749,Pok Yin Road,博研路,2013-02-08,GN749,crowd|2013-gn749-pok-yin-road-14377-2013-02-08,declare,2013-02-08,GN749,crowd|2013-gn749-pok-yin-road-14377-2013-02-08,declare,true,true,true,true,first_equals_latest
agree_latest,en_zh:Pokfield Road|蒲飛路,POKFIELD ROAD,蒲飛路,C&W,1961-08-04,GN1334,Pokfield Road,蒲飛路,1961-08-04,GN1334,crowd|1961-gn1334-pokfield-road-Pokfield-Road-蒲飛路-1961-08-04,declare,1961-08-04,GN1334,crowd|1961-gn1334-pokfield-road-Pokfield-Road-蒲飛路-1961-08-04,declare,true,true,true,true,first_equals_latest
agree_latest,en_zh:Pollock's Path|普樂道,POLLOCK'S PATH,普樂道,C&W,1960-07-29,GN1174,Pollock's Path,普樂道,1960-07-29,GN1174,crowd|1960-gn1174-peak-renames-Pollock-s-Path-普樂道-1960-07-29,rename,1960-07-29,GN1174,crowd|1960-gn1174-peak-renames-Pollock-s-Path-普樂道-1960-07-29,rename,true,true,true,true,first_equals_latest
agree_latest,en_zh:Poplar Street|白楊街,POPLAR STREET,白楊街,YTM-SSP,1927-11-25,GN699,Poplar Street,白楊街,1927-11-25,GN699,crowd|1927-gn699-nathan-square-11776-1927-11-25,declare,1927-11-25,GN699,crowd|1927-gn699-nathan-square-11776-1927-11-25,declare,true,true,true,true,first_equals_latest
agree_latest,en_zh:Portland Street|砵蘭街,PORTLAND STREET,砵蘭街,YTM,1927-11-25,GN699,Portland Street,砵蘭街,1927-11-25,GN699,crowd|1927-gn699-nathan-square-11777-1927-11-25,declare,1927-11-25,GN699,crowd|1927-gn699-nathan-square-11777-1927-11-25,declare,true,true,true,true,first_equals_latest
agree_latest,en:PRAT AVENUE,PRAT AVENUE,寶勒巷,YTM,1921-02-04,GN46,Prat Avenue,勃利亞街,1921-02-04,GN46,crowd|1921-gn46-prat-avenue-11782-1921-02-04,declare,1921-02-04,GN46,crowd|1921-gn46-prat-avenue-11782-1921-02-04,declare,true,true,true,true,first_equals_latest
agree_latest,en_zh:Pratas Street|東沙島街,PRATAS STREET,東沙島街,SSP,1934-02-09,GN91,Pratas Street,東沙島街,1934-02-09,GN91,crowd|1934-gn91-cheung-sha-wan-streets-11783-1934-02-09,declare,1934-02-09,GN91,crowd|1934-gn91-cheung-sha-wan-streets-11783-1934-02-09,declare,true,true,true,true,first_equals_latest
agree_latest,en_zh:Prince Edward Road West|太子道西,PRINCE EDWARD ROAD WEST,太子道西,YTM-KC,1979-01-12,GN111,Prince Edward Road West,太子道西,1978-10-20,GN2702,crowd|1978-gn2702-kowloon-road-splits-Prince-Edward-Road-West-太子道西-1978-10-20,rename,1979-01-12,GN111,crowd|1979-gn111-kowloon-road-splits-Prince-Edward-Road-West-太子道西-1979-01-12,rename,false,false,true,true,
agree_latest,en_zh:Prince's Terrace|太子台,PRINCE'S TERRACE,太子台,C&W,1923-12-28,GN567,Prince's Terrace,太子台,1923-12-28,GN567,crowd|1923-gn567-lee-tung-street-11789-1923-12-28,declare,1923-12-28,GN567,crowd|1923-gn567-lee-tung-street-11789-1923-12-28,declare,true,true,true,true,first_equals_latest
agree_latest,en_zh:Princess Margaret Hospital Road|瑪嘉烈醫院路,PRINCESS MARGARET HOSPITAL ROAD,瑪嘉烈醫院路,K&T,1983-10-28,GN3424,Princess Margaret Hospital Road,瑪嘉烈醫院路,1983-10-28,GN3424,crowd|1983-gn3424-hospital-roads-Princess-Margaret-Hospital-Road-瑪嘉烈醫院路-1983-10-28,declare,1983-10-28,GN3424,crowd|1983-gn3424-hospital-roads-Princess-Margaret-Hospital-Road-瑪嘉烈醫院路-1983-10-28,declare,true,true,true,true,first_equals_latest
agree_latest,en_zh:Public Square Street|眾坊街,PUBLIC SQUARE STREET,眾坊街,YTM,1976-09-24,GN2120,Public Square Street,眾坊街,1976-09-24,GN2120,crowd|1976-gn2119-2120-zh-renames-Public-Square-Street-眾坊街-1976-09-24,rename,1976-09-24,GN2120,crowd|1976-gn2119-2120-zh-renames-Public-Square-Street-眾坊街-1976-09-24,rename,true,true,true,true,first_equals_latest
agree_latest,en_zh:Pui Ching Road|培正道,PUI CHING ROAD,培正道,KC,1955-01-28,GN99,Pui Ching Road,培正道,1955-01-28,GN99,crowd|1955-gn99-pui-ching-nairn-chi-man-Pui-Ching-Road-培正道-1955-01-28,declare,1955-01-28,GN99,crowd|1955-gn99-pui-ching-nairn-chi-man-Pui-Ching-Road-培正道-1955-01-28,declare,true,true,true,true,first_equals_latest
agree_latest,en_zh:Pui Tak Street|培德街,PUI TAK STREET,培德街,SSP,1977-07-29,GN1794,Pui Tak Street,培德街,1977-07-29,GN1794,crowd|1977-gn1794-shek-kip-mei-streets-Pui-Tak-Street-培德街-1977-07-29,declare,1977-07-29,GN1794,crowd|1977-gn1794-shek-kip-mei-streets-Pui-Tak-Street-培德街-1977-07-29,declare,true,true,true,true,first_equals_latest
agree_latest,en_zh:Purves Road|包華士道,PURVES ROAD,包華士道,WC,1954-06-25,GN765,Purves Road,包華士道,1954-06-25,GN765,crowd|1954-gn765-jardine-lookout-Purves-Road-包華士道-1954-06-25,declare,1954-06-25,GN765,crowd|1954-gn765-jardine-lookout-Purves-Road-包華士道-1954-06-25,declare,true,true,true,true,first_equals_latest
agree_latest,en_zh:Queen Elizabeth Hospital Path|伊利沙伯醫院徑,QUEEN ELIZABETH HOSPITAL PATH,伊利沙伯醫院徑,YTM,2008-10-10,GN7003,Queen Elizabeth Hospital Path,伊利沙伯醫院徑,2008-10-10,GN7003,2008-10-10|GN7003|2,declare,2008-10-10,GN7003,2008-10-10|GN7003|2,declare,true,true,true,true,first_equals_latest
agree_latest,en_zh:Queen Elizabeth Hospital Road|伊利沙伯醫院路,QUEEN ELIZABETH HOSPITAL ROAD,伊利沙伯醫院路,YTM,2008-10-10,GN7003,Queen Elizabeth Hospital Road,伊利沙伯醫院路,2008-10-10,GN7003,2008-10-10|GN7003|1,declare,2008-10-10,GN7003,2008-10-10|GN7003|1,declare,true,true,true,true,first_equals_latest
agree_latest,en_zh:Razor Hill Road|碧翠路,RAZOR HILL ROAD,碧翠路,SK,1984-08-31,GN2607,Razor Hill Road,碧翠路,1984-08-31,GN2607,crowd|1984-gn2607-razor-hill-Razor-Hill-Road-碧翠路-1984-08-31,declare,1984-08-31,GN2607,crowd|1984-gn2607-razor-hill-Razor-Hill-Road-碧翠路-1984-08-31,declare,true,true,true,true,first_equals_latest
agree_latest,en_zh:Reclamation Street|新填地街,RECLAMATION STREET,新填地街,YTM,1930-01-17,GN39,Reclamation Street,新填地街,1930-01-17,GN39,crowd|1930-gn39-nullah-road-11810-1930-01-17,declare,1930-01-17,GN39,crowd|1930-gn39-nullah-road-11810-1930-01-17,declare,true,true,true,true,first_equals_latest
agree_latest,en_zh:Repulse Bay Road|淺水灣道,REPULSE BAY ROAD,淺水灣道,S,1961-08-04,GN1335,Repulse Bay Road,淺水灣道,1932-10-07,GN635,crowd|1932-gn635-south-side-roads-11815-1932-10-07,declare,1961-08-04,GN1335,crowd|1961-gn1335-island-road-renames-Repulse-Bay-Road-淺水灣道-1961-08-04,rename,false,false,true,true,
agree_latest,en_zh:Robinson Road|羅便臣道,ROBINSON ROAD,羅便臣道,C&W,1958-01-03,GN16,Robinson Road,羅便臣道,1904-01-29,GN59,crowd|1904-gn59-victoria-road-renames-11817-1904-01-29,rename,1958-01-03,GN16,crowd|1958-gn16-mid-levels-roads-Robinson-Road-羅便臣道-1958-01-03,extend,false,false,true,true,our_event_count=3
agree_latest,en_zh:Rodney Street|樂禮街,RODNEY STREET,樂禮街,C&W,1980-11-28,GN3730,Rodney Street,樂禮街,1980-11-28,GN3730,crowd|1980-gn3730-admiralty-streets-Rodney-Street-樂禮街-1980-11-28,declare,1980-11-28,GN3730,crowd|1980-gn3730-admiralty-streets-Rodney-Street-樂禮街-1980-11-28,declare,true,true,true,true,first_equals_latest
agree_latest,en_zh:Rutland Quadrant|律倫街,RUTLAND QUADRANT,律倫街,KC,1929-08-23,GN427,Rutland Quadrant,律倫街,1929-08-23,GN427,crowd|1929-gn427-waterloo-road-11829-1929-08-23,declare,1929-08-23,GN427,crowd|1929-gn427-waterloo-road-11829-1929-08-23,declare,true,true,true,true,first_equals_latest
agree_latest,en_zh:Sai Cheung Street|西祥街,SAI CHEUNG STREET,西祥街,C&W,1959-02-27,GN315,Sai Cheung Street,西祥街,1959-02-27,GN315,crowd|1959-gn315-urban-council-renames-Sai-Cheung-Street-西祥街-1959-02-27,rename,1959-02-27,GN315,crowd|1959-gn315-urban-council-renames-Sai-Cheung-Street-西祥街-1959-02-27,rename,true,true,true,true,first_equals_latest
agree_latest,en_zh:Sai Ching Path|西菁徑,SAI CHING PATH,西菁徑,YL,2017-10-13,GN7595,Sai Ching Path,西菁徑,2017-10-13,GN7595,2017-10-13|GN7595|7,declare,2017-10-13,GN7595,2017-10-13|GN7595|7,declare,true,true,true,true,first_equals_latest
agree_latest,en_zh:Sai Ching Street|西菁街,SAI CHING STREET,西菁街,YL,1984-05-18,GN1452,Sai Ching Street,西菁街,1981-12-18,GN3742,crowd|1981-gn3742-yuen-long-Sai-Ching-Street-西菁街-1981-12-18,declare,1984-05-18,GN1452,crowd|1984-gn1452-yuen-long-Sai-Ching-Street-西菁街-1984-05-18,extend,false,false,true,true,
agree_latest,en_zh:Sai Kung Hoi Pong Street|西貢海傍街,SAI KUNG HOI PONG STREET,西貢海傍街,SK,1976-11-05,GN2462,Sai Kung Hoi Pong Street,西貢海傍街,1976-11-05,GN2462,crowd|1976-gn2462-sai-kung-streets-Sai-Kung-Hoi-Pong-Street-西貢海傍街-1976-11-05,declare,1976-11-05,GN2462,crowd|1976-gn2462-sai-kung-streets-Sai-Kung-Hoi-Pong-Street-西貢海傍街-1976-11-05,declare,true,true,true,true,first_equals_latest
agree_latest,en_zh:Sai Kung Main Street|西貢正街,SAI KUNG MAIN STREET,西貢正街,SK,1976-11-05,GN2462,Sai Kung Main Street,西貢正街,1976-11-05,GN2462,crowd|1976-gn2462-sai-kung-streets-Sai-Kung-Main-Street-西貢正街-1976-11-05,declare,1976-11-05,GN2462,crowd|1976-gn2462-sai-kung-streets-Sai-Kung-Main-Street-西貢正街-1976-11-05,declare,true,true,true,true,first_equals_latest
agree_latest,en_zh:Sai Kung Tai Street|西貢大街,SAI KUNG TAI STREET,西貢大街,SK,1976-11-05,GN2462,Sai Kung Tai Street,西貢大街,1976-11-05,GN2462,crowd|1976-gn2462-sai-kung-streets-Sai-Kung-Tai-Street-西貢大街-1976-11-05,declare,1976-11-05,GN2462,crowd|1976-gn2462-sai-kung-streets-Sai-Kung-Tai-Street-西貢大街-1976-11-05,declare,true,true,true,true,first_equals_latest
agree_latest,en_zh:Sai Kung Yee Kuk Street|西貢醫局街,SAI KUNG YEE KUK STREET,西貢醫局街,SK,1976-11-05,GN2462,Sai Kung Yee Kuk Street,西貢醫局街,1976-11-05,GN2462,crowd|1976-gn2462-sai-kung-streets-Sai-Kung-Yee-Kuk-Street-西貢醫局街-1976-11-05,declare,1976-11-05,GN2462,crowd|1976-gn2462-sai-kung-streets-Sai-Kung-Yee-Kuk-Street-西貢醫局街-1976-11-05,declare,true,true,true,true,first_equals_latest
agree_latest,en_zh:Sai Kwo Road|世歌路,SAI KWO ROAD,世歌路,YL,2010-06-18,GN3609,Sai Kwo Road,世歌路,2010-06-18,GN3609,2010-06-18|GN3609|0,declare,2010-06-18,GN3609,2010-06-18|GN3609|0,declare,true,true,true,true,first_equals_latest
agree_latest,en_zh:Sai Lau Kok Road|西樓角路,SAI LAU KOK ROAD,西樓角路,TW,1981-04-16,GN1146,Sai Lau Kok Road,西樓角路,1981-04-16,GN1146,crowd|1981-gn1146-tsuen-wan-Sai-Lau-Kok-Road-西樓角路-1981-04-16,declare,1981-04-16,GN1146,crowd|1981-gn1146-tsuen-wan-Sai-Lau-Kok-Road-西樓角路-1981-04-16,declare,true,true,true,true,first_equals_latest
agree_latest,en_zh:Sai Ning Street|西寧街,SAI NING STREET,西寧街,C&W,1983-03-18,GN874,Sai Ning Street,西寧街,1983-03-18,GN874,crowd|1983-gn874-western-Sai-Ning-Street-西寧街-1983-03-18,declare,1983-03-18,GN874,crowd|1983-gn874-western-Sai-Ning-Street-西寧街-1983-03-18,declare,true,true,true,true,first_equals_latest
agree_latest,en_zh:Sai Tai Street|西堤街,SAI TAI STREET,西堤街,YL,1977-12-02,GN2944,Sai Tai Street,西堤街,1935-02-15,GN124,crowd|1935-gn124-yuen-long-streets-11853-1935-02-15,declare,1977-12-02,GN2944,crowd|1977-gn2944-yuen-long-streets-Sai-Tai-Street-西堤街-1977-12-02,extend,false,false,true,true,
agree_latest,en_zh:Sai Wan Ho Street|西灣河街,SAI WAN HO STREET,西灣河街,E,1926-06-11,GN318,Sai Wan Ho Street,西灣河街,1926-06-11,GN318,crowd|1926-gn318-tsing-fung-street-11856-1926-06-11,declare,1926-06-11,GN318,crowd|1926-gn318-tsing-fung-street-11856-1926-06-11,declare,true,true,true,true,first_equals_latest
agree_latest,en_zh:Sai Yee Street|洗衣街,SAI YEE STREET,洗衣街,YTM,1924-08-29,GN492,Sai Yee Street,洗衣街,1924-08-29,GN492,crowd|1924-gn492-sai-yeung-choi-street-11861-1924-08-29,declare,1924-08-29,GN492,crowd|1924-gn492-sai-yeung-choi-street-11861-1924-08-29,declare,true,true,true,true,first_equals_latest
agree_latest,en_zh:Sai Yeung Choi Street North|西洋菜北街,SAI YEUNG CHOI STREET NORTH,西洋菜北街,YTM-SSP,1979-01-12,GN111,Sai Yeung Choi Street North,西洋菜北街,1978-10-20,GN2702,crowd|1978-gn2702-kowloon-road-splits-Sai-Yeung-Choi-Street-North-西洋菜北街-1978-10-20,rename,1979-01-12,GN111,crowd|1979-gn111-kowloon-road-splits-Sai-Yeung-Choi-Street-North-西洋菜北街-1979-01-12,rename,false,false,true,true,
agree_latest,en_zh:Sai Yeung Choi Street South|西洋菜南街,SAI YEUNG CHOI STREET SOUTH,西洋菜南街,YTM,1979-01-12,GN111,Sai Yeung Choi Street South,西洋菜南街,1978-10-20,GN2702,crowd|1978-gn2702-kowloon-road-splits-Sai-Yeung-Choi-Street-South-西洋菜南街-1978-10-20,rename,1979-01-12,GN111,crowd|1979-gn111-kowloon-road-splits-Sai-Yeung-Choi-Street-South-西洋菜南街-1979-01-12,rename,false,false,true,true,
agree_latest,en_zh:Sai Yu Path|西裕徑,SAI YU PATH,西裕徑,YL,2017-11-10,GN8364,Sai Yu Path,西裕徑,2017-11-10,GN8364,2017-11-10|GN8364|1,declare,2017-11-10,GN8364,2017-11-10|GN8364|1,declare,true,true,true,true,first_equals_latest
agree_latest,en_zh:Sai Yu Street|西裕街,SAI YU STREET,西裕街,YL,1984-05-18,GN1452,Sai Yu Street,西裕街,1981-12-18,GN3742,crowd|1981-gn3742-yuen-long-Sai-Yu-Street-西裕街-1981-12-18,declare,1984-05-18,GN1452,crowd|1984-gn1452-yuen-long-Sai-Yu-Street-西裕街-1984-05-18,extend,false,false,true,true,
agree_latest,en_zh:Salvation Army Street|救世軍街,SALVATION ARMY STREET,救世軍街,WC,1961-07-21,GN1211,Salvation Army Street,救世軍街,1961-07-21,GN1211,crowd|1961-gn1211-salvation-army-street-Salvation-Army-Street-救世軍街-1961-07-21,declare,1961-07-21,GN1211,crowd|1961-gn1211-salvation-army-street-Salvation-Army-Street-救世軍街-1961-07-21,declare,true,true,true,true,first_equals_latest
agree_latest,en_zh:Sam Shing Street|三聖街,SAM SHING STREET,三聖街,TM,1984-11-30,GN3531,Sam Shing Street,三聖街,1984-11-30,GN3531,crowd|1984-gn3531-tuen-mun-Sam-Shing-Street-三聖街-1984-11-30,declare,1984-11-30,GN3531,crowd|1984-gn3531-tuen-mun-Sam-Shing-Street-三聖街-1984-11-30,declare,true,true,true,true,first_equals_latest
agree_latest,en_zh:Sam Wo Road|三和路,SAM WO ROAD,三和路,TP,2015-02-13,GN1690,Sam Wo Road,三和路,2015-02-13,GN1690,2015-02-13|GN1690|0,declare,2015-02-13,GN1690,2015-02-13|GN1690|0,declare,true,true,true,true,first_equals_latest
agree_latest,en_zh:San Fat Street|新發街,SAN FAT STREET,新發街,N,1958-06-06,GN770,San Fat Street,新發街,1958-06-06,GN770,crowd|1958-gn770-shek-wu-hui-San-Fat-Street-新發街-1958-06-06,declare,1958-06-06,GN770,crowd|1958-gn770-shek-wu-hui-San-Fat-Street-新發街-1958-06-06,declare,true,true,true,true,first_equals_latest
agree_latest,en_zh:San Francisco Path|舊金山徑,SAN FRANCISCO PATH,舊金山徑,KC,1925-10-09,GN575,San Francisco Path,舊金山徑,1925-10-09,GN575,crowd|1925-gn575-village-road-11881-1925-10-09,declare,1925-10-09,GN575,crowd|1925-gn575-village-road-11881-1925-10-09,declare,true,true,true,true,first_equals_latest
agree_latest,en_zh:San Ha Street|新廈街,SAN HA STREET,新廈街,E,1977-04-15,GN858,San Ha Street,新廈街,1977-04-15,GN858,crowd|1977-gn858-chai-wan-streets-San-Ha-Street-新廈街-1977-04-15,declare,1977-04-15,GN858,crowd|1977-gn858-chai-wan-streets-San-Ha-Street-新廈街-1977-04-15,declare,true,true,true,true,first_equals_latest
agree_latest,en_zh:San Hing Street|新興街,SAN HING STREET,新興街,Is,1983-08-12,GN2627,San Hing Street,新興街,1983-08-12,GN2627,crowd|1983-gn2627-cheung-chau-San-Hing-Street-新興街-1983-08-12,declare,1983-08-12,GN2627,crowd|1983-gn2627-cheung-chau-San-Hing-Street-新興街-1983-08-12,declare,true,true,true,true,first_equals_latest
agree_latest,en_zh:San Hong Street|新康街,SAN HONG STREET,新康街,N,1958-06-06,GN770,San Hong Street,新康街,1958-06-06,GN770,crowd|1958-gn770-shek-wu-hui-San-Hong-Street-新康街-1958-06-06,declare,1958-06-06,GN770,crowd|1958-gn770-shek-wu-hui-San-Hong-Street-新康街-1958-06-06,declare,true,true,true,true,first_equals_latest
agree_latest,en_zh:San Hop Lane|新合里,SAN HOP LANE,新合里,TM,1975-08-01,GN1693,San Hop Lane,新合里,1975-08-01,GN1693,crowd|1975-gn1693-tuen-mun-streets-San-Hop-Lane-新合里-1975-08-01,declare,1975-08-01,GN1693,crowd|1975-gn1693-tuen-mun-streets-San-Hop-Lane-新合里-1975-08-01,declare,true,true,true,true,first_equals_latest
agree_latest,en_zh:San Hui Path|新墟徑,SAN HUI PATH,新墟徑,TM,1984-11-30,GN3531,San Hui Path,新墟徑,1984-11-30,GN3531,crowd|1984-gn3531-tuen-mun-San-Hui-Path-新墟徑-1984-11-30,declare,1984-11-30,GN3531,crowd|1984-gn3531-tuen-mun-San-Hui-Path-新墟徑-1984-11-30,declare,true,true,true,true,first_equals_latest
agree_latest,en_zh:San Kin Street|新健街,SAN KIN STREET,新健街,N,1958-06-06,GN770,San Kin Street,新健街,1958-06-06,GN770,crowd|1958-gn770-shek-wu-hui-San-Kin-Street-新健街-1958-06-06,declare,1958-06-06,GN770,crowd|1958-gn770-shek-wu-hui-San-Kin-Street-新健街-1958-06-06,declare,true,true,true,true,first_equals_latest
agree_latest,en_zh:San Kung Street|新功街,SAN KUNG STREET,新功街,N,1958-06-06,GN770,San Kung Street,新功街,1958-06-06,GN770,crowd|1958-gn770-shek-wu-hui-San-Kung-Street-新功街-1958-06-06,declare,1958-06-06,GN770,crowd|1958-gn770-shek-wu-hui-San-Kung-Street-新功街-1958-06-06,declare,true,true,true,true,first_equals_latest
agree_latest,en_zh:San Kwai Street|新葵街,SAN KWAI STREET,新葵街,K&T,1982-12-24,GN4036,San Kwai Street,新葵街,1982-12-24,GN4036,crowd|1982-gn4036-tsuen-wan-San-Kwai-Street-新葵街-1982-12-24,declare,1982-12-24,GN4036,crowd|1982-gn4036-tsuen-wan-San-Kwai-Street-新葵街-1982-12-24,declare,true,true,true,true,first_equals_latest
agree_latest,en_zh:San Lau Street|新柳街,SAN LAU STREET,新柳街,KC,1935-04-26,GN334,San Lau Street,新柳街,1926-06-25,GN342,crowd|1926-gn342-nga-tsin-wai-road-11896-1926-06-25,declare,1935-04-26,GN334,crowd|1935-gn334-kowloon-streets-11896-1935-04-26,extend,false,false,true,true,
agree_latest,en_zh:San Lee Street|新利街,SAN LEE STREET,新利街,KT,1979-04-20,GN1001,San Lee Street,新利街,1979-04-20,GN1001,crowd|1979-gn1001-clear-water-bay-streets-San-Lee-Street-新利街-1979-04-20,declare,1979-04-20,GN1001,crowd|1979-gn1001-clear-water-bay-streets-San-Lee-Street-新利街-1979-04-20,declare,true,true,true,true,first_equals_latest
agree_latest,en_zh:San Lik Street|新力街,SAN LIK STREET,新力街,TM,1975-08-01,GN1693,San Lik Street,新力街,1975-08-01,GN1693,crowd|1975-gn1693-tuen-mun-streets-San-Lik-Street-新力街-1975-08-01,declare,1975-08-01,GN1693,crowd|1975-gn1693-tuen-mun-streets-San-Lik-Street-新力街-1975-08-01,declare,true,true,true,true,first_equals_latest
agree_latest,en_zh:San Ma Tau Street|新碼頭街,SAN MA TAU STREET,新碼頭街,KC,1958-09-19,GN1285,San Ma Tau Street,新碼頭街,1958-09-19,GN1285,crowd|1958-gn1285-ka-wai-man-san-ma-tau-San-Ma-Tau-Street-新碼頭街-1958-09-19,declare,1958-09-19,GN1285,crowd|1958-gn1285-ka-wai-man-san-ma-tau-San-Ma-Tau-Street-新碼頭街-1958-09-19,declare,true,true,true,true,first_equals_latest
agree_latest,en_zh:San On Street|新安街,SAN ON STREET,新安街,TM,1975-08-01,GN1693,San On Street,新安街,1975-08-01,GN1693,crowd|1975-gn1693-tuen-mun-streets-San-On-Street-新安街-1975-08-01,declare,1975-08-01,GN1693,crowd|1975-gn1693-tuen-mun-streets-San-On-Street-新安街-1975-08-01,declare,true,true,true,true,first_equals_latest
agree_latest,en_zh:San Ping Circuit|新平街,SAN PING CIRCUIT,新平街,TM,1975-08-01,GN1693,San Ping Circuit,新平街,1975-08-01,GN1693,crowd|1975-gn1693-tuen-mun-streets-San-Ping-Circuit-新平街-1975-08-01,declare,1975-08-01,GN1693,crowd|1975-gn1693-tuen-mun-streets-San-Ping-Circuit-新平街-1975-08-01,declare,true,true,true,true,first_equals_latest
agree_latest,en_zh:San Shan Road|新山道,SAN SHAN ROAD,新山道,KC,1926-04-16,GN202,San Shan Road,新山道,1926-04-16,GN202,crowd|1926-gn202-to-kwa-wan-road-11907-1926-04-16,declare,1926-04-16,GN202,crowd|1926-gn202-to-kwa-wan-road-11907-1926-04-16,declare,true,true,true,true,first_equals_latest
agree_latest,en_zh:San Shi Street|新市街,SAN SHI STREET,新市街,S,1932-04-22,GN245,San Shi Street,新市街,1932-04-22,GN245,crowd|1932-gn245-ap-lei-chau-streets-11908-1932-04-22,declare,1932-04-22,GN245,crowd|1932-gn245-ap-lei-chau-streets-11908-1932-04-22,declare,true,true,true,true,first_equals_latest
agree_latest,en_zh:San Shing Avenue|新成路,SAN SHING AVENUE,新成路,N,1958-06-06,GN770,San Shing Avenue,新成路,1958-06-06,GN770,crowd|1958-gn770-shek-wu-hui-San-Shing-Avenue-新成路-1958-06-06,declare,1958-06-06,GN770,crowd|1958-gn770-shek-wu-hui-San-Shing-Avenue-新成路-1958-06-06,declare,true,true,true,true,first_equals_latest
agree_latest,en_zh:San Shun Street|新順街,SAN SHUN STREET,新順街,KT,1979-04-20,GN1001,San Shun Street,新順街,1979-04-20,GN1001,crowd|1979-gn1001-clear-water-bay-streets-San-Shun-Street-新順街-1979-04-20,declare,1979-04-20,GN1001,crowd|1979-gn1001-clear-water-bay-streets-San-Shun-Street-新順街-1979-04-20,declare,true,true,true,true,first_equals_latest
agree_latest,en_zh:San Tsoi Street|新財街,SAN TSOI STREET,新財街,N,1958-06-06,GN770,San Tsoi Street,新財街,1958-06-06,GN770,crowd|1958-gn770-shek-wu-hui-San-Tsoi-Street-新財街-1958-06-06,declare,1958-06-06,GN770,crowd|1958-gn770-shek-wu-hui-San-Tsoi-Street-新財街-1958-06-06,declare,true,true,true,true,first_equals_latest
agree_latest,en_zh:San Yick Lane|新益里,SAN YICK LANE,新益里,TM,1975-08-01,GN1693,San Yick Lane,新益里,1975-08-01,GN1693,crowd|1975-gn1693-tuen-mun-streets-San-Yick-Lane-新益里-1975-08-01,declare,1975-08-01,GN1693,crowd|1975-gn1693-tuen-mun-streets-San-Yick-Lane-新益里-1975-08-01,declare,true,true,true,true,first_equals_latest
agree_latest,en_zh:Sapphire Path|寶石徑,SAPPHIRE PATH,寶石徑,SK,1983-01-28,GN324,Sapphire Path,寶石徑,1983-01-28,GN324,crowd|1983-gn324-sai-kung-Sapphire-Path-寶石徑-1983-01-28,declare,1983-01-28,GN324,crowd|1983-gn324-sai-kung-Sapphire-Path-寶石徑-1983-01-28,declare,true,true,true,true,first_equals_latest
agree_latest,en_zh:Sassoon Road|沙宣道,SASSOON ROAD,沙宣道,S,1924-04-04,GN187,Sassoon Road,沙宣道,1924-04-04,GN187,crowd|1924-gn187-sassoon-road-11923-1924-04-04,declare,1924-04-04,GN187,crowd|1924-gn187-sassoon-road-11923-1924-04-04,declare,true,true,true,true,first_equals_latest
agree_latest,en_zh:Sau Chuk Yuen Road|秀竹園道,SAU CHUK YUEN ROAD,秀竹園道,KC,1935-03-01,GN165,Sau Chuk Yuen Road,秀竹園道,1935-03-01,GN165,crowd|1935-gn165-kowloon-tong-streets-11924-1935-03-01,declare,1935-03-01,GN165,crowd|1935-gn165-kowloon-tong-streets-11924-1935-03-01,declare,true,true,true,true,first_equals_latest
agree_latest,en_zh:Sau Fu Street|壽富街,SAU FU STREET,壽富街,YL,1983-06-03,GN1752,Sau Fu Street,壽富街,1977-12-02,GN2944,crowd|1977-gn2944-yuen-long-streets-Sau-Fu-Street-壽富街-1977-12-02,declare,1983-06-03,GN1752,crowd|1983-gn1752-yuen-long-Sau-Fu-Street-壽富街-1983-06-03,extend,false,false,true,true,
agree_latest,en_zh:Scenic Villa Drive|美景徑,SCENIC VILLA DRIVE,美景徑,S,1974-10-11,GN2572,Scenic Villa Drive,美景徑,1974-10-11,GN2572,crowd|1974-gn2572-11934,declare,1974-10-11,GN2572,crowd|1974-gn2572-11934,declare,true,true,true,true,first_equals_latest
agree_latest,en_zh:School Road|學校路,SCHOOL ROAD,學校路,Is,2011-10-14,GN6773,School Road,學校路,2011-10-14,GN6773,2011-10-14|GN6773|0,declare,2011-10-14,GN6773,2011-10-14|GN6773|0,declare,true,true,true,true,first_equals_latest
agree_latest,en:SCHOONER STREET,SCHOONER STREET,捷船街,WC,1916-02-05,GN50,Schooner Street,帆船街,1916-02-05,GN50,crowd|1916-gn50-schooner-street-11937-1916-02-05,declare,1916-02-05,GN50,crowd|1916-gn50-schooner-street-11937-1916-02-05,declare,true,true,true,true,first_equals_latest
agree_latest,en_zh:Sea Point Road|海鳴路,SEA POINT ROAD,海鳴路,Is,2004-12-17,GN8104,Sea Point Road,海鳴路,2004-12-17,GN8104,crowd|2004-gn8104-14207,declare,2004-12-17,GN8104,crowd|2004-gn8104-14207,declare,true,true,true,true,first_equals_latest
agree_latest,en_zh:Seaview Promenade|麗海堤岸路,SEAVIEW PROMENADE,麗海堤岸路,S,1984-02-10,GN412,Seaview Promenade,麗海堤岸路,1984-02-10,GN412,crowd|1984-gn412-seaview-promenade-Seaview-Promenade-麗海堤岸路-1984-02-10,declare,1984-02-10,GN412,crowd|1984-gn412-seaview-promenade-Seaview-Promenade-麗海堤岸路-1984-02-10,declare,true,true,true,true,first_equals_latest
agree_latest,en_zh:Selkirk Road|西谷道,SELKIRK ROAD,西谷道,KC,1951-05-18,GN522,Selkirk Road,西谷道,1951-05-18,GN522,crowd|1951-gn522-kowloon-tong-streets-Selkirk-Road-西谷道-1951-05-18,declare,1951-05-18,GN522,crowd|1951-gn522-kowloon-tong-streets-Selkirk-Road-西谷道-1951-05-18,declare,true,true,true,true,first_equals_latest
agree_latest,en_zh:Severn Road|施勳道,SEVERN ROAD,施勳道,C&W,1921-06-17,GN271,Severn Road,施勳道,1921-06-17,GN271,crowd|1921-gn271-severn-road-11951-1921-06-17,declare,1921-06-17,GN271,crowd|1921-gn271-severn-road-11951-1921-06-17,declare,true,true,true,true,first_equals_latest
agree_latest,en_zh:Sha Kok Street|沙角街,SHA KOK STREET,沙角街,ST,1981-09-18,GN2794,Sha Kok Street,沙角街,1981-04-03,GN1022,crowd|1981-gn1022-sha-tin-roads-Sha-Kok-Street-沙角街-1981-04-03,declare,1981-09-18,GN2794,crowd|1981-gn2794-sha-tin-roads-Sha-Kok-Street-沙角街-1981-09-18,extend,false,false,true,true,
agree_latest,en_zh:Sha Tin Heights Road|沙田嶺路,SHA TIN HEIGHTS ROAD,沙田嶺路,ST,1983-07-01,GN2023,Sha Tin Heights Road,沙田嶺路,1983-07-01,GN2023,crowd|1983-gn2023-sha-tin-Sha-Tin-Heights-Road-沙田嶺路-1983-07-01,declare,1983-07-01,GN2023,crowd|1983-gn2023-sha-tin-Sha-Tin-Heights-Road-沙田嶺路-1983-07-01,declare,true,true,true,true,first_equals_latest
agree_latest,en_zh:Sha Tin Station Circuit|沙田車站圍,SHA TIN STATION CIRCUIT,沙田車站圍,ST,1984-06-15,GN1737,Sha Tin Station Circuit,沙田車站圍,1984-06-15,GN1737,crowd|1984-gn1737-sha-tin-Sha-Tin-Station-Circuit-沙田車站圍-1984-06-15,declare,1984-06-15,GN1737,crowd|1984-gn1737-sha-tin-Sha-Tin-Station-Circuit-沙田車站圍-1984-06-15,declare,true,true,true,true,first_equals_latest
agree_latest,en_zh:Sha Wan Drive|沙灣徑,SHA WAN DRIVE,沙灣徑,S,1984-06-22,GN1825,Sha Wan Drive,沙灣徑,1984-06-22,GN1825,crowd|1984-gn1825-sha-wan-drive-Sha-Wan-Drive-沙灣徑-1984-06-22,declare,1984-06-22,GN1825,crowd|1984-gn1825-sha-wan-drive-Sha-Wan-Drive-沙灣徑-1984-06-22,declare,true,true,true,true,first_equals_latest
agree_latest,en_zh:Shan Kwong Road|山光道,SHAN KWONG ROAD,山光道,WC,1953-09-18,GN1143,Shan Kwong Road,山光道,1930-03-07,GN138,crowd|1930-gn138-village-road-11978-1930-03-07,declare,1953-09-18,GN1143,crowd|1953-gn1143-village-shan-kwong-Shan-Kwong-Road-山光道-1953-09-18,extend,false,false,true,true,
agree_latest,en_zh:Shan Mei Street|山尾街,SHAN MEI STREET,山尾街,ST,1981-06-12,GN1685,Shan Mei Street,山尾街,1981-06-12,GN1685,crowd|1981-gn1685-fo-tan-streets-Shan-Mei-Street-山尾街-1981-06-12,declare,1981-06-12,GN1685,crowd|1981-gn1685-fo-tan-streets-Shan-Mei-Street-山尾街-1981-06-12,declare,true,true,true,true,first_equals_latest
agree_latest,en_zh:Shanghai Street|上海街,SHANGHAI STREET,上海街,YTM,1909-03-19,GN184,Shanghai Street,上海街,1909-03-19,GN184,crowd|1909-gn184-safe-11984-1909-03-19,rename,1909-03-19,GN184,crowd|1909-gn184-safe-11984-1909-03-19,rename,true,true,true,true,first_equals_latest
agree_latest,en_zh:Shansi Street|山西街,SHANSI STREET,山西街,KC,1935-04-26,GN334,Shansi Street,山西街,1935-04-26,GN334,crowd|1935-gn334-kowloon-streets-11985-1935-04-26,declare,1935-04-26,GN334,crowd|1935-gn334-kowloon-streets-11985-1935-04-26,declare,true,true,true,true,first_equals_latest
agree_latest,en_zh:Shantung Street|山東街,SHANTUNG STREET,山東街,YTM,1909-05-28,GN323,Shantung Street,山東街,1909-05-28,GN323,crowd|1909-gn323-hart-shantung-11986-1909-05-28,rename,1909-05-28,GN323,crowd|1909-gn323-hart-shantung-11986-1909-05-28,rename,true,true,true,true,first_equals_latest
agree_latest,en_zh:Shek Kip Mei Street|石硤尾街,SHEK KIP MEI STREET,石硤尾街,SSP,1980-04-18,GN1183,Shek Kip Mei Street,石硤尾街,1926-08-13,GN423,crowd|1926-gn423-shek-kip-mei-street-11995-1926-08-13,declare,1980-04-18,GN1183,crowd|1980-gn1183-shek-kip-mei-street-Shek-Kip-Mei-Street-石硤尾街-1980-04-18,extend,false,false,true,true,
agree_latest,en:SHEK KU LUNG ROAD,SHEK KU LUNG ROAD,石鼓壟道,KC,1926-06-25,GN342,Shek Ku Lung Road,石古壟道,1926-06-25,GN342,crowd|1926-gn342-nga-tsin-wai-road-11996-1926-06-25,declare,1926-06-25,GN342,crowd|1926-gn342-nga-tsin-wai-road-11996-1926-06-25,declare,true,true,true,true,first_equals_latest
agree_latest,en_zh:Shek Lau Tung Street|石榴洞街,SHEK LAU TUNG STREET,石榴洞街,ST,1981-06-12,GN1685,Shek Lau Tung Street,石榴洞街,1981-06-12,GN1685,crowd|1981-gn1685-fo-tan-streets-Shek-Lau-Tung-Street-石榴洞街-1981-06-12,declare,1981-06-12,GN1685,crowd|1981-gn1685-fo-tan-streets-Shek-Lau-Tung-Street-石榴洞街-1981-06-12,declare,true,true,true,true,first_equals_latest
agree_latest,en_zh:Shek Man Path|石文徑,SHEK MAN PATH,石文徑,K&T,1974-04-19,GN1023,Shek Man Path,石文徑,1974-04-19,GN1023,crowd|1974-gn1023-kwai-chung-streets-12003-1974-04-19,declare,1974-04-19,GN1023,crowd|1974-gn1023-kwai-chung-streets-12003-1974-04-19,declare,true,true,true,true,first_equals_latest
agree_latest,en_zh:Shek Pai Wan Road|石排灣道,SHEK PAI WAN ROAD,石排灣道,S,1961-08-04,GN1335,Shek Pai Wan Road,石排灣道,1961-08-04,GN1335,crowd|1961-gn1335-island-road-renames-Shek-Pai-Wan-Road-石排灣道-1961-08-04,rename,1961-08-04,GN1335,crowd|1961-gn1335-island-road-renames-Shek-Pai-Wan-Road-石排灣道-1961-08-04,rename,true,true,true,true,first_equals_latest
agree_latest,en_zh:Shek Po East Road|石埗東路,SHEK PO EAST ROAD,石埗東路,YL,2020-05-22,GN2656,Shek Po East Road,石埗東路,2020-05-22,GN2656,2020-05-22|GN2656|0,declare,2020-05-22,GN2656,2020-05-22|GN2656|0,declare,true,true,true,true,first_equals_latest
agree_latest,en_zh:Shek Tin Road|石田路,SHEK TIN ROAD,石田路,YL,2014-02-14,GN931,Shek Tin Road,石田路,2014-02-14,GN931,2014-02-14|GN931|0,declare,2014-02-14,GN931,2014-02-14|GN931|0,declare,true,true,true,true,first_equals_latest
agree_latest,en_zh:Shek Tong Street|石塘街,SHEK TONG STREET,石塘街,KC,1926-06-25,GN342,Shek Tong Street,石塘街,1926-06-25,GN342,crowd|1926-gn342-nga-tsin-wai-road-12015-1926-06-25,declare,1926-06-25,GN342,crowd|1926-gn342-nga-tsin-wai-road-12015-1926-06-25,declare,true,true,true,true,first_equals_latest
agree_latest,en_zh:Shek Tsai Po Street|石仔埗街,SHEK TSAI PO STREET,石仔埗街,Is,1983-12-02,GN3792,Shek Tsai Po Street,石仔埗街,1983-12-02,GN3792,crowd|1983-gn3792-tai-o-Shek-Tsai-Po-Street-石仔埗街-1983-12-02,declare,1983-12-02,GN3792,crowd|1983-gn3792-tai-o-Shek-Tsai-Po-Street-石仔埗街-1983-12-02,declare,true,true,true,true,first_equals_latest
agree_latest,en_zh:Shek Ying Path|石英徑,SHEK YING PATH,石英徑,K&T,1974-04-19,GN1023,Shek Ying Path,石英徑,1974-04-19,GN1023,crowd|1974-gn1023-kwai-chung-streets-12020-1974-04-19,declare,1974-04-19,GN1023,crowd|1974-gn1023-kwai-chung-streets-12020-1974-04-19,declare,true,true,true,true,first_equals_latest
agree_latest,en_zh:Shell Street|蜆殼街,SHELL STREET,蜆殼街,WC,1952-08-15,GN972,Shell Street,蜆殼街,1952-08-15,GN972,crowd|1952-gn972-north-point-streets-Shell-Street-蜆殼街-1952-08-15,declare,1952-08-15,GN972,crowd|1952-gn972-north-point-streets-Shell-Street-蜆殼街-1952-08-15,declare,true,true,true,true,first_equals_latest
agree_latest,en_zh:Sheung Heung Road|上鄉道,SHEUNG HEUNG ROAD,上鄉道,KC,1935-04-26,GN334,Sheung Heung Road,上鄉道,1935-04-26,GN334,crowd|1935-gn334-kowloon-streets-12029-1935-04-26,extend,1935-04-26,GN334,crowd|1935-gn334-kowloon-streets-12029-1935-04-26,extend,true,true,true,true,first_equals_latest
agree_latest,en_zh:Sheung Kin Street|常健街,SHEUNG KIN STREET,常健街,KC,2010-06-18,GN3611,Sheung Kin Street,常健街,2010-06-18,GN3611,2010-06-18|GN3611|0,declare,2010-06-18,GN3611,2010-06-18|GN3611|0,declare,true,true,true,true,first_equals_latest
agree_latest,en_zh:Sheung Kok Shan Road|上角山路,SHEUNG KOK SHAN ROAD,上角山路,TW,2010-08-06,GN5085,Sheung Kok Shan Road,上角山路,2010-08-06,GN5085,2010-08-06|GN5085|0,declare,2010-08-06,GN5085,2010-08-06|GN5085|0,declare,true,true,true,true,first_equals_latest
agree_latest,en_zh:Sheung Shing Lane|常盛里,SHEUNG SHING LANE,常盛里,KC,2017-02-17,GN876,Sheung Shing Lane,常盛里,2017-02-17,GN876,2017-02-17|GN876|0,declare,2017-02-17,GN876,2017-02-17|GN876|0,declare,true,true,true,true,first_equals_latest
agree_latest,en_zh:Sheung Yee Road|常怡道,SHEUNG YEE ROAD,常怡道,KT,1983-07-15,GN2233,Sheung Yee Road,常怡道,1983-07-15,GN2233,crowd|1983-gn2233-kowloon-bay-Sheung-Yee-Road-常怡道-1983-07-15,declare,1983-07-15,GN2233,crowd|1983-gn2233-kowloon-bay-Sheung-Yee-Road-常怡道-1983-07-15,declare,true,true,true,true,first_equals_latest
agree_latest,en_zh:Sheung Yip Street|尚業街,SHEUNG YIP STREET,尚業街,KT,2026-02-13,GN995,Sheung Yip Street,尚業街,2026-02-13,GN995,2026-02-13|GN995|0,declare,2026-02-13,GN995,2026-02-13|GN995|0,declare,true,true,true,true,first_equals_latest
agree_latest,en_zh:Sheung Yuet Road|常悅道,SHEUNG YUET ROAD,常悅道,KT,1983-07-15,GN2233,Sheung Yuet Road,常悅道,1983-07-15,GN2233,crowd|1983-gn2233-kowloon-bay-Sheung-Yuet-Road-常悅道-1983-07-15,declare,1983-07-15,GN2233,crowd|1983-gn2233-kowloon-bay-Sheung-Yuet-Road-常悅道-1983-07-15,declare,true,true,true,true,first_equals_latest
agree_latest,en_zh:Shim Luen Street|蟬聯街,SHIM LUEN STREET,蟬聯街,KC,1959-04-17,GN548,Shim Luen Street,蟬聯街,1959-04-17,GN548,crowd|1959-gn548-ma-tau-kok-streets-Shim-Luen-Street-蟬聯街-1959-04-17,declare,1959-04-17,GN548,crowd|1959-gn548-ma-tau-kok-streets-Shim-Luen-Street-蟬聯街-1959-04-17,declare,true,true,true,true,first_equals_latest
agree_latest,en_zh:Shin Lun Lane|善鄰里,SHIN LUN LANE,善鄰里,KC,2017-03-03,GN1160,Shin Lun Lane,善鄰里,2017-03-03,GN1160,2017-03-03|GN1160|7,declare,2017-03-03,GN1160,2017-03-03|GN1160|7,declare,true,true,true,true,first_equals_latest
agree_latest,en_zh:Shing Chuen Road|成全路,SHING CHUEN ROAD,成全路,ST,1979-12-21,GN3311,Shing Chuen Road,成全路,1979-12-21,GN3311,crowd|1979-gn3311-sha-tin-shing-streets-Shing-Chuen-Road-成全路-1979-12-21,declare,1979-12-21,GN3311,crowd|1979-gn3311-sha-tin-shing-streets-Shing-Chuen-Road-成全路-1979-12-21,declare,true,true,true,true,first_equals_latest
agree_latest,en_zh:Shing Fong Street|盛芳街,SHING FONG STREET,盛芳街,K&T,1974-04-19,GN1023,Shing Fong Street,盛芳街,1974-04-19,GN1023,crowd|1974-gn1023-kwai-chung-streets-12045-1974-04-19,declare,1974-04-19,GN1023,crowd|1974-gn1023-kwai-chung-streets-12045-1974-04-19,declare,true,true,true,true,first_equals_latest
agree_latest,en_zh:Shing Fuk Street|盛福街,SHING FUK STREET,盛福街,K&T,1974-04-19,GN1023,Shing Fuk Street,盛福街,1974-04-19,GN1023,crowd|1974-gn1023-kwai-chung-streets-12046-1974-04-19,declare,1974-04-19,GN1023,crowd|1974-gn1023-kwai-chung-streets-12046-1974-04-19,declare,true,true,true,true,first_equals_latest
agree_latest,en_zh:Shing Hing Street|成興街,SHING HING STREET,成興街,ST,1979-12-21,GN3311,Shing Hing Street,成興街,1979-12-21,GN3311,crowd|1979-gn3311-sha-tin-shing-streets-Shing-Hing-Street-成興街-1979-12-21,declare,1979-12-21,GN3311,crowd|1979-gn3311-sha-tin-shing-streets-Shing-Hing-Street-成興街-1979-12-21,declare,true,true,true,true,first_equals_latest
agree_latest,en_zh:Shing Kai Road|承啟道,SHING KAI ROAD,承啟道,KC,2017-03-03,GN1160,Shing Kai Road,承啟道,2012-09-28,GN6493,crowd|2012-gn6493-kowloon-city-streets-14363-2012-09-28,declare,2017-03-03,GN1160,2017-03-03|GN1160|8,declare,false,false,true,true,
agree_latest,en_zh:Shing Ping Street|昇平街,SHING PING STREET,昇平街,WC,1930-03-07,GN138,Shing Ping Street,昇平街,1930-03-07,GN138,crowd|1930-gn138-village-road-12055-1930-03-07,declare,1930-03-07,GN138,crowd|1930-gn138-village-road-12055-1930-03-07,declare,true,true,true,true,first_equals_latest
agree_latest,en_zh:Shing Tak Street|盛德街,SHING TAK STREET,盛德街,KC,1958-08-22,GN1143,Shing Tak Street,盛德街,1958-08-22,GN1143,crowd|1958-gn1143-shing-tak-street-Shing-Tak-Street-盛德街-1958-08-22,declare,1958-08-22,GN1143,crowd|1958-gn1143-shing-tak-street-Shing-Tak-Street-盛德街-1958-08-22,declare,true,true,true,true,first_equals_latest
agree_latest,en_zh:Shing Wan Road|成運路,SHING WAN ROAD,成運路,ST,1979-12-21,GN3311,Shing Wan Road,成運路,1979-12-21,GN3311,crowd|1979-gn3311-sha-tin-shing-streets-Shing-Wan-Road-成運路-1979-12-21,declare,1979-12-21,GN3311,crowd|1979-gn3311-sha-tin-shing-streets-Shing-Wan-Road-成運路-1979-12-21,declare,true,true,true,true,first_equals_latest
agree_latest,en_zh:Shing Yan Lane|承恩里,SHING YAN LANE,承恩里,KC,2024-12-06,GN7369,Shing Yan Lane,承恩里,2024-12-06,GN7369,2024-12-06|GN7369|0,declare,2024-12-06,GN7369,2024-12-06|GN7369|0,declare,true,true,true,true,first_equals_latest
agree_latest,en_zh:Short Street|述德街,SHORT STREET,述德街,KC,1935-03-01,GN165,Short Street,述德街,1935-03-01,GN165,crowd|1935-gn165-kowloon-tong-streets-12069-1935-03-01,declare,1935-03-01,GN165,crowd|1935-gn165-kowloon-tong-streets-12069-1935-03-01,declare,true,true,true,true,first_equals_latest
agree_latest,en_zh:Shouson Hill Road East|壽臣山道東,SHOUSON HILL ROAD EAST,壽臣山道東,S,1940-04-26,GN479,Shouson Hill Road East,壽臣山道東,1940-04-26,GN479,crowd|1940-gn479-shouson-hill-roads-12071-1940-04-26,declare,1940-04-26,GN479,crowd|1940-gn479-shouson-hill-roads-12071-1940-04-26,declare,true,true,true,true,first_equals_latest
agree_latest,en_zh:Shouson Hill Road West|壽臣山道西,SHOUSON HILL ROAD WEST,壽臣山道西,S,1940-04-26,GN479,Shouson Hill Road West,壽臣山道西,1940-04-26,GN479,crowd|1940-gn479-shouson-hill-roads-12072-1940-04-26,declare,1940-04-26,GN479,crowd|1940-gn479-shouson-hill-roads-12072-1940-04-26,declare,true,true,true,true,first_equals_latest
agree_latest,en_zh:Shu Kuk Street|書局街,SHU KUK STREET,書局街,E,1937-09-24,GN682,Shu Kuk Street,書局街,1937-09-24,GN682,crowd|1937-gn682-island-roads-12074-1937-09-24,declare,1937-09-24,GN682,crowd|1937-gn682-island-roads-12074-1937-09-24,declare,true,true,true,true,first_equals_latest
agree_latest,en_zh:Shui Che Kwun Lane|水車館里,SHUI CHE KWUN LANE,水車館里,YL,2017-10-13,GN7595,Shui Che Kwun Lane,水車館里,2017-10-13,GN7595,2017-10-13|GN7595|8,declare,2017-10-13,GN7595,2017-10-13|GN7595|8,declare,true,true,true,true,first_equals_latest
agree_latest,en:SHUI CHUEN AU STREET,SHUI CHUEN AU STREET,水泉坳街,ST,1983-07-01,GN2023,Shui Chuen Au Street,水泉㘭街,1983-07-01,GN2023,crowd|1983-gn2023-sha-tin-Shui-Chuen-Au-Street-水泉㘭街-1983-07-01,declare,1983-07-01,GN2023,crowd|1983-gn2023-sha-tin-Shui-Chuen-Au-Street-水泉㘭街-1983-07-01,declare,true,true,true,true,first_equals_latest
agree_latest,en_zh:Shui Fu Road|水庫路,SHUI FU ROAD,水庫路,YL,2009-09-18,GN5906,Shui Fu Road,水庫路,2009-09-18,GN5906,2009-09-18|GN5906|0,declare,2009-09-18,GN5906,2009-09-18|GN5906|0,declare,true,true,true,true,first_equals_latest
agree_latest,en_zh:Shui Pin Wai Road|水邊圍路,SHUI PIN WAI ROAD,水邊圍路,YL,1981-12-18,GN3742,Shui Pin Wai Road,水邊圍路,1981-12-18,GN3742,crowd|1981-gn3742-yuen-long-Shui-Pin-Wai-Road-水邊圍路-1981-12-18,declare,1981-12-18,GN3742,crowd|1981-gn3742-yuen-long-Shui-Pin-Wai-Road-水邊圍路-1981-12-18,declare,true,true,true,true,first_equals_latest
agree_latest,en_zh:Shum Wan Pier Drive|深灣碼頭徑,SHUM WAN PIER DRIVE,深灣碼頭徑,S,1979-12-07,GN3193,Shum Wan Pier Drive,深灣碼頭徑,1979-12-07,GN3193,crowd|1979-gn3193-shum-wan-pier-drive-Shum-Wan-Pier-Drive-深灣碼頭徑-1979-12-07,declare,1979-12-07,GN3193,crowd|1979-gn3193-shum-wan-pier-drive-Shum-Wan-Pier-Drive-深灣碼頭徑-1979-12-07,declare,true,true,true,true,first_equals_latest
agree_latest,en_zh:Shun Chi Street|順緻街,SHUN CHI STREET,順緻街,KT,1979-04-20,GN1001,Shun Chi Street,順緻街,1979-04-20,GN1001,crowd|1979-gn1001-clear-water-bay-streets-Shun-Chi-Street-順緻街-1979-04-20,declare,1979-04-20,GN1001,crowd|1979-gn1001-clear-water-bay-streets-Shun-Chi-Street-順緻街-1979-04-20,declare,true,true,true,true,first_equals_latest
agree_latest,en_zh:Shun Ching Street|順清街,SHUN CHING STREET,順清街,KT,1979-04-20,GN1001,Shun Ching Street,順清街,1979-04-20,GN1001,crowd|1979-gn1001-clear-water-bay-streets-Shun-Ching-Street-順清街-1979-04-20,declare,1979-04-20,GN1001,crowd|1979-gn1001-clear-water-bay-streets-Shun-Ching-Street-順清街-1979-04-20,declare,true,true,true,true,first_equals_latest
agree_latest,en_zh:Shun Chit Road|順捷路,SHUN CHIT ROAD,順捷路,Is,2017-03-10,GN1273,Shun Chit Road,順捷路,2017-03-10,GN1273,2017-03-10|GN1273|2,declare,2017-03-10,GN1273,2017-03-10|GN1273|2,declare,true,true,true,true,first_equals_latest
agree_latest,en_zh:Shun Fai Road|順暉路,SHUN FAI ROAD,順暉路,Is,2017-03-10,GN1273,Shun Fai Road,順暉路,2017-03-10,GN1273,2017-03-10|GN1273|3,declare,2017-03-10,GN1273,2017-03-10|GN1273|3,declare,true,true,true,true,first_equals_latest
agree_latest,en_zh:Shun Fong Street|信芳街,SHUN FONG STREET,信芳街,K&T,1974-04-19,GN1023,Shun Fong Street,信芳街,1974-04-19,GN1023,crowd|1974-gn1023-kwai-chung-streets-12086-1974-04-19,declare,1974-04-19,GN1023,crowd|1974-gn1023-kwai-chung-streets-12086-1974-04-19,declare,true,true,true,true,first_equals_latest
agree_latest,en_zh:Shun Fu Street|順富街,SHUN FU STREET,順富街,E,1980-03-14,GN787,Shun Fu Street,順富街,1980-03-14,GN787,crowd|1980-gn787-hong-cheung-shun-fu-Shun-Fu-Street-順富街-1980-03-14,declare,1980-03-14,GN787,crowd|1980-gn787-hong-cheung-shun-fu-Shun-Fu-Street-順富街-1980-03-14,declare,true,true,true,true,first_equals_latest
agree_latest,en_zh:Shun Hang Road|順行路,SHUN HANG ROAD,順行路,Is,2017-03-10,GN1273,Shun Hang Road,順行路,2017-03-10,GN1273,2017-03-10|GN1273|4,declare,2017-03-10,GN1273,2017-03-10|GN1273|4,declare,true,true,true,true,first_equals_latest
agree_latest,en_zh:Shun King Street|順景街,SHUN KING STREET,順景街,KT,1979-04-20,GN1001,Shun King Street,順景街,1979-04-20,GN1001,crowd|1979-gn1001-clear-water-bay-streets-Shun-King-Street-順景街-1979-04-20,declare,1979-04-20,GN1001,crowd|1979-gn1001-clear-water-bay-streets-Shun-King-Street-順景街-1979-04-20,declare,true,true,true,true,first_equals_latest
agree_latest,en_zh:Shun Lee Tsuen Road|順利邨道,SHUN LEE TSUEN ROAD,順利邨道,KT,1979-04-20,GN1001,Shun Lee Tsuen Road,順利邨道,1979-04-20,GN1001,crowd|1979-gn1001-clear-water-bay-streets-Shun-Lee-Tsuen-Road-順利邨道-1979-04-20,declare,1979-04-20,GN1001,crowd|1979-gn1001-clear-water-bay-streets-Shun-Lee-Tsuen-Road-順利邨道-1979-04-20,declare,true,true,true,true,first_equals_latest
agree_latest,en_zh:Shun Lin Road|順連路,SHUN LIN ROAD,順連路,Is,2017-03-10,GN1273,Shun Lin Road,順連路,2017-03-10,GN1273,2017-03-10|GN1273|5,declare,2017-03-10,GN1273,2017-03-10|GN1273|5,declare,true,true,true,true,first_equals_latest
agree_latest,en_zh:Shun Long Road|順朗路,SHUN LONG ROAD,順朗路,Is,2017-03-10,GN1273,Shun Long Road,順朗路,2017-03-10,GN1273,2017-03-10|GN1273|6,declare,2017-03-10,GN1273,2017-03-10|GN1273|6,declare,true,true,true,true,first_equals_latest
agree_latest,en_zh:Shun Lui Road|順旅路,SHUN LUI ROAD,順旅路,Is,2017-03-10,GN1273,Shun Lui Road,順旅路,2017-03-10,GN1273,2017-03-10|GN1273|7,declare,2017-03-10,GN1273,2017-03-10|GN1273|7,declare,true,true,true,true,first_equals_latest
agree_latest,en_zh:Shun Ming Road|順明路,SHUN MING ROAD,順明路,Is,2017-03-10,GN1273,Shun Ming Road,順明路,2017-03-10,GN1273,2017-03-10|GN1273|8,declare,2017-03-10,GN1273,2017-03-10|GN1273|8,declare,true,true,true,true,first_equals_latest
agree_latest,en_zh:Shun Ngon Road|順岸路,SHUN NGON ROAD,順岸路,Is,2017-03-10,GN1273,Shun Ngon Road,順岸路,2017-03-10,GN1273,2017-03-10|GN1273|9,declare,2017-03-10,GN1273,2017-03-10|GN1273|9,declare,true,true,true,true,first_equals_latest
agree_latest,en_zh:Shun Ning Road|順寧道,SHUN NING ROAD,順寧道,SSP,1934-02-09,GN91,Shun Ning Road,順寧道,1934-02-09,GN91,crowd|1934-gn91-cheung-sha-wan-streets-12093-1934-02-09,declare,1934-02-09,GN91,crowd|1934-gn91-cheung-sha-wan-streets-12093-1934-02-09,declare,true,true,true,true,first_equals_latest
agree_latest,en_zh:Shun On Road|順安道,SHUN ON ROAD,順安道,KT,1979-04-20,GN1001,Shun On Road,順安道,1979-04-20,GN1001,crowd|1979-gn1001-clear-water-bay-streets-Shun-On-Road-順安道-1979-04-20,declare,1979-04-20,GN1001,crowd|1979-gn1001-clear-water-bay-streets-Shun-On-Road-順安道-1979-04-20,declare,true,true,true,true,first_equals_latest
agree_latest,en_zh:Shun Tai Road|順泰道,SHUN TAI ROAD,順泰道,E,1984-11-30,GN3529,Shun Tai Road,順泰道,1984-11-30,GN3529,crowd|1984-gn3529-eastern-Shun-Tai-Road-順泰道-1984-11-30,declare,1984-11-30,GN3529,crowd|1984-gn3529-eastern-Shun-Tai-Road-順泰道-1984-11-30,declare,true,true,true,true,first_equals_latest
agree_latest,en_zh:Shun Wan Road|順環路,SHUN WAN ROAD,順環路,Is,2017-03-10,GN1273,Shun Wan Road,順環路,2017-03-10,GN1273,2017-03-10|GN1273|10,declare,2017-03-10,GN1273,2017-03-10|GN1273|10,declare,true,true,true,true,first_equals_latest
agree_latest,en_zh:Shun Wui Road|順匯路,SHUN WUI ROAD,順匯路,Is,2017-03-10,GN1273,Shun Wui Road,順匯路,2017-03-10,GN1273,2017-03-10|GN1273|11,declare,2017-03-10,GN1273,2017-03-10|GN1273|11,declare,true,true,true,true,first_equals_latest
agree_latest,en_zh:Shun Yip Street|順業街,SHUN YIP STREET,順業街,KT,1976-12-24,GN2874,Shun Yip Street,順業街,1976-12-24,GN2874,crowd|1976-gn2874-kowloon-bay-streets-Shun-Yip-Street-順業街-1976-12-24,declare,1976-12-24,GN2874,crowd|1976-gn2874-kowloon-bay-streets-Shun-Yip-Street-順業街-1976-12-24,declare,true,true,true,true,first_equals_latest
agree_latest,en_zh:Shung Shan Street|崇山街,SHUNG SHAN STREET,崇山街,KT,2018-05-04,GN3295,Shung Shan Street,崇山街,2018-05-04,GN3295,2018-05-04|GN3295|0,declare,2018-05-04,GN3295,2018-05-04|GN3295|0,declare,true,true,true,true,first_equals_latest
agree_latest,en_zh:Sik On Street|適安街,SIK ON STREET,適安街,WC,1957-03-22,GN422,Sik On Street,適安街,1957-03-22,GN422,crowd|1957-gn422-sik-on-street-Sik-On-Street-適安街-1957-03-22,declare,1957-03-22,GN422,crowd|1957-gn422-sik-on-street-Sik-On-Street-適安街-1957-03-22,declare,true,true,true,true,first_equals_latest
agree_latest,en_zh:Silver Cape Road|銀岬路,SILVER CAPE ROAD,銀岬路,SK,1983-01-28,GN324,Silver Cape Road,銀岬路,1983-01-28,GN324,crowd|1983-gn324-sai-kung-Silver-Cape-Road-銀岬路-1983-01-28,declare,1983-01-28,GN324,crowd|1983-gn324-sai-kung-Silver-Cape-Road-銀岬路-1983-01-28,declare,true,true,true,true,first_equals_latest
agree_latest,en_zh:Silverstrand Beach Road|銀綫灣道,SILVERSTRAND BEACH ROAD,銀綫灣道,SK,1977-06-10,GN1311,Silverstrand Beach Road,銀綫灣道,1977-06-10,GN1311,crowd|1977-gn1311-sai-kung-roads-Silverstrand-Beach-Road-銀綫灣道-1977-06-10,declare,1977-06-10,GN1311,crowd|1977-gn1311-sai-kung-roads-Silverstrand-Beach-Road-銀綫灣道-1977-06-10,declare,true,true,true,true,first_equals_latest
agree_latest,en_zh:Sing Woo Crescent|成和坊,SING WOO CRESCENT,成和坊,WC,1952-05-23,GN620,Sing Woo Crescent,成和坊,1952-05-23,GN620,crowd|1952-gn620-sing-woo-crescent-Sing-Woo-Crescent-成和坊-1952-05-23,declare,1952-05-23,GN620,crowd|1952-gn620-sing-woo-crescent-Sing-Woo-Crescent-成和坊-1952-05-23,declare,true,true,true,true,first_equals_latest
agree_latest,en_zh:Siu Cheung Fong|兆祥坊,SIU CHEUNG FONG,兆祥坊,C&W,1958-06-27,GN865,Siu Cheung Fong,兆祥坊,1924-01-25,GN41,crowd|1924-gn41-siu-cheung-fong-12115-1924-01-25,declare,1958-06-27,GN865,crowd|1958-gn865-major-streets-Siu-Cheung-Fong-兆祥坊-1958-06-27,extend,false,false,true,true,our_event_count=3
agree_latest,en_zh:Siu Yip Street|兆業街,SIU YIP STREET,兆業街,KT,1976-01-16,GN141,Siu Yip Street,兆業街,1976-01-16,GN141,crowd|1976-gn141-kwun-tong-tai-yip-Siu-Yip-Street-兆業街-1976-01-16,declare,1976-01-16,GN141,crowd|1976-gn141-kwun-tong-tai-yip-Siu-Yip-Street-兆業街-1976-01-16,declare,true,true,true,true,first_equals_latest
agree_latest,en_zh:Soares Avenue|梭椏道,SOARES AVENUE,梭椏道,KC,1925-10-09,GN575,Soares Avenue,梭椏道,1925-10-09,GN575,crowd|1925-gn575-village-road-12123-1925-10-09,declare,1925-10-09,GN575,crowd|1925-gn575-village-road-12123-1925-10-09,declare,true,true,true,true,first_equals_latest
agree_latest,en_zh:Sok Kwu Wan First Street|索罟灣第一街,SOK KWU WAN FIRST STREET,索罟灣第一街,Is,1983-10-28,GN3425,Sok Kwu Wan First Street,索罟灣第一街,1983-10-28,GN3425,crowd|1983-gn3425-lamma-Sok-Kwu-Wan-First-Street-索罟灣第一街-1983-10-28,declare,1983-10-28,GN3425,crowd|1983-gn3425-lamma-Sok-Kwu-Wan-First-Street-索罟灣第一街-1983-10-28,declare,true,true,true,true,first_equals_latest
agree_latest,en_zh:Sok Kwu Wan Second Street|索罟灣第二街,SOK KWU WAN SECOND STREET,索罟灣第二街,Is,1983-10-28,GN3425,Sok Kwu Wan Second Street,索罟灣第二街,1983-10-28,GN3425,crowd|1983-gn3425-lamma-Sok-Kwu-Wan-Second-Street-索罟灣第二街-1983-10-28,declare,1983-10-28,GN3425,crowd|1983-gn3425-lamma-Sok-Kwu-Wan-Second-Street-索罟灣第二街-1983-10-28,declare,true,true,true,true,first_equals_latest
agree_latest,en_zh:Sok Kwu Wan Third Street|索罟灣第三街,SOK KWU WAN THIRD STREET,索罟灣第三街,Is,1983-10-28,GN3425,Sok Kwu Wan Third Street,索罟灣第三街,1983-10-28,GN3425,crowd|1983-gn3425-lamma-Sok-Kwu-Wan-Third-Street-索罟灣第三街-1983-10-28,declare,1983-10-28,GN3425,crowd|1983-gn3425-lamma-Sok-Kwu-Wan-Third-Street-索罟灣第三街-1983-10-28,declare,true,true,true,true,first_equals_latest
agree_latest,en_zh:Somerset Road|森麻實道,SOMERSET ROAD,森麻實道,KC,1929-08-23,GN427,Somerset Road,森麻實道,1929-08-23,GN427,crowd|1929-gn427-waterloo-road-12127-1929-08-23,declare,1929-08-23,GN427,crowd|1929-gn427-waterloo-road-12127-1929-08-23,declare,true,true,true,true,first_equals_latest
agree_latest,en_zh:South Wall Road|城南道,SOUTH WALL ROAD,城南道,KC,1932-09-16,GN592,South Wall Road,城南道,1932-09-16,GN592,crowd|1932-gn592-12132-1932-09-16,declare,1932-09-16,GN592,crowd|1932-gn592-12132-1932-09-16,declare,true,true,true,true,first_equals_latest
agree_latest,en_zh:St John's Lane|聖約翰里,ST JOHN'S LANE,聖約翰里,KC,1978-07-21,GN1853,St John's Lane,聖約翰里,1978-07-21,GN1853,crowd|1978-gn1853-st-johns-lane-St-John-s-Lane-聖約翰里-1978-07-21,declare,1978-07-21,GN1853,crowd|1978-gn1853-st-johns-lane-St-John-s-Lane-聖約翰里-1978-07-21,declare,true,true,true,true,first_equals_latest
agree_latest,en_zh:Stafford Road|施他佛道,STAFFORD ROAD,施他佛道,KC,1929-08-23,GN427,Stafford Road,施他佛道,1929-08-23,GN427,crowd|1929-gn427-waterloo-road-12145-1929-08-23,declare,1929-08-23,GN427,crowd|1929-gn427-waterloo-road-12145-1929-08-23,declare,true,true,true,true,first_equals_latest
agree_latest,en_zh:Stanley Beach Road|赤柱灘道,STANLEY BEACH ROAD,赤柱灘道,S,1933-11-10,GN727,Stanley Beach Road,赤柱灘道,1933-11-10,GN727,crowd|1933-gn727-stanley-roads-12147-1933-11-10,declare,1933-11-10,GN727,crowd|1933-gn727-stanley-roads-12147-1933-11-10,declare,true,true,true,true,first_equals_latest
agree_latest,en_zh:Stanley Gap Road|赤柱峽道,STANLEY GAP ROAD,赤柱峽道,S,1961-08-04,GN1335,Stanley Gap Road,赤柱峽道,1961-08-04,GN1335,crowd|1961-gn1335-island-road-renames-Stanley-Gap-Road-赤柱峽道-1961-08-04,rename,1961-08-04,GN1335,crowd|1961-gn1335-island-road-renames-Stanley-Gap-Road-赤柱峽道-1961-08-04,rename,true,true,true,true,first_equals_latest
agree_latest,en_zh:Stanley Link Road|赤柱連合道,STANLEY LINK ROAD,赤柱連合道,S,1980-05-02,GN1356,Stanley Link Road,赤柱連合道,1980-05-02,GN1356,crowd|1980-gn1356-stanley-paths-Stanley-Link-Road-赤柱連合道-1980-05-02,extend,1980-05-02,GN1356,crowd|1980-gn1356-stanley-paths-Stanley-Link-Road-赤柱連合道-1980-05-02,extend,true,true,true,true,first_equals_latest
agree_latest,en_zh:Stanley Market Road|赤柱市場道,STANLEY MARKET ROAD,赤柱市場道,S,1961-06-16,GN1002,Stanley Market Road,赤柱市場道,1961-06-16,GN1002,crowd|1961-gn1002-stanley-oxford-streets-Stanley-Market-Road-赤柱市場道-1961-06-16,declare,1961-06-16,GN1002,crowd|1961-gn1002-stanley-oxford-streets-Stanley-Market-Road-赤柱市場道-1961-06-16,declare,true,true,true,true,first_equals_latest
agree_latest,en_zh:Stanley Mound Road|赤柱崗道,STANLEY MOUND ROAD,赤柱崗道,S,1956-09-21,GN1207,Stanley Mound Road,赤柱崗道,1956-09-21,GN1207,crowd|1956-gn1207-stanley-mound-road-Stanley-Mound-Road-赤柱崗道-1956-09-21,declare,1956-09-21,GN1207,crowd|1956-gn1207-stanley-mound-road-Stanley-Mound-Road-赤柱崗道-1956-09-21,declare,true,true,true,true,first_equals_latest
agree_latest,en_zh:Stanley New Street|赤柱新街,STANLEY NEW STREET,赤柱新街,S,1961-06-16,GN1002,Stanley New Street,赤柱新街,1961-06-16,GN1002,crowd|1961-gn1002-stanley-oxford-streets-Stanley-New-Street-赤柱新街-1961-06-16,declare,1961-06-16,GN1002,crowd|1961-gn1002-stanley-oxford-streets-Stanley-New-Street-赤柱新街-1961-06-16,declare,true,true,true,true,first_equals_latest
agree_latest,en_zh:Stanley Village Road|赤柱村道,STANLEY VILLAGE ROAD,赤柱村道,S,1933-11-10,GN727,Stanley Village Road,赤柱村道,1933-11-10,GN727,crowd|1933-gn727-stanley-roads-12156-1933-11-10,declare,1933-11-10,GN727,crowd|1933-gn727-stanley-roads-12156-1933-11-10,declare,true,true,true,true,first_equals_latest
agree_latest,en_zh:Stewart Road|史釗域道,STEWART ROAD,史釗域道,WC,1929-06-14,GN312,Stewart Road,史釗域道,1929-06-14,GN312,crowd|1929-gn312-johnston-road-12161-1929-06-14,declare,1929-06-14,GN312,crowd|1929-gn312-johnston-road-12161-1929-06-14,declare,true,true,true,true,first_equals_latest
agree_latest,en_zh:Stirling Road|士他令道,STIRLING ROAD,士他令道,KC,1933-12-22,GN823,Stirling Road,士他令道,1933-12-22,GN823,crowd|1933-gn823-ho-man-tin-roads-12163-1933-12-22,declare,1933-12-22,GN823,crowd|1933-gn823-ho-man-tin-roads-12163-1933-12-22,declare,true,true,true,true,first_equals_latest
agree_latest,en_zh:Suffolk Road|沙福道,SUFFOLK ROAD,沙福道,KC,1929-08-23,GN427,Suffolk Road,沙福道,1929-08-23,GN427,crowd|1929-gn427-waterloo-road-12166-1929-08-23,declare,1929-08-23,GN427,crowd|1929-gn427-waterloo-road-12166-1929-08-23,declare,true,true,true,true,first_equals_latest
agree_latest,en_zh:Sui Fung Lane|穗豐里,SUI FUNG LANE,穗豐里,ST,1984-06-15,GN1737,Sui Fung Lane,穗豐里,1984-06-15,GN1737,crowd|1984-gn1737-sha-tin-Sui-Fung-Lane-穗豐里-1984-06-15,declare,1984-06-15,GN1737,crowd|1984-gn1737-sha-tin-Sui-Fung-Lane-穗豐里-1984-06-15,declare,true,true,true,true,first_equals_latest
agree_latest,en_zh:Sun Ki Street|新基街,SUN KI STREET,新基街,Is,1983-12-02,GN3792,Sun Ki Street,新基街,1983-12-02,GN3792,crowd|1983-gn3792-tai-o-Sun-Ki-Street-新基街-1983-12-02,declare,1983-12-02,GN3792,crowd|1983-gn3792-tai-o-Sun-Ki-Street-新基街-1983-12-02,declare,true,true,true,true,first_equals_latest
agree_latest,en:SUN WUI ROAD,SUN WUI ROAD,新會道,WC,1933-07-28,GN511,Sun Wui Road,新會路,1933-07-28,GN511,crowd|1933-gn511-north-point-streets-12180-1933-07-28,declare,1933-07-28,GN511,crowd|1933-gn511-north-point-streets-12180-1933-07-28,declare,true,true,true,true,first_equals_latest
agree_latest,en_zh:Sun Yip Street|新業街,SUN YIP STREET,新業街,E,1974-05-31,GN1380,Sun Yip Street,新業街,1974-05-31,GN1380,crowd|1974-gn1380-12181,declare,1974-05-31,GN1380,crowd|1974-gn1380-12181,declare,true,true,true,true,first_equals_latest
agree_latest,en_zh:Sung Yin Lane|崇賢里,SUNG YIN LANE,崇賢里,WC,1979-12-07,GN3192,Sung Yin Lane,崇賢里,1979-12-07,GN3192,crowd|1979-gn3192-wan-chai-streets-Sung-Yin-Lane-崇賢里-1979-12-07,declare,1979-12-07,GN3192,crowd|1979-gn3192-wan-chai-streets-Sung-Yin-Lane-崇賢里-1979-12-07,declare,true,true,true,true,first_equals_latest
agree_latest,en_zh:Sunny Bay Road|欣澳道,SUNNY BAY ROAD,欣澳道,TW,2004-12-17,GN8104,Sunny Bay Road,欣澳道,2004-12-17,GN8104,crowd|2004-gn8104-14200,declare,2004-12-17,GN8104,crowd|2004-gn8104-14200,declare,true,true,true,true,first_equals_latest
agree_latest,en_zh:Supreme Court Road|法院道,SUPREME COURT ROAD,法院道,C&W,1984-11-23,GN3473,Supreme Court Road,法院道,1984-11-23,GN3473,crowd|1984-gn3473-supreme-court-road-Supreme-Court-Road-法院道-1984-11-23,declare,1984-11-23,GN3473,crowd|1984-gn3473-supreme-court-road-Supreme-Court-Road-法院道-1984-11-23,declare,true,true,true,true,first_equals_latest
agree_latest,en:SURREY LANE,SURREY LANE,舒梨道,KC,1929-08-23,GN427,Surrey Lane,舒梨里,1929-08-23,GN427,crowd|1929-gn427-waterloo-road-12193-1929-08-23,declare,1929-08-23,GN427,crowd|1929-gn427-waterloo-road-12193-1929-08-23,declare,true,true,true,true,first_equals_latest
agree_latest,en_zh:Sweet Gum Road|楓香路,SWEET GUM ROAD,楓香路,YL,1984-08-31,GN2609,Sweet Gum Road,楓香路,1984-08-31,GN2609,crowd|1984-gn2609-fairview-park-Sweet-Gum-Road-楓香路-1984-08-31,declare,1984-08-31,GN2609,crowd|1984-gn2609-fairview-park-Sweet-Gum-Road-楓香路-1984-08-31,declare,true,true,true,true,first_equals_latest
agree_latest,en_zh:Sycamore Street|詩歌舞街,SYCAMORE STREET,詩歌舞街,YTM,1950-07-28,GN900,Sycamore Street,詩歌舞街,1950-07-28,GN900,crowd|1950-gn900-kowloon-streets-Sycamore-Street-詩歌舞街-1950-07-28,declare,1950-07-28,GN900,crowd|1950-gn900-kowloon-streets-Sycamore-Street-詩歌舞街-1950-07-28,declare,true,true,true,true,first_equals_latest
agree_latest,en_zh:Sze Chuen Street|四川街,SZE CHUEN STREET,四川街,KC,1935-04-26,GN334,Sze Chuen Street,四川街,1935-04-26,GN334,crowd|1935-gn334-kowloon-streets-12199-1935-04-26,declare,1935-04-26,GN334,crowd|1935-gn334-kowloon-streets-12199-1935-04-26,declare,true,true,true,true,first_equals_latest
agree_latest,en_zh:Tai Ching Cheung Road|大蒸場路,TAI CHING CHEUNG ROAD,大蒸場路,K&T,2014-02-14,GN932,Tai Ching Cheung Road,大蒸場路,2014-02-14,GN932,2014-02-14|GN932|0,declare,2014-02-14,GN932,2014-02-14|GN932|0,declare,true,true,true,true,first_equals_latest
agree_latest,en_zh:Tai Ching Street|大政街,TAI CHING STREET,大政街,YTM,1974-04-26,GN1078,Tai Ching Street,大政街,1974-04-26,GN1078,crowd|1974-gn1078-12205-1974-04-26,declare,1974-04-26,GN1078,crowd|1974-gn1078-12205-1974-04-26,declare,true,true,true,true,first_equals_latest
agree_latest,en_zh:Tai Chung Kiu Road|大涌橋路,TAI CHUNG KIU ROAD,大涌橋路,ST,1984-03-09,GN708,Tai Chung Kiu Road,大涌橋路,1981-04-03,GN1022,crowd|1981-gn1022-sha-tin-roads-Tai-Chung-Kiu-Road-大涌橋路-1981-04-03,declare,1984-03-09,GN708,crowd|1984-gn708-sha-tin-Tai-Chung-Kiu-Road-大涌橋路-1984-03-09,extend,false,false,true,true,
agree_latest,en_zh:Tai Fong Street|大方街,TAI FONG STREET,大方街,TM,1983-01-28,GN326,Tai Fong Street,大方街,1983-01-28,GN326,crowd|1983-gn326-tuen-mun-Tai-Fong-Street-大方街-1983-01-28,declare,1983-01-28,GN326,crowd|1983-gn326-tuen-mun-Tai-Fong-Street-大方街-1983-01-28,declare,true,true,true,true,first_equals_latest
agree_latest,en_zh:Tai Fung Street|泰豐街,TAI FUNG STREET,泰豐街,YL,1977-12-02,GN2944,Tai Fung Street,泰豐街,1935-02-15,GN124,crowd|1935-gn124-yuen-long-streets-12212-1935-02-15,declare,1977-12-02,GN2944,crowd|1977-gn2944-yuen-long-streets-Tai-Fung-Street-泰豐街-1977-12-02,extend,false,false,true,true,
agree_latest,en_zh:Tai Hang Road|大坑道,TAI HANG ROAD,大坑道,WC,1931-02-13,GN86,Tai Hang Road,大坑道,1931-02-13,GN86,crowd|1931-gn86-tai-hang-lok-shan-12216-1931-02-13,declare,1931-02-13,GN86,crowd|1931-gn86-tai-hang-lok-shan-12216-1931-02-13,declare,true,true,true,true,first_equals_latest
agree_latest,en_zh:Tai Hang Sai Street|大坑西街,TAI HANG SAI STREET,大坑西街,SSP,1960-12-16,GN1932,Tai Hang Sai Street,大坑西街,1960-12-16,GN1932,crowd|1960-gn1932-tai-hang-sai-street-Tai-Hang-Sai-Street-大坑西街-1960-12-16,declare,1960-12-16,GN1932,crowd|1960-gn1932-tai-hang-sai-street-Tai-Hang-Sai-Street-大坑西街-1960-12-16,declare,true,true,true,true,first_equals_latest
agree_latest,en_zh:Tai Hing Street|大興街,TAI HING STREET,大興街,TM,1983-01-28,GN326,Tai Hing Street,大興街,1983-01-28,GN326,crowd|1983-gn326-tuen-mun-Tai-Hing-Street-大興街-1983-01-28,declare,1983-01-28,GN326,crowd|1983-gn326-tuen-mun-Tai-Hing-Street-大興街-1983-01-28,declare,true,true,true,true,first_equals_latest
agree_latest,en_zh:Tai Kiu Road|大橋路,TAI KIU ROAD,大橋路,YL,1977-12-02,GN2944,Tai Kiu Road,大橋路,1977-12-02,GN2944,crowd|1977-gn2944-yuen-long-streets-Tai-Kiu-Road-大橋路-1977-12-02,declare,1977-12-02,GN2944,crowd|1977-gn2944-yuen-long-streets-Tai-Kiu-Road-大橋路-1977-12-02,declare,true,true,true,true,first_equals_latest
agree_latest,en_zh:Tai Kok Tsui Road|大角咀道,TAI KOK TSUI ROAD,大角咀道,YTM,1923-09-28,GN411,Tai Kok Tsui Road,大角咀道,1923-09-28,GN411,crowd|1923-gn411-cheung-sha-wan-road-12225-1923-09-28,declare,1923-09-28,GN411,crowd|1923-gn411-cheung-sha-wan-road-12225-1923-09-28,declare,true,true,true,true,first_equals_latest
agree_latest,en_zh:Tai Lee Street|泰利街,TAI LEE STREET,泰利街,YL,1977-12-02,GN2944,Tai Lee Street,泰利街,1977-12-02,GN2944,crowd|1977-gn2944-yuen-long-streets-Tai-Lee-Street-泰利街-1977-12-02,declare,1977-12-02,GN2944,crowd|1977-gn2944-yuen-long-streets-Tai-Lee-Street-泰利街-1977-12-02,declare,true,true,true,true,first_equals_latest
agree_latest,en_zh:Tai Lok Street|太樂街,TAI LOK STREET,太樂街,E,1960-05-20,GN789,Tai Lok Street,太樂街,1960-05-20,GN789,crowd|1960-gn789-tai-lok-street-Tai-Lok-Street-太樂街-1960-05-20,declare,1960-05-20,GN789,crowd|1960-gn789-tai-lok-street-Tai-Lok-Street-太樂街-1960-05-20,declare,true,true,true,true,first_equals_latest
agree_latest,en_zh:Tai Mou Avenue|太茂路,TAI MOU AVENUE,太茂路,E,1979-12-07,GN3191,Tai Mou Avenue,太茂路,1979-12-07,GN3191,crowd|1979-gn3191-taikoo-shing-extension-Tai-Mou-Avenue-太茂路-1979-12-07,declare,1979-12-07,GN3191,crowd|1979-gn3191-taikoo-shing-extension-Tai-Mou-Avenue-太茂路-1979-12-07,declare,true,true,true,true,first_equals_latest
agree_latest,en_zh:Tai O Market Street|大澳街市街,TAI O MARKET STREET,大澳街市街,Is,1983-12-02,GN3792,Tai O Market Street,大澳街市街,1983-12-02,GN3792,crowd|1983-gn3792-tai-o-Tai-O-Market-Street-大澳街市街-1983-12-02,declare,1983-12-02,GN3792,crowd|1983-gn3792-tai-o-Tai-O-Market-Street-大澳街市街-1983-12-02,declare,true,true,true,true,first_equals_latest
agree_latest,en_zh:Tai O Tai Ping Street|大澳太平街,TAI O TAI PING STREET,大澳太平街,Is,1983-12-02,GN3792,Tai O Tai Ping Street,大澳太平街,1983-12-02,GN3792,crowd|1983-gn3792-tai-o-Tai-O-Tai-Ping-Street-大澳太平街-1983-12-02,declare,1983-12-02,GN3792,crowd|1983-gn3792-tai-o-Tai-O-Tai-Ping-Street-大澳太平街-1983-12-02,declare,true,true,true,true,first_equals_latest
agree_latest,en_zh:Tai O Wing On Street|大澳永安街,TAI O WING ON STREET,大澳永安街,Is,1983-12-02,GN3792,Tai O Wing On Street,大澳永安街,1983-12-02,GN3792,crowd|1983-gn3792-tai-o-Tai-O-Wing-On-Street-大澳永安街-1983-12-02,declare,1983-12-02,GN3792,crowd|1983-gn3792-tai-o-Tai-O-Wing-On-Street-大澳永安街-1983-12-02,declare,true,true,true,true,first_equals_latest
agree_latest,en_zh:Tai Pak Terrace|太白台,TAI PAK TERRACE,太白台,C&W,1925-01-23,GN37,Tai Pak Terrace,太白台,1925-01-23,GN37,crowd|1925-gn37-tai-pak-terrace-12249-1925-01-23,declare,1925-01-23,GN37,crowd|1925-gn37-tai-pak-terrace-12249-1925-01-23,declare,true,true,true,true,first_equals_latest
agree_latest,en_zh:Tai Pei Tau Path|大陂頭徑,TAI PEI TAU PATH,大陂頭徑,YL,1982-09-17,GN2970,Tai Pei Tau Path,大陂頭徑,1977-12-02,GN2944,crowd|1977-gn2944-yuen-long-streets-Tai-Pei-Tau-Path-大陂頭徑-1977-12-02,declare,1982-09-17,GN2970,crowd|1982-gn2970-tai-pei-tau-Tai-Pei-Tau-Path-大陂頭徑-1982-09-17,rename,false,false,true,true,
agree_latest,en_zh:Tai San Back Street|大新後街,TAI SAN BACK STREET,大新後街,Is,2011-10-14,GN6773,Tai San Back Street,大新後街,2011-10-14,GN6773,2011-10-14|GN6773|1,declare,2011-10-14,GN6773,2011-10-14|GN6773|1,declare,true,true,true,true,first_equals_latest
agree_latest,en_zh:Tai San Street|大新街,TAI SAN STREET,大新街,Is,1983-08-12,GN2627,Tai San Street,大新街,1935-02-15,GN124,crowd|1935-gn124-yuen-long-streets-12267-1935-02-15,declare,1983-08-12,GN2627,crowd|1983-gn2627-cheung-chau-Tai-San-Street-大新街-1983-08-12,declare,false,false,true,true,
agree_latest,en_zh:Tai Shek Street|大石街,TAI SHEK STREET,大石街,E,1924-04-04,GN187,Tai Shek Street,大石街,1924-04-04,GN187,crowd|1924-gn187-sassoon-road-12269-1924-04-04,declare,1924-04-04,GN187,crowd|1924-gn187-sassoon-road-12269-1924-04-04,declare,true,true,true,true,first_equals_latest
agree_latest,en_zh:Tai Shu Ha Road West|大樹下西路,TAI SHU HA ROAD WEST,大樹下西路,YL,2017-06-30,GN4525,Tai Shu Ha Road West,大樹下西路,2017-06-30,GN4525,2017-06-30|GN4525|0,declare,2017-06-30,GN4525,2017-06-30|GN4525|0,declare,true,true,true,true,first_equals_latest
agree_latest,en_zh:Tai Tam Road|大潭道,TAI TAM ROAD,大潭道,E-S,1961-08-04,GN1335,Tai Tam Road,大潭道,1961-08-04,GN1335,crowd|1961-gn1335-island-road-renames-Tai-Tam-Road-大潭道-1961-08-04,rename,1961-08-04,GN1335,crowd|1961-gn1335-island-road-renames-Tai-Tam-Road-大潭道-1961-08-04,rename,true,true,true,true,first_equals_latest
agree_latest,en_zh:Tai Tong Road|大棠路,TAI TONG ROAD,大棠路,YL,1977-12-02,GN2944,Tai Tong Road,大棠路,1977-12-02,GN2944,crowd|1977-gn2944-yuen-long-streets-Tai-Tong-Road-大棠路-1977-12-02,declare,1977-12-02,GN2944,crowd|1977-gn2944-yuen-long-streets-Tai-Tong-Road-大棠路-1977-12-02,declare,true,true,true,true,first_equals_latest
agree_latest,en_zh:Tai Tsoi Yuen Road|大菜園路,TAI TSOI YUEN ROAD,大菜園路,Is,2011-10-14,GN6773,Tai Tsoi Yuen Road,大菜園路,2011-10-14,GN6773,2011-10-14|GN6773|2,declare,2011-10-14,GN6773,2011-10-14|GN6773|2,declare,true,true,true,true,first_equals_latest
agree_latest,en_zh:Tai Tsun Street|大全街,TAI TSUN STREET,大全街,YTM,1974-04-26,GN1078,Tai Tsun Street,大全街,1974-04-26,GN1078,crowd|1974-gn1078-12278-1974-04-26,declare,1974-04-26,GN1078,crowd|1974-gn1078-12278-1974-04-26,declare,true,true,true,true,first_equals_latest
agree_latest,en_zh:Tai Wing Avenue|太榮路,TAI WING AVENUE,太榮路,E,1979-11-30,GN3105,Tai Wing Avenue,太榮路,1979-11-30,GN3105,crowd|1979-gn3105-sai-wan-ho-streets-Tai-Wing-Avenue-太榮路-1979-11-30,declare,1979-11-30,GN3105,crowd|1979-gn3105-sai-wan-ho-streets-Tai-Wing-Avenue-太榮路-1979-11-30,declare,true,true,true,true,first_equals_latest
agree_latest,en_zh:Tai Woh Ping Road|大窩坪道,TAI WOH PING ROAD,大窩坪道,SSP,1960-11-11,GN1713,Tai Woh Ping Road,大窩坪道,1957-04-05,GN509,crowd|1957-gn509-gap-beacon-cluster-Tai-Woh-Ping-Road-大窩坪道-1957-04-05,declare,1960-11-11,GN1713,crowd|1960-gn1713-lung-cheung-road-Tai-Woh-Ping-Road-大窩坪道-1960-11-11,declare,false,false,true,true,
agree_latest,en_zh:Tai Yue Avenue|太裕路,TAI YUE AVENUE,太裕路,E,1979-12-07,GN3191,Tai Yue Avenue,太裕路,1979-12-07,GN3191,crowd|1979-gn3191-taikoo-shing-extension-Tai-Yue-Avenue-太裕路-1979-12-07,declare,1979-12-07,GN3191,crowd|1979-gn3191-taikoo-shing-extension-Tai-Yue-Avenue-太裕路-1979-12-07,declare,true,true,true,true,first_equals_latest
agree_latest,en_zh:Taikoo Shing Road|太古城道,TAIKOO SHING ROAD,太古城道,E,1979-12-07,GN3191,Taikoo Shing Road,太古城道,1979-12-07,GN3191,crowd|1979-gn3191-taikoo-shing-extension-Taikoo-Shing-Road-太古城道-1979-12-07,declare,1979-12-07,GN3191,crowd|1979-gn3191-taikoo-shing-extension-Taikoo-Shing-Road-太古城道-1979-12-07,declare,true,true,true,true,first_equals_latest; our_event_count=5
agree_latest,en_zh:Taikoo Wan Road|太古灣道,TAIKOO WAN ROAD,太古灣道,E,1979-11-30,GN3105,Taikoo Wan Road,太古灣道,1979-11-30,GN3105,crowd|1979-gn3105-sai-wan-ho-streets-Taikoo-Wan-Road-太古灣道-1979-11-30,declare,1979-11-30,GN3105,crowd|1979-gn3105-sai-wan-ho-streets-Taikoo-Wan-Road-太古灣道-1979-11-30,declare,true,true,true,true,first_equals_latest
agree_latest,en_zh:Tak Cheong Lane|德昌里,TAK CHEONG LANE,德昌里,YTM,1954-07-30,GN947,Tak Cheong Lane,德昌里,1954-07-30,GN947,crowd|1954-gn947-north-point-tak-cheong-Tak-Cheong-Lane-德昌里-1954-07-30,declare,1954-07-30,GN947,crowd|1954-gn947-north-point-tak-cheong-Tak-Cheong-Lane-德昌里-1954-07-30,declare,true,true,true,true,first_equals_latest
agree_latest,en_zh:Tak Cheong Street|德昌街,TAK CHEONG STREET,德昌街,YTM,1957-06-21,GN887,Tak Cheong Street,德昌街,1954-07-30,GN947,crowd|1954-gn947-north-point-tak-cheong-Tak-Cheong-Street-德昌街-1954-07-30,declare,1957-06-21,GN887,crowd|1957-gn887-tak-cheong-kam-fong-Tak-Cheong-Street-德昌街-1957-06-21,extend,false,false,true,true,
agree_latest,en_zh:Tak Ching Court|德政圍,TAK CHING COURT,德政圍,TM,1975-08-01,GN1693,Tak Ching Court,德政圍,1975-08-01,GN1693,crowd|1975-gn1693-tuen-mun-streets-Tak-Ching-Court-德政圍-1975-08-01,declare,1975-08-01,GN1693,crowd|1975-gn1693-tuen-mun-streets-Tak-Ching-Court-德政圍-1975-08-01,declare,true,true,true,true,first_equals_latest
agree_latest,en_zh:Tak Hau Street|德厚街,TAK HAU STREET,德厚街,ST,1983-12-23,GN3977,Tak Hau Street,德厚街,1983-12-23,GN3977,crowd|1983-gn3977-sha-tin-Tak-Hau-Street-德厚街-1983-12-23,declare,1983-12-23,GN3977,crowd|1983-gn3977-sha-tin-Tak-Hau-Street-德厚街-1983-12-23,declare,true,true,true,true,first_equals_latest
agree_latest,en_zh:Tak Hing Street|德興街,TAK HING STREET,德興街,YTM,1933-07-14,GN481,Tak Hing Street,德興街,1933-07-14,GN481,crowd|1933-gn481-valley-tak-hing-12305-1933-07-14,declare,1933-07-14,GN481,crowd|1933-gn481-valley-tak-hing-12305-1933-07-14,declare,true,true,true,true,first_equals_latest
agree_latest,en_zh:Tak Kei Street|得基街,TAK KEI STREET,得基街,ST,1981-11-13,GN3369,Tak Kei Street,得基街,1981-11-13,GN3369,crowd|1981-gn3369-fo-tan-city-one-Tak-Kei-Street-得基街-1981-11-13,declare,1981-11-13,GN3369,crowd|1981-gn3369-fo-tan-city-one-Tak-Kei-Street-得基街-1981-11-13,declare,true,true,true,true,first_equals_latest
agree_latest,en_zh:Tak Ku Ling Road|打鼓嶺道,TAK KU LING ROAD,打鼓嶺道,KC,1926-06-25,GN342,Tak Ku Ling Road,打鼓嶺道,1926-06-25,GN342,crowd|1926-gn342-nga-tsin-wai-road-12308-1926-06-25,declare,1926-06-25,GN342,crowd|1926-gn342-nga-tsin-wai-road-12308-1926-06-25,declare,true,true,true,true,first_equals_latest
agree_latest,en_zh:Tak Lee Street|得利街,TAK LEE STREET,得利街,ST,1981-11-13,GN3369,Tak Lee Street,得利街,1981-11-13,GN3369,crowd|1981-gn3369-fo-tan-city-one-Tak-Lee-Street-得利街-1981-11-13,declare,1981-11-13,GN3369,crowd|1981-gn3369-fo-tan-city-one-Tak-Lee-Street-得利街-1981-11-13,declare,true,true,true,true,first_equals_latest
agree_latest,en_zh:Tak Lung Back Street|德隆後街,TAK LUNG BACK STREET,德隆後街,SK,1976-11-05,GN2462,Tak Lung Back Street,德隆後街,1976-11-05,GN2462,crowd|1976-gn2462-sai-kung-streets-Tak-Lung-Back-Street-德隆後街-1976-11-05,declare,1976-11-05,GN2462,crowd|1976-gn2462-sai-kung-streets-Tak-Lung-Back-Street-德隆後街-1976-11-05,declare,true,true,true,true,first_equals_latest
agree_latest,en_zh:Tak Lung Front Street|德隆前街,TAK LUNG FRONT STREET,德隆前街,SK,1976-11-05,GN2462,Tak Lung Front Street,德隆前街,1976-11-05,GN2462,crowd|1976-gn2462-sai-kung-streets-Tak-Lung-Front-Street-德隆前街-1976-11-05,declare,1976-11-05,GN2462,crowd|1976-gn2462-sai-kung-streets-Tak-Lung-Front-Street-德隆前街-1976-11-05,declare,true,true,true,true,first_equals_latest
agree_latest,en_zh:Tak Man Street|德民街,TAK MAN STREET,德民街,KC,1976-06-25,GN1367,Tak Man Street,德民街,1976-06-25,GN1367,crowd|1976-gn1367-hung-hom-streets-Tak-Man-Street-德民街-1976-06-25,declare,1976-06-25,GN1367,crowd|1976-gn1367-hung-hom-streets-Tak-Man-Street-德民街-1976-06-25,declare,true,true,true,true,first_equals_latest
agree_latest,en_zh:Tak Shing Street|德成街,TAK SHING STREET,德成街,YTM,1931-01-30,GN58,Tak Shing Street,德成街,1931-01-30,GN58,crowd|1931-gn58-tak-shing-12315-1931-01-30,declare,1931-01-30,GN58,crowd|1931-gn58-tak-shing-12315-1931-01-30,declare,true,true,true,true,first_equals_latest
agree_latest,en_zh:Tak Wing Street|得榮街,TAK WING STREET,得榮街,ST,1981-11-13,GN3369,Tak Wing Street,得榮街,1981-11-13,GN3369,crowd|1981-gn3369-fo-tan-city-one-Tak-Wing-Street-得榮街-1981-11-13,declare,1981-11-13,GN3369,crowd|1981-gn3369-fo-tan-city-one-Tak-Wing-Street-得榮街-1981-11-13,declare,true,true,true,true,first_equals_latest
agree_latest,en_zh:Tak Yip Street|德業街,TAK YIP STREET,德業街,YL,1984-01-27,GN286,Tak Yip Street,德業街,1984-01-27,GN286,crowd|1984-gn286-yuen-long-Tak-Yip-Street-德業街-1984-01-27,declare,1984-01-27,GN286,crowd|1984-gn286-yuen-long-Tak-Yip-Street-德業街-1984-01-27,declare,true,true,true,true,first_equals_latest
agree_latest,en_zh:Taku Street|大沽街,TAKU STREET,大沽街,KC,1909-03-19,GN184,Taku Street,大沽街,1909-03-19,GN184,crowd|1909-gn184-taku-12326-1909-03-19,rename,1909-03-19,GN184,crowd|1909-gn184-taku-12326-1909-03-19,rename,true,true,true,true,first_equals_latest
agree_latest,en_zh:Tam Kung Road|譚公道,TAM KUNG ROAD,譚公道,KC,1926-04-16,GN202,Tam Kung Road,譚公道,1926-04-16,GN202,crowd|1926-gn202-to-kwa-wan-road-12330-1926-04-16,declare,1926-04-16,GN202,crowd|1926-gn202-to-kwa-wan-road-12330-1926-04-16,declare,true,true,true,true,first_equals_latest
agree_latest,en_zh:Tamar Street|添馬街,TAMAR STREET,添馬街,C&W,1980-11-28,GN3730,Tamar Street,添馬街,1980-11-28,GN3730,crowd|1980-gn3730-admiralty-streets-Tamar-Street-添馬街-1980-11-28,declare,1980-11-28,GN3730,crowd|1980-gn3730-admiralty-streets-Tamar-Street-添馬街-1980-11-28,declare,true,true,true,true,first_equals_latest
agree_latest,en_zh:Tan Kwai Tsuen Lane|丹桂村里,TAN KWAI TSUEN LANE,丹桂村里,YL,2015-11-13,GN8862,Tan Kwai Tsuen Lane,丹桂村里,2015-11-13,GN8862,2015-11-13|GN8862|0,declare,2015-11-13,GN8862,2015-11-13|GN8862|0,declare,true,true,true,true,first_equals_latest
agree_latest,en_zh:Tan Lai Street|丹荔街,TAN LAI STREET,丹荔街,SSP,2017-04-07,GN1920,Tan Lai Street,丹荔街,2017-04-07,GN1920,2017-04-07|GN1920|0,declare,2017-04-07,GN1920,2017-04-07|GN1920|0,declare,true,true,true,true,first_equals_latest
agree_latest,en_zh:Tang Fung Street|登豐街,TANG FUNG STREET,登豐街,S,1956-07-06,GN849,Tang Fung Street,登豐街,1956-07-06,GN849,crowd|1956-gn849-tin-wan-cluster-Tang-Fung-Street-登豐街-1956-07-06,declare,1956-07-06,GN849,crowd|1956-gn849-tin-wan-cluster-Tang-Fung-Street-登豐街-1956-07-06,declare,true,true,true,true,first_equals_latest
agree_latest,en_zh:Tang Lung Street|登龍街,TANG LUNG STREET,登龍街,WC,1926-06-11,GN318,Tang Lung Street,登龍街,1926-06-11,GN318,crowd|1926-gn318-tsing-fung-street-12335-1926-06-11,declare,1926-06-11,GN318,crowd|1926-gn318-tsing-fung-street-12335-1926-06-11,declare,true,true,true,true,first_equals_latest
agree_latest,en_zh:Tang Uk Street|鄧屋街,TANG UK STREET,鄧屋街,K&T,1982-12-24,GN4036,Tang Uk Street,鄧屋街,1982-12-24,GN4036,crowd|1982-gn4036-tsuen-wan-Tang-Uk-Street-鄧屋街-1982-12-24,declare,1982-12-24,GN4036,crowd|1982-gn4036-tsuen-wan-Tang-Uk-Street-鄧屋街-1982-12-24,declare,true,true,true,true,first_equals_latest
agree_latest,en_zh:Tanner Road|丹拿道,TANNER ROAD,丹拿道,E,1948-07-16,GN670,Tanner Road,丹拿道,1948-07-16,GN670,crowd|1948-gn670-tanner-road-Tanner-Road-丹拿道-1948-07-16,declare,1948-07-16,GN670,crowd|1948-gn670-tanner-road-Tanner-Road-丹拿道-1948-07-16,declare,true,true,true,true,first_equals_latest
agree_latest,en_zh:Tat Fai Path|達輝徑,TAT FAI PATH,達輝徑,YL,1983-06-03,GN1752,Tat Fai Path,達輝徑,1983-06-03,GN1752,crowd|1983-gn1752-yuen-long-Tat-Fai-Path-達輝徑-1983-06-03,declare,1983-06-03,GN1752,crowd|1983-gn1752-yuen-long-Tat-Fai-Path-達輝徑-1983-06-03,declare,true,true,true,true,first_equals_latest
agree_latest,en_zh:Tat Fuk Road|達福路,TAT FUK ROAD,達福路,TM,2009-08-14,GN5125,Tat Fuk Road,達福路,2009-08-14,GN5125,2009-08-14|GN5125|0,declare,2009-08-14,GN5125,2009-08-14|GN5125|0,declare,true,true,true,true,first_equals_latest
agree_latest,en_zh:Tat Mei Road|達美路,TAT MEI ROAD,達美路,K&T,2011-02-18,GN1154,Tat Mei Road,達美路,2011-02-18,GN1154,2011-02-18|GN1154|0,declare,2011-02-18,GN1154,2011-02-18|GN1154|0,declare,true,true,true,true,first_equals_latest
agree_latest,en_zh:Temple Street|廟街,TEMPLE STREET,廟街,YTM,1921-11-10,GN469,Temple Street,廟街,1921-11-10,GN469,crowd|1921-gn469-woosung-street-12343-1921-11-10,declare,1921-11-10,GN469,crowd|1921-gn469-woosung-street-12343-1921-11-10,declare,true,true,true,true,first_equals_latest
agree_latest,en_zh:Texaco Interchange|德士古交匯處,TEXACO INTERCHANGE,德士古交匯處,TW-K&T,1983-11-04,GN3497,Texaco Interchange,德士古交匯處,1983-11-04,GN3497,crowd|1983-gn3497-tsuen-wan-Texaco-Interchange-德士古交匯處-1983-11-04,declare,1983-11-04,GN3497,crowd|1983-gn3497-tsuen-wan-Texaco-Interchange-德士古交匯處-1983-11-04,declare,true,true,true,true,first_equals_latest
agree_latest,en_zh:Theatre Lane|戲院里,THEATRE LANE,戲院里,C&W,1936-12-31,GN1027,Theatre Lane,戲院里,1936-12-31,GN1027,crowd|1936-gn1027-central-streets-12348-1936-12-31,declare,1936-12-31,GN1027,crowd|1936-gn1027-central-streets-12348-1936-12-31,declare,true,true,true,true,first_equals_latest
agree_latest,en_zh:Thomson Road|譚臣道,THOMSON ROAD,譚臣道,WC,1931-10-30,GN694,Thomson Road,譚臣道,1931-10-30,GN694,crowd|1931-gn694-wan-chai-streets-12354-1931-10-30,declare,1931-10-30,GN694,crowd|1931-gn694-wan-chai-streets-12354-1931-10-30,declare,true,true,true,true,first_equals_latest
agree_latest,en_zh:Tin Chai Lane East|天際里東,TIN CHAI LANE EAST,天際里東,KC,2017-03-03,GN1160,Tin Chai Lane East,天際里東,2017-03-03,GN1160,2017-03-03|GN1160|9,declare,2017-03-03,GN1160,2017-03-03|GN1160|9,declare,true,true,true,true,first_equals_latest
agree_latest,en_zh:Tin Chai Lane West|天際里西,TIN CHAI LANE WEST,天際里西,KC,2017-03-03,GN1160,Tin Chai Lane West,天際里西,2017-03-03,GN1160,2017-03-03|GN1160|10,declare,2017-03-03,GN1160,2017-03-03|GN1160|10,declare,true,true,true,true,first_equals_latest
agree_latest,en_zh:Tin Chiu Street|電照街,TIN CHIU STREET,電照街,E,1939-12-15,GN1179,Tin Chiu Street,電照街,1939-12-15,GN1179,crowd|1939-gn1179-north-point-streets-12357-1939-12-15,declare,1939-12-15,GN1179,crowd|1939-gn1179-north-point-streets-12357-1939-12-15,declare,true,true,true,true,first_equals_latest
agree_latest,en_zh:Tin Chong Street|電廠街,TIN CHONG STREET,電廠街,E,1959-11-20,GN1608,Tin Chong Street,電廠街,1959-11-20,GN1608,crowd|1959-gn1608-north-point-roads-Tin-Chong-Street-電廠街-1959-11-20,declare,1959-11-20,GN1608,crowd|1959-gn1608-north-point-roads-Tin-Chong-Street-電廠街-1959-11-20,declare,true,true,true,true,first_equals_latest
agree_latest,en_zh:Tin Fai Road|天暉路,TIN FAI ROAD,天暉路,YL,2000-07-07,GN4391,Tin Fai Road,天暉路,2000-07-07,GN4391,crowd|2000-gn4391-14030,declare,2000-07-07,GN4391,crowd|2000-gn4391-14030,declare,true,true,true,true,first_equals_latest
agree_latest,en_zh:Tin Ha Road|田廈路,TIN HA ROAD,田廈路,YL,1974-11-29,GN3036,Tin Ha Road,田廈路,1974-11-29,GN3036,crowd|1974-gn3036-12359,declare,1974-11-29,GN3036,crowd|1974-gn3036-12359,declare,true,true,true,true,first_equals_latest
agree_latest,en_zh:Tin Hau Temple Road|天后廟道,TIN HAU TEMPLE ROAD,天后廟道,E-WC,1960-05-13,GN745,Tin Hau Temple Road,天后廟道,1930-11-28,GN708,crowd|1930-gn708-dragon-road-12361-1930-11-28,declare,1960-05-13,GN745,crowd|1960-gn745-tin-hau-temple-road-Tin-Hau-Temple-Road-天后廟道-1960-05-13,extend,false,false,true,true,
agree_latest,en_zh:Tin Heung Street|天香街,TIN HEUNG STREET,天香街,KT,1960-06-17,GN928,Tin Heung Street,天香街,1960-06-17,GN928,crowd|1960-gn928-yuet-wah-streets-Tin-Heung-Street-天香街-1960-06-17,declare,1960-06-17,GN928,crowd|1960-gn928-yuet-wah-streets-Tin-Heung-Street-天香街-1960-06-17,declare,true,true,true,true,first_equals_latest
agree_latest,en_zh:Tin Kwai Road|天葵路,TIN KWAI ROAD,天葵路,YL,2000-07-07,GN4391,Tin Kwai Road,天葵路,2000-07-07,GN4391,crowd|2000-gn4391-13148,declare,2000-07-07,GN4391,crowd|2000-gn4391-13148,declare,true,true,true,true,first_equals_latest
agree_latest,en_zh:Tin Kwong Road|天光道,TIN KWONG ROAD,天光道,KC,1960-03-04,GN368,Tin Kwong Road,天光道,1933-12-22,GN823,crowd|1933-gn823-ho-man-tin-roads-12363-1933-12-22,declare,1960-03-04,GN368,crowd|1960-gn368-tin-kwong-dianthus-Tin-Kwong-Road-天光道-1960-03-04,declare,false,false,true,true,
agree_latest,en_zh:Tin Sau Road|天秀路,TIN SAU ROAD,天秀路,YL,2000-07-07,GN4391,Tin Sau Road,天秀路,2000-07-07,GN4391,crowd|2000-gn4391-14029,declare,2000-07-07,GN4391,crowd|2000-gn4391-14029,declare,true,true,true,true,first_equals_latest
agree_latest,en_zh:Tin Shui Path|天瑞徑,TIN SHUI PATH,天瑞徑,YL,2017-11-10,GN8364,Tin Shui Path,天瑞徑,2017-11-10,GN8364,2017-11-10|GN8364|3,declare,2017-11-10,GN8364,2017-11-10|GN8364|3,declare,true,true,true,true,first_equals_latest
agree_latest,en_zh:Tin Shui Road|天瑞路,TIN SHUI ROAD,天瑞路,YL,2000-07-07,GN4391,Tin Shui Road,天瑞路,2000-07-07,GN4391,crowd|2000-gn4391-13151,declare,2000-07-07,GN4391,crowd|2000-gn4391-13151,declare,true,true,true,true,first_equals_latest
agree_latest,en_zh:Tin Wah Road|天華路,TIN WAH ROAD,天華路,YL,2013-05-10,GN2719,Tin Wah Road,天華路,2013-05-10,GN2719,2013-05-10|GN2719|5,declare,2013-05-10,GN2719,2013-05-10|GN2719|5,declare,true,true,true,true,first_equals_latest
agree_latest,en_zh:Tin Wan Hill Road|田灣山道,TIN WAN HILL ROAD,田灣山道,S,1980-02-15,GN514,Tin Wan Hill Road,田灣山道,1980-02-15,GN514,crowd|1980-gn514-aberdeen-tin-wan-Tin-Wan-Hill-Road-田灣山道-1980-02-15,declare,1980-02-15,GN514,crowd|1980-gn514-aberdeen-tin-wan-Tin-Wan-Hill-Road-田灣山道-1980-02-15,declare,true,true,true,true,first_equals_latest
agree_latest,en_zh:Tin Ying Path|天影徑,TIN YING PATH,天影徑,YL,2017-11-10,GN8364,Tin Ying Path,天影徑,2017-11-10,GN8364,2017-11-10|GN8364|4,declare,2017-11-10,GN8364,2017-11-10|GN8364|4,declare,true,true,true,true,first_equals_latest
agree_latest,en_zh:Tin Yip Road|天業路,TIN YIP ROAD,天業路,YL,2000-07-07,GN4391,Tin Yip Road,天業路,2000-07-07,GN4391,crowd|2000-gn4391-14028,declare,2000-07-07,GN4391,crowd|2000-gn4391-14028,declare,true,true,true,true,first_equals_latest
agree_latest,en_zh:Ting Kwai Fong Street|丁貴坊街,TING KWAI FONG STREET,丁貴坊街,Is,1983-06-03,GN1753,Ting Kwai Fong Street,丁貴坊街,1983-06-03,GN1753,crowd|1983-gn1753-peng-chau-Ting-Kwai-Fong-Street-丁貴坊街-1983-06-03,declare,1983-06-03,GN1753,crowd|1983-gn1753-peng-chau-Ting-Kwai-Fong-Street-丁貴坊街-1983-06-03,declare,true,true,true,true,first_equals_latest
agree_latest,en_zh:Tit Shu Street|鐵樹街,TIT SHU STREET,鐵樹街,YTM,1980-03-07,GN727,Tit Shu Street,鐵樹街,1980-03-07,GN727,crowd|1980-gn727-tit-shu-pok-hok-Tit-Shu-Street-鐵樹街-1980-03-07,declare,1980-03-07,GN727,crowd|1980-gn727-tit-shu-pok-hok-Tit-Shu-Street-鐵樹街-1980-03-07,declare,true,true,true,true,first_equals_latest
agree_latest,en_zh:To Kwa Wan Road|土瓜灣道,TO KWA WAN ROAD,土瓜灣道,KC,1926-04-16,GN202,To Kwa Wan Road,土瓜灣道,1926-04-16,GN202,crowd|1926-gn202-to-kwa-wan-road-12383-1926-04-16,declare,1926-04-16,GN202,crowd|1926-gn202-to-kwa-wan-road-12383-1926-04-16,declare,true,true,true,true,first_equals_latest
agree_latest,en:TO LI TERRACE,TO LI TERRACE,桃李臺,C&W,1926-01-29,GN46,To Li Terrace,桃李台,1926-01-29,GN46,crowd|1926-gn46-mount-cameron-road-12384-1926-01-29,declare,1926-01-29,GN46,crowd|1926-gn46-mount-cameron-road-12384-1926-01-29,declare,true,true,true,true,first_equals_latest
agree_latest,en_zh:To Shek Path|多石徑,TO SHEK PATH,多石徑,ST,2010-04-09,GN2046,To Shek Path,多石徑,2010-04-09,GN2046,2010-04-09|GN2046|3,declare,2010-04-09,GN2046,2010-04-09|GN2046|3,declare,true,true,true,true,first_equals_latest
agree_latest,en_zh:To Shek Street|多石街,TO SHEK STREET,多石街,ST,2010-04-09,GN2046,To Shek Street,多石街,2010-04-09,GN2046,2010-04-09|GN2046|2,declare,2010-04-09,GN2046,2010-04-09|GN2046|2,declare,true,true,true,true,first_equals_latest
agree_latest,en_zh:Tong Chong Street|糖廠街,TONG CHONG STREET,糖廠街,E,1960-11-04,GN1673,Tong Chong Street,糖廠街,1960-11-04,GN1673,crowd|1960-gn1673-tong-chong-streets-Tong-Chong-Street-糖廠街-1960-11-04,declare,1960-11-04,GN1673,crowd|1960-gn1673-tong-chong-streets-Tong-Chong-Street-糖廠街-1960-11-04,declare,true,true,true,true,first_equals_latest
agree_latest,en:TONG SHUI ROAD,TONG SHUI ROAD,糖水道,E,1933-07-28,GN511,Tong Shui Road,糖水路,1933-07-28,GN511,crowd|1933-gn511-north-point-streets-12391-1933-07-28,declare,1933-07-28,GN511,crowd|1933-gn511-north-point-streets-12391-1933-07-28,declare,true,true,true,true,first_equals_latest
agree_latest,en_zh:Tonkin Street|東京街,TONKIN STREET,東京街,SSP,1934-02-09,GN91,Tonkin Street,東京街,1934-02-09,GN91,crowd|1934-gn91-cheung-sha-wan-streets-12394-1934-02-09,declare,1934-02-09,GN91,crowd|1934-gn91-cheung-sha-wan-streets-12394-1934-02-09,declare,true,true,true,true,first_equals_latest
agree_latest,en_zh:Toscana Drive|意濤徑,TOSCANA DRIVE,意濤徑,Is,2024-04-26,GN2409,Toscana Drive,意濤徑,2024-04-26,GN2409,2024-04-26|GN2409|0,declare,2024-04-26,GN2409,2024-04-26|GN2409|0,declare,true,true,true,true,first_equals_latest
agree_latest,en_zh:Tramway Lane|纜車里,TRAMWAY LANE,纜車里,C&W,2015-06-12,GN4274,Tramway Lane,纜車里,2015-06-12,GN4274,2015-06-12|GN4274|0,declare,2015-06-12,GN4274,2015-06-12|GN4274|0,declare,true,true,true,true,first_equals_latest
agree_latest,en_zh:Tregunter Path|地利根德里,TREGUNTER PATH,地利根德里,C&W,1958-06-27,GN865,Tregunter Path,地利根德里,1957-04-26,GN614,crowd|1957-gn614-chinese-corrections-intention-Tregunter-Path-地利根德里-1957-04-26,rename,1958-06-27,GN865,crowd|1958-gn865-major-streets-Tregunter-Path-地利根德里-1958-06-27,extend,false,false,true,true,
agree_latest,en_zh:Tsap Fai Street|集輝街,TSAP FAI STREET,集輝街,SSP,1935-05-03,GN351,Tsap Fai Street,集輝街,1935-05-03,GN351,crowd|1935-gn351-new-kowloon-streets-12404-1935-05-03,declare,1935-05-03,GN351,crowd|1935-gn351-new-kowloon-streets-12404-1935-05-03,declare,true,true,true,true,first_equals_latest
agree_latest,en_zh:Tsap Tseung Street|集祥街,TSAP TSEUNG STREET,集祥街,WC,1930-03-07,GN138,Tsap Tseung Street,集祥街,1930-03-07,GN138,crowd|1930-gn138-village-road-12405-1930-03-07,declare,1930-03-07,GN138,crowd|1930-gn138-village-road-12405-1930-03-07,declare,true,true,true,true,first_equals_latest
agree_latest,en_zh:Tseng Choi Street|井財街,TSENG CHOI STREET,井財街,TM,1984-11-30,GN3531,Tseng Choi Street,井財街,1984-11-30,GN3531,crowd|1984-gn3531-tuen-mun-Tseng-Choi-Street-井財街-1984-11-30,declare,1984-11-30,GN3531,crowd|1984-gn3531-tuen-mun-Tseng-Choi-Street-井財街-1984-11-30,declare,true,true,true,true,first_equals_latest
agree_latest,en:TSING CHAU STREET,TSING CHAU STREET,青州街,KC,1931-10-30,GN694,Tsing Chau Street,青洲街,1931-10-30,GN694,crowd|1931-gn694-wan-chai-streets-12413-1931-10-30,declare,1931-10-30,GN694,crowd|1931-gn694-wan-chai-streets-12413-1931-10-30,declare,true,true,true,true,first_equals_latest
agree_latest,en_zh:Tsing Chung Path|青松徑,TSING CHUNG PATH,青松徑,TM,1984-11-30,GN3531,Tsing Chung Path,青松徑,1984-11-30,GN3531,crowd|1984-gn3531-tuen-mun-Tsing-Chung-Path-青松徑-1984-11-30,declare,1984-11-30,GN3531,crowd|1984-gn3531-tuen-mun-Tsing-Chung-Path-青松徑-1984-11-30,declare,true,true,true,true,first_equals_latest
agree_latest,en_zh:Tsing Fung Street|清風街,TSING FUNG STREET,清風街,WC,1926-06-11,GN318,Tsing Fung Street,清風街,1926-06-11,GN318,crowd|1926-gn318-tsing-fung-street-12419-1926-06-11,declare,1926-06-11,GN318,crowd|1926-gn318-tsing-fung-street-12419-1926-06-11,declare,true,true,true,true,first_equals_latest
agree_latest,en_zh:Tsing Hoi Circuit|青海圍,TSING HOI CIRCUIT,青海圍,TM,1984-11-30,GN3531,Tsing Hoi Circuit,青海圍,1984-11-30,GN3531,crowd|1984-gn3531-tuen-mun-Tsing-Hoi-Circuit-青海圍-1984-11-30,declare,1984-11-30,GN3531,crowd|1984-gn3531-tuen-mun-Tsing-Hoi-Circuit-青海圍-1984-11-30,declare,true,true,true,true,first_equals_latest
agree_latest,en_zh:Tsing Kwai Path|青葵徑,TSING KWAI PATH,青葵徑,TM,1984-11-30,GN3531,Tsing Kwai Path,青葵徑,1984-11-30,GN3531,crowd|1984-gn3531-tuen-mun-Tsing-Kwai-Path-青葵徑-1984-11-30,declare,1984-11-30,GN3531,crowd|1984-gn3531-tuen-mun-Tsing-Kwai-Path-青葵徑-1984-11-30,declare,true,true,true,true,first_equals_latest
agree_latest,en_zh:Tsing Ling Path|青菱徑,TSING LING PATH,青菱徑,TM,1984-11-30,GN3531,Tsing Ling Path,青菱徑,1984-11-30,GN3531,crowd|1984-gn3531-tuen-mun-Tsing-Ling-Path-青菱徑-1984-11-30,declare,1984-11-30,GN3531,crowd|1984-gn3531-tuen-mun-Tsing-Ling-Path-青菱徑-1984-11-30,declare,true,true,true,true,first_equals_latest
agree_latest,en_zh:Tsing Lung Road|青龍路,TSING LUNG ROAD,青龍路,TM,1984-11-30,GN3530,Tsing Lung Road,青龍路,1984-11-30,GN3530,crowd|1984-gn3530-tsing-lung-Tsing-Lung-Road-青龍路-1984-11-30,declare,1984-11-30,GN3530,crowd|1984-gn3530-tsing-lung-Tsing-Lung-Road-青龍路-1984-11-30,declare,true,true,true,true,first_equals_latest
agree_latest,en_zh:Tsing Min Path|青棉徑,TSING MIN PATH,青棉徑,TM,1984-11-30,GN3531,Tsing Min Path,青棉徑,1984-11-30,GN3531,crowd|1984-gn3531-tuen-mun-Tsing-Min-Path-青棉徑-1984-11-30,declare,1984-11-30,GN3531,crowd|1984-gn3531-tuen-mun-Tsing-Min-Path-青棉徑-1984-11-30,declare,true,true,true,true,first_equals_latest
agree_latest,en_zh:Tsing Shan Square|青山坊,TSING SHAN SQUARE,青山坊,TM,1984-11-30,GN3531,Tsing Shan Square,青山坊,1984-11-30,GN3531,crowd|1984-gn3531-tuen-mun-Tsing-Shan-Square-青山坊-1984-11-30,declare,1984-11-30,GN3531,crowd|1984-gn3531-tuen-mun-Tsing-Shan-Square-青山坊-1984-11-30,declare,true,true,true,true,first_equals_latest
agree_latest,en_zh:Tsing Sin Street|青善街,TSING SIN STREET,青善街,TM,1984-11-30,GN3531,Tsing Sin Street,青善街,1984-11-30,GN3531,crowd|1984-gn3531-tuen-mun-Tsing-Sin-Street-青善街-1984-11-30,declare,1984-11-30,GN3531,crowd|1984-gn3531-tuen-mun-Tsing-Sin-Street-青善街-1984-11-30,declare,true,true,true,true,first_equals_latest
agree_latest,en_zh:Tsing Tin Interchange|青田交匯處,TSING TIN INTERCHANGE,青田交匯處,TM,2020-12-31,GN7695,Tsing Tin Interchange,青田交匯處,2020-12-31,GN7695,2020-12-31|GN7695|0,declare,2020-12-31,GN7695,2020-12-31|GN7695|0,declare,true,true,true,true,first_equals_latest
agree_latest,en_zh:Tsing Wu Square|青湖坊,TSING WU SQUARE,青湖坊,TM,1984-11-30,GN3531,Tsing Wu Square,青湖坊,1984-11-30,GN3531,crowd|1984-gn3531-tuen-mun-Tsing-Wu-Square-青湖坊-1984-11-30,declare,1984-11-30,GN3531,crowd|1984-gn3531-tuen-mun-Tsing-Wu-Square-青湖坊-1984-11-30,declare,true,true,true,true,first_equals_latest
agree_latest,en_zh:Tsing Wui Street|青匯街,TSING WUI STREET,青匯街,TM,1984-11-30,GN3531,Tsing Wui Street,青匯街,1984-11-30,GN3531,crowd|1984-gn3531-tuen-mun-Tsing-Wui-Street-青匯街-1984-11-30,declare,1984-11-30,GN3531,crowd|1984-gn3531-tuen-mun-Tsing-Wui-Street-青匯街-1984-11-30,declare,true,true,true,true,first_equals_latest
agree_latest,en_zh:Tsing Wun Road|青雲路,TSING WUN ROAD,青雲路,TM,1977-12-23,GN3134,Tsing Wun Road,青雲路,1977-12-23,GN3134,crowd|1977-gn3134-tuen-mun-roads-Tsing-Wun-Road-青雲路-1977-12-23,declare,1977-12-23,GN3134,crowd|1977-gn3134-tuen-mun-roads-Tsing-Wun-Road-青雲路-1977-12-23,declare,true,true,true,true,first_equals_latest
agree_latest,en_zh:Tsing Yeung Circuit|青楊街,TSING YEUNG CIRCUIT,青楊街,TM,1983-01-28,GN326,Tsing Yeung Circuit,青楊街,1983-01-28,GN326,crowd|1983-gn326-tuen-mun-Tsing-Yeung-Circuit-青楊街-1983-01-28,declare,1983-01-28,GN326,crowd|1983-gn326-tuen-mun-Tsing-Yeung-Circuit-青楊街-1983-01-28,declare,true,true,true,true,first_equals_latest
agree_latest,en_zh:Tsing Yung Street|青榕街,TSING YUNG STREET,青榕街,TM,1984-11-30,GN3531,Tsing Yung Street,青榕街,1984-11-30,GN3531,crowd|1984-gn3531-tuen-mun-Tsing-Yung-Street-青榕街-1984-11-30,declare,1984-11-30,GN3531,crowd|1984-gn3531-tuen-mun-Tsing-Yung-Street-青榕街-1984-11-30,declare,true,true,true,true,first_equals_latest
agree_latest,en_zh:Tsoi Tak Street|載德街,TSOI TAK STREET,載德街,WC,1930-03-07,GN138,Tsoi Tak Street,載德街,1930-03-07,GN138,crowd|1930-gn138-village-road-12458-1930-03-07,declare,1930-03-07,GN138,crowd|1930-gn138-village-road-12458-1930-03-07,declare,true,true,true,true,first_equals_latest
agree_latest,en_zh:Tsok Pok Hang Road|作壆坑路,TSOK POK HANG ROAD,作壆坑路,ST,1982-12-17,GN3954,Tsok Pok Hang Road,作壆坑路,1982-12-17,GN3954,crowd|1982-gn3954-sha-tin-Tsok-Pok-Hang-Road-作壆坑路-1982-12-17,declare,1982-12-17,GN3954,crowd|1982-gn3954-sha-tin-Tsok-Pok-Hang-Road-作壆坑路-1982-12-17,declare,true,true,true,true,first_equals_latest
agree_latest,en_zh:Tsui Hing Street|翠興街,TSUI HING STREET,翠興街,KT,1984-04-19,GN1193,Tsui Hing Street,翠興街,1984-04-19,GN1193,crowd|1984-gn1193-kowloon-bay-Tsui-Hing-Street-翠興街-1984-04-19,declare,1984-04-19,GN1193,crowd|1984-gn1193-kowloon-bay-Tsui-Hing-Street-翠興街-1984-04-19,declare,true,true,true,true,first_equals_latest
agree_latest,en_zh:Tsui King Street|翠景街,TSUI KING STREET,翠景街,E,1983-03-18,GN872,Tsui King Street,翠景街,1983-03-18,GN872,crowd|1983-gn872-chai-wan-Tsui-King-Street-翠景街-1983-03-18,declare,1983-03-18,GN872,crowd|1983-gn872-chai-wan-Tsui-King-Street-翠景街-1983-03-18,declare,true,true,true,true,first_equals_latest
agree_latest,en_zh:Tsui Man Street|聚文街,TSUI MAN STREET,聚文街,WC,1930-03-07,GN138,Tsui Man Street,聚文街,1930-03-07,GN138,crowd|1930-gn138-village-road-12478-1930-03-07,declare,1930-03-07,GN138,crowd|1930-gn138-village-road-12478-1930-03-07,declare,true,true,true,true,first_equals_latest
agree_latest,en_zh:Tsui Ping Road|翠屏道,TSUI PING ROAD,翠屏道,KT,1957-02-22,GN264,Tsui Ping Road,翠屏道,1957-02-22,GN264,crowd|1957-gn264-kwun-tong-streets-Tsui-Ping-Road-翠屏道-1957-02-22,declare,1957-02-22,GN264,crowd|1957-gn264-kwun-tong-streets-Tsui-Ping-Road-翠屏道-1957-02-22,declare,true,true,true,true,first_equals_latest
agree_latest,en_zh:Tsun Fat Street|駿發街,TSUN FAT STREET,駿發街,KC,1959-04-17,GN548,Tsun Fat Street,駿發街,1959-04-17,GN548,crowd|1959-gn548-ma-tau-kok-streets-Tsun-Fat-Street-駿發街-1959-04-17,declare,1959-04-17,GN548,crowd|1959-gn548-ma-tau-kok-streets-Tsun-Fat-Street-駿發街-1959-04-17,declare,true,true,true,true,first_equals_latest
agree_latest,en_zh:Tsun Fu Street|巡撫街,TSUN FU STREET,巡撫街,N,1958-06-06,GN770,Tsun Fu Street,巡撫街,1958-06-06,GN770,crowd|1958-gn770-shek-wu-hui-Tsun-Fu-Street-巡撫街-1958-06-06,declare,1958-06-06,GN770,crowd|1958-gn770-shek-wu-hui-Tsun-Fu-Street-巡撫街-1958-06-06,declare,true,true,true,true,first_equals_latest
agree_latest,en_zh:Tsun Yip Lane|駿業里,TSUN YIP LANE,駿業里,KT,1957-02-22,GN264,Tsun Yip Lane,駿業里,1957-02-22,GN264,crowd|1957-gn264-kwun-tong-streets-Tsun-Yip-Lane-駿業里-1957-02-22,declare,1957-02-22,GN264,crowd|1957-gn264-kwun-tong-streets-Tsun-Yip-Lane-駿業里-1957-02-22,declare,true,true,true,true,first_equals_latest
agree_latest,en_zh:Tsun Yip Street|駿業街,TSUN YIP STREET,駿業街,KT,1957-02-22,GN264,Tsun Yip Street,駿業街,1957-02-22,GN264,crowd|1957-gn264-kwun-tong-streets-Tsun-Yip-Street-駿業街-1957-02-22,declare,1957-02-22,GN264,crowd|1957-gn264-kwun-tong-streets-Tsun-Yip-Street-駿業街-1957-02-22,declare,true,true,true,true,first_equals_latest
agree_latest,en_zh:Tsun Yuen Street|晉源街,TSUN YUEN STREET,晉源街,WC,1930-03-07,GN138,Tsun Yuen Street,晉源街,1930-03-07,GN138,crowd|1930-gn138-village-road-12487-1930-03-07,declare,1930-03-07,GN138,crowd|1930-gn138-village-road-12487-1930-03-07,declare,true,true,true,true,first_equals_latest
agree_latest,en_zh:Tsung Man Street|崇文街,TSUNG MAN STREET,崇文街,S,1956-06-29,GN805,Tsung Man Street,崇文街,1956-06-29,GN805,crowd|1956-gn805-tsung-man-street-Tsung-Man-Street-崇文街-1956-06-29,declare,1956-06-29,GN805,crowd|1956-gn805-tsung-man-street-Tsung-Man-Street-崇文街-1956-06-29,declare,true,true,true,true,first_equals_latest
agree_latest,en_zh:Tsung Tau Ha Road|松頭下路,TSUNG TAU HA ROAD,松頭下路,ST,1981-06-12,GN1685,Tsung Tau Ha Road,松頭下路,1981-06-12,GN1685,crowd|1981-gn1685-fo-tan-streets-Tsung-Tau-Ha-Road-松頭下路-1981-06-12,declare,1981-06-12,GN1685,crowd|1981-gn1685-fo-tan-streets-Tsung-Tau-Ha-Road-松頭下路-1981-06-12,declare,true,true,true,true,first_equals_latest
agree_latest,en_zh:Tsz Loi Lane|紫來里,TSZ LOI LANE,紫來里,KT,1961-05-19,GN850,Tsz Loi Lane,紫來里,1961-05-19,GN850,crowd|1961-gn850-ping-shing-tsz-loi-Tsz-Loi-Lane-紫來里-1961-05-19,declare,1961-05-19,GN850,crowd|1961-gn850-ping-shing-tsz-loi-Tsz-Loi-Lane-紫來里-1961-05-19,declare,true,true,true,true,first_equals_latest
agree_latest,en_zh:Tuen Lee Street|屯利街,TUEN LEE STREET,屯利街,TM,1984-11-30,GN3531,Tuen Lee Street,屯利街,1984-11-30,GN3531,crowd|1984-gn3531-tuen-mun-Tuen-Lee-Street-屯利街-1984-11-30,declare,1984-11-30,GN3531,crowd|1984-gn3531-tuen-mun-Tuen-Lee-Street-屯利街-1984-11-30,declare,true,true,true,true,first_equals_latest
agree_latest,en_zh:Tuen Lung Street|屯隆街,TUEN LUNG STREET,屯隆街,TM,1984-11-30,GN3531,Tuen Lung Street,屯隆街,1984-11-30,GN3531,crowd|1984-gn3531-tuen-mun-Tuen-Lung-Street-屯隆街-1984-11-30,declare,1984-11-30,GN3531,crowd|1984-gn3531-tuen-mun-Tuen-Lung-Street-屯隆街-1984-11-30,declare,true,true,true,true,first_equals_latest
agree_latest,en_zh:Tuen Shing Street|屯盛街,TUEN SHING STREET,屯盛街,TM,1984-11-30,GN3531,Tuen Shing Street,屯盛街,1984-11-30,GN3531,crowd|1984-gn3531-tuen-mun-Tuen-Shing-Street-屯盛街-1984-11-30,declare,1984-11-30,GN3531,crowd|1984-gn3531-tuen-mun-Tuen-Shing-Street-屯盛街-1984-11-30,declare,true,true,true,true,first_equals_latest
agree_latest,en_zh:Tung Chau West Street|通州西街,TUNG CHAU WEST STREET,通州西街,SSP,1976-06-18,GN1301,Tung Chau West Street,通州西街,1976-06-18,GN1301,crowd|1976-gn1301-cheung-sha-wan-west-renames-Tung-Chau-West-Street-通州西街-1976-06-18,rename,1976-06-18,GN1301,crowd|1976-gn1301-cheung-sha-wan-west-renames-Tung-Chau-West-Street-通州西街-1976-06-18,rename,true,true,true,true,first_equals_latest
agree_latest,en_zh:Tung Cheong Street|東昌街,TUNG CHEONG STREET,東昌街,TP,2020-08-07,GN4507,Tung Cheong Street,東昌街,2020-08-07,GN4507,2020-08-07|GN4507|0,declare,2020-08-07,GN4507,2020-08-07|GN4507|0,declare,true,true,true,true,first_equals_latest
agree_latest,en_zh:Tung Choi Street|通菜街,TUNG CHOI STREET,通菜街,YTM,1924-08-29,GN492,Tung Choi Street,通菜街,1924-08-29,GN492,crowd|1924-gn492-sai-yeung-choi-street-12513-1924-08-29,declare,1924-08-29,GN492,crowd|1924-gn492-sai-yeung-choi-street-12513-1924-08-29,declare,true,true,true,true,first_equals_latest
agree_latest,en_zh:Tung Chung Road|東涌道,TUNG CHUNG ROAD,東涌道,Is,2009-01-30,GN683,Tung Chung Road,東涌道,2009-01-30,GN0683,2009-01-30|GN0683|0,declare,2009-01-30,GN0683,2009-01-30|GN0683|0,declare,true,true,true,true,first_equals_latest
agree_latest,en_zh:Tung Fong Street|東方街,TUNG FONG STREET,東方街,YTM,1924-08-29,GN492,Tung Fong Street,東方街,1924-08-29,GN492,crowd|1924-gn492-sai-yeung-choi-street-12517-1924-08-29,declare,1924-08-29,GN492,crowd|1924-gn492-sai-yeung-choi-street-12517-1924-08-29,declare,true,true,true,true,first_equals_latest
agree_latest,en_zh:Tung Fuk Road|同福路,TUNG FUK ROAD,同福路,TM,2009-08-14,GN5125,Tung Fuk Road,同福路,2009-08-14,GN5125,2009-08-14|GN5125|1,declare,2009-08-14,GN5125,2009-08-14|GN5125|1,declare,true,true,true,true,first_equals_latest
agree_latest,en_zh:Tung Lei Path|東籬徑,TUNG LEI PATH,東籬徑,TM,2019-04-26,GN2870,Tung Lei Path,東籬徑,2019-04-26,GN2870,2019-04-26|GN2870|0,declare,2019-04-26,GN2870,2019-04-26|GN2870|0,declare,true,true,true,true,first_equals_latest
agree_latest,en_zh:Tung Lo Wan Drive|銅鑼灣徑,TUNG LO WAN DRIVE,銅鑼灣徑,WC,1975-09-19,GN2060,Tung Lo Wan Drive,銅鑼灣徑,1975-09-19,GN2060,crowd|1975-gn2060-tung-lo-wan-drive-Tung-Lo-Wan-Drive-銅鑼灣徑-1975-09-19,declare,1975-09-19,GN2060,crowd|1975-gn2060-tung-lo-wan-drive-Tung-Lo-Wan-Drive-銅鑼灣徑-1975-09-19,declare,true,true,true,true,first_equals_latest
agree_latest,en_zh:Tung Lo Wan Hill Road|銅鑼灣山路,TUNG LO WAN HILL ROAD,銅鑼灣山路,ST,1981-09-18,GN2794,Tung Lo Wan Hill Road,銅鑼灣山路,1976-08-13,GN1741,crowd|1976-gn1741-sha-tin-streets-Tung-Lo-Wan-Hill-Road-銅鑼灣山路-1976-08-13,declare,1981-09-18,GN2794,crowd|1981-gn2794-sha-tin-roads-Tung-Lo-Wan-Hill-Road-銅鑼灣山路-1981-09-18,extend,false,false,true,true,
agree_latest,en_zh:Tung Lo Wan Road|銅鑼灣道,TUNG LO WAN ROAD,銅鑼灣道,WC,1935-06-21,GN490,Tung Lo Wan Road,銅鑼灣道,1935-06-21,GN490,crowd|1935-gn490-causeway-bay-roads-12525-1935-06-21,declare,1935-06-21,GN490,crowd|1935-gn490-causeway-bay-roads-12525-1935-06-21,declare,true,true,true,true,first_equals_latest
agree_latest,en_zh:Tung Lok Street|同樂街,TUNG LOK STREET,同樂街,YL,1977-12-02,GN2944,Tung Lok Street,同樂街,1977-12-02,GN2944,crowd|1977-gn2944-yuen-long-streets-Tung-Lok-Street-同樂街-1977-12-02,declare,1977-12-02,GN2944,crowd|1977-gn2944-yuen-long-streets-Tung-Lok-Street-同樂街-1977-12-02,declare,true,true,true,true,first_equals_latest
agree_latest,en_zh:Tung On Street|東安街,TUNG ON STREET,東安街,YTM,1926-04-16,GN202,Tung On Street,東安街,1926-04-16,GN202,crowd|1926-gn202-to-kwa-wan-road-12532-1926-04-16,declare,1926-04-16,GN202,crowd|1926-gn202-to-kwa-wan-road-12532-1926-04-16,declare,true,true,true,true,first_equals_latest
agree_latest,en_zh:Tung Sing Road|東勝道,TUNG SING ROAD,東勝道,S,1959-05-08,GN628,Tung Sing Road,東勝道,1959-05-08,GN628,crowd|1959-gn628-factory-tung-sing-Tung-Sing-Road-東勝道-1959-05-08,declare,1959-05-08,GN628,crowd|1959-gn628-factory-tung-sing-Tung-Sing-Road-東勝道-1959-05-08,declare,true,true,true,true,first_equals_latest
agree_latest,en_zh:Tung Street|東街,TUNG STREET,東街,C&W,1909-03-19,GN184,Tung Street,東街,1909-03-19,GN184,crowd|1909-gn184-safe-12537-1909-03-19,rename,1909-03-19,GN184,crowd|1909-gn184-safe-12537-1909-03-19,rename,true,true,true,true,first_equals_latest
agree_latest,en_zh:Tung Tau Wan Road|東頭灣道,TUNG TAU WAN ROAD,東頭灣道,S,1933-11-10,GN727,Tung Tau Wan Road,東頭灣道,1933-11-10,GN727,crowd|1933-gn727-stanley-roads-12543-1933-11-10,declare,1933-11-10,GN727,crowd|1933-gn727-stanley-roads-12543-1933-11-10,declare,true,true,true,true,first_equals_latest
agree_latest,en_zh:Tung Wan Tau Road|東灣頭路,TUNG WAN TAU ROAD,東灣頭路,Is,1983-11-04,GN3496,Tung Wan Tau Road,東灣頭路,1983-11-04,GN3496,crowd|1983-gn3496-mui-wo-Tung-Wan-Tau-Road-東灣頭路-1983-11-04,declare,1983-11-04,GN3496,crowd|1983-gn3496-mui-wo-Tung-Wan-Tau-Road-東灣頭路-1983-11-04,declare,true,true,true,true,first_equals_latest
agree_latest,en_zh:Tung Wing Road|東榮路,TUNG WING ROAD,東榮路,Is,2017-03-10,GN1273,Tung Wing Road,東榮路,2017-03-10,GN1273,2017-03-10|GN1273|12,declare,2017-03-10,GN1273,2017-03-10|GN1273|12,declare,true,true,true,true,first_equals_latest
agree_latest,en_zh:Tung Yan Street|同仁街,TUNG YAN STREET,同仁街,KT,1957-02-22,GN264,Tung Yan Street,同仁街,1957-02-22,GN264,crowd|1957-gn264-kwun-tong-streets-Tung-Yan-Street-同仁街-1957-02-22,declare,1957-02-22,GN264,crowd|1957-gn264-kwun-tong-streets-Tung-Yan-Street-同仁街-1957-02-22,declare,true,true,true,true,first_equals_latest
agree_latest,en_zh:Tung Yiu Road|東耀路,TUNG YIU ROAD,東耀路,Is,2019-07-26,GN4779,Tung Yiu Road,東耀路,2019-07-26,GN4779,2019-07-26|GN4779|0,declare,2019-07-26,GN4779,2019-07-26|GN4779|0,declare,true,true,true,true,first_equals_latest
agree_latest,en_zh:Tweed Road|陶域道,TWEED ROAD,陶域道,KC,1951-08-03,GN798,Tweed Road,陶域道,1951-08-03,GN798,crowd|1951-gn798-tweed-road-Tweed-Road-陶域道-1951-08-03,declare,1951-08-03,GN798,crowd|1951-gn798-tweed-road-Tweed-Road-陶域道-1951-08-03,declare,true,true,true,true,first_equals_latest
agree_latest,en_zh:U Lam Terrace|儒林臺,U LAM TERRACE,儒林臺,C&W,2016-07-29,GN4332,U Lam Terrace,儒林臺,2016-05-27,GN3020,2016-05-27|GN3020|0,declare,2016-07-29,GN4332,2016-07-29|GN4332|0,declare,false,false,true,true,
agree_latest,en_zh:Universal Gate Road|普門路,UNIVERSAL GATE ROAD,普門路,TP,2013-08-23,GN4994,Universal Gate Road,普門路,2013-08-23,GN4994,2013-08-23|GN4994|0,declare,2013-08-23,GN4994,2013-08-23|GN4994|0,declare,true,true,true,true,first_equals_latest
agree_latest,en_zh:Valley Road|山谷道,VALLEY ROAD,山谷道,KC,1933-07-14,GN481,Valley Road,山谷道,1933-07-14,GN481,crowd|1933-gn481-valley-tak-hing-12566-1933-07-14,declare,1933-07-14,GN481,crowd|1933-gn481-valley-tak-hing-12566-1933-07-14,declare,true,true,true,true,first_equals_latest
agree_latest,en_zh:Ventris Road|雲地利道,VENTRIS ROAD,雲地利道,WC,1926-01-29,GN46,Ventris Road,雲地利道,1926-01-29,GN46,crowd|1926-gn46-mount-cameron-road-12567-1926-01-29,declare,1926-01-29,GN46,crowd|1926-gn46-mount-cameron-road-12567-1926-01-29,declare,true,true,true,true,first_equals_latest
agree_latest,en_zh:Verbena Road|地錦路,VERBENA ROAD,地錦路,SSP,1953-11-20,GN1420,Verbena Road,地錦路,1953-11-20,GN1420,crowd|1953-gn1420-yau-yat-chuen-Verbena-Road-地錦路-1953-11-20,declare,1953-11-20,GN1420,crowd|1953-gn1420-yau-yat-chuen-Verbena-Road-地錦路-1953-11-20,declare,true,true,true,true,first_equals_latest
agree_latest,en_zh:Village Road|山村道,VILLAGE ROAD,山村道,WC,1953-09-18,GN1143,Village Road,山村道,1925-10-09,GN575,crowd|1925-gn575-village-road-12572-1925-10-09,declare,1953-09-18,GN1143,crowd|1953-gn1143-village-shan-kwong-Village-Road-山村道-1953-09-18,extend,false,false,true,true,our_event_count=3
agree_latest,en_zh:Wa Lai Path|華荔徑,WA LAI PATH,華荔徑,K&T,1982-12-10,GN3875,Wa Lai Path,華荔徑,1982-12-10,GN3875,crowd|1982-gn3875-wa-lai-path-Wa-Lai-Path-華荔徑-1982-12-10,declare,1982-12-10,GN3875,crowd|1982-gn3875-wa-lai-path-Wa-Lai-Path-華荔徑-1982-12-10,declare,true,true,true,true,first_equals_latest
agree_latest,en_zh:Wa Mei Path|畫眉徑,WA MEI PATH,畫眉徑,N,2000-07-21,GN4741,Wa Mei Path,畫眉徑,2000-07-21,GN4741,crowd|2000-gn4741-14035,declare,2000-07-21,GN4741,crowd|2000-gn4741-14035,declare,true,true,true,true,first_equals_latest
agree_latest,en_zh:Wa Tai Road|華泰路,WA TAI ROAD,華泰路,K&T,1982-12-24,GN4036,Wa Tai Road,華泰路,1982-12-24,GN4036,crowd|1982-gn4036-tsuen-wan-Wa-Tai-Road-華泰路-1982-12-24,declare,1982-12-24,GN4036,crowd|1982-gn4036-tsuen-wan-Wa-Tai-Road-華泰路-1982-12-24,declare,true,true,true,true,first_equals_latest
agree_latest,en_zh:Wah Chi Path|華池徑,WAH CHI PATH,華池徑,WTS,1983-04-22,GN1265,Wah Chi Path,華池徑,1983-04-22,GN1265,crowd|1983-gn1265-ngau-chi-wan-Wah-Chi-Path-華池徑-1983-04-22,declare,1983-04-22,GN1265,crowd|1983-gn1265-ngau-chi-wan-Wah-Chi-Path-華池徑-1983-04-22,declare,true,true,true,true,first_equals_latest
agree_latest,en_zh:Wah Sing Street|華星街,WAH SING STREET,華星街,K&T,1974-04-19,GN1023,Wah Sing Street,華星街,1974-04-19,GN1023,crowd|1974-gn1023-kwai-chung-streets-12597-1974-04-19,declare,1974-04-19,GN1023,crowd|1974-gn1023-kwai-chung-streets-12597-1974-04-19,declare,true,true,true,true,first_equals_latest
agree_latest,en_zh:Wah Yiu Road|華瑤路,WAH YIU ROAD,華瑤路,K&T,1979-05-04,GN1132,Wah Yiu Road,華瑤路,1979-05-04,GN1132,crowd|1979-gn1132-kwai-chung-streets-Wah-Yiu-Road-華瑤路-1979-05-04,declare,1979-05-04,GN1132,crowd|1979-gn1132-kwai-chung-streets-Wah-Yiu-Road-華瑤路-1979-05-04,declare,true,true,true,true,first_equals_latest
agree_latest,en_zh:Wah Yuen Drive|華員徑,WAH YUEN DRIVE,華員徑,K&T,1981-10-23,GN3161,Wah Yuen Drive,華員徑,1981-10-23,GN3161,crowd|1981-gn3161-wah-king-wah-yuen-Wah-Yuen-Drive-華員徑-1981-10-23,declare,1981-10-23,GN3161,crowd|1981-gn3161-wah-king-wah-yuen-Wah-Yuen-Drive-華員徑-1981-10-23,declare,true,true,true,true,first_equals_latest
agree_latest,en_zh:Wai Ching Street|偉晴街,WAI CHING STREET,偉晴街,YTM,1924-11-07,GN621,Wai Ching Street,偉晴街,1924-11-07,GN621,crowd|1924-gn621-wai-ching-street-12602-1924-11-07,declare,1924-11-07,GN621,crowd|1924-gn621-wai-ching-street-12602-1924-11-07,declare,true,true,true,true,first_equals_latest
agree_latest,en_zh:Wai King Street|偉景街,WAI KING STREET,偉景街,KC,1977-02-17,GN420,Wai King Street,偉景街,1977-02-17,GN420,crowd|1977-gn420-to-kwa-wan-streets-Wai-King-Street-偉景街-1977-02-17,declare,1977-02-17,GN420,crowd|1977-gn420-to-kwa-wan-streets-Wai-King-Street-偉景街-1977-02-17,declare,true,true,true,true,first_equals_latest
agree_latest,en_zh:Wai Lok Street|偉樂街,WAI LOK STREET,偉樂街,KT,2000-06-09,GN3693,Wai Lok Street,偉樂街,2000-06-09,GN3693,crowd|2000-gn3693-14022,declare,2000-06-09,GN3693,crowd|2000-gn3693-14022,declare,true,true,true,true,first_equals_latest
agree_latest,en_zh:Wai On Street|惠安街,WAI ON STREET,惠安街,YTM,1958-05-30,GN732,Wai On Street,惠安街,1958-05-30,GN732,crowd|1958-gn732-tai-kok-tsui-west-Wai-On-Street-惠安街-1958-05-30,declare,1958-05-30,GN732,crowd|1958-gn732-tai-kok-tsui-west-Wai-On-Street-惠安街-1958-05-30,declare,true,true,true,true,first_equals_latest
agree_latest,en_zh:Wai Tsai Fifth Street|圍仔第五街,WAI TSAI FIFTH STREET,圍仔第五街,Is,1983-06-03,GN1753,Wai Tsai Fifth Street,圍仔第五街,1983-06-03,GN1753,crowd|1983-gn1753-peng-chau-Wai-Tsai-Fifth-Street-圍仔第五街-1983-06-03,declare,1983-06-03,GN1753,crowd|1983-gn1753-peng-chau-Wai-Tsai-Fifth-Street-圍仔第五街-1983-06-03,declare,true,true,true,true,first_equals_latest
agree_latest,en_zh:Wai Tsai First Street|圍仔第一街,WAI TSAI FIRST STREET,圍仔第一街,Is,1983-06-03,GN1753,Wai Tsai First Street,圍仔第一街,1983-06-03,GN1753,crowd|1983-gn1753-peng-chau-Wai-Tsai-First-Street-圍仔第一街-1983-06-03,declare,1983-06-03,GN1753,crowd|1983-gn1753-peng-chau-Wai-Tsai-First-Street-圍仔第一街-1983-06-03,declare,true,true,true,true,first_equals_latest
agree_latest,en_zh:Wai Tsai Fourth Street|圍仔第四街,WAI TSAI FOURTH STREET,圍仔第四街,Is,1983-06-03,GN1753,Wai Tsai Fourth Street,圍仔第四街,1983-06-03,GN1753,crowd|1983-gn1753-peng-chau-Wai-Tsai-Fourth-Street-圍仔第四街-1983-06-03,declare,1983-06-03,GN1753,crowd|1983-gn1753-peng-chau-Wai-Tsai-Fourth-Street-圍仔第四街-1983-06-03,declare,true,true,true,true,first_equals_latest
agree_latest,en_zh:Wai Tsai Second Street|圍仔第二街,WAI TSAI SECOND STREET,圍仔第二街,Is,1983-06-03,GN1753,Wai Tsai Second Street,圍仔第二街,1983-06-03,GN1753,crowd|1983-gn1753-peng-chau-Wai-Tsai-Second-Street-圍仔第二街-1983-06-03,declare,1983-06-03,GN1753,crowd|1983-gn1753-peng-chau-Wai-Tsai-Second-Street-圍仔第二街-1983-06-03,declare,true,true,true,true,first_equals_latest
agree_latest,en_zh:Wai Tsai Third Street|圍仔第三街,WAI TSAI THIRD STREET,圍仔第三街,Is,1983-06-03,GN1753,Wai Tsai Third Street,圍仔第三街,1983-06-03,GN1753,crowd|1983-gn1753-peng-chau-Wai-Tsai-Third-Street-圍仔第三街-1983-06-03,declare,1983-06-03,GN1753,crowd|1983-gn1753-peng-chau-Wai-Tsai-Third-Street-圍仔第三街-1983-06-03,declare,true,true,true,true,first_equals_latest
agree_latest,en_zh:Wai Tsuen Road|蕙荃路,WAI TSUEN ROAD,蕙荃路,TW,1983-11-04,GN3497,Wai Tsuen Road,蕙荃路,1983-11-04,GN3497,crowd|1983-gn3497-tsuen-wan-Wai-Tsuen-Road-蕙荃路-1983-11-04,declare,1983-11-04,GN3497,crowd|1983-gn3497-tsuen-wan-Wai-Tsuen-Road-蕙荃路-1983-11-04,declare,true,true,true,true,first_equals_latest
agree_latest,en_zh:Wai Tsui Crescent|慧翠道,WAI TSUI CRESCENT,慧翠道,E,1984-03-09,GN709,Wai Tsui Crescent,慧翠道,1984-03-09,GN709,crowd|1984-gn709-wai-tsui-crescent-Wai-Tsui-Crescent-慧翠道-1984-03-09,declare,1984-03-09,GN709,crowd|1984-gn709-wai-tsui-crescent-Wai-Tsui-Crescent-慧翠道-1984-03-09,declare,true,true,true,true,first_equals_latest
agree_latest,en_zh:Wai Wai Road|懷惠道,WAI WAI ROAD,懷惠道,SSP,1934-02-09,GN91,Wai Wai Road,懷惠道,1934-02-09,GN91,crowd|1934-gn91-cheung-sha-wan-streets-12620-1934-02-09,declare,1934-02-09,GN91,crowd|1934-gn91-cheung-sha-wan-streets-12620-1934-02-09,declare,true,true,true,true,first_equals_latest
agree_latest,en_zh:Wai Yin Path|薈然徑,WAI YIN PATH,薈然徑,KC,2015-02-13,GN1691,Wai Yin Path,薈然徑,2015-02-13,GN1691,2015-02-13|GN1691|0,declare,2015-02-13,GN1691,2015-02-13|GN1691|0,declare,true,true,true,true,first_equals_latest
agree_latest,en_zh:Walker Road|獲嘉道,WALKER ROAD,獲嘉道,KC,1950-07-21,GN869,Walker Road,獲嘉道,1950-07-21,GN869,crowd|1950-gn867-868-869-kowloon-tong-streets-Walker-Road-獲嘉道-1950-07-21,declare,1950-07-21,GN869,crowd|1950-gn867-868-869-kowloon-tong-streets-Walker-Road-獲嘉道-1950-07-21,declare,true,true,true,true,first_equals_latest
agree_latest,en_zh:Wan Hoi Street|環海街,WAN HOI STREET,環海街,KC,1978-06-23,GN1569,Wan Hoi Street,環海街,1978-06-23,GN1569,crowd|1978-gn1569-wan-hoi-street-Wan-Hoi-Street-環海街-1978-06-23,declare,1978-06-23,GN1569,crowd|1978-gn1569-wan-hoi-street-Wan-Hoi-Street-環海街-1978-06-23,declare,true,true,true,true,first_equals_latest
agree_latest,en_zh:Wan On Street|環安街,WAN ON STREET,環安街,KC,1958-08-08,GN1068,Wan On Street,環安街,1958-08-08,GN1068,crowd|1958-gn1068-wan-on-cluster-Wan-On-Street-環安街-1958-08-08,declare,1958-08-08,GN1068,crowd|1958-gn1068-wan-on-cluster-Wan-On-Street-環安街-1958-08-08,declare,true,true,true,true,first_equals_latest
agree_latest,en_zh:Wan Shing Street|運盛街,WAN SHING STREET,運盛街,WC,1974-05-31,GN1382,Wan Shing Street,運盛街,1974-05-31,GN1382,crowd|1974-gn1382-12640,declare,1974-05-31,GN1382,crowd|1974-gn1382-12640,declare,true,true,true,true,first_equals_latest
agree_latest,en_zh:Wan Tsui Lane|環翠里,WAN TSUI LANE,環翠里,E,1980-05-23,GN1579,Wan Tsui Lane,環翠里,1980-05-23,GN1579,crowd|1980-gn1579-wan-tsui-lane-Wan-Tsui-Lane-環翠里-1980-05-23,declare,1980-05-23,GN1579,crowd|1980-gn1579-wan-tsui-lane-Wan-Tsui-Lane-環翠里-1980-05-23,declare,true,true,true,true,first_equals_latest
agree_latest,en_zh:Wang Chau Road|橫洲路,WANG CHAU ROAD,橫洲路,YL,1977-12-02,GN2944,Wang Chau Road,橫洲路,1977-12-02,GN2944,crowd|1977-gn2944-yuen-long-streets-Wang-Chau-Road-橫洲路-1977-12-02,declare,1977-12-02,GN2944,crowd|1977-gn2944-yuen-long-streets-Wang-Chau-Road-橫洲路-1977-12-02,declare,true,true,true,true,first_equals_latest
agree_latest,en_zh:Wang Chiu Road|宏照道,WANG CHIU ROAD,宏照道,KT,1983-07-15,GN2233,Wang Chiu Road,宏照道,1983-07-15,GN2233,crowd|1983-gn2233-kowloon-bay-Wang-Chiu-Road-宏照道-1983-07-15,declare,1983-07-15,GN2233,crowd|1983-gn2233-kowloon-bay-Wang-Chiu-Road-宏照道-1983-07-15,declare,true,true,true,true,first_equals_latest
agree_latest,en_zh:Wang Fu Street|宏富街,WANG FU STREET,宏富街,YL,1984-05-04,GN1312,Wang Fu Street,宏富街,1984-05-04,GN1312,crowd|1984-gn1312-yuen-long-Wang-Fu-Street-宏富街-1984-05-04,declare,1984-05-04,GN1312,crowd|1984-gn1312-yuen-long-Wang-Fu-Street-宏富街-1984-05-04,declare,true,true,true,true,first_equals_latest
agree_latest,en_zh:Wang Hoi Road|宏開道,WANG HOI ROAD,宏開道,KT,1984-04-19,GN1193,Wang Hoi Road,宏開道,1983-07-15,GN2233,crowd|1983-gn2233-kowloon-bay-Wang-Hoi-Road-宏開道-1983-07-15,declare,1984-04-19,GN1193,crowd|1984-gn1193-kowloon-bay-Wang-Hoi-Road-宏開道-1984-04-19,declare,false,false,true,true,
agree_latest,en_zh:Wang Kwong Road|宏光道,WANG KWONG ROAD,宏光道,KT,1983-07-15,GN2233,Wang Kwong Road,宏光道,1983-07-15,GN2233,crowd|1983-gn2233-kowloon-bay-Wang-Kwong-Road-宏光道-1983-07-15,declare,1983-07-15,GN2233,crowd|1983-gn2233-kowloon-bay-Wang-Kwong-Road-宏光道-1983-07-15,declare,true,true,true,true,first_equals_latest
agree_latest,en_zh:Wang Kwun Road|宏冠道,WANG KWUN ROAD,宏冠道,KT,1984-04-19,GN1193,Wang Kwun Road,宏冠道,1984-04-19,GN1193,crowd|1984-gn1193-kowloon-bay-Wang-Kwun-Road-宏冠道-1984-04-19,declare,1984-04-19,GN1193,crowd|1984-gn1193-kowloon-bay-Wang-Kwun-Road-宏冠道-1984-04-19,declare,true,true,true,true,first_equals_latest
agree_latest,en_zh:Wang Lee Street|宏利街,WANG LEE STREET,宏利街,YL,1984-05-04,GN1312,Wang Lee Street,宏利街,1984-05-04,GN1312,crowd|1984-gn1312-yuen-long-Wang-Lee-Street-宏利街-1984-05-04,declare,1984-05-04,GN1312,crowd|1984-gn1312-yuen-long-Wang-Lee-Street-宏利街-1984-05-04,declare,true,true,true,true,first_equals_latest
agree_latest,en_zh:Wang Lok Street|宏樂街,WANG LOK STREET,宏樂街,YL,1984-05-04,GN1312,Wang Lok Street,宏樂街,1984-05-04,GN1312,crowd|1984-gn1312-yuen-long-Wang-Lok-Street-宏樂街-1984-05-04,declare,1984-05-04,GN1312,crowd|1984-gn1312-yuen-long-Wang-Lok-Street-宏樂街-1984-05-04,declare,true,true,true,true,first_equals_latest
agree_latest,en_zh:Wang Mau Street|宏茂街,WANG MAU STREET,宏茂街,KT,1983-07-15,GN2233,Wang Mau Street,宏茂街,1983-07-15,GN2233,crowd|1983-gn2233-kowloon-bay-Wang-Mau-Street-宏茂街-1983-07-15,declare,1983-07-15,GN2233,crowd|1983-gn2233-kowloon-bay-Wang-Mau-Street-宏茂街-1983-07-15,declare,true,true,true,true,first_equals_latest
agree_latest,en_zh:Wang On Road|宏安道,WANG ON ROAD,宏安道,E,1954-07-30,GN947,Wang On Road,宏安道,1954-07-30,GN947,crowd|1954-gn947-north-point-tak-cheong-Wang-On-Road-宏安道-1954-07-30,declare,1954-07-30,GN947,crowd|1954-gn947-north-point-tak-cheong-Wang-On-Road-宏安道-1954-07-30,declare,true,true,true,true,first_equals_latest
agree_latest,en_zh:Wang Ping Shan South Road|橫平山南路,WANG PING SHAN SOUTH ROAD,橫平山南路,YL,2010-06-25,GN4012,Wang Ping Shan South Road,橫平山南路,2010-06-25,GN4012,2010-06-25|GN4012|0,declare,2010-06-25,GN4012,2010-06-25|GN4012|0,declare,true,true,true,true,first_equals_latest
agree_latest,en_zh:Wang Street|橫街,WANG STREET,橫街,SK,1976-11-05,GN2462,Wang Street,橫街,1976-11-05,GN2462,crowd|1976-gn2462-sai-kung-streets-Wang-Street-橫街-1976-11-05,declare,1976-11-05,GN2462,crowd|1976-gn2462-sai-kung-streets-Wang-Street-橫街-1976-11-05,declare,true,true,true,true,first_equals_latest
agree_latest,en_zh:Wang Tai Road|宏泰道,WANG TAI ROAD,宏泰道,KT,1984-04-19,GN1193,Wang Tai Road,宏泰道,1984-04-19,GN1193,crowd|1984-gn1193-kowloon-bay-Wang-Tai-Road-宏泰道-1984-04-19,declare,1984-04-19,GN1193,crowd|1984-gn1193-kowloon-bay-Wang-Tai-Road-宏泰道-1984-04-19,declare,true,true,true,true,first_equals_latest
agree_latest,en_zh:Wang Tak Street|宏德街,WANG TAK STREET,宏德街,WC,1930-03-07,GN138,Wang Tak Street,宏德街,1930-03-07,GN138,crowd|1930-gn138-village-road-12671-1930-03-07,declare,1930-03-07,GN138,crowd|1930-gn138-village-road-12671-1930-03-07,declare,true,true,true,true,first_equals_latest
agree_latest,en_zh:Wang Wa Street|宏華街,WANG WA STREET,宏華街,E,1960-07-08,GN1060,Wang Wa Street,宏華街,1960-07-08,GN1060,crowd|1960-gn1060-mei-wa-streets-Wang-Wa-Street-宏華街-1960-07-08,declare,1960-07-08,GN1060,crowd|1960-gn1060-mei-wa-streets-Wang-Wa-Street-宏華街-1960-07-08,declare,true,true,true,true,first_equals_latest
agree_latest,en_zh:Wang Yip Street East|宏業東街,WANG YIP STREET EAST,宏業東街,YL,1983-01-28,GN325,Wang Yip Street East,宏業東街,1983-01-28,GN325,crowd|1983-gn325-yuen-long-Wang-Yip-Street-East-宏業東街-1983-01-28,declare,1983-01-28,GN325,crowd|1983-gn325-yuen-long-Wang-Yip-Street-East-宏業東街-1983-01-28,declare,true,true,true,true,first_equals_latest
agree_latest,en_zh:Wang Yip Street South|宏業南街,WANG YIP STREET SOUTH,宏業南街,YL,1983-01-28,GN325,Wang Yip Street South,宏業南街,1983-01-28,GN325,crowd|1983-gn325-yuen-long-Wang-Yip-Street-South-宏業南街-1983-01-28,declare,1983-01-28,GN325,crowd|1983-gn325-yuen-long-Wang-Yip-Street-South-宏業南街-1983-01-28,declare,true,true,true,true,first_equals_latest
agree_latest,en_zh:Wang Yip Street West|宏業西街,WANG YIP STREET WEST,宏業西街,YL,1983-01-28,GN325,Wang Yip Street West,宏業西街,1983-01-28,GN325,crowd|1983-gn325-yuen-long-Wang-Yip-Street-West-宏業西街-1983-01-28,declare,1983-01-28,GN325,crowd|1983-gn325-yuen-long-Wang-Yip-Street-West-宏業西街-1983-01-28,declare,true,true,true,true,first_equals_latest
agree_latest,en_zh:Warwick Road|和域道,WARWICK ROAD,和域道,KC,1957-04-05,GN509,Warwick Road,和域道,1957-04-05,GN509,crowd|1957-gn509-gap-beacon-cluster-Warwick-Road-和域道-1957-04-05,declare,1957-04-05,GN509,crowd|1957-gn509-gap-beacon-cluster-Warwick-Road-和域道-1957-04-05,declare,true,true,true,true,first_equals_latest
agree_latest,en_zh:West Embankment|西堤,WEST EMBANKMENT,西堤,E,1957-08-23,GN1179,West Embankment,西堤,1957-08-23,GN1179,crowd|1957-gn1179-harbour-embankments-West-Embankment-西堤-1957-08-23,declare,1957-08-23,GN1179,crowd|1957-gn1179-harbour-embankments-West-Embankment-西堤-1957-08-23,declare,true,true,true,true,first_equals_latest
agree_latest,en_zh:Westlands Road|華蘭路,WESTLANDS ROAD,華蘭路,E,1957-08-16,GN1149,Westlands Road,華蘭路,1957-08-16,GN1149,crowd|1957-gn1149-westlands-road-Westlands-Road-華蘭路-1957-08-16,declare,1957-08-16,GN1149,crowd|1957-gn1149-westlands-road-Westlands-Road-華蘭路-1957-08-16,declare,true,true,true,true,first_equals_latest
agree_latest,en_zh:Whampoa Street|黃埔街,WHAMPOA STREET,黃埔街,KC,1956-06-08,GN717,Whampoa Street,黃埔街,1956-06-08,GN717,crowd|1956-gn717-yaumatei-hunghom-Whampoa-Street-黃埔街-1956-06-08,declare,1956-06-08,GN717,crowd|1956-gn717-yaumatei-hunghom-Whampoa-Street-黃埔街-1956-06-08,declare,true,true,true,true,first_equals_latest
agree_latest,en_zh:Wharf Road|和富道,WHARF ROAD,和富道,E,1952-04-04,GN397,Wharf Road,和富道,1951-03-09,GN264,crowd|1951-gn264-wharf-road-Wharf-Road-和富道-1951-03-09,declare,1952-04-04,GN397,crowd|1952-gn397-wharf-road-extend-Wharf-Road-和富道-1952-04-04,extend,false,false,true,true,
agree_latest,en_zh:Wholesale Market Street|批發市場街,WHOLESALE MARKET STREET,批發市場街,SSP,2011-11-11,GN7460,Wholesale Market Street,批發市場街,2011-11-11,GN7460,2011-11-11|GN7460|0,declare,2011-11-11,GN7460,2011-11-11|GN7460|0,declare,true,true,true,true,first_equals_latest
agree_latest,en_zh:Willow Street|柳樹街,WILLOW STREET,柳樹街,YTM,1950-07-28,GN900,Willow Street,柳樹街,1950-07-28,GN900,crowd|1950-gn900-kowloon-streets-Willow-Street-柳樹街-1950-07-28,declare,1950-07-28,GN900,crowd|1950-gn900-kowloon-streets-Willow-Street-柳樹街-1950-07-28,declare,true,true,true,true,first_equals_latest
agree_latest,en_zh:Wiltshire Road|渭州道,WILTSHIRE ROAD,渭州道,KC,1951-05-18,GN522,Wiltshire Road,渭州道,1951-05-18,GN522,crowd|1951-gn522-kowloon-tong-streets-Wiltshire-Road-渭州道-1951-05-18,declare,1951-05-18,GN522,crowd|1951-gn522-kowloon-tong-streets-Wiltshire-Road-渭州道-1951-05-18,declare,true,true,true,true,first_equals_latest
agree_latest,en_zh:Wing Chi Path|榮池徑,WING CHI PATH,榮池徑,WTS,1983-04-22,GN1265,Wing Chi Path,榮池徑,1983-04-22,GN1265,crowd|1983-gn1265-ngau-chi-wan-Wing-Chi-Path-榮池徑-1983-04-22,declare,1983-04-22,GN1265,crowd|1983-gn1265-ngau-chi-wan-Wing-Chi-Path-榮池徑-1983-04-22,declare,true,true,true,true,first_equals_latest
agree_latest,en_zh:Wing Cho Street|榮祖街,WING CHO STREET,榮祖街,K&T,1977-11-25,GN2859,Wing Cho Street,榮祖街,1977-11-25,GN2859,crowd|1977-gn2859-tsuen-wan-kwai-streets-Wing-Cho-Street-榮祖街-1977-11-25,declare,1977-11-25,GN2859,crowd|1977-gn2859-tsuen-wan-kwai-streets-Wing-Cho-Street-榮祖街-1977-11-25,declare,true,true,true,true,first_equals_latest
agree_latest,en_zh:Wing Chong Street|永創街,WING CHONG STREET,永創街,K&T,1975-09-19,GN2061,Wing Chong Street,永創街,1975-09-19,GN2061,crowd|1975-gn2061-kwai-chung-streets-Wing-Chong-Street-永創街-1975-09-19,declare,1975-09-19,GN2061,crowd|1975-gn2061-kwai-chung-streets-Wing-Chong-Street-永創街-1975-09-19,declare,true,true,true,true,first_equals_latest
agree_latest,en_zh:Wing Fong Road|榮芳路,WING FONG ROAD,榮芳路,K&T,1974-04-19,GN1023,Wing Fong Road,榮芳路,1974-04-19,GN1023,crowd|1974-gn1023-kwai-chung-streets-12718-1974-04-19,declare,1974-04-19,GN1023,crowd|1974-gn1023-kwai-chung-streets-12718-1974-04-19,declare,true,true,true,true,first_equals_latest
agree_latest,en_zh:Wing Hau Street|永孝街,WING HAU STREET,永孝街,K&T,1980-05-16,GN1503,Wing Hau Street,永孝街,1980-05-16,GN1503,crowd|1980-gn1503-kwai-chung-streets-Wing-Hau-Street-永孝街-1980-05-16,declare,1980-05-16,GN1503,crowd|1980-gn1503-kwai-chung-streets-Wing-Hau-Street-永孝街-1980-05-16,declare,true,true,true,true,first_equals_latest
agree_latest,en_zh:Wing Hong Street|永康街,WING HONG STREET,永康街,SSP,1934-02-09,GN91,Wing Hong Street,永康街,1934-02-09,GN91,crowd|1934-gn91-cheung-sha-wan-streets-12724-1934-02-09,declare,1934-02-09,GN91,crowd|1934-gn91-cheung-sha-wan-streets-12724-1934-02-09,declare,true,true,true,true,first_equals_latest
agree_latest,en_zh:Wing Kin Road|永建路,WING KIN ROAD,永建路,K&T,1975-09-19,GN2061,Wing Kin Road,永建路,1975-09-19,GN2061,crowd|1975-gn2061-kwai-chung-streets-Wing-Kin-Road-永建路-1975-09-19,declare,1975-09-19,GN2061,crowd|1975-gn2061-kwai-chung-streets-Wing-Kin-Road-永建路-1975-09-19,declare,true,true,true,true,first_equals_latest
agree_latest,en_zh:Wing Kwong Street|榮光街,WING KWONG STREET,榮光街,KC,1957-07-26,GN1050,Wing Kwong Street,榮光街,1957-07-26,GN1050,crowd|1957-gn1050-hop-yat-cluster-Wing-Kwong-Street-榮光街-1957-07-26,declare,1957-07-26,GN1050,crowd|1957-gn1050-hop-yat-cluster-Wing-Kwong-Street-榮光街-1957-07-26,declare,true,true,true,true,first_equals_latest
agree_latest,en_zh:Wing Lap Street|永立街,WING LAP STREET,永立街,K&T,1975-09-19,GN2061,Wing Lap Street,永立街,1975-09-19,GN2061,crowd|1975-gn2061-kwai-chung-streets-Wing-Lap-Street-永立街-1975-09-19,declare,1975-09-19,GN2061,crowd|1975-gn2061-kwai-chung-streets-Wing-Lap-Street-永立街-1975-09-19,declare,true,true,true,true,first_equals_latest
agree_latest,en_zh:Wing Lung Street|永隆街,WING LUNG STREET,永隆街,SSP,1934-02-09,GN91,Wing Lung Street,永隆街,1934-02-09,GN91,crowd|1934-gn91-cheung-sha-wan-streets-12734-1934-02-09,declare,1934-02-09,GN91,crowd|1934-gn91-cheung-sha-wan-streets-12734-1934-02-09,declare,true,true,true,true,first_equals_latest
agree_latest,en_zh:Wing Ning Street|永寧街,WING NING STREET,永寧街,WC,1939-11-10,GN1047,Wing Ning Street,永寧街,1939-11-10,GN1047,crowd|1939-gn1047-wan-chai-streets-12737-1939-11-10,declare,1939-11-10,GN1047,crowd|1939-gn1047-wan-chai-streets-12737-1939-11-10,declare,true,true,true,true,first_equals_latest
agree_latest,en_zh:Wing Ping Street|永平街,WING PING STREET,永平街,E,1977-04-15,GN858,Wing Ping Street,永平街,1977-04-15,GN858,crowd|1977-gn858-chai-wan-streets-Wing-Ping-Street-永平街-1977-04-15,declare,1977-04-15,GN858,crowd|1977-gn858-chai-wan-streets-Wing-Ping-Street-永平街-1977-04-15,declare,true,true,true,true,first_equals_latest
agree_latest,en_zh:Wing Tsun Street|永俊街,WING TSUN STREET,永俊街,Is,1983-06-03,GN1753,Wing Tsun Street,永俊街,1983-06-03,GN1753,crowd|1983-gn1753-peng-chau-Wing-Tsun-Street-永俊街-1983-06-03,declare,1983-06-03,GN1753,crowd|1983-gn1753-peng-chau-Wing-Tsun-Street-永俊街-1983-06-03,declare,true,true,true,true,first_equals_latest
agree_latest,en_zh:Wing Yan Road|榮欣路,WING YAN ROAD,榮欣路,TW,2004-12-17,GN8104,Wing Yan Road,榮欣路,2004-12-17,GN8104,crowd|2004-gn8104-14204,declare,2004-12-17,GN8104,crowd|2004-gn8104-14204,declare,true,true,true,true,first_equals_latest
agree_latest,en_zh:Wing Yip Street|永業街,WING YIP STREET,永業街,K&T,1974-04-19,GN1023,Wing Yip Street,永業街,1974-04-19,GN1023,crowd|1974-gn1023-kwai-chung-streets-12752-1974-04-19,declare,1974-04-19,GN1023,crowd|1974-gn1023-kwai-chung-streets-12752-1974-04-19,declare,true,true,true,true,first_equals_latest
agree_latest,en_zh:Wing Yiu Street|永耀街,WING YIU STREET,永耀街,KC,1958-10-31,GN1478,Wing Yiu Street,永耀街,1958-10-31,GN1478,crowd|1958-gn1478-hung-kwong-wing-yiu-Wing-Yiu-Street-永耀街-1958-10-31,declare,1958-10-31,GN1478,crowd|1958-gn1478-hung-kwong-wing-yiu-Wing-Yiu-Street-永耀街-1958-10-31,declare,true,true,true,true,first_equals_latest
agree_latest,en_zh:Winslow Street|溫思勞街,WINSLOW STREET,溫思勞街,KC,1923-09-28,GN411,Winslow Street,溫思勞街,1923-09-28,GN411,crowd|1923-gn411-cheung-sha-wan-road-12754-1923-09-28,declare,1923-09-28,GN411,crowd|1923-gn411-cheung-sha-wan-road-12754-1923-09-28,declare,true,true,true,true,first_equals_latest
agree_latest,en_zh:Wistaria Road|紫藤路,WISTARIA ROAD,紫藤路,SSP,1953-11-20,GN1420,Wistaria Road,紫藤路,1953-11-20,GN1420,crowd|1953-gn1420-yau-yat-chuen-Wistaria-Road-紫藤路-1953-11-20,declare,1953-11-20,GN1420,crowd|1953-gn1420-yau-yat-chuen-Wistaria-Road-紫藤路-1953-11-20,declare,true,true,true,true,first_equals_latest
agree_latest,en_zh:Wo Che Street|禾輋街,WO CHE STREET,禾輋街,ST,1981-03-27,GN959,Wo Che Street,禾輋街,1981-03-27,GN959,crowd|1981-gn959-wo-che-street-Wo-Che-Street-禾輋街-1981-03-27,declare,1981-03-27,GN959,crowd|1981-gn959-wo-che-street-Wo-Che-Street-禾輋街-1981-03-27,declare,true,true,true,true,first_equals_latest
agree_latest,en_zh:Wo Ping Path|和平徑,WO PING PATH,和平徑,TM,1983-01-28,GN326,Wo Ping Path,和平徑,1983-01-28,GN326,crowd|1983-gn326-tuen-mun-Wo-Ping-Path-和平徑-1983-01-28,declare,1983-01-28,GN326,crowd|1983-gn326-tuen-mun-Wo-Ping-Path-和平徑-1983-01-28,declare,true,true,true,true,first_equals_latest
agree_latest,en_zh:Wo Sheung Tun Street|禾上墩街,WO SHEUNG TUN STREET,禾上墩街,ST,1981-06-12,GN1685,Wo Sheung Tun Street,禾上墩街,1981-06-12,GN1685,crowd|1981-gn1685-fo-tan-streets-Wo-Sheung-Tun-Street-禾上墩街-1981-06-12,declare,1981-06-12,GN1685,crowd|1981-gn1685-fo-tan-streets-Wo-Sheung-Tun-Street-禾上墩街-1981-06-12,declare,true,true,true,true,first_equals_latest
agree_latest,en_zh:Wo Shing Street|禾盛街,WO SHING STREET,禾盛街,ST,1976-08-13,GN1741,Wo Shing Street,禾盛街,1976-08-13,GN1741,crowd|1976-gn1741-sha-tin-streets-Wo-Shing-Street-禾盛街-1976-08-13,declare,1976-08-13,GN1741,crowd|1976-gn1741-sha-tin-streets-Wo-Shing-Street-禾盛街-1976-08-13,declare,true,true,true,true,first_equals_latest
agree_latest,en_zh:Wo Shui Street|禾穗街,WO SHUI STREET,禾穗街,ST,1976-08-13,GN1741,Wo Shui Street,禾穗街,1976-08-13,GN1741,crowd|1976-gn1741-sha-tin-streets-Wo-Shui-Street-禾穗街-1976-08-13,declare,1976-08-13,GN1741,crowd|1976-gn1741-sha-tin-streets-Wo-Shui-Street-禾穗街-1976-08-13,declare,true,true,true,true,first_equals_latest
agree_latest,en_zh:Wong Chu Road|皇珠路,WONG CHU ROAD,皇珠路,TM,1984-11-30,GN3531,Wong Chu Road,皇珠路,1984-11-30,GN3531,crowd|1984-gn3531-tuen-mun-Wong-Chu-Road-皇珠路-1984-11-30,declare,1984-11-30,GN3531,crowd|1984-gn3531-tuen-mun-Wong-Chu-Road-皇珠路-1984-11-30,declare,true,true,true,true,first_equals_latest
agree_latest,en_zh:Wong Chuk Street|黃竹街,WONG CHUK STREET,黃竹街,SSP,1953-06-12,GN757,Wong Chuk Street,黃竹街,1927-11-25,GN699,crowd|1927-gn699-nathan-square-12777-1927-11-25,declare,1953-06-12,GN757,crowd|1953-gn757-wong-chuk-sai-yeung-choi-Wong-Chuk-Street-黃竹街-1953-06-12,extend,false,false,true,true,
agree_latest,en_zh:Wong Kong Wai Road|黃崗圍路,WONG KONG WAI ROAD,黃崗圍路,TM,2010-02-05,GN737,Wong Kong Wai Road,黃崗圍路,2010-02-05,GN737,2010-02-05|GN737|0,declare,2010-02-05,GN737,2010-02-05|GN737|0,declare,true,true,true,true,first_equals_latest
agree_latest,en:WONG MA KOK ROAD,WONG MA KOK ROAD,黃麻角道,S,1937-09-24,GN682,Wong Ma Kok Road,黃蔴角道,1937-09-24,GN682,crowd|1937-gn682-island-roads-12781-1937-09-24,declare,1937-09-24,GN682,crowd|1937-gn682-island-roads-12781-1937-09-24,declare,true,true,true,true,first_equals_latest
agree_latest,en_zh:Wong Tai Sin Road|黃大仙道,WONG TAI SIN ROAD,黃大仙道,WTS,1983-03-18,GN873,Wong Tai Sin Road,黃大仙道,1976-02-06,GN288,crowd|1976-gn288-wong-tai-sin-Wong-Tai-Sin-Road-黃大仙道-1976-02-06,declare,1983-03-18,GN873,crowd|1983-gn873-wong-tai-sin-road-Wong-Tai-Sin-Road-黃大仙道-1983-03-18,extend,false,false,true,true,
agree_latest,en_zh:Wong Tai Street|旺堤街,WONG TAI STREET,旺堤街,YTM,1974-04-26,GN1078,Wong Tai Street,旺堤街,1974-04-26,GN1078,crowd|1974-gn1078-12785-1974-04-26,declare,1974-04-26,GN1078,crowd|1974-gn1078-12785-1974-04-26,declare,true,true,true,true,first_equals_latest
agree_latest,en_zh:Wu King Road|湖景路,WU KING ROAD,湖景路,TM,1984-11-30,GN3531,Wu King Road,湖景路,1984-11-30,GN3531,crowd|1984-gn3531-tuen-mun-Wu-King-Road-湖景路-1984-11-30,declare,1984-11-30,GN3531,crowd|1984-gn3531-tuen-mun-Wu-King-Road-湖景路-1984-11-30,declare,true,true,true,true,first_equals_latest
agree_latest,en_zh:Wuhu Street|蕪湖街,WUHU STREET,蕪湖街,KC,1909-03-19,GN184,Wuhu Street,蕪湖街,1909-03-19,GN184,crowd|1909-gn184-safe-12799-1909-03-19,rename,1909-03-19,GN184,crowd|1909-gn184-safe-12799-1909-03-19,rename,true,true,true,true,first_equals_latest
agree_latest,en_zh:Wun Sha Street|浣紗街,WUN SHA STREET,浣紗街,WC,1932-08-19,GN542,Wun Sha Street,浣紗街,1932-08-19,GN542,crowd|1932-gn542-wun-sha-street-12800-1932-08-19,declare,1932-08-19,GN542,crowd|1932-gn542-wun-sha-street-12800-1932-08-19,declare,true,true,true,true,first_equals_latest
agree_latest,en_zh:Wun Yiu Road|碗窰路,WUN YIU ROAD,碗窰路,TP,2011-11-11,GN7459,Wun Yiu Road,碗窰路,2011-11-11,GN7459,2011-11-11|GN7459|0,declare,2011-11-11,GN7459,2011-11-11|GN7459|0,declare,true,true,true,true,first_equals_latest
agree_latest,en:WYLIE ROAD,WYLIE ROAD,衞理道,YTM,1956-12-21,GN1650,Wylie Road,衛理道,1956-12-21,GN1650,crowd|1956-gn1650-wylie-road-Wylie-Road-衛理道-1956-12-21,declare,1956-12-21,GN1650,crowd|1956-gn1650-wylie-road-Wylie-Road-衛理道-1956-12-21,declare,true,true,true,true,first_equals_latest
agree_latest,en_zh:Yacht Street|帆船街,YACHT STREET,帆船街,WC,1926-06-11,GN318,Yacht Street,帆船街,1926-06-11,GN318,crowd|1926-gn318-tsing-fung-street-12805-1926-06-11,declare,1926-06-11,GN318,crowd|1926-gn318-tsing-fung-street-12805-1926-06-11,declare,true,true,true,true,first_equals_latest
agree_latest,en_zh:Yan Fong Street|仁芳街,YAN FONG STREET,仁芳街,K&T,1974-04-19,GN1023,Yan Fong Street,仁芳街,1974-04-19,GN1023,crowd|1974-gn1023-kwai-chung-streets-12808-1974-04-19,declare,1974-04-19,GN1023,crowd|1974-gn1023-kwai-chung-streets-12808-1974-04-19,declare,true,true,true,true,first_equals_latest
agree_latest,en_zh:Yan Lok Square|仁樂坊,YAN LOK SQUARE,仁樂坊,YL,1983-06-03,GN1752,Yan Lok Square,仁樂坊,1983-06-03,GN1752,crowd|1983-gn1752-yuen-long-Yan-Lok-Square-仁樂坊-1983-06-03,declare,1983-06-03,GN1752,crowd|1983-gn1752-yuen-long-Yan-Lok-Square-仁樂坊-1983-06-03,declare,true,true,true,true,first_equals_latest
agree_latest,en_zh:Yan Oi Tong Circuit|仁愛堂街,YAN OI TONG CIRCUIT,仁愛堂街,TM,1975-08-01,GN1693,Yan Oi Tong Circuit,仁愛堂街,1975-08-01,GN1693,crowd|1975-gn1693-tuen-mun-streets-Yan-Oi-Tong-Circuit-仁愛堂街-1975-08-01,declare,1975-08-01,GN1693,crowd|1975-gn1693-tuen-mun-streets-Yan-Oi-Tong-Circuit-仁愛堂街-1975-08-01,declare,true,true,true,true,first_equals_latest
agree_latest,en_zh:Yan Po Road|欣寶路,YAN PO ROAD,欣寶路,TM,2020-10-23,GN6116,Yan Po Road,欣寶路,2020-10-23,GN6116,2020-10-23|GN6116|0,declare,2020-10-23,GN6116,2020-10-23|GN6116|0,declare,true,true,true,true,first_equals_latest
agree_latest,en_zh:Yan Tsui Street|茵翠街,YAN TSUI STREET,茵翠街,E,1983-03-18,GN872,Yan Tsui Street,茵翠街,1983-03-18,GN872,crowd|1983-gn872-chai-wan-Yan-Tsui-Street-茵翠街-1983-03-18,declare,1983-03-18,GN872,crowd|1983-gn872-chai-wan-Yan-Tsui-Street-茵翠街-1983-03-18,declare,true,true,true,true,first_equals_latest
agree_latest,en_zh:Yan Wah Street|欣華街,YAN WAH STREET,欣華街,WTS,1980-05-23,GN1580,Yan Wah Street,欣華街,1980-05-23,GN1580,crowd|1980-gn1580-yan-wah-street-Yan-Wah-Street-欣華街-1980-05-23,declare,1980-05-23,GN1580,crowd|1980-gn1580-yan-wah-street-Yan-Wah-Street-欣華街-1980-05-23,declare,true,true,true,true,first_equals_latest
agree_latest,en_zh:Yan Wing Street|欣榮街,YAN WING STREET,欣榮街,KT,1979-11-09,GN2899,Yan Wing Street,欣榮街,1979-11-09,GN2899,crowd|1979-gn2899-yau-tong-streets-Yan-Wing-Street-欣榮街-1979-11-09,declare,1979-11-09,GN2899,crowd|1979-gn2899-yau-tong-streets-Yan-Wing-Street-欣榮街-1979-11-09,declare,true,true,true,true,first_equals_latest
agree_latest,en_zh:Yat Sin Street|日善街,YAT SIN STREET,日善街,WC,1979-12-07,GN3192,Yat Sin Street,日善街,1979-12-07,GN3192,crowd|1979-gn3192-wan-chai-streets-Yat-Sin-Street-日善街-1979-12-07,declare,1979-12-07,GN3192,crowd|1979-gn3192-wan-chai-streets-Yat-Sin-Street-日善街-1979-12-07,declare,true,true,true,true,first_equals_latest
agree_latest,en_zh:Yat Tai Street|逸泰街,YAT TAI STREET,逸泰街,ST,2000-08-11,GN5314,Yat Tai Street,逸泰街,2000-08-11,GN5314,crowd|2000-gn5314-14036,declare,2000-08-11,GN5314,crowd|2000-gn5314-14036,declare,true,true,true,true,first_equals_latest
agree_latest,en_zh:Yau Lung Path|游龍徑,YAU LUNG PATH,游龍徑,WTS,1983-05-27,GN1665,Yau Lung Path,游龍徑,1983-05-27,GN1665,crowd|1983-gn1665-wong-tai-sin-Yau-Lung-Path-游龍徑-1983-05-27,declare,1983-05-27,GN1665,crowd|1983-gn1665-wong-tai-sin-Yau-Lung-Path-游龍徑-1983-05-27,declare,true,true,true,true,first_equals_latest
agree_latest,en_zh:Yau San Street|又新街,YAU SAN STREET,又新街,YL,1981-12-18,GN3742,Yau San Street,又新街,1935-02-15,GN124,crowd|1935-gn124-yuen-long-streets-12833-1935-02-15,declare,1981-12-18,GN3742,crowd|1981-gn3742-yuen-long-Yau-San-Street-又新街-1981-12-18,declare,false,false,true,true,
agree_latest,en_zh:Yau Shin Street|友善街,YAU SHIN STREET,友善街,YL,1977-12-02,GN2944,Yau Shin Street,友善街,1977-12-02,GN2944,crowd|1977-gn2944-yuen-long-streets-Yau-Shin-Street-友善街-1977-12-02,declare,1977-12-02,GN2944,crowd|1977-gn2944-yuen-long-streets-Yau-Shin-Street-友善街-1977-12-02,declare,true,true,true,true,first_equals_latest
agree_latest,en_zh:Yee Fung Street|怡豐街,YEE FUNG STREET,怡豐街,E,1981-07-31,GN2267,Yee Fung Street,怡豐街,1981-07-31,GN2267,crowd|1981-gn2267-yee-chai-wan-Yee-Fung-Street-怡豐街-1981-07-31,declare,1981-07-31,GN2267,crowd|1981-gn2267-yee-chai-wan-Yee-Fung-Street-怡豐街-1981-07-31,declare,true,true,true,true,first_equals_latest
agree_latest,en_zh:Yee Kuk West Street|醫局西街,YEE KUK WEST STREET,醫局西街,SSP,1976-06-18,GN1301,Yee Kuk West Street,醫局西街,1976-06-18,GN1301,crowd|1976-gn1301-cheung-sha-wan-west-renames-Yee-Kuk-West-Street-醫局西街-1976-06-18,rename,1976-06-18,GN1301,crowd|1976-gn1301-cheung-sha-wan-west-renames-Yee-Kuk-West-Street-醫局西街-1976-06-18,rename,true,true,true,true,first_equals_latest
agree_latest,en_zh:Yee Ming Path|怡明徑,YEE MING PATH,怡明徑,SK,2017-09-29,GN7316,Yee Ming Path,怡明徑,2017-09-29,GN7316,2017-09-29|GN7316|0,declare,2017-09-29,GN7316,2017-09-29|GN7316|0,declare,true,true,true,true,first_equals_latest
agree_latest,en_zh:Yee On Street|宜安街,YEE ON STREET,宜安街,KT,1957-02-22,GN264,Yee On Street,宜安街,1957-02-22,GN264,crowd|1957-gn264-kwun-tong-streets-Yee-On-Street-宜安街-1957-02-22,declare,1957-02-22,GN264,crowd|1957-gn264-kwun-tong-streets-Yee-On-Street-宜安街-1957-02-22,declare,true,true,true,true,first_equals_latest
agree_latest,en_zh:Yee Shing Lane|怡盛里,YEE SHING LANE,怡盛里,E,1981-07-31,GN2267,Yee Shing Lane,怡盛里,1981-07-31,GN2267,crowd|1981-gn2267-yee-chai-wan-Yee-Shing-Lane-怡盛里-1981-07-31,declare,1981-07-31,GN2267,crowd|1981-gn2267-yee-chai-wan-Yee-Shing-Lane-怡盛里-1981-07-31,declare,true,true,true,true,first_equals_latest
agree_latest,en_zh:Yee Shing Street|怡盛街,YEE SHING STREET,怡盛街,E,1981-07-31,GN2267,Yee Shing Street,怡盛街,1981-07-31,GN2267,crowd|1981-gn2267-yee-chai-wan-Yee-Shing-Street-怡盛街-1981-07-31,declare,1981-07-31,GN2267,crowd|1981-gn2267-yee-chai-wan-Yee-Shing-Street-怡盛街-1981-07-31,declare,true,true,true,true,first_equals_latest
agree_latest,en_zh:Yee Shun Street|怡順街,YEE SHUN STREET,怡順街,E,1981-07-31,GN2267,Yee Shun Street,怡順街,1981-07-31,GN2267,crowd|1981-gn2267-yee-chai-wan-Yee-Shun-Street-怡順街-1981-07-31,declare,1981-07-31,GN2267,crowd|1981-gn2267-yee-chai-wan-Yee-Shun-Street-怡順街-1981-07-31,declare,true,true,true,true,first_equals_latest
agree_latest,en_zh:Yee Tai Street|怡泰街,YEE TAI STREET,怡泰街,E,1981-07-31,GN2267,Yee Tai Street,怡泰街,1981-07-31,GN2267,crowd|1981-gn2267-yee-chai-wan-Yee-Tai-Street-怡泰街-1981-07-31,declare,1981-07-31,GN2267,crowd|1981-gn2267-yee-chai-wan-Yee-Tai-Street-怡泰街-1981-07-31,declare,true,true,true,true,first_equals_latest
agree_latest,en_zh:Yen Wah Steps|賢華街,YEN WAH STEPS,賢華街,WC,1957-04-05,GN509,Yen Wah Steps,賢華街,1957-04-05,GN509,crowd|1957-gn509-gap-beacon-cluster-Yen-Wah-Steps-賢華街-1957-04-05,declare,1957-04-05,GN509,crowd|1957-gn509-gap-beacon-cluster-Yen-Wah-Steps-賢華街-1957-04-05,declare,true,true,true,true,first_equals_latest
agree_latest,en_zh:Yeung Fan Lane North|揚帆里北,YEUNG FAN LANE NORTH,揚帆里北,KC,2017-03-03,GN1160,Yeung Fan Lane North,揚帆里北,2017-03-03,GN1160,2017-03-03|GN1160|11,declare,2017-03-03,GN1160,2017-03-03|GN1160|11,declare,true,true,true,true,first_equals_latest
agree_latest,en_zh:Yeung Fan Lane South|揚帆里南,YEUNG FAN LANE SOUTH,揚帆里南,KC,2017-03-03,GN1160,Yeung Fan Lane South,揚帆里南,2017-03-03,GN1160,2017-03-03|GN1160|12,declare,2017-03-03,GN1160,2017-03-03|GN1160|12,declare,true,true,true,true,first_equals_latest
agree_latest,en_zh:Yi Shing Square|怡成坊,YI SHING SQUARE,怡成坊,ST,1984-01-27,GN285,Yi Shing Square,怡成坊,1984-01-27,GN285,crowd|1984-gn285-sha-tin-Yi-Shing-Square-怡成坊-1984-01-27,declare,1984-01-27,GN285,crowd|1984-gn285-sha-tin-Yi-Shing-Square-怡成坊-1984-01-27,declare,true,true,true,true,first_equals_latest
agree_latest,en_zh:Yi Tung Road|怡東路,YI TUNG ROAD,怡東路,Is,2019-02-01,GN1095,Yi Tung Road,怡東路,2019-02-01,GN1095,2019-02-01|GN1095|0,declare,2019-02-01,GN1095,2019-02-01|GN1095|0,declare,true,true,true,true,first_equals_latest
agree_latest,en_zh:Yik Kwan Avenue|益群道,YIK KWAN AVENUE,益群道,WC,1931-02-13,GN86,Yik Kwan Avenue,益群道,1931-02-13,GN86,crowd|1931-gn86-tai-hang-lok-shan-12862-1931-02-13,declare,1931-02-13,GN86,crowd|1931-gn86-tai-hang-lok-shan-12862-1931-02-13,declare,true,true,true,true,first_equals_latest
agree_latest,en_zh:Yik Yam Street|奕蔭街,YIK YAM STREET,奕蔭街,WC,1930-03-07,GN138,Yik Yam Street,奕蔭街,1930-03-07,GN138,crowd|1930-gn138-village-road-12863-1930-03-07,declare,1930-03-07,GN138,crowd|1930-gn138-village-road-12863-1930-03-07,declare,true,true,true,true,first_equals_latest
agree_latest,en_zh:Yim Po Fong Street|染布房街,YIM PO FONG STREET,染布房街,YTM,1958-06-27,GN865,Yim Po Fong Street,染布房街,1924-08-29,GN492,crowd|1924-gn492-sai-yeung-choi-street-12865-1924-08-29,declare,1958-06-27,GN865,crowd|1958-gn865-major-streets-Yim-Po-Fong-Street-染布房街-1958-06-27,extend,false,false,true,true,our_event_count=3
agree_latest,en_zh:Yin Chong Street|煙廠街,YIN CHONG STREET,煙廠街,YTM,1955-01-14,GN52,Yin Chong Street,煙廠街,1951-05-18,GN522,crowd|1951-gn522-kowloon-tong-streets-Yin-Chong-Street-煙廠街-1951-05-18,declare,1955-01-14,GN52,crowd|1955-gn52-yin-chong-kwong-yung-Yin-Chong-Street-煙廠街-1955-01-14,extend,false,false,true,true,
agree_latest,en_zh:Yin On Street|燕安街,YIN ON STREET,燕安街,KC,1959-04-17,GN548,Yin On Street,燕安街,1959-04-17,GN548,crowd|1959-gn548-ma-tau-kok-streets-Yin-On-Street-燕安街-1959-04-17,declare,1959-04-17,GN548,crowd|1959-gn548-ma-tau-kok-streets-Yin-On-Street-燕安街-1959-04-17,declare,true,true,true,true,first_equals_latest
agree_latest,en_zh:Yin Tse Lane|燕子里,YIN TSE LANE,燕子里,TP,1983-05-27,GN1664,Yin Tse Lane,燕子里,1983-05-27,GN1664,crowd|1983-gn1664-tai-po-Yin-Tse-Lane-燕子里-1983-05-27,declare,1983-05-27,GN1664,crowd|1983-gn1664-tai-po-Yin-Tse-Lane-燕子里-1983-05-27,declare,true,true,true,true,first_equals_latest
agree_latest,en_zh:Ying Choi Path|英才徑,YING CHOI PATH,英才徑,KC,1974-11-22,GN2948,Ying Choi Path,英才徑,1974-11-22,GN2948,crowd|1974-gn2948-12870,declare,1974-11-22,GN2948,crowd|1974-gn2948-12870,declare,true,true,true,true,first_equals_latest
agree_latest,en_zh:Ying Fung Lane|盈鳳里,YING FUNG LANE,盈鳳里,WTS,1984-06-22,GN1826,Ying Fung Lane,盈鳳里,1984-06-22,GN1826,crowd|1984-gn1826-ying-fung-lane-Ying-Fung-Lane-盈鳳里-1984-06-22,declare,1984-06-22,GN1826,crowd|1984-gn1826-ying-fung-lane-Ying-Fung-Lane-盈鳳里-1984-06-22,declare,true,true,true,true,first_equals_latest
agree_latest,en_zh:Ying Wan Lane|迎運里,YING WAN LANE,迎運里,ST,2011-05-13,GN2996,Ying Wan Lane,迎運里,2011-05-13,GN2996,2011-05-13|GN2996|1,declare,2011-05-13,GN2996,2011-05-13|GN2996|1,declare,true,true,true,true,first_equals_latest
agree_latest,en_zh:Ying Yeung Street|鷹揚街,YING YEUNG STREET,鷹揚街,KC,1959-04-17,GN548,Ying Yeung Street,鷹揚街,1959-04-17,GN548,crowd|1959-gn548-ma-tau-kok-streets-Ying-Yeung-Street-鷹揚街-1959-04-17,declare,1959-04-17,GN548,crowd|1959-gn548-ma-tau-kok-streets-Ying-Yeung-Street-鷹揚街-1959-04-17,declare,true,true,true,true,first_equals_latest
agree_latest,en_zh:Yip Kan Street|業勤街,YIP KAN STREET,業勤街,S,1975-08-22,GN1865,Yip Kan Street,業勤街,1975-08-22,GN1865,crowd|1975-gn1865-yip-kan-street-Yip-Kan-Street-業勤街-1975-08-22,declare,1975-08-22,GN1865,crowd|1975-gn1865-yip-kan-street-Yip-Kan-Street-業勤街-1975-08-22,declare,true,true,true,true,first_equals_latest
agree_latest,en_zh:Yip Wong Road|業旺路,YIP WONG ROAD,業旺路,TM,2009-03-20,GN1820,Yip Wong Road,業旺路,2009-03-20,GN1820,2009-03-20|GN1820|0,declare,2009-03-20,GN1820,2009-03-20|GN1820|0,declare,true,true,true,true,first_equals_latest
agree_latest,en_zh:Yiu Sha Road|耀沙路,YIU SHA ROAD,耀沙路,ST,2019-04-26,GN2869,Yiu Sha Road,耀沙路,2019-04-26,GN2869,2019-04-26|GN2869|0,declare,2019-04-26,GN2869,2019-04-26|GN2869|0,declare,true,true,true,true,first_equals_latest
agree_latest,en_zh:Yiu Tung Street|耀東街,YIU TUNG STREET,耀東街,SSP,1935-05-03,GN351,Yiu Tung Street,耀東街,1935-05-03,GN351,crowd|1935-gn351-new-kowloon-streets-12882-1935-05-03,declare,1935-05-03,GN351,crowd|1935-gn351-new-kowloon-streets-12882-1935-05-03,declare,true,true,true,true,first_equals_latest
agree_latest,en_zh:Yiu Wai Street|窰圍街,YIU WAI STREET,窰圍街,ST,1983-07-01,GN2023,Yiu Wai Street,窰圍街,1983-07-01,GN2023,crowd|1983-gn2023-sha-tin-Yiu-Wai-Street-窰圍街-1983-07-01,declare,1983-07-01,GN2023,crowd|1983-gn2023-sha-tin-Yiu-Wai-Street-窰圍街-1983-07-01,declare,true,true,true,true,first_equals_latest
agree_latest,en_zh:York Road|約道,YORK ROAD,約道,KC,1929-08-23,GN427,York Road,約道,1929-08-23,GN427,crowd|1929-gn427-waterloo-road-12887-1929-08-23,declare,1929-08-23,GN427,crowd|1929-gn427-waterloo-road-12887-1929-08-23,declare,true,true,true,true,first_equals_latest
agree_latest,en_zh:Yu Chau West Street|汝州西街,YU CHAU WEST STREET,汝州西街,SSP,1976-06-18,GN1301,Yu Chau West Street,汝州西街,1976-06-18,GN1301,crowd|1976-gn1301-cheung-sha-wan-west-renames-Yu-Chau-West-Street-汝州西街-1976-06-18,rename,1976-06-18,GN1301,crowd|1976-gn1301-cheung-sha-wan-west-renames-Yu-Chau-West-Street-汝州西街-1976-06-18,rename,true,true,true,true,first_equals_latest
agree_latest,en_zh:Yu Wing Path|裕榮徑,YU WING PATH,裕榮徑,YL,2017-10-13,GN7595,Yu Wing Path,裕榮徑,1983-06-03,GN1752,crowd|1983-gn1752-yuen-long-Yu-Wing-Path-裕榮徑-1983-06-03,declare,2017-10-13,GN7595,2017-10-13|GN7595|9,declare,false,false,true,true,
agree_latest,en_zh:Yue Ko Street|漁歌街,YUE KO STREET,漁歌街,S,1960-07-08,GN1060,Yue Ko Street,漁歌街,1960-07-08,GN1060,crowd|1960-gn1060-mei-wa-streets-Yue-Ko-Street-漁歌街-1960-07-08,declare,1960-07-08,GN1060,crowd|1960-gn1060-mei-wa-streets-Yue-Ko-Street-漁歌街-1960-07-08,declare,true,true,true,true,first_equals_latest
agree_latest,en_zh:Yue Lei Street|漁利街,YUE LEI STREET,漁利街,S,1960-07-08,GN1060,Yue Lei Street,漁利街,1960-07-08,GN1060,crowd|1960-gn1060-mei-wa-streets-Yue-Lei-Street-漁利街-1960-07-08,declare,1960-07-08,GN1060,crowd|1960-gn1060-mei-wa-streets-Yue-Lei-Street-漁利街-1960-07-08,declare,true,true,true,true,first_equals_latest
agree_latest,en_zh:Yue Man Square|裕民坊,YUE MAN SQUARE,裕民坊,KT,1957-02-22,GN264,Yue Man Square,裕民坊,1957-02-22,GN264,crowd|1957-gn264-kwun-tong-streets-Yue-Man-Square-裕民坊-1957-02-22,declare,1957-02-22,GN264,crowd|1957-gn264-kwun-tong-streets-Yue-Man-Square-裕民坊-1957-02-22,declare,true,true,true,true,first_equals_latest
agree_latest,en_zh:Yue Wok Street|漁獲街,YUE WOK STREET,漁獲街,S,1960-07-08,GN1060,Yue Wok Street,漁獲街,1960-07-08,GN1060,crowd|1960-gn1060-mei-wa-streets-Yue-Wok-Street-漁獲街-1960-07-08,declare,1960-07-08,GN1060,crowd|1960-gn1060-mei-wa-streets-Yue-Wok-Street-漁獲街-1960-07-08,declare,true,true,true,true,first_equals_latest
agree_latest,en_zh:Yuen Chau Kok Road|圓洲角路,YUEN CHAU KOK ROAD,圓洲角路,ST,1981-09-18,GN2794,Yuen Chau Kok Road,圓洲角路,1981-09-18,GN2794,crowd|1981-gn2794-sha-tin-roads-Yuen-Chau-Kok-Road-圓洲角路-1981-09-18,declare,1981-09-18,GN2794,crowd|1981-gn2794-sha-tin-roads-Yuen-Chau-Kok-Road-圓洲角路-1981-09-18,declare,true,true,true,true,first_equals_latest
agree_latest,en_zh:Yuen Cheong Lane|源昌里,YUEN CHEONG LANE,源昌里,ST,1984-11-30,GN3532,Yuen Cheong Lane,源昌里,1984-11-30,GN3532,crowd|1984-gn3532-sha-tin-Yuen-Cheong-Lane-源昌里-1984-11-30,declare,1984-11-30,GN3532,crowd|1984-gn3532-sha-tin-Yuen-Cheong-Lane-源昌里-1984-11-30,declare,true,true,true,true,first_equals_latest
agree_latest,en_zh:Yuen Ching Road|元政路,YUEN CHING ROAD,元政路,YL,2000-06-09,GN3694,Yuen Ching Road,元政路,2000-06-09,GN3694,crowd|2000-gn3694-14021,declare,2000-06-09,GN3694,crowd|2000-gn3694-14021,declare,true,true,true,true,first_equals_latest
agree_latest,en_zh:Yuen Fat Path|元發徑,YUEN FAT PATH,元發徑,YL,1983-06-03,GN1752,Yuen Fat Path,元發徑,1983-06-03,GN1752,crowd|1983-gn1752-yuen-long-Yuen-Fat-Path-元發徑-1983-06-03,declare,1983-06-03,GN1752,crowd|1983-gn1752-yuen-long-Yuen-Fat-Path-元發徑-1983-06-03,declare,true,true,true,true,first_equals_latest
agree_latest,en_zh:Yuen Hong Street|源康街,YUEN HONG STREET,源康街,ST,1984-03-09,GN708,Yuen Hong Street,源康街,1984-03-09,GN708,crowd|1984-gn708-sha-tin-Yuen-Hong-Street-源康街-1984-03-09,declare,1984-03-09,GN708,crowd|1984-gn708-sha-tin-Yuen-Hong-Street-源康街-1984-03-09,declare,true,true,true,true,first_equals_latest
agree_latest,en_zh:Yuen Long Hong Lok Road|元朗康樂路,YUEN LONG HONG LOK ROAD,元朗康樂路,YL,1977-12-02,GN2944,Yuen Long Hong Lok Road,元朗康樂路,1977-12-02,GN2944,crowd|1977-gn2944-yuen-long-streets-Yuen-Long-Hong-Lok-Road-元朗康樂路-1977-12-02,declare,1977-12-02,GN2944,crowd|1977-gn2944-yuen-long-streets-Yuen-Long-Hong-Lok-Road-元朗康樂路-1977-12-02,declare,true,true,true,true,first_equals_latest
agree_latest,en_zh:Yuen Long New Street|元朗新街,YUEN LONG NEW STREET,元朗新街,YL,1977-12-02,GN2944,Yuen Long New Street,元朗新街,1977-12-02,GN2944,crowd|1977-gn2944-yuen-long-streets-Yuen-Long-New-Street-元朗新街-1977-12-02,declare,1977-12-02,GN2944,crowd|1977-gn2944-yuen-long-streets-Yuen-Long-New-Street-元朗新街-1977-12-02,declare,true,true,true,true,first_equals_latest
agree_latest,en_zh:Yuen Long On Hing Street|元朗安興街,YUEN LONG ON HING STREET,元朗安興街,YL,1978-09-29,GN2481,Yuen Long On Hing Street,元朗安興街,1978-09-29,GN2481,crowd|1978-gn2481-yuen-long-streets-Yuen-Long-On-Hing-Street-元朗安興街-1978-09-29,declare,1978-09-29,GN2481,crowd|1978-gn2481-yuen-long-streets-Yuen-Long-On-Hing-Street-元朗安興街-1978-09-29,declare,true,true,true,true,first_equals_latest
agree_latest,en_zh:Yuen Long On Lok Road|元朗安樂路,YUEN LONG ON LOK ROAD,元朗安樂路,YL,1984-06-22,GN1827,Yuen Long On Lok Road,元朗安樂路,1977-12-02,GN2944,crowd|1977-gn2944-yuen-long-streets-Yuen-Long-On-Lok-Road-元朗安樂路-1977-12-02,declare,1984-06-22,GN1827,crowd|1984-gn1827-yuen-long-Yuen-Long-On-Lok-Road-元朗安樂路-1984-06-22,extend,false,false,true,true,
agree_latest,en_zh:Yuen Long On Ning Road|元朗安寧路,YUEN LONG ON NING ROAD,元朗安寧路,YL,1977-12-02,GN2944,Yuen Long On Ning Road,元朗安寧路,1977-12-02,GN2944,crowd|1977-gn2944-yuen-long-streets-Yuen-Long-On-Ning-Road-元朗安寧路-1977-12-02,declare,1977-12-02,GN2944,crowd|1977-gn2944-yuen-long-streets-Yuen-Long-On-Ning-Road-元朗安寧路-1977-12-02,declare,true,true,true,true,first_equals_latest
agree_latest,en_zh:Yuen Long Tai Cheung Street|元朗泰祥街,YUEN LONG TAI CHEUNG STREET,元朗泰祥街,YL,1977-12-02,GN2944,Yuen Long Tai Cheung Street,元朗泰祥街,1977-12-02,GN2944,crowd|1977-gn2944-yuen-long-streets-Yuen-Long-Tai-Cheung-Street-元朗泰祥街-1977-12-02,declare,1977-12-02,GN2944,crowd|1977-gn2944-yuen-long-streets-Yuen-Long-Tai-Cheung-Street-元朗泰祥街-1977-12-02,declare,true,true,true,true,first_equals_latest
agree_latest,en_zh:Yuen Long Tai Hang Street|元朗泰衡街,YUEN LONG TAI HANG STREET,元朗泰衡街,YL,1977-12-02,GN2944,Yuen Long Tai Hang Street,元朗泰衡街,1977-12-02,GN2944,crowd|1977-gn2944-yuen-long-streets-Yuen-Long-Tai-Hang-Street-元朗泰衡街-1977-12-02,declare,1977-12-02,GN2944,crowd|1977-gn2944-yuen-long-streets-Yuen-Long-Tai-Hang-Street-元朗泰衡街-1977-12-02,declare,true,true,true,true,first_equals_latest
agree_latest,en_zh:Yuen Long Tung Tai Street|元朗東堤街,YUEN LONG TUNG TAI STREET,元朗東堤街,YL,1977-12-02,GN2944,Yuen Long Tung Tai Street,元朗東堤街,1977-12-02,GN2944,crowd|1977-gn2944-yuen-long-streets-Yuen-Long-Tung-Tai-Street-元朗東堤街-1977-12-02,declare,1977-12-02,GN2944,crowd|1977-gn2944-yuen-long-streets-Yuen-Long-Tung-Tai-Street-元朗東堤街-1977-12-02,declare,true,true,true,true,first_equals_latest
agree_latest,en_zh:Yuen Lung Street|元龍街,YUEN LUNG STREET,元龍街,YL,2000-06-09,GN3694,Yuen Lung Street,元龍街,2000-06-09,GN3694,crowd|2000-gn3694-14020,declare,2000-06-09,GN3694,crowd|2000-gn3694-14020,declare,true,true,true,true,first_equals_latest
agree_latest,en_zh:Yuen Ngai Street|園藝街,YUEN NGAI STREET,園藝街,YTM,1948-04-23,GN381,Yuen Ngai Street,園藝街,1948-04-23,GN381,crowd|1948-gn381-flower-market-yuen-ngai-Yuen-Ngai-Street-園藝街-1948-04-23,declare,1948-04-23,GN381,crowd|1948-gn381-flower-market-yuen-ngai-Yuen-Ngai-Street-園藝街-1948-04-23,declare,true,true,true,true,first_equals_latest
agree_latest,en_zh:Yuen On Street|源安街,YUEN ON STREET,源安街,ST,1984-03-09,GN708,Yuen On Street,源安街,1984-03-09,GN708,crowd|1984-gn708-sha-tin-Yuen-On-Street-源安街-1984-03-09,declare,1984-03-09,GN708,crowd|1984-gn708-sha-tin-Yuen-On-Street-源安街-1984-03-09,declare,true,true,true,true,first_equals_latest
agree_latest,en_zh:Yuen Po Street|園圃街,YUEN PO STREET,園圃街,YTM,1949-10-28,GN1043,Yuen Po Street,園圃街,1949-10-28,GN1043,crowd|1949-gn1043-1044-streets-Yuen-Po-Street-園圃街-1949-10-28,declare,1949-10-28,GN1043,crowd|1949-gn1043-1044-streets-Yuen-Po-Street-園圃街-1949-10-28,declare,true,true,true,true,first_equals_latest
agree_latest,en_zh:Yuen Shun Circuit|源順圍,YUEN SHUN CIRCUIT,源順圍,ST,1984-03-09,GN708,Yuen Shun Circuit,源順圍,1984-03-09,GN708,crowd|1984-gn708-sha-tin-Yuen-Shun-Circuit-源順圍-1984-03-09,declare,1984-03-09,GN708,crowd|1984-gn708-sha-tin-Yuen-Shun-Circuit-源順圍-1984-03-09,declare,true,true,true,true,first_equals_latest
agree_latest,en_zh:Yuen Yeung Lane North|遠洋里北,YUEN YEUNG LANE NORTH,遠洋里北,KC,2017-03-03,GN1160,Yuen Yeung Lane North,遠洋里北,2017-03-03,GN1160,2017-03-03|GN1160|13,declare,2017-03-03,GN1160,2017-03-03|GN1160|13,declare,true,true,true,true,first_equals_latest
agree_latest,en_zh:Yuen Yeung Lane South|遠洋里南,YUEN YEUNG LANE SOUTH,遠洋里南,KC,2017-03-03,GN1160,Yuen Yeung Lane South,遠洋里南,2017-03-03,GN1160,2017-03-03|GN1160|14,declare,2017-03-03,GN1160,2017-03-03|GN1160|14,declare,true,true,true,true,first_equals_latest
agree_latest,en_zh:Yuen Yuen Street|源遠街,YUEN YUEN STREET,源遠街,WC,1930-03-07,GN138,Yuen Yuen Street,源遠街,1930-03-07,GN138,crowd|1930-gn138-village-road-12931-1930-03-07,declare,1930-03-07,GN138,crowd|1930-gn138-village-road-12931-1930-03-07,declare,true,true,true,true,first_equals_latest
agree_latest,en_zh:Yuet Wah Street|月華街,YUET WAH STREET,月華街,KT,1960-06-17,GN928,Yuet Wah Street,月華街,1960-06-17,GN928,crowd|1960-gn928-yuet-wah-streets-Yuet-Wah-Street-月華街-1960-06-17,declare,1960-06-17,GN928,crowd|1960-gn928-yuet-wah-streets-Yuet-Wah-Street-月華街-1960-06-17,declare,true,true,true,true,first_equals_latest
agree_latest,en_zh:Yuet Yuen Street|月園街,YUET YUEN STREET,月園街,E,1954-10-29,GN1323,Yuet Yuen Street,月園街,1954-10-29,GN1323,crowd|1954-gn1323-yuet-yuen-street-Yuet-Yuen-Street-月園街-1954-10-29,declare,1954-10-29,GN1323,crowd|1954-gn1323-yuet-yuen-street-Yuet-Yuen-Street-月園街-1954-10-29,declare,true,true,true,true,first_equals_latest
agree_latest,en_zh:Yuk Shing Street|玉成街,YUK SHING STREET,玉成街,KC,1957-07-26,GN1050,Yuk Shing Street,玉成街,1957-07-26,GN1050,crowd|1957-gn1050-hop-yat-cluster-Yuk-Shing-Street-玉成街-1957-07-26,declare,1957-07-26,GN1050,crowd|1957-gn1050-hop-yat-cluster-Yuk-Shing-Street-玉成街-1957-07-26,declare,true,true,true,true,first_equals_latest
agree_latest,en_zh:Yuk Tong Path|沃塘徑,YUK TONG PATH,沃塘徑,N,2024-10-18,GN6215,Yuk Tong Path,沃塘徑,2024-10-18,GN6215,2024-10-18|GN6215|0,declare,2024-10-18,GN6215,2024-10-18|GN6215|0,declare,true,true,true,true,first_equals_latest
agree_latest,en_zh:Yun Ping Road|恩平道,YUN PING ROAD,恩平道,WC,1959-01-30,GN168,Yun Ping Road,恩平道,1959-01-30,GN168,crowd|1959-gn168-yun-ping-pennington-Yun-Ping-Road-恩平道-1959-01-30,declare,1959-01-30,GN168,crowd|1959-gn168-yun-ping-pennington-Yun-Ping-Road-恩平道-1959-01-30,declare,true,true,true,true,first_equals_latest
agree_latest,en_zh:Yung Shue Wan Back Street|榕樹灣後街,YUNG SHUE WAN BACK STREET,榕樹灣後街,Is,1983-10-28,GN3425,Yung Shue Wan Back Street,榕樹灣後街,1983-10-28,GN3425,crowd|1983-gn3425-lamma-Yung-Shue-Wan-Back-Street-榕樹灣後街-1983-10-28,declare,1983-10-28,GN3425,crowd|1983-gn3425-lamma-Yung-Shue-Wan-Back-Street-榕樹灣後街-1983-10-28,declare,true,true,true,true,first_equals_latest
agree_latest,en_zh:Yung Shue Wan Main Street|榕樹灣大街,YUNG SHUE WAN MAIN STREET,榕樹灣大街,Is,1983-10-28,GN3425,Yung Shue Wan Main Street,榕樹灣大街,1983-10-28,GN3425,crowd|1983-gn3425-lamma-Yung-Shue-Wan-Main-Street-榕樹灣大街-1983-10-28,declare,1983-10-28,GN3425,crowd|1983-gn3425-lamma-Yung-Shue-Wan-Main-Street-榕樹灣大街-1983-10-28,declare,true,true,true,true,first_equals_latest
agree_latest,en_zh:Yunnan Lane|雲南里,YUNNAN LANE,雲南里,YTM,1909-03-19,GN184,Yunnan Lane,雲南里,1909-03-19,GN184,crowd|1909-gn184-safe-12949-1909-03-19,rename,1909-03-19,GN184,crowd|1909-gn184-safe-12949-1909-03-19,rename,true,true,true,true,first_equals_latest
landsd_only,,A KUNG KOK SHAN ROAD,亞公角山路,ST,1989-02-03,GN418,,,,,,,,,,,false,false,false,false,
landsd_only,,A KUNG KOK STREET,亞公角街,ST,1993-09-24,GN3502,,,,,,,,,,,false,false,false,false,
landsd_only,,A KUNG NGAM VILLAGE LANE,阿公岩村里,E,2007-08-03,GN5033,,,,,,,,,,,false,false,false,false,
landsd_only,,AIRPORT EXPO BOULEVARD,航展道,Is,2005-11-11,GN5907,,,,,,,,,,,false,false,false,false,
landsd_only,,AIRPORT NORTH INTERCHANGE,機場北交匯處,Is,1998-01-02,GN73,,,,,,,,,,,false,false,false,false,
landsd_only,,AIRPORT SOUTH INTERCHANGE,機場南交匯處,Is,1998-01-02,GN73,,,,,,,,,,,false,false,false,false,
landsd_only,,ALBANY ROAD,雅賓利道,C&W,1964-03-13,GN632,,,,,,,,,,,false,false,false,false,
landsd_only,,ALDRICH BAY ROAD,愛秩序灣道,E,1987-04-16,GN1306,,,,,,,,,,,false,false,false,false,
landsd_only,,ALNWICK ROAD,安域道,KC,1965-06-25,GN1572,,,,,,,,,,,false,false,false,false,
landsd_only,,AMALFI DRIVE,津堤徑,Is,2012-07-13,GN4805,,,,,,,,,,,false,false,false,false,
landsd_only,,AMOY STREET,廈門街,WC,1915-06-25,GN283,,,,,,,,,,,false,false,false,false,
landsd_only,,AP LEI CHAU DRIVE,鴨脷洲徑,S,1989-11-10,GN3971,,,,,,,,,,,false,false,false,false,
landsd_only,,AP LEI CHAU PRAYA ROAD,鴨脷洲海旁道,S,1989-11-10,GN3971,,,,,,,,,,,false,false,false,false,
landsd_only,,ARRAN LANE,雅蘭里,YTM,1988-01-29,GN307,,,,,,,,,,,false,false,false,false,
landsd_only,,BAPTIST UNIVERSITY ROAD,浸會大學道,KC,1996-10-11,GN4665,,,,,,,,,,,false,false,false,false,
landsd_only,,BARKER ROAD,白加道,C&W,1898-11-05,GN490,,,,,,,,,,,false,false,false,false,
landsd_only,,BAUHINIA ROAD EAST,紫荊東路,YL,1985-08-02,GN2525,,,,,,,,,,,false,false,false,false,
landsd_only,,BAUHINIA ROAD NORTH,紫荊北路,YL,1985-08-02,GN2525,,,,,,,,,,,false,false,false,false,
landsd_only,,BAUHINIA ROAD WEST,紫荊西路,YL,1985-08-02,GN2525,,,,,,,,,,,false,false,false,false,
landsd_only,,BAYSIDE DRIVE,堤畔徑,Is,2012-07-13,GN4805,,,,,,,,,,,false,false,false,false,
landsd_only,,BEL-AIR AVENUE,貝沙灣道,S,2005-08-12,GN3907,,,,,,,,,,,false,false,false,false,
landsd_only,,BEL-AIR PEAK RISE,貝沙山徑,S,2007-09-21,GN6232,,,,,,,,,,,false,false,false,false,
landsd_only,,BEL-AIR RISE,貝沙徑,S,2005-08-12,GN3907,,,,,,,,,,,false,false,false,false,
landsd_only,,BELLEVIEW DRIVE,麗景道,S,1969-03-21,GN554,,,,,,,,,,,false,false,false,false,
landsd_only,,BISNEY ROAD,碧荔道,S,1962-01-26,GN190,,,,,,,,,,,false,false,false,false,
landsd_only,,BOWEN DRIVE,寶雲徑,C&W-WC,1973-01-19,GN164,,,,,,,,,,,false,false,false,false,
landsd_only,,BOYCE ROAD,布思道,WC,1973-06-15,GN1541,,,,,,,,,,,false,false,false,false,
landsd_only,,BRAEMAR HILL ROAD,寶馬山道,E,1966-01-14,GN129,,,,,,,,,,,false,false,false,false,
landsd_only,,BRIDE'S POOL ROAD,新娘潭路,N-TP,2008-06-13,GN4022,,,,,,,,,,,false,false,false,false,
landsd_only,,BROADCAST DRIVE,廣播道,KC,1968-01-05,GN26,,,,,,,,,,,false,false,false,false,
landsd_only,,BROADWAY,百老匯街,SSP,1970-08-21,GN1756,,,,,,,,,,,false,false,false,false,
landsd_only,,BULKELEY STREET,寶其利街,KC,1924-03-14,GN138,,,,,,,,,,,false,false,false,false,
landsd_only,,BUTTERFLY VALLEY ROAD,蝴蝶谷道,SSP,1979-08-17,GN2082,,,,,,,,,,,false,false,false,false,
landsd_only,,CAINE LANE,堅巷,C&W,1887-09-03,GN356,,,,,,,,,,,false,false,false,false,
landsd_only,,CALDECOTT ROAD,郝德傑道,SSP,1964-09-25,GN2693,,,,,,,,,,,false,false,false,false,
landsd_only,,CAPE DRIVE,環角徑,S,1972-02-04,GN316,,,,,,,,,,,false,false,false,false,
landsd_only,,CAPE ROAD,環角道,S,1995-05-26,GN1902,,,,,,,,,,,false,false,false,false,
landsd_only,,CAPELAND DRIVE,蘅安徑,Is,1994-11-18,GN4386,,,,,,,,,,,false,false,false,false,
landsd_only,,CAPERIDGE DRIVE,蘅欣徑,Is,1994-11-18,GN4386,,,,,,,,,,,false,false,false,false,
landsd_only,,CAPEVALE DRIVE,蘅暉徑,Is,1994-11-18,GN4386,,,,,,,,,,,false,false,false,false,
landsd_only,,CARMEL VILLAGE STREET,迦密村街,KC,1973-10-26,GN2809,,,,,,,,,,,false,false,false,false,
landsd_only,,CASTLE PEAK ROAD - CASTLE PEAK BAY,青山公路 － 青山灣段,TM,1992-05-29,GN1864,,,,,,,,,,,false,false,false,false,
landsd_only,,CASTLE PEAK ROAD - CHAU TAU,青山公路 － 洲頭段,N-YL,1968-08-02,GN1595,,,,,,,,,,,false,false,false,false,
landsd_only,,CASTLE PEAK ROAD - HUNG SHUI KIU,青山公路 － 洪水橋段,TM-YL,1968-08-23,GN1737,,,,,,,,,,,false,false,false,false,
landsd_only,,CASTLE PEAK ROAD - KWAI CHUNG,青山公路 － 葵涌段,K&T-TW,1968-06-28,GN1349,,,,,,,,,,,false,false,false,false,
landsd_only,,CASTLE PEAK ROAD - KWU TUNG,青山公路 － 古洞段,N,1968-10-04,GN2022,,,,,,,,,,,false,false,false,false,
landsd_only,,CASTLE PEAK ROAD - LAM TEI,青山公路 － 藍地段,TM,1993-03-19,GN943,,,,,,,,,,,false,false,false,false,
landsd_only,,CASTLE PEAK ROAD - LINGNAN,青山公路 － 嶺南段,TM,1995-01-20,GN246,,,,,,,,,,,false,false,false,false,
landsd_only,,CASTLE PEAK ROAD - MAI PO,青山公路 － 米埔段,YL,1968-08-02,GN1595,,,,,,,,,,,false,false,false,false,
landsd_only,,CASTLE PEAK ROAD - NEW TAI LAM,青山公路 － 新大欖段,TM,2007-07-06,GN4397,,,,,,,,,,,false,false,false,false,
landsd_only,,CASTLE PEAK ROAD - NEW TING KAU,青山公路 － 新汀九段,TW,2006-03-31,GN2190,,,,,,,,,,,false,false,false,false,
landsd_only,,CASTLE PEAK ROAD - PING SHAN,青山公路 － 屏山段,YL,1968-08-02,GN1595,,,,,,,,,,,false,false,false,false,
landsd_only,,CASTLE PEAK ROAD - SAN HUI,青山公路 － 新墟段,TM,1994-12-09,GN4724,,,,,,,,,,,false,false,false,false,
landsd_only,,CASTLE PEAK ROAD - SAN TIN,青山公路 － 新田段,YL,1968-08-02,GN1595,,,,,,,,,,,false,false,false,false,
landsd_only,,CASTLE PEAK ROAD - SHAM TSENG,青山公路 － 深井段,TW,2006-03-31,GN2191,,,,,,,,,,,false,false,false,false,
landsd_only,,CASTLE PEAK ROAD - SO KWUN WAT,青山公路 － 掃管笏段,TM,1968-08-02,GN1595,,,,,,,,,,,false,false,false,false,
landsd_only,,CASTLE PEAK ROAD - TAI LAM,青山公路 － 大欖段,TW-TM,1968-08-02,GN1595,,,,,,,,,,,false,false,false,false,
landsd_only,,CASTLE PEAK ROAD - TAM MI,青山公路 － 潭尾段,YL,1998-11-06,GN5414,,,,,,,,,,,false,false,false,false,
landsd_only,,CASTLE PEAK ROAD - TING KAU,青山公路 － 汀九段,TW,2006-03-31,GN2191,,,,,,,,,,,false,false,false,false,
landsd_only,,CASTLE PEAK ROAD - TSING LUNG TAU,青山公路 － 青龍頭段,TW,2005-10-07,GN5146,,,,,,,,,,,false,false,false,false,
landsd_only,,CASTLE PEAK ROAD - TSUEN WAN,青山公路 － 荃灣段,TW,1968-06-28,GN1349,,,,,,,,,,,false,false,false,false,
landsd_only,,CASTLE PEAK ROAD - YUEN LONG,青山公路 － 元朗段,YL,1968-08-02,GN1595,,,,,,,,,,,false,false,false,false,
landsd_only,,CATERING ROAD CENTRAL,航膳中路,Is,1998-01-02,GN73,,,,,,,,,,,false,false,false,false,
landsd_only,,CATERING ROAD EAST,航膳東路,Is,1998-01-02,GN73,,,,,,,,,,,false,false,false,false,
landsd_only,,CATERING ROAD WEST,航膳西路,Is,1998-01-02,GN73,,,,,,,,,,,false,false,false,false,
landsd_only,,CHA KWO LING ROAD,茶果嶺道,KT,1991-08-02,GN2728,,,,,,,,,,,false,false,false,false,
landsd_only,,CHAI WAN KOK STREET,柴灣角街,TW,1962-11-23,GN2378,,,,,,,,,,,false,false,false,false,
landsd_only,,CHAK CHEUNG STREET,澤祥街,ST,2007-06-15,GN3924,,,,,,,,,,,false,false,false,false,
landsd_only,,CHAK FUNG STREET,澤豐街,TM,1990-11-30,GN4335,,,,,,,,,,,false,false,false,false,
landsd_only,,CHAK ON ROAD,澤安道,SSP,2001-08-03,GN4784,,,,,,,,,,,false,false,false,false,
landsd_only,,CHAK ON ROAD SOUTH,澤安道南,SSP,2001-07-20,GN4393,,,,,,,,,,,false,false,false,false,
landsd_only,,CHAN MAN STREET,親民街,SK,1985-12-27,GN4229,,,,,,,,,,,false,false,false,false,
landsd_only,,CHANG FA AVENUE,橙花路,WTS,1970-03-06,GN536,,,,,,,,,,,false,false,false,false,
landsd_only,,CHAP FUK ROAD,集福路,SK,1993-02-19,GN554,,,,,,,,,,,false,false,false,false,
landsd_only,,CHAU TAU SOUTH ROAD,洲頭南路,YL,2000-03-31,GN2030,,,,,,,,,,,false,false,false,false,
landsd_only,,CHAU TAU WEST ROAD,洲頭西路,YL,2000-03-31,GN2030,,,,,,,,,,,false,false,false,false,
landsd_only,,CHE KENG TUK ROAD,輋徑篤路,SK,1991-05-24,GN1786,,,,,,,,,,,false,false,false,false,
landsd_only,,CHEK LAP KOK SOUTH ROAD,赤鱲角南路,Is,1998-01-02,GN73,,,,,,,,,,,false,false,false,false,
landsd_only,,CHEONG KING ROAD,暢景路,Is,2005-11-11,GN5907,,,,,,,,,,,false,false,false,false,
landsd_only,,CHEONG LIN ROAD,暢連路,Is,2001-05-04,GN2840,,,,,,,,,,,false,false,false,false,
landsd_only,,CHEONG SAN LANE,昌新里,SSP,1990-01-25,GN333,,,,,,,,,,,false,false,false,false,
landsd_only,,CHEONG SHUN ROAD,暢順路,Is,2005-08-05,GN3798,,,,,,,,,,,false,false,false,false,
landsd_only,,CHEONG TAI STREET,昌泰街,TW,1973-03-16,GN704,,,,,,,,,,,false,false,false,false,
landsd_only,,CHEONG TUNG ROAD,暢通道,KC,1988-03-04,GN711,,,,,,,,,,,false,false,false,false,
landsd_only,,CHEONG TUNG ROAD SOUTH,暢通道南,KC-YTM,1999-08-20,GN4818,,,,,,,,,,,false,false,false,false,
landsd_only,,CHEONG WING ROAD,暢榮路,Is,2008-04-25,GN2781,,,,,,,,,,,false,false,false,false,
landsd_only,,CHEONG WONG ROAD,暢旺路,Is,2026-05-22,GN2981,,,,,,,,,,,false,false,false,false,
landsd_only,,CHEONG WUI ROAD,暢匯路,Is,2026-05-22,GN2981,,,,,,,,,,,false,false,false,false,
landsd_only,,CHEONG YIP ROAD,暢業路,TM-Is,2026-05-22,GN2981,,,,,,,,,,,false,false,false,false,
landsd_only,,CHEUK WAN STREET,卓運街,N,1995-01-13,GN153,,,,,,,,,,,false,false,false,false,
landsd_only,,CHEUNG CHAU BEACH ROAD,長洲東堤路,Is,1985-07-05,GN2166,,,,,,,,,,,false,false,false,false,
landsd_only,,CHEUNG CHAU CHURCH ROAD,長洲教堂路,Is,1985-07-05,GN2166,,,,,,,,,,,false,false,false,false,
landsd_only,,CHEUNG CHAU HOSPITAL ROAD,長洲醫院路,Is,1985-07-05,GN2166,,,,,,,,,,,false,false,false,false,
landsd_only,,CHEUNG CHAU PEAK ROAD,長洲山頂道,Is,2008-07-11,GN4752,,,,,,,,,,,false,false,false,false,
landsd_only,,CHEUNG CHAU PEAK ROAD WEST,長洲山頂道西,Is,2008-07-11,GN4752,,,,,,,,,,,false,false,false,false,
landsd_only,,CHEUNG CHAU SAI TAI ROAD,長洲西堤道,Is,2000-10-13,GN6669,,,,,,,,,,,false,false,false,false,
landsd_only,,CHEUNG CHAU SPORTS ROAD,長洲體育路,Is,1985-07-05,GN2166,,,,,,,,,,,false,false,false,false,
landsd_only,,CHEUNG CHI LANE,長智巷,Is,1990-12-07,GN4413,,,,,,,,,,,false,false,false,false,
landsd_only,,CHEUNG FU STREET,長富街,Is,1986-11-21,GN4035,,,,,,,,,,,false,false,false,false,
landsd_only,,CHEUNG HANG ROAD,長坑路,K&T,1983-03-11,GN776,,,,,,,,,,,false,false,false,false,
landsd_only,,CHEUNG HO STREET,長好街,K&T,1985-03-22,GN915,,,,,,,,,,,false,false,false,false,
landsd_only,,CHEUNG KIN ROAD,長健路,Is,1990-12-07,GN4413,,,,,,,,,,,false,false,false,false,
landsd_only,,CHEUNG KWAI ROAD,長貴路,Is,1985-08-09,GN2597,,,,,,,,,,,false,false,false,false,
landsd_only,,CHEUNG LEE STREET,祥利街,E,1966-07-08,GN1759,,,,,,,,,,,false,false,false,false,
landsd_only,,CHEUNG MAN ROAD,祥民道,E,1993-06-04,GN1914,,,,,,,,,,,false,false,false,false,
landsd_only,,CHEUNG PAK ROAD,長北路,Is,1991-07-19,GN2509,,,,,,,,,,,false,false,false,false,
landsd_only,,CHEUNG SHEK ROAD,長碩路,Is,1990-12-07,GN4413,,,,,,,,,,,false,false,false,false,
landsd_only,,CHEUNG SHING STREET,長城街,ST,1986-01-17,GN245,,,,,,,,,,,false,false,false,false,
landsd_only,,CHEUNG SHUE TAN ROAD,樟樹灘路,TP,2005-08-05,GN3797,,,,,,,,,,,false,false,false,false,
landsd_only,,CHEUNG TAK LANE,祥德里,WC,1966-12-09,GN3091,,,,,,,,,,,false,false,false,false,
landsd_only,,CHEUNG TSING TUNNEL,長青隧道,K&T,1997-08-29,GN1008,,,,,,,,,,,false,false,false,false,
landsd_only,,CHEUNG TSUN ROAD,長俊路,Is,1990-12-07,GN4413,,,,,,,,,,,false,false,false,false,
landsd_only,,CHEUNG TUNG ROAD,翔東路,Is-TW,1997-08-29,GN1006,,,,,,,,,,,false,false,false,false,
landsd_only,,CHEUNG WING ROAD,昌榮路,K&T-TW,2004-07-09,GN4431,,,,,,,,,,,false,false,false,false,
landsd_only,,CHEUNG WONG ROAD,長旺道,YTM,1969-05-09,GN883,,,,,,,,,,,false,false,false,false,
landsd_only,,CHEUNG WOO LANE,祥和里,WC,1973-06-08,GN1472,,,,,,,,,,,false,false,false,false,
landsd_only,,CHEUNG YAN LANE,長仁巷,Is,1990-12-14,GN4496,,,,,,,,,,,false,false,false,false,
landsd_only,,CHEUNG YUEN ROAD,長源路,ST-K&T,2004-12-10,GN7971,,,,,,,,,,,false,false,false,false,
landsd_only,,CHI CHEONG ROAD,智昌路,N,1994-01-28,GN337,,,,,,,,,,,false,false,false,false,
landsd_only,,CHI FAI PATH,志輝徑,SK,1986-08-15,GN2817,,,,,,,,,,,false,false,false,false,
landsd_only,,CHI FUK CIRCUIT,置福圍,N,1995-01-13,GN155,,,,,,,,,,,false,false,false,false,
landsd_only,,CHI HO ROAD,治河路,YL,2004-11-12,GN7273,,,,,,,,,,,false,false,false,false,
landsd_only,,CHI KA LANE,置嘉里,N,2001-12-07,GN7638,,,,,,,,,,,false,false,false,false,
landsd_only,,CHI LIN DRIVE,志蓮道,WTS,2000-06-16,GN3865,,,,,,,,,,,false,false,false,false,
landsd_only,,CHI LIT PATH,誌烈徑,SK,2022-10-21,GN6005,,,,,,,,,,,false,false,false,false,
landsd_only,,CHI MA HANG ROAD,芝麻坑路,Is,1996-06-07,GN2560,,,,,,,,,,,false,false,false,false,
landsd_only,,CHI MA WAN ROAD,芝麻灣道,Is,1970-06-05,GN1156,,,,,,,,,,,false,false,false,false,
landsd_only,,CHI MING STREET,智明街,N,1995-01-13,GN153,,,,,,,,,,,false,false,false,false,
landsd_only,,CHI NGONG ROAD,志昂路,K&T,1998-03-27,GN1527,,,,,,,,,,,false,false,false,false,
landsd_only,,CHI SHIN STREET,至善街,SK,2012-12-14,GN8050,,,,,,,,,,,false,false,false,false,
landsd_only,,CHI SHING LANE,志成里,WC,1901-05-11,GN272,,,,,,,,,,,false,false,false,false,
landsd_only,,CHI SHUN LANE,智順里,N,1999-10-29,GN6659,,,,,,,,,,,false,false,false,false,
landsd_only,,CHI SUM ROAD,祠心路,N,1999-10-29,GN6660,,,,,,,,,,,false,false,false,false,
landsd_only,,CHI WA LANE,置華里,N,1995-01-13,GN155,,,,,,,,,,,false,false,false,false,
landsd_only,,CHI WING CLOSE,置榮徑,N,1995-01-13,GN155,,,,,,,,,,,false,false,false,false,
landsd_only,,CHI YAN FIRST LANE,志仁一里,Is,1985-10-18,GN3454,,,,,,,,,,,false,false,false,false,
landsd_only,,CHI YAN LANE,志仁里,Is,1999-03-12,GN1360,,,,,,,,,,,false,false,false,false,
landsd_only,,CHI YAN STREET,志仁街,Is,1999-03-12,GN1360,,,,,,,,,,,false,false,false,false,
landsd_only,,CHI YIN LANE,智賢里,N,1999-10-29,GN6661,,,,,,,,,,,false,false,false,false,
landsd_only,,CHIANTI DRIVE,尚堤徑,Is,2012-07-13,GN4805,,,,,,,,,,,false,false,false,false,
landsd_only,,CHIK CHOI LANE,積財里,ST,1983-09-30,GN3132,,,,,,,,,,,false,false,false,false,
landsd_only,,CHIK FU STREET,積富街,ST,1983-09-30,GN3132,,,,,,,,,,,false,false,false,false,
landsd_only,,CHIK FUK STREET,積福街,ST,1983-09-30,GN3132,,,,,,,,,,,false,false,false,false,
landsd_only,,CHIK LUK LANE,積祿里,ST,1983-09-30,GN3132,,,,,,,,,,,false,false,false,false,
landsd_only,,CHIK SAU LANE,積壽里,ST,1983-09-30,GN3132,,,,,,,,,,,false,false,false,false,
landsd_only,,CHIK SHUN STREET,積信街,ST,1983-09-30,GN3132,,,,,,,,,,,false,false,false,false,
landsd_only,,CHIK TAI LANE,積泰里,ST,1985-08-16,GN2682,,,,,,,,,,,false,false,false,false,
landsd_only,,CHIK TAK LANE,積德里,ST,1983-09-30,GN3132,,,,,,,,,,,false,false,false,false,
landsd_only,,CHIM UK ROAD,詹屋路,TP,2012-01-13,GN231,,,,,,,,,,,false,false,false,false,
landsd_only,,CHIN STREET,前街,Is,1985-10-18,GN3454,,,,,,,,,,,false,false,false,false,
landsd_only,,CHING FAI STREET,正暉街,WTS,1997-11-07,GN2359,,,,,,,,,,,false,false,false,false,
landsd_only,,CHING SHAN STREET,靖山街,KC-YTM,1999-11-26,GN7270,,,,,,,,,,,false,false,false,false,
landsd_only,,CHING TAK STREET,正德街,WTS,1988-12-23,GN4429,,,,,,,,,,,false,false,false,false,
landsd_only,,CHING YAU PATH,清攸徑,YL,2020-04-03,GN1669,,,,,,,,,,,false,false,false,false,
landsd_only,,CHING YAU ROAD,清攸路,YL,2013-02-08,GN747,,,,,,,,,,,false,false,false,false,
landsd_only,,CHING YEUNG AVENUE,青楊路,WTS,1970-03-06,GN536,,,,,,,,,,,false,false,false,false,
landsd_only,,CHIU KWONG STREET,朝光街,C&W,1967-12-08,GN2628,,,,,,,,,,,false,false,false,false,
landsd_only,,CHIU SHUN ROAD,昭信路,SK,1992-01-31,GN411,,,,,,,,,,,false,false,false,false,
landsd_only,,CHIU TAM PATH,照潭徑,TW,1999-01-08,GN115,,,,,,,,,,,false,false,false,false,
landsd_only,,CHO YUEN STREET,草園街,KT,1967-03-17,GN603,,,,,,,,,,,false,false,false,false,
landsd_only,,CHOI CHUK STREET,彩竹街,WTS,1986-01-24,GN327,,,,,,,,,,,false,false,false,false,
landsd_only,,CHOI FAI STREET,彩暉街,N,1995-01-13,GN153,,,,,,,,,,,false,false,false,false,
landsd_only,,CHOI FAT STREET,彩發街,N,1995-09-01,GN3546,,,,,,,,,,,false,false,false,false,
landsd_only,,CHOI HING LANE,彩興里,KT,2007-11-09,GN7353,,,,,,,,,,,false,false,false,false,
landsd_only,,CHOI HING ROAD,彩興路,KT,2010-07-16,GN4562,,,,,,,,,,,false,false,false,false,
landsd_only,,CHOI HUNG INTERCHANGE,彩虹交匯處,WTS-KT,2016-07-08,GN3863,,,,,,,,,,,false,false,false,false,
landsd_only,,CHOI MING STREET,彩明街,SK,2002-10-04,GN6308,,,,,,,,,,,false,false,false,false,
landsd_only,,CHOI SHA STREET,彩沙街,ST,2012-03-02,GN1335,,,,,,,,,,,false,false,false,false,
landsd_only,,CHOI SHEK LANE,彩石里,KT,1965-04-02,GN838,,,,,,,,,,,false,false,false,false,
landsd_only,,CHOI SHEK ROAD,彩石道,KT,1965-04-02,GN838,,,,,,,,,,,false,false,false,false,
landsd_only,,CHOI SHUN STREET,彩順街,N,1995-09-01,GN3546,,,,,,,,,,,false,false,false,false,
landsd_only,,CHOI TUNG LANE,彩東里,Is,2025-07-25,GN4611,,,,,,,,,,,false,false,false,false,
landsd_only,,CHOI WAN ROAD,彩雲道,KT,1967-04-14,GN819,,,,,,,,,,,false,false,false,false,
landsd_only,,CHOI WING ROAD,彩榮路,KT,2010-07-16,GN4562,,,,,,,,,,,false,false,false,false,
landsd_only,,CHOI YEE LANE,彩頤里,WTS,2001-03-30,GN2133,,,,,,,,,,,false,false,false,false,
landsd_only,,CHONG FU ROAD,創富道,E,1996-11-22,GN5408,,,,,,,,,,,false,false,false,false,
landsd_only,,CHONG YIP STREET,創業街,KT,1964-11-20,GN3168,,,,,,,,,,,false,false,false,false,
landsd_only,,CHUEN LUNG STREET,川龍街,TW,1962-11-23,GN2378,,,,,,,,,,,false,false,false,false,
landsd_only,,CHUEN ON ROAD,全安路,TP,1992-11-20,GN4152,,,,,,,,,,,false,false,false,false,
landsd_only,,CHUI CHUK STREET,翠竹街,WTS,1986-10-10,GN3519,,,,,,,,,,,false,false,false,false,
landsd_only,,CHUI HANG STREET,翠杏街,E,1992-02-07,GN477,,,,,,,,,,,false,false,false,false,
landsd_only,,CHUI LING LANE,翠嶺里,SK,2002-10-04,GN6308,,,,,,,,,,,false,false,false,false,
landsd_only,,CHUI LING ROAD,翠嶺路,SK,2002-10-04,GN6308,,,,,,,,,,,false,false,false,false,
landsd_only,,CHUI LOK STREET,翠樂街,TP,1993-02-12,GN478,,,,,,,,,,,false,false,false,false,
landsd_only,,CHUI SHIN STREET,翠善街,SK,2012-12-14,GN8051,,,,,,,,,,,false,false,false,false,
landsd_only,,CHUI TONG ROAD,翠塘路,SK,2002-02-08,GN899,,,,,,,,,,,false,false,false,false,
landsd_only,,CHUI TUNG LANE,翠桐里,YL,2002-07-26,GN4596,,,,,,,,,,,false,false,false,false,
landsd_only,,CHUI WO LANE,翠和里,TP,1993-07-23,GN2596,,,,,,,,,,,false,false,false,false,
landsd_only,,CHUI YAN STREET,翠欣街,ST,2002-01-11,GN251,,,,,,,,,,,false,false,false,false,
landsd_only,,CHUI YI STREET,翠怡街,TP,1993-02-12,GN478,,,,,,,,,,,false,false,false,false,
landsd_only,,CHUK KOK ROAD,竹角路,SK,1992-04-10,GN1271,,,,,,,,,,,false,false,false,false,
landsd_only,,CHUK ON LANE,竹安里,C&W,1967-12-08,GN2628,,,,,,,,,,,false,false,false,false,
landsd_only,,CHUK WAN STREET,祝運街,N,1992-05-08,GN1593,,,,,,,,,,,false,false,false,false,
landsd_only,,CHUK YAU ROAD,竹攸路,YL,1994-09-16,GN3497,,,,,,,,,,,false,false,false,false,
landsd_only,,CHUN CHEONG STREET,駿昌街,SK,1998-05-22,GN2486,,,,,,,,,,,false,false,false,false,
landsd_only,,CHUN CHOI STREET,駿才街,SK,1998-05-22,GN2486,,,,,,,,,,,false,false,false,false,
landsd_only,,CHUN KWAN ROAD,駿群路,Is,1998-01-02,GN73,,,,,,,,,,,false,false,false,false,
landsd_only,,CHUN KWONG STREET,駿光街,SK,1998-05-22,GN2486,,,,,,,,,,,false,false,false,false,
landsd_only,,CHUN MING ROAD,駿明路,Is,1998-01-02,GN73,,,,,,,,,,,false,false,false,false,
landsd_only,,CHUN PIN STREET,圳邊街,K&T,1964-05-29,GN1346,,,,,,,,,,,false,false,false,false,
landsd_only,,CHUN PING ROAD,駿坪路,Is,1998-01-02,GN73,,,,,,,,,,,false,false,false,false,
landsd_only,,CHUN SHIN ROAD,真善路,YL,2003-01-30,GN655,,,,,,,,,,,false,false,false,false,
landsd_only,,CHUN SHING STREET,春勝街,WC,1930-03-07,GN138,,,,,,,,,,,false,false,false,false,
landsd_only,,CHUN SING STREET,駿昇街,SK,1995-04-13,GN1314,,,,,,,,,,,false,false,false,false,
landsd_only,,CHUN WAN ROAD,駿運路,Is,1998-01-02,GN73,,,,,,,,,,,false,false,false,false,
landsd_only,,CHUN WAN ROAD INTERCHANGE,駿運路交匯處,Is,1998-01-02,GN73,,,,,,,,,,,false,false,false,false,
landsd_only,,CHUN WAN ROAD NORTH,駿運北路,Is,1998-01-02,GN73,,,,,,,,,,,false,false,false,false,
landsd_only,,CHUN WAN ROAD SOUTH,駿運南路,Is,1998-01-02,GN73,,,,,,,,,,,false,false,false,false,
landsd_only,,CHUN WANG STREET,駿宏街,SK,1998-05-22,GN2486,,,,,,,,,,,false,false,false,false,
landsd_only,,CHUN YAT STREET,駿日街,SK,1998-05-22,GN2486,,,,,,,,,,,false,false,false,false,
landsd_only,,CHUN YIN SQUARE,俊賢坊,YL,1986-08-15,GN2822,,,,,,,,,,,false,false,false,false,
landsd_only,,CHUN YING STREET,駿盈街,SK,1995-04-13,GN1314,,,,,,,,,,,false,false,false,false,
landsd_only,,CHUN YUE ROAD,駿裕路,Is,1998-01-02,GN73,,,,,,,,,,,false,false,false,false,
landsd_only,,CHUNG CHEUNG ROAD,中翔路,Is,1998-01-02,GN73,,,,,,,,,,,false,false,false,false,
landsd_only,,CHUNG HAU STREET,忠孝街,KC,1973-10-26,GN2809,,,,,,,,,,,false,false,false,false,
landsd_only,,CHUNG HING SAN STREET,中興新街,Is,1985-12-27,GN4230,,,,,,,,,,,false,false,false,false,
landsd_only,,CHUNG HOK ROAD,中學路,Is,1985-12-27,GN4230,,,,,,,,,,,false,false,false,false,
landsd_only,,CHUNG HOM KOK ROAD,舂磡角道,S,1966-09-30,GN2531,,,,,,,,,,,false,false,false,false,
landsd_only,,CHUNG KING ROAD,中景道,C&W,1992-05-15,GN1670,,,,,,,,,,,false,false,false,false,
landsd_only,,CHUNG KONG ROAD,中港道,C&W,1992-05-15,GN1670,,,,,,,,,,,false,false,false,false,
landsd_only,,CHUNG KUK PATH,松菊徑,N,1998-10-16,GN5020,,,,,,,,,,,false,false,false,false,
landsd_only,,CHUNG LING LANE,松嶺里,ST,2002-11-15,GN7433,,,,,,,,,,,false,false,false,false,
landsd_only,,CHUNG LING PATH,松齡徑,TM,1993-12-10,GN4542,,,,,,,,,,,false,false,false,false,
landsd_only,,CHUNG LING ROAD,松嶺路,ST,1992-05-01,GN1504,,,,,,,,,,,false,false,false,false,
landsd_only,,CHUNG MUN ROAD,松滿路,Is,1999-07-09,GN3890,,,,,,,,,,,false,false,false,false,
landsd_only,,CHUNG NGA ROAD,頌雅路,TP,1991-10-25,GN3803,,,,,,,,,,,false,false,false,false,
landsd_only,,CHUNG SHING STREET,涌盛街,Is,1998-08-21,GN4080,,,,,,,,,,,false,false,false,false,
landsd_only,,CHUNG SUM LANE,中心里,Is,1985-12-27,GN4230,,,,,,,,,,,false,false,false,false,
landsd_only,,CHUNG WA ROAD,重華路,SK,1993-02-19,GN554,,,,,,,,,,,false,false,false,false,
landsd_only,,CHUNG WAI STREET,松慧街,Is,1999-07-09,GN3890,,,,,,,,,,,false,false,false,false,
landsd_only,,CHUNG WUI STREET,中匯街,YTM,1965-11-12,GN2673,,,,,,,,,,,false,false,false,false,
landsd_only,,CHUNG YAN ROAD,松仁路,Is,1999-07-09,GN3890,,,,,,,,,,,false,false,false,false,
landsd_only,,CHUNG YAT STREET,松逸街,Is,1999-07-09,GN3890,,,,,,,,,,,false,false,false,false,
landsd_only,,CHUNG YEE STREET,忠義街,KC,1994-06-10,GN2141,,,,,,,,,,,false,false,false,false,
landsd_only,,CHUNG YIN LANE,忠賢里,SK,1991-03-28,GN1087,,,,,,,,,,,false,false,false,false,
landsd_only,,CHUNG YIP ROAD,涌業路,YL,1997-02-14,GN752,,,,,,,,,,,false,false,false,false,
landsd_only,,CITY GARDEN ROAD,城市花園道,E,1993-05-21,GN1713,,,,,,,,,,,false,false,false,false,
landsd_only,,CLAYMORE AVENUE,利牧徑,S,1980-03-01,GN707,,,,,,,,,,,false,false,false,false,
landsd_only,,CLEAR WATER BAY ROAD,清水灣道,SK-KT-WTS,1981-01-16,GN183,,,,,,,,,,,false,false,false,false,
landsd_only,,CLEVELAND STREET,加寧街,WC,1962-03-09,GN491,,,,,,,,,,,false,false,false,false,
landsd_only,,CLOUD VIEW ROAD,雲景道,E,1966-01-14,GN129,,,,,,,,,,,false,false,false,false,
landsd_only,,COLLEGE VIEW,育賢坊,C&W,1972-03-24,GN765,,,,,,,,,,,false,false,false,false,
landsd_only,,CONNAUGHT ROAD WEST,干諾道西,C&W,1999-03-12,GN1364,,,,,,,,,,,false,false,false,false,
landsd_only,,CONSORT RISE,金粟街,S,1962-01-26,GN190,,,,,,,,,,,false,false,false,false,
landsd_only,,CONTAINER PORT ROAD SOUTH,貨櫃碼頭南路,K&T,2009-12-18,GN7995,,,,,,,,,,,false,false,false,false,
landsd_only,,CONTROL TOWER ROAD,管制塔路,Is,1998-01-02,GN73,,,,,,,,,,,false,false,false,false,
landsd_only,,COOMBE ROAD,甘道,C&W-WC,1908-02-07,GN80,,,,,,,,,,,false,false,false,false,
landsd_only,,COTTON TREE DRIVE,紅棉路,C&W,1968-05-10,GN938,,,,,,,,,,,false,false,false,false,
landsd_only,,COX'S ROAD,覺士道,YTM,1919-10-03,GN464,,,,,,,,,,,false,false,false,false,
landsd_only,,CRAIGMIN ROAD,忌利文道,C&W,1908-02-07,GN80,,,,,,,,,,,false,false,false,false,
landsd_only,,CROWN TERRACE,冠冕臺,S,1962-01-26,GN190,,,,,,,,,,,false,false,false,false,
landsd_only,,CYBERPORT ROAD,數碼港道,S,2001-11-09,GN7009,,,,,,,,,,,false,false,false,false,
landsd_only,,D'AGUILAR STREET,德己立街,C&W,1963-02-22,GN346,,,,,,,,,,,false,false,false,false,
landsd_only,,DAI FUK STREET,大福街,TP,1998-03-27,GN1528,,,,,,,,,,,false,false,false,false,
landsd_only,,DAI HEI STREET,大喜街,TP,1989-02-03,GN419,,,,,,,,,,,false,false,false,false,
landsd_only,,DAI HUNG STREET,大鴻街,TP,1998-03-27,GN1528,,,,,,,,,,,false,false,false,false,
landsd_only,,DAI KING STREET,大景街,TP,1989-02-03,GN419,,,,,,,,,,,false,false,false,false,
landsd_only,,DAI WAH STREET,大華街,TP,1998-04-24,GN1962,,,,,,,,,,,false,false,false,false,
landsd_only,,DAWN DRIVE,朝暉路,YL,1989-11-10,GN3972,,,,,,,,,,,false,false,false,false,
landsd_only,,DEEP BAY ROAD,深灣路,YL,1973-05-18,GN1252,,,,,,,,,,,false,false,false,false,
landsd_only,,DEEP WATER BAY DRIVE,深水灣徑,S,1987-03-06,GN785,,,,,,,,,,,false,false,false,false,
landsd_only,,DISCOVERY BAY ROAD,愉景灣道,Is,2012-07-13,GN4805,,,,,,,,,,,false,false,false,false,
landsd_only,,DISCOVERY VALLEY ROAD,愉景山道,Is,1994-11-18,GN4386,,,,,,,,,,,false,false,false,false,
landsd_only,,DUNG FAT STREET,登發街,TW,1973-03-16,GN704,,,,,,,,,,,false,false,false,false,
landsd_only,,EAST LAGUNA STREET,麗港東街,KT,1996-12-06,GN5679,,,,,,,,,,,false,false,false,false,
landsd_only,,EASTBOURNE ROAD,義本道,KC,1965-06-25,GN1572,,,,,,,,,,,false,false,false,false,
landsd_only,,EASTERN STREET NORTH,東邊街北,C&W,1999-03-12,GN1364,,,,,,,,,,,false,false,false,false,
landsd_only,,ELEGANCE ROAD,雅麗道,KT,1970-01-23,GN225,,,,,,,,,,,false,false,false,false,
landsd_only,,EMMA AVENUE,艷馬道,KC,1925-10-09,GN575,,,,,,,,,,,false,false,false,false,
landsd_only,,EXPO DRIVE,博覽道,WC-C&W,2019-03-29,GN2321,,,,,,,,,,,false,false,false,false,
landsd_only,,EXPO DRIVE CENTRAL,博覽道中,WC,2019-03-29,GN2321,,,,,,,,,,,false,false,false,false,
landsd_only,,EXPO DRIVE EAST,博覽道東,WC,2019-03-29,GN2321,,,,,,,,,,,false,false,false,false,
landsd_only,,FA PO STREET,花圃街,SSP,1985-04-26,GN1346,,,,,,,,,,,false,false,false,false,
landsd_only,,FAI KING ROAD,快景路,N,2004-12-03,GN7836,,,,,,,,,,,false,false,false,false,
landsd_only,,FAI MING ROAD,暉明路,N,1995-01-13,GN156,,,,,,,,,,,false,false,false,false,
landsd_only,,FAIRVIEW PARK BOULEVARD,錦綉花園大道,YL,1988-03-18,GN882,,,,,,,,,,,false,false,false,false,
landsd_only,,"FAIRVIEW PARK SECTION C, 1ST STREET",錦綉花園C段第一街,YL,1987-02-06,GN415,,,,,,,,,,,false,false,false,false,
landsd_only,,"FAIRVIEW PARK SECTION C, 2ND STREET",錦綉花園C段第二街,YL,1987-02-06,GN415,,,,,,,,,,,false,false,false,false,
landsd_only,,"FAIRVIEW PARK SECTION C, 3RD STREET",錦綉花園C段第三街,YL,1987-02-06,GN415,,,,,,,,,,,false,false,false,false,
landsd_only,,"FAIRVIEW PARK SECTION C, 4TH STREET",錦綉花園C段第四街,YL,1987-02-06,GN415,,,,,,,,,,,false,false,false,false,
landsd_only,,"FAIRVIEW PARK SECTION C, 5TH STREET",錦綉花園C段第五街,YL,1987-02-06,GN415,,,,,,,,,,,false,false,false,false,
landsd_only,,"FAIRVIEW PARK SECTION C, 6TH STREET",錦綉花園C段第六街,YL,1987-02-06,GN415,,,,,,,,,,,false,false,false,false,
landsd_only,,"FAIRVIEW PARK SECTION C, 7TH STREET",錦綉花園C段第七街,YL,1987-02-06,GN415,,,,,,,,,,,false,false,false,false,
landsd_only,,"FAIRVIEW PARK SECTION D, 1ST STREET",錦綉花園D段第一街,YL,1987-02-06,GN415,,,,,,,,,,,false,false,false,false,
landsd_only,,"FAIRVIEW PARK SECTION D, 2ND STREET",錦綉花園D段第二街,YL,1987-02-06,GN415,,,,,,,,,,,false,false,false,false,
landsd_only,,"FAIRVIEW PARK SECTION D, 3RD STREET",錦綉花園D段第三街,YL,1987-02-06,GN415,,,,,,,,,,,false,false,false,false,
landsd_only,,"FAIRVIEW PARK SECTION D, 4TH STREET",錦綉花園D段第四街,YL,1987-02-06,GN415,,,,,,,,,,,false,false,false,false,
landsd_only,,"FAIRVIEW PARK SECTION G, 1ST STREET",錦綉花園G段第一街,YL,1985-08-02,GN2525,,,,,,,,,,,false,false,false,false,
landsd_only,,"FAIRVIEW PARK SECTION G, 2ND STREET",錦綉花園G段第二街,YL,1985-08-02,GN2525,,,,,,,,,,,false,false,false,false,
landsd_only,,"FAIRVIEW PARK SECTION H, 1ST STREET",錦綉花園H段第一街,YL,1985-08-02,GN2525,,,,,,,,,,,false,false,false,false,
landsd_only,,"FAIRVIEW PARK SECTION H, 2ND STREET",錦綉花園H段第二街,YL,1985-08-02,GN2525,,,,,,,,,,,false,false,false,false,
landsd_only,,"FAIRVIEW PARK SECTION H, 3RD STREET",錦綉花園H段第三街,YL,1985-08-02,GN2525,,,,,,,,,,,false,false,false,false,
landsd_only,,"FAIRVIEW PARK SECTION I, 1ST STREET",錦綉花園I段第一街,YL,1985-08-02,GN2525,,,,,,,,,,,false,false,false,false,
landsd_only,,"FAIRVIEW PARK SECTION I, 2ND STREET",錦綉花園I段第二街,YL,1985-08-02,GN2525,,,,,,,,,,,false,false,false,false,
landsd_only,,"FAIRVIEW PARK SECTION I, 3RD STREET",錦綉花園I段第三街,YL,1985-08-02,GN2525,,,,,,,,,,,false,false,false,false,
landsd_only,,"FAIRVIEW PARK SECTION I, 4TH STREET",錦綉花園I段第四街,YL,1985-08-02,GN2525,,,,,,,,,,,false,false,false,false,
landsd_only,,"FAIRVIEW PARK SECTION I, 5TH STREET",錦綉花園I段第五街,YL,1985-08-02,GN2525,,,,,,,,,,,false,false,false,false,
landsd_only,,"FAIRVIEW PARK SECTION J, 1ST STREET",錦綉花園J段第一街,YL,1988-03-18,GN882,,,,,,,,,,,false,false,false,false,
landsd_only,,"FAIRVIEW PARK SECTION J, 2ND STREET",錦綉花園J段第二街,YL,1988-03-18,GN882,,,,,,,,,,,false,false,false,false,
landsd_only,,"FAIRVIEW PARK SECTION J, 3RD STREET",錦綉花園J段第三街,YL,1988-03-18,GN882,,,,,,,,,,,false,false,false,false,
landsd_only,,"FAIRVIEW PARK SECTION J, 4TH STREET",錦綉花園J段第四街,YL,1988-03-18,GN882,,,,,,,,,,,false,false,false,false,
landsd_only,,"FAIRVIEW PARK SECTION J, 5TH STREET",錦綉花園J段第五街,YL,1988-03-18,GN882,,,,,,,,,,,false,false,false,false,
landsd_only,,"FAIRVIEW PARK SECTION K, 1ST STREET",錦綉花園K段第一街,YL,1985-08-02,GN2525,,,,,,,,,,,false,false,false,false,
landsd_only,,"FAIRVIEW PARK SECTION K, 2ND STREET",錦綉花園K段第二街,YL,1985-08-02,GN2525,,,,,,,,,,,false,false,false,false,
landsd_only,,"FAIRVIEW PARK SECTION K, 3RD STREET",錦綉花園K段第三街,YL,1985-08-02,GN2525,,,,,,,,,,,false,false,false,false,
landsd_only,,"FAIRVIEW PARK SECTION K, 4TH STREET",錦綉花園K段第四街,YL,1985-08-02,GN2525,,,,,,,,,,,false,false,false,false,
landsd_only,,"FAIRVIEW PARK SECTION K, 5TH STREET",錦綉花園K段第五街,YL,1985-08-02,GN2525,,,,,,,,,,,false,false,false,false,
landsd_only,,"FAIRVIEW PARK SECTION L, 1ST STREET",錦綉花園L段第一街,YL,1985-08-02,GN2525,,,,,,,,,,,false,false,false,false,
landsd_only,,"FAIRVIEW PARK SECTION L, 2ND STREET",錦綉花園L段第二街,YL,1985-08-02,GN2525,,,,,,,,,,,false,false,false,false,
landsd_only,,"FAIRVIEW PARK SECTION L, 3RD STREET",錦綉花園L段第三街,YL,1985-08-02,GN2525,,,,,,,,,,,false,false,false,false,
landsd_only,,"FAIRVIEW PARK SECTION L, 4TH STREET",錦綉花園L段第四街,YL,1985-08-02,GN2525,,,,,,,,,,,false,false,false,false,
landsd_only,,"FAIRVIEW PARK SECTION L, 5TH STREET",錦綉花園L段第五街,YL,1985-08-02,GN2525,,,,,,,,,,,false,false,false,false,
landsd_only,,"FAIRVIEW PARK SECTION M, 1ST STREET",錦綉花園M段第一街,YL,1988-03-18,GN882,,,,,,,,,,,false,false,false,false,
landsd_only,,"FAIRVIEW PARK SECTION M, 2ND STREET",錦綉花園M段第二街,YL,1988-03-18,GN882,,,,,,,,,,,false,false,false,false,
landsd_only,,"FAIRVIEW PARK SECTION M, 3RD STREET",錦綉花園M段第三街,YL,1988-03-18,GN882,,,,,,,,,,,false,false,false,false,
landsd_only,,"FAIRVIEW PARK SECTION M, 4TH STREET",錦綉花園M段第四街,YL,1988-03-18,GN882,,,,,,,,,,,false,false,false,false,
landsd_only,,"FAIRVIEW PARK SECTION M, 5TH STREET",錦綉花園M段第五街,YL,1988-03-18,GN882,,,,,,,,,,,false,false,false,false,
landsd_only,,"FAIRVIEW PARK SECTION M, 6TH STREET",錦綉花園M段第六街,YL,1988-03-18,GN882,,,,,,,,,,,false,false,false,false,
landsd_only,,FAN LENG LAU ROAD,粉嶺樓路,N,1995-01-13,GN154,,,,,,,,,,,false,false,false,false,
landsd_only,,FANLING BYPASS,粉嶺繞道,N-TP,2026-03-27,GN1839,,,,,,,,,,,false,false,false,false,
landsd_only,,FANLING HIGHWAY,粉嶺公路,YL-N-TP,1995-05-05,GN1615,,,,,,,,,,,false,false,false,false,
landsd_only,,FANLING STATION ROAD,粉嶺車站路,N,1995-07-28,GN2927,,,,,,,,,,,false,false,false,false,
landsd_only,,FAT LEE STREET,發利街,Is,1985-10-18,GN3454,,,,,,,,,,,false,false,false,false,
landsd_only,,FAT TSEUNG STREET WEST,發祥街西,SSP,1998-07-03,GN3230,,,,,,,,,,,false,false,false,false,
landsd_only,,FAT YIP LANE,發業里,TW,1970-03-06,GN535,,,,,,,,,,,false,false,false,false,
landsd_only,,FEI FUNG STREET,飛鳳街,WTS,1963-11-08,GN2197,,,,,,,,,,,false,false,false,false,
landsd_only,,FEI HA ROAD,飛霞路,SK,1992-04-10,GN1271,,,,,,,,,,,false,false,false,false,
landsd_only,,FEI WAN ROAD,飛雲路,SK,1992-04-10,GN1271,,,,,,,,,,,false,false,false,false,
landsd_only,,FESSENDEN ROAD,范信達道,KC,1968-01-05,GN26,,,,,,,,,,,false,false,false,false,
landsd_only,,FINANCE STREET,金融街,C&W,2002-07-26,GN4594,,,,,,,,,,,false,false,false,false,
landsd_only,,FIRE DRAGON PATH,火龍徑,WC,2012-07-13,GN4804,,,,,,,,,,,false,false,false,false,
landsd_only,,FIRST SKY STREET,航天城第一街,Is,2021-09-24,GN6003,,,,,,,,,,,false,false,false,false,
landsd_only,,FLOWER MARKET PATH,花墟徑,YTM,2002-04-12,GN2229,,,,,,,,,,,false,false,false,false,
landsd_only,,FO YIP STREET,科業街,YL,2003-09-05,GN6123,,,,,,,,,,,false,false,false,false,
landsd_only,,FONG WAH LANE,芳華里,WTS,1971-01-22,GN139,,,,,,,,,,,false,false,false,false,
landsd_only,,FONG YUEN ROAD,芳園路,TW,2006-10-13,GN6513,,,,,,,,,,,false,false,false,false,
landsd_only,,FOO MING STREET,富明街,WC,1964-04-24,GN1034,,,,,,,,,,,false,false,false,false,
landsd_only,,FOO YUEN STREET,富源街,WTS,1961-09-08,GN1577,,,,,,,,,,,false,false,false,false,
landsd_only,,FORTUNE STREET,幸福街,SSP,1970-05-22,GN1053,,,,,,,,,,,false,false,false,false,
landsd_only,,FRASER ROAD,符禮修路,TM,1990-11-02,GN3963,,,,,,,,,,,false,false,false,false,
landsd_only,,FU CHEONG PATH,富昌徑,TW,2005-02-04,GN624,,,,,,,,,,,false,false,false,false,
landsd_only,,FU FAT LANE,富發里,TM,1989-06-09,GN1978,,,,,,,,,,,false,false,false,false,
landsd_only,,FU HANG ROAD,虎坑路,TM,1991-02-08,GN502,,,,,,,,,,,false,false,false,false,
landsd_only,,FU HONG STREET,富康街,E,1998-05-01,GN2182,,,,,,,,,,,false,false,false,false,
landsd_only,,FU KONG SHAN ROAD,富崗山路,Is,2006-02-17,GN1050,,,,,,,,,,,false,false,false,false,
landsd_only,,FU KWAI PATH,富貴徑,K&T,1988-02-12,GN490,,,,,,,,,,,false,false,false,false,
landsd_only,,FU MEI STREET,富美街,WTS,1989-04-21,GN1309,,,,,,,,,,,false,false,false,false,
landsd_only,,FU MEI STREET EAST,富美東街,WTS,1967-01-13,GN89,,,,,,,,,,,false,false,false,false,
landsd_only,,FU NING STREET,富寧街,KC,1965-04-02,GN836,,,,,,,,,,,false,false,false,false,
landsd_only,,FU ON STREET,富安街,KC,1968-04-26,GN826,,,,,,,,,,,false,false,false,false,
landsd_only,,FU PENG STREET,富坪街,Is,1993-10-15,GN3762,,,,,,,,,,,false,false,false,false,
landsd_only,,FU PO ROAD,富寶路,ST,1999-02-05,GN637,,,,,,,,,,,false,false,false,false,
landsd_only,,FU SHING STREET,富盛街,TM,2012-11-02,GN7160,,,,,,,,,,,false,false,false,false,
landsd_only,,FU TEI AU ROAD,虎地㘭道,N,1972-09-15,GN2306,,,,,,,,,,,false,false,false,false,
landsd_only,,FU TIN LANE,富田里,ST,1986-10-10,GN3517,,,,,,,,,,,false,false,false,false,
landsd_only,,FU TSUI STREET,富翠街,E,1987-01-23,GN307,,,,,,,,,,,false,false,false,false,
landsd_only,,FU TUNG STREET,富東街,Is,1997-04-25,GN2008,,,,,,,,,,,false,false,false,false,
landsd_only,,FU UK ROAD,傅屋路,TW,1970-03-06,GN535,,,,,,,,,,,false,false,false,false,
landsd_only,,FU WAH STREET,富華街,TW,1973-03-16,GN704,,,,,,,,,,,false,false,false,false,
landsd_only,,FU WAN STREET,富運街,WTS,1966-07-29,GN1951,,,,,,,,,,,false,false,false,false,
landsd_only,,FU WING STREET,富榮街,TW,1973-03-16,GN704,,,,,,,,,,,false,false,false,false,
landsd_only,,FU YEE ROAD,富怡道,E,1998-05-01,GN2182,,,,,,,,,,,false,false,false,false,
landsd_only,,FU YUE STREET,富裕街,WTS,1966-07-29,GN1951,,,,,,,,,,,false,false,false,false,
landsd_only,,FU YUNG SHAN ROAD,芙蓉山路,TW,1997-10-17,GN1883,,,,,,,,,,,false,false,false,false,
landsd_only,,FU YUNG STREET,芙蓉街,TW,1963-06-21,GN1134,,,,,,,,,,,false,false,false,false,
landsd_only,,FUI SHA WAI LANE,灰沙圍里,YL,1985-09-13,GN3022,,,,,,,,,,,false,false,false,false,
landsd_only,,FUI SHA WAI SOUTH ROAD,灰沙圍南路,YL,1997-02-14,GN753,,,,,,,,,,,false,false,false,false,
landsd_only,,FUI YIU KOK STREET,灰窰角街,TW,1966-02-18,GN470,,,,,,,,,,,false,false,false,false,
landsd_only,,FUI YIU LANE,灰窰里,SK,1994-07-29,GN2827,,,,,,,,,,,false,false,false,false,
landsd_only,,FUK CHAK STREET,福澤街,YTM,1963-09-06,GN1736,,,,,,,,,,,false,false,false,false,
landsd_only,,FUK CHEUNG STREET,福祥街,KC,1965-04-02,GN836,,,,,,,,,,,false,false,false,false,
landsd_only,,FUK HANG TSUEN LANE,福亨村里,TM,1999-01-08,GN114,,,,,,,,,,,false,false,false,false,
landsd_only,,FUK HANG TSUEN PATH,福亨村徑,TM,2004-02-06,GN959,,,,,,,,,,,false,false,false,false,
landsd_only,,FUK HANG TSUEN ROAD,福亨村路,TM,1993-12-10,GN4543,,,,,,,,,,,false,false,false,false,
landsd_only,,FUK LOI LANE,福來里,TW,1985-10-11,GN3359,,,,,,,,,,,false,false,false,false,
landsd_only,,FUK LOK PATH,福樂徑,YL,1992-01-24,GN315,,,,,,,,,,,false,false,false,false,
landsd_only,,FUK NING ROAD,福寧道,KT,1970-01-23,GN225,,,,,,,,,,,false,false,false,false,
landsd_only,,FUK SHING PATH,福盛徑,YL,1992-01-24,GN315,,,,,,,,,,,false,false,false,false,
landsd_only,,FUK TIN PATH,福田徑,YL,1992-01-24,GN315,,,,,,,,,,,false,false,false,false,
landsd_only,,FUK TO STREET,福淘街,KT,2012-06-01,GN3792,,,,,,,,,,,false,false,false,false,
landsd_only,,FUK TONG ROAD,福塘道,KT,1970-01-23,GN225,,,,,,,,,,,false,false,false,false,
landsd_only,,FUNG CHI ROAD,鳳池路,YL,1987-08-28,GN2856,,,,,,,,,,,false,false,false,false,
landsd_only,,FUNG CHUK ROAD,豐竹路,YL,2000-03-31,GN2031,,,,,,,,,,,false,false,false,false,
landsd_only,,FUNG FAN PATH,風帆徑,Is,1997-08-08,GN624,,,,,,,,,,,false,false,false,false,
landsd_only,,FUNG HA ROAD,峰霞道,E,1991-08-16,GN2879,,,,,,,,,,,false,false,false,false,
landsd_only,,FUNG KI ROAD,鳳麒路,YL,2005-05-27,GN2493,,,,,,,,,,,false,false,false,false,
landsd_only,,FUNG KONG TSUEN ROAD,鳳降村路,YL,1994-09-09,GN3384,,,,,,,,,,,false,false,false,false,
landsd_only,,FUNG LAI ROAD,鳳禮道,WTS,1990-02-23,GN655,,,,,,,,,,,false,false,false,false,
landsd_only,,FUNG LAM ROAD,鳳林路,N,2026-03-27,GN1839,,,,,,,,,,,false,false,false,false,
landsd_only,,FUNG LING ROAD,鳳嶺路,N,2026-03-27,GN1839,,,,,,,,,,,false,false,false,false,
landsd_only,,FUNG LOK LANE,豐樂里,YL,1992-01-24,GN315,,,,,,,,,,,false,false,false,false,
landsd_only,,FUNG MAT ROAD,豐物道,C&W,1999-03-12,GN1363,,,,,,,,,,,false,false,false,false,
landsd_only,,FUNG MEI PATH,鳳美徑,WTS,1990-02-23,GN655,,,,,,,,,,,false,false,false,false,
landsd_only,,FUNG NAM LANE,鳳南里,N,1999-02-26,GN970,,,,,,,,,,,false,false,false,false,
landsd_only,,FUNG NAM ROAD,鳳南路,N,1994-01-28,GN337,,,,,,,,,,,false,false,false,false,
landsd_only,,FUNG ON STREET,豐安街,TM,1991-07-19,GN2510,,,,,,,,,,,false,false,false,false,
landsd_only,,FUNG SAU ROAD,鳳秀路,SK,1986-08-15,GN2817,,,,,,,,,,,false,false,false,false,
landsd_only,,FUNG SHEK STREET,豐石街,ST,1987-02-06,GN416,,,,,,,,,,,false,false,false,false,
landsd_only,,FUNG SHUE WO ROAD,楓樹窩路,K&T,1988-07-22,GN2353,,,,,,,,,,,false,false,false,false,
landsd_only,,FUNG TAK ROAD,鳳德道,WTS,1991-11-22,GN4197,,,,,,,,,,,false,false,false,false,
landsd_only,,FUNG WAH STREET,豐華街,WTS,1966-06-30,GN1684,,,,,,,,,,,false,false,false,false,
landsd_only,,FUNG WAN ROAD,豐運路,TP,1995-10-13,GN4259,,,,,,,,,,,false,false,false,false,
landsd_only,,FUNG YIP STREET,豐業街,E,1977-05-13,GN1087,,,,,,,,,,,false,false,false,false,
landsd_only,,GASCOIGNE ROAD FLYOVER,加士居道天橋,YTM,2020-10-23,GN6118,,,,,,,,,,,false,false,false,false,
landsd_only,,GILLIES AVENUE NORTH,機利士北路,KC,1988-09-30,GN3321,,,,,,,,,,,false,false,false,false,
landsd_only,,GILLIES AVENUE SOUTH,機利士南路,KC,1988-09-30,GN3321,,,,,,,,,,,false,false,false,false,
landsd_only,,GLEE PATH,吉利徑,SSP,1967-12-22,GN2744,,,,,,,,,,,false,false,false,false,
landsd_only,,GLENEALY,己連拿利,C&W,1987-05-08,GN1538,,,,,,,,,,,false,false,false,false,
landsd_only,,GOUGH HILL ROAD,歌賦山道,C&W,1956-04-13,GN465,,,,,,,,,,,false,false,false,false,
landsd_only,,GRANDEUR ROAD,瑰麗路,SSP,1997-06-20,GN3081,,,,,,,,,,,false,false,false,false,
landsd_only,,GRANVILLE SQUARE,加連威老廣場,YTM,1985-12-13,GN4096,,,,,,,,,,,false,false,false,false,
landsd_only,,GREIG ROAD,基利路,E,1990-10-12,GN3678,,,,,,,,,,,false,false,false,false,
landsd_only,,GUILDFORD ROAD,僑福道,C&W,1964-12-24,GN3484,,,,,,,,,,,false,false,false,false,
landsd_only,,HA CHUK YUEN ROAD,下竹園路,YL,2000-03-31,GN2031,,,,,,,,,,,false,false,false,false,
landsd_only,,HA KO TAN STREET,下高灘街,K&T,1985-03-22,GN915,,,,,,,,,,,false,false,false,false,
landsd_only,,HA MEI SAN TSUEN ROAD,蝦尾新村路,YL,1998-07-24,GN3590,,,,,,,,,,,false,false,false,false,
landsd_only,,HA SAN WAI ROAD,下新圍路,YL,2000-03-31,GN2031,,,,,,,,,,,false,false,false,false,
landsd_only,,HA TSUEN ROAD,廈村路,YL,2008-02-06,GN907,,,,,,,,,,,false,false,false,false,
landsd_only,,HA WAN TSUEN EAST ROAD,下灣村東路,YL,2015-01-02,GN166,,,,,,,,,,,false,false,false,false,
landsd_only,,HA WAN TSUEN ROAD,下灣村路,YL,2015-01-02,GN166,,,,,,,,,,,false,false,false,false,
landsd_only,,HA YEUNG ROAD,下洋路,SK,1991-10-11,GN3622,,,,,,,,,,,false,false,false,false,
landsd_only,,HA YEUNG SAN TSUEN ROAD,下洋新村路,SK,1991-10-11,GN3622,,,,,,,,,,,false,false,false,false,
landsd_only,,HAM TIN STREET,鹹田街,TW,2004-12-17,GN8102,,,,,,,,,,,false,false,false,false,
landsd_only,,HANG CHEUNG STREET,幸祥街,SSP,1999-03-12,GN1362,,,,,,,,,,,false,false,false,false,
landsd_only,,HANG CHI STREET,恆智街,ST,2000-01-21,GN378,,,,,,,,,,,false,false,false,false,
landsd_only,,HANG FAI STREET,恆輝街,ST,2000-01-21,GN378,,,,,,,,,,,false,false,false,false,
landsd_only,,HANG FU STREET,恆富街,TM,1996-02-16,GN804,,,,,,,,,,,false,false,false,false,
landsd_only,,HANG HONG STREET,恆康街,ST,1993-11-19,GN4226,,,,,,,,,,,false,false,false,false,
landsd_only,,HANG KAM STREET,恆錦街,ST,1991-05-03,GN1538,,,,,,,,,,,false,false,false,false,
landsd_only,,HANG KIN STREET,恆健街,ST,1997-05-30,GN2704,,,,,,,,,,,false,false,false,false,
landsd_only,,HANG KWAI STREET,恆貴街,TM,1996-02-16,GN804,,,,,,,,,,,false,false,false,false,
landsd_only,,HANG KWONG STREET,恆光街,ST,1993-11-19,GN4226,,,,,,,,,,,false,false,false,false,
landsd_only,,HANG LOK LANE,恆樂里,ST,1992-12-04,GN4337,,,,,,,,,,,false,false,false,false,
landsd_only,,HANG MEI STREET,亨美街,K&T,1998-08-07,GN3856,,,,,,,,,,,false,false,false,false,
landsd_only,,HANG MING STREET,恆明街,ST,1997-05-30,GN2704,,,,,,,,,,,false,false,false,false,
landsd_only,,HANG PING STREET,坑坪街,K&T,1970-03-06,GN535,,,,,,,,,,,false,false,false,false,
landsd_only,,HANG SHIN LINK,行善里,ST,1994-10-21,GN3990,,,,,,,,,,,false,false,false,false,
landsd_only,,HANG SHING STREET,恆城街,ST,1986-01-17,GN245,,,,,,,,,,,false,false,false,false,
landsd_only,,HANG SHUN STREET,恆信街,ST,2003-05-30,GN3667,,,,,,,,,,,false,false,false,false,
landsd_only,,HANG TAI ROAD,恆泰路,ST,2000-01-21,GN378,,,,,,,,,,,false,false,false,false,
landsd_only,,HANG TAK STREET,恆德街,ST,1987-01-02,GN40,,,,,,,,,,,false,false,false,false,
landsd_only,,HANG WAN ROAD,幸運道,KC,1988-03-18,GN881,,,,,,,,,,,false,false,false,false,
landsd_only,,HANG YIP STREET,恆業街,KT,1991-08-02,GN2729,,,,,,,,,,,false,false,false,false,
landsd_only,,HANG YIU STREET,恆耀街,ST,2000-01-21,GN378,,,,,,,,,,,false,false,false,false,
landsd_only,,HARBOUR ROAD,港灣道,WC,1972-07-07,GN1666,,,,,,,,,,,false,false,false,false,
landsd_only,,HARMONY ROAD,富欣道,E,1998-05-01,GN2182,,,,,,,,,,,false,false,false,false,
landsd_only,,HAU CHEUNG STREET,巧翔街,YTM,2000-11-10,GN7397,,,,,,,,,,,false,false,false,false,
landsd_only,,HAU TEI SQUARE,鱟地坊,TW,1963-06-21,GN1134,,,,,,,,,,,false,false,false,false,
landsd_only,,HAU TUNG STREET,孝東街,Is,2025-07-25,GN4611,,,,,,,,,,,false,false,false,false,
landsd_only,,HAVEN OF HOPE ROAD,靈實路,SK,1998-02-20,GN833,,,,,,,,,,,false,false,false,false,
landsd_only,,HEADLAND DRIVE,朝暉徑,Is,1994-11-18,GN4386,,,,,,,,,,,false,false,false,false,
landsd_only,,HEI TUNG STREET,喜東街,Is,2008-06-13,GN4021,,,,,,,,,,,false,false,false,false,
landsd_only,,HENG LAM STREET,杏林街,WTS,1966-08-26,GN2195,,,,,,,,,,,false,false,false,false,
landsd_only,,HEUNG CHE STREET,香車街,TW,1963-06-21,GN1134,,,,,,,,,,,false,false,false,false,
landsd_only,,HEUNG CHUNG ROAD,響鐘路,SK,2002-02-15,GN1000,,,,,,,,,,,false,false,false,false,
landsd_only,,HEUNG LIN ROAD,香蓮路,N,2023-02-17,GN1075,,,,,,,,,,,false,false,false,false,
landsd_only,,HEUNG SHING STREET,享成街,TW,1970-03-06,GN535,,,,,,,,,,,false,false,false,false,
landsd_only,,HEUNG SZE WUI SQUARE,鄉事會坊,TP,1972-05-05,GN1092,,,,,,,,,,,false,false,false,false,
landsd_only,,HEUNG SZE WUI STREET,鄉事會街,TP,1972-05-05,GN1092,,,,,,,,,,,false,false,false,false,
landsd_only,,HEUNG TSZ ROAD,鄉梓路,N,2022-12-30,GN7562,,,,,,,,,,,false,false,false,false,
landsd_only,,HEUNG WO STREET,享和街,TW,1970-03-06,GN535,,,,,,,,,,,false,false,false,false,
landsd_only,,HI SHI ROAD,喜士路,Is,1989-10-06,GN3495,,,,,,,,,,,false,false,false,false,
landsd_only,,HI TAI STREET,喜泰街,ST,2000-01-21,GN378,,,,,,,,,,,false,false,false,false,
landsd_only,,HIGH STREET,高街,C&W,1928-06-15,GN338,,,,,,,,,,,false,false,false,false,
landsd_only,,HILLWOOD ROAD,山林道,YTM,1933-05-12,GN341,,,,,,,,,,,false,false,false,false,
landsd_only,,HIN FAT LANE,顯發里,TM,1989-06-09,GN1978,,,,,,,,,,,false,false,false,false,
landsd_only,,HIN HONG STREET,顯康街,ST,1985-07-26,GN2430,,,,,,,,,,,false,false,false,false,
landsd_only,,HIN KWAI LANE,顯貴里,ST,1995-09-15,GN3734,,,,,,,,,,,false,false,false,false,
landsd_only,,HIN TAI STREET,顯泰街,ST,1985-07-26,GN2430,,,,,,,,,,,false,false,false,false,
landsd_only,,HIN TIN STREET,顯田街,ST,1986-10-10,GN3517,,,,,,,,,,,false,false,false,false,
landsd_only,,HIN WO LANE,顯和里,ST,2006-03-31,GN2189,,,,,,,,,,,false,false,false,false,
landsd_only,,HING CHOI STREET,興才街,TM,1989-06-09,GN1978,,,,,,,,,,,false,false,false,false,
landsd_only,,HING FU STREET,興富街,TM,2001-09-21,GN5853,,,,,,,,,,,false,false,false,false,
landsd_only,,HING KENG SHEK ROAD,慶徑石路,SK,1991-07-05,GN2294,,,,,,,,,,,false,false,false,false,
landsd_only,,HING LEE STREET,興利街,Is,1985-10-18,GN3454,,,,,,,,,,,false,false,false,false,
landsd_only,,HING LUNG BACK STREET,興隆後街,Is,1985-07-05,GN2166,,,,,,,,,,,false,false,false,false,
landsd_only,,HING LUNG MAIN STREET,興隆正街,Is,1985-07-05,GN2166,,,,,,,,,,,false,false,false,false,
landsd_only,,HING NING ROAD,興寧路,K&T,1991-11-15,GN4113,,,,,,,,,,,false,false,false,false,
landsd_only,,HING ON LANE,興安里,TM,1989-06-09,GN1978,,,,,,,,,,,false,false,false,false,
landsd_only,,HING TIN STREET,慶田街,KT,2003-09-11,GN6274,,,,,,,,,,,false,false,false,false,
landsd_only,,HING TUNG STREET,慶東街,Is,1997-04-25,GN2008,,,,,,,,,,,false,false,false,false,
landsd_only,,HING WAH STREET WEST,興華街西,SSP,1998-07-03,GN3230,,,,,,,,,,,false,false,false,false,
landsd_only,,HIU KWONG STREET,曉光街,KT,1967-03-10,GN537,,,,,,,,,,,false,false,false,false,
landsd_only,,HIU MING STREET,曉明街,KT,1967-03-10,GN537,,,,,,,,,,,false,false,false,false,
landsd_only,,HIU PO PATH,曉波徑,SK,1991-09-20,GN3343,,,,,,,,,,,false,false,false,false,
landsd_only,,HIU TSUI STREET,曉翠街,E,1990-03-02,GN779,,,,,,,,,,,false,false,false,false,
landsd_only,,HIU TUNG ROAD,曉東路,Is,2025-07-25,GN4611,,,,,,,,,,,false,false,false,false,
landsd_only,,HIU WAN ROAD,曉運路,TP,1995-10-13,GN4259,,,,,,,,,,,false,false,false,false,
landsd_only,,HIU YUK PATH,曉育徑,KT,1985-12-13,GN4099,,,,,,,,,,,false,false,false,false,
landsd_only,,HO CHAU ROAD,蠔洲路,YL,2006-03-03,GN1463,,,,,,,,,,,false,false,false,false,
landsd_only,,HO CHOI LANE,浩財里,TM,1990-03-02,GN776,,,,,,,,,,,false,false,false,false,
landsd_only,,HO CHUNG ROAD,蠔涌路,SK,1990-12-21,GN4576,,,,,,,,,,,false,false,false,false,
landsd_only,,HO FAT LANE,浩發里,TM,1990-03-02,GN776,,,,,,,,,,,false,false,false,false,
landsd_only,,HO FUK STREET,浩福街,TM,1990-03-02,GN776,,,,,,,,,,,false,false,false,false,
landsd_only,,HO HING CIRCUIT,河興街,TM,1993-12-10,GN4542,,,,,,,,,,,false,false,false,false,
landsd_only,,HO HOI STREET,浩海街,TM,1990-03-02,GN776,,,,,,,,,,,false,false,false,false,
landsd_only,,HO LEE STREET,好利街,Is,1985-10-18,GN3454,,,,,,,,,,,false,false,false,false,
landsd_only,,HO PUI STREET,河背街,TW,2004-12-17,GN8102,,,,,,,,,,,false,false,false,false,
landsd_only,,HO SHEUNG HEUNG PAI FUNG ROAD,河上鄉排峰路,N,1998-10-16,GN5020,,,,,,,,,,,false,false,false,false,
landsd_only,,HO SHEUNG HEUNG ROAD,河上鄉路,N,2004-12-03,GN7836,,,,,,,,,,,false,false,false,false,
landsd_only,,HO SUEN STREET,浩船街,TM,1990-03-02,GN776,,,,,,,,,,,false,false,false,false,
landsd_only,,HO WAN STREET,浩運街,TM,1990-03-02,GN776,,,,,,,,,,,false,false,false,false,
landsd_only,,HO WO STREET,浩和街,TM,2020-11-06,GN6474,,,,,,,,,,,false,false,false,false,
landsd_only,,HO WONG STREET,河旺街,TM,1990-05-04,GN1617,,,,,,,,,,,false,false,false,false,
landsd_only,,HO YAT STREET,浩逸街,TM,2020-11-06,GN6474,,,,,,,,,,,false,false,false,false,
landsd_only,,HO YEUNG STREET,浩洋街,TM,1990-03-02,GN776,,,,,,,,,,,false,false,false,false,
landsd_only,,HOI CHAK STREET,海澤街,E,1993-08-27,GN3111,,,,,,,,,,,false,false,false,false,
landsd_only,,HOI CHING STREET,海澄街,E,1971-03-26,GN657,,,,,,,,,,,false,false,false,false,
landsd_only,,HOI CHU ROAD,海珠路,TM,1991-07-19,GN2513,,,,,,,,,,,false,false,false,false,
landsd_only,,HOI FAI ROAD,海輝道,YTM,1998-07-03,GN3231,,,,,,,,,,,false,false,false,false,
landsd_only,,HOI FAN ROAD,海帆道,YTM,1999-05-21,GN2791,,,,,,,,,,,false,false,false,false,
landsd_only,,HOI HING ROAD,海興路,TW,1986-08-15,GN2821,,,,,,,,,,,false,false,false,false,
landsd_only,,HOI HONG STREET,海康街,E,1962-11-09,GN2286,,,,,,,,,,,false,false,false,false,
landsd_only,,HOI KOK STREET,海角街,TW,1986-01-24,GN328,,,,,,,,,,,false,false,false,false,
landsd_only,,HOI LAI STREET,海麗街,SSP,2004-12-10,GN7970,,,,,,,,,,,false,false,false,false,
landsd_only,,HOI LEE STREET,海利街,E,1968-04-04,GN690,,,,,,,,,,,false,false,false,false,
landsd_only,,HOI ON ROAD,海安路,TW,1994-08-12,GN3052,,,,,,,,,,,false,false,false,false,
landsd_only,,HOI PA STREET,海壩街,TW,1962-11-23,GN2378,,,,,,,,,,,false,false,false,false,
landsd_only,,HOI PO ROAD,海寶路,YTM,2001-09-21,GN5852,,,,,,,,,,,false,false,false,false,
landsd_only,,HOI SHIN LANE,海善里,E,2022-12-09,GN7138,,,,,,,,,,,false,false,false,false,
landsd_only,,HOI SHING ROAD,海盛路,TW,2004-08-13,GN5282,,,,,,,,,,,false,false,false,false,
landsd_only,,HOI TAK STREET,海德街,TW,1986-01-24,GN328,,,,,,,,,,,false,false,false,false,
landsd_only,,HOI TING ROAD,海庭道,YTM,1998-05-29,GN2633,,,,,,,,,,,false,false,false,false,
landsd_only,,HOI WAH ROAD,海華路,TM,1994-10-14,GN3891,,,,,,,,,,,false,false,false,false,
landsd_only,,HOI WANG ROAD,海泓道,YTM,1998-05-29,GN2633,,,,,,,,,,,false,false,false,false,
landsd_only,,HOI WING ROAD,海榮路,TM,1994-10-14,GN3894,,,,,,,,,,,false,false,false,false,
landsd_only,,HOI WONG ROAD,海皇路,TM,1991-07-19,GN2514,,,,,,,,,,,false,false,false,false,
landsd_only,,HOI YING ROAD,海映路,TP,2023-02-03,GN839,,,,,,,,,,,false,false,false,false,
landsd_only,,HOK CHEUNG STREET,鶴翔街,KC,1990-03-30,GN1165,,,,,,,,,,,false,false,false,false,
landsd_only,,HOK LAM LANE,學林里,SK,1998-04-24,GN1960,,,,,,,,,,,false,false,false,false,
landsd_only,,HOK LOO LANE,學佬巷,Is,1984-01-20,GN204,,,,,,,,,,,false,false,false,false,
landsd_only,,HOK TAU ROAD,鶴藪道,N-TP,1972-10-06,GN2529,,,,,,,,,,,false,false,false,false,
landsd_only,,HOK YU LANE,學餘里,KC,1963-12-20,GN2488,,,,,,,,,,,false,false,false,false,
landsd_only,,HOK YUEN LANE,鶴園里,KC,2001-01-19,GN361,,,,,,,,,,,false,false,false,false,
landsd_only,,HOLLYWOOD ROAD,荷李活道,C&W,1887-09-03,GN356,,,,,,,,,,,false,false,false,false,
landsd_only,,HONG CHAI STREET,巷仔街,N,1998-02-27,GN995,,,,,,,,,,,false,false,false,false,
landsd_only,,HONG FAI ROAD,康輝路,TM,1993-02-12,GN479,,,,,,,,,,,false,false,false,false,
landsd_only,,HONG FU ROAD,康富路,SK,1990-09-28,GN3488,,,,,,,,,,,false,false,false,false,
landsd_only,,HONG KEUNG STREET,康強街,WTS,1961-09-08,GN1577,,,,,,,,,,,false,false,false,false,
landsd_only,,HONG KIN ROAD,康健路,SK,1987-02-13,GN510,,,,,,,,,,,false,false,false,false,
landsd_only,,HONG LEE ROAD,康利道,KT,1967-02-24,GN428,,,,,,,,,,,false,false,false,false,
landsd_only,,HONG LOK ROAD EAST,康樂東路,TP,1985-11-29,GN3944,,,,,,,,,,,false,false,false,false,
landsd_only,,HONG LOK ROAD WEST,康樂西路,TP,1985-11-29,GN3944,,,,,,,,,,,false,false,false,false,
landsd_only,,HONG LOK YUEN EIGHTEENTH STREET,康樂園第十八街,TP,1993-05-28,GN1822,,,,,,,,,,,false,false,false,false,
landsd_only,,HONG LOK YUEN EIGHTH STREET,康樂園第八街,TP,1993-05-28,GN1822,,,,,,,,,,,false,false,false,false,
landsd_only,,HONG LOK YUEN ELEVENTH STREET,康樂園第十一街,TP,1992-05-29,GN1863,,,,,,,,,,,false,false,false,false,
landsd_only,,HONG LOK YUEN FIFTEENTH STREET,康樂園第十五街,TP,1985-11-29,GN3944,,,,,,,,,,,false,false,false,false,
landsd_only,,HONG LOK YUEN FIFTH STREET,康樂園第五街,TP,1985-11-29,GN3944,,,,,,,,,,,false,false,false,false,
landsd_only,,HONG LOK YUEN FIRST STREET,康樂園第一街,TP,1985-11-29,GN3944,,,,,,,,,,,false,false,false,false,
landsd_only,,HONG LOK YUEN FOURTEENTH STREET,康樂園第十四街,TP,1985-11-29,GN3944,,,,,,,,,,,false,false,false,false,
landsd_only,,HONG LOK YUEN FOURTH STREET,康樂園第四街,TP,1985-11-29,GN3944,,,,,,,,,,,false,false,false,false,
landsd_only,,HONG LOK YUEN NINETEENTH STREET,康樂園第十九街,TP,1993-05-28,GN1822,,,,,,,,,,,false,false,false,false,
landsd_only,,HONG LOK YUEN NINTH STREET,康樂園第九街,TP,1985-11-29,GN3944,,,,,,,,,,,false,false,false,false,
landsd_only,,HONG LOK YUEN ROAD,康樂園路,TP,1987-02-06,GN417,,,,,,,,,,,false,false,false,false,
landsd_only,,HONG LOK YUEN SECOND STREET,康樂園第二街,TP,1985-11-29,GN3944,,,,,,,,,,,false,false,false,false,
landsd_only,,HONG LOK YUEN SEVENTEENTH STREET,康樂園第十七街,TP,1993-05-28,GN1822,,,,,,,,,,,false,false,false,false,
landsd_only,,HONG LOK YUEN SEVENTH STREET,康樂園第七街,TP,1985-11-29,GN3944,,,,,,,,,,,false,false,false,false,
landsd_only,,HONG LOK YUEN SIXTEENTH STREET,康樂園第十六街,TP,1985-11-29,GN3944,,,,,,,,,,,false,false,false,false,
landsd_only,,HONG LOK YUEN SIXTH STREET,康樂園第六街,TP,1985-11-29,GN3944,,,,,,,,,,,false,false,false,false,
landsd_only,,HONG LOK YUEN TENTH STREET,康樂園第十街,TP,1985-11-29,GN3944,,,,,,,,,,,false,false,false,false,
landsd_only,,HONG LOK YUEN THIRD STREET,康樂園第三街,TP,1985-11-29,GN3944,,,,,,,,,,,false,false,false,false,
landsd_only,,HONG LOK YUEN TOWN CENTRE CRESCENT,康樂園市中心徑,TP,1985-11-29,GN3944,,,,,,,,,,,false,false,false,false,
landsd_only,,HONG LOK YUEN TWELFTH STREET,康樂園第十二街,TP,1985-11-29,GN3944,,,,,,,,,,,false,false,false,false,
landsd_only,,HONG LOK YUEN TWENTIETH STREET,康樂園第二十街,TP,1993-05-28,GN1822,,,,,,,,,,,false,false,false,false,
landsd_only,,HONG LOK YUEN TWENTY-EIGHTH STREET,康樂園第二十八街,TP,1993-05-28,GN1822,,,,,,,,,,,false,false,false,false,
landsd_only,,HONG LOK YUEN TWENTY-FIFTH STREET,康樂園第二十五街,TP,1993-05-28,GN1822,,,,,,,,,,,false,false,false,false,
landsd_only,,HONG LOK YUEN TWENTY-FIRST STREET,康樂園第二十一街,TP,1993-05-28,GN1822,,,,,,,,,,,false,false,false,false,
landsd_only,,HONG LOK YUEN TWENTY-FOURTH STREET,康樂園第二十四街,TP,1993-05-28,GN1822,,,,,,,,,,,false,false,false,false,
landsd_only,,HONG LOK YUEN TWENTY-SECOND STREET,康樂園第二十二街,TP,1993-05-28,GN1822,,,,,,,,,,,false,false,false,false,
landsd_only,,HONG LOK YUEN TWENTY-SEVENTH STREET,康樂園第二十七街,TP,1993-05-28,GN1822,,,,,,,,,,,false,false,false,false,
landsd_only,,HONG LOK YUEN TWENTY-SIXTH STREET,康樂園第二十六街,TP,1993-05-28,GN1822,,,,,,,,,,,false,false,false,false,
landsd_only,,HONG LOK YUEN TWENTY-THIRD STREET,康樂園第二十三街,TP,1993-05-28,GN1822,,,,,,,,,,,false,false,false,false,
landsd_only,,HONG MAN STREET,康民街,E,1968-10-04,GN2023,,,,,,,,,,,false,false,false,false,
landsd_only,,HONG NIN PATH,康年徑,SK,1985-08-16,GN2681,,,,,,,,,,,false,false,false,false,
landsd_only,,HONG ON STREET,康安街,E,1985-05-31,GN1767,,,,,,,,,,,false,false,false,false,
landsd_only,,HONG PAK PATH,康柏徑,E,1989-05-19,GN1736,,,,,,,,,,,false,false,false,false,
landsd_only,,HONG PO ROAD,康寶路,TM,1993-02-12,GN479,,,,,,,,,,,false,false,false,false,
landsd_only,,HONG SHING STREET,康盛街,E,1985-05-31,GN1767,,,,,,,,,,,false,false,false,false,
landsd_only,,HONG TAI PATH,康泰徑,YTM,1978-03-23,GN727,,,,,,,,,,,false,false,false,false,
landsd_only,,HONG TAT PATH,康達徑,YTM,1978-03-23,GN727,,,,,,,,,,,false,false,false,false,
landsd_only,,HONG TING PATH,康定徑,SK,1985-08-16,GN2681,,,,,,,,,,,false,false,false,false,
landsd_only,,HONG TING ROAD,康定路,SK,1985-08-16,GN2681,,,,,,,,,,,false,false,false,false,
landsd_only,,HONG TSUEN ROAD,康村路,SK,1985-08-16,GN2681,,,,,,,,,,,false,false,false,false,
landsd_only,,HONG WAN PATH,康運徑,YTM,1997-12-05,GN2959,,,,,,,,,,,false,false,false,false,
landsd_only,,HONG WING PATH,康榮徑,YTM,1998-11-13,GN5528,,,,,,,,,,,false,false,false,false,
landsd_only,,HONG YUE STREET,康愉街,E,1985-05-31,GN1767,,,,,,,,,,,false,false,false,false,
landsd_only,,HONITON ROAD,漢寧頓道,C&W,1965-04-02,GN837,,,,,,,,,,,false,false,false,false,
landsd_only,,HOP KWAN STREET,合群街,YTM,1965-11-12,GN2673,,,,,,,,,,,false,false,false,false,
landsd_only,,HOP YICK ROAD,合益路,YL,1974-05-31,GN1378,,,,,,,,,,,false,false,false,false,
landsd_only,,HORIZON DRIVE,海天徑,S,1974-07-26,GN1905,,,,,,,,,,,false,false,false,false,
landsd_only,,HORNSEY ROAD,香雪道,C&W,1967-10-27,GN2312,,,,,,,,,,,false,false,false,false,
landsd_only,,HORSE SHOE LANE,馬蹄徑,KT,1970-01-23,GN225,,,,,,,,,,,false,false,false,false,
landsd_only,,HOUSTON STREET,厚誠街,WC,1966-09-30,GN2530,,,,,,,,,,,false,false,false,false,
landsd_only,,HUMBERT STREET,恆柏道,SSP,2005-06-30,GN3128,,,,,,,,,,,false,false,false,false,
landsd_only,,HUNG CHI ROAD,洪志路,YL,2002-08-02,GN4779,,,,,,,,,,,false,false,false,false,
landsd_only,,HUNG FA HOM ROAD,紅花磡路,YL,2002-02-08,GN900,,,,,,,,,,,false,false,false,false,
landsd_only,,HUNG HOM ROAD,紅磡道,KC,1987-11-13,GN3824,,,,,,,,,,,false,false,false,false,
landsd_only,,HUNG KEI ROAD,洪基路,YL,2002-08-02,GN4779,,,,,,,,,,,false,false,false,false,
landsd_only,,HUNG KIU LANE,紅橋里,ST,1992-12-04,GN4337,,,,,,,,,,,false,false,false,false,
landsd_only,,HUNG LAM DRIVE,紅林路,TP,2001-06-08,GN3523,,,,,,,,,,,false,false,false,false,
landsd_only,,HUNG LEONG ROAD,洪亮路,YL,2002-08-02,GN4779,,,,,,,,,,,false,false,false,false,
landsd_only,,HUNG LING STREET,紅菱街,KC,1999-03-26,GN1723,,,,,,,,,,,false,false,false,false,
landsd_only,,HUNG LOK ROAD,紅樂道,KC,1999-03-26,GN1723,,,,,,,,,,,false,false,false,false,
landsd_only,,HUNG LUEN ROAD,紅鸞道,KC-YTM,1999-03-26,GN1723,,,,,,,,,,,false,false,false,false,
landsd_only,,HUNG MUI AVENUE,紅梅路,WTS,1970-03-06,GN536,,,,,,,,,,,false,false,false,false,
landsd_only,,HUNG NGA ROAD,洪雅路,YL,2002-08-02,GN4779,,,,,,,,,,,false,false,false,false,
landsd_only,,HUNG ON LANE,洪安里,YL,2002-08-02,GN4779,,,,,,,,,,,false,false,false,false,
landsd_only,,HUNG PING ROAD,洪平路,YL,2002-08-02,GN4779,,,,,,,,,,,false,false,false,false,
landsd_only,,HUNG SHUI KIU TIN SAM ROAD,洪水橋田心路,YL,2002-08-02,GN4779,,,,,,,,,,,false,false,false,false,
landsd_only,,HUNG SHUN ROAD,洪順路,YL,1995-12-29,GN5379,,,,,,,,,,,false,false,false,false,
landsd_only,,HUNG TAI ROAD,洪堤路,YL,2002-08-02,GN4779,,,,,,,,,,,false,false,false,false,
landsd_only,,HUNG TAK ROAD,洪德路,YL,1999-09-17,GN5410,,,,,,,,,,,false,false,false,false,
landsd_only,,HUNG TIN ROAD,洪天路,YL,1995-10-06,GN4150,,,,,,,,,,,false,false,false,false,
landsd_only,,HUNG YU ROAD,洪儒路,YL,2002-08-02,GN4779,,,,,,,,,,,false,false,false,false,
landsd_only,,HUNG YUEN ROAD,洪元路,YL,2002-08-02,GN4779,,,,,,,,,,,false,false,false,false,
landsd_only,,INFORMATION CRESCENT,資訊道,S,2001-11-09,GN7009,,,,,,,,,,,false,false,false,false,
landsd_only,,ISLAND HOUSE LANE,元洲仔里,TP,1985-11-08,GN3722,,,,,,,,,,,false,false,false,false,
landsd_only,,JAT MIN CHUEN STREET,乙明邨街,ST,1982-03-12,GN827,,,,,,,,,,,false,false,false,false,
landsd_only,,JAT'S INCLINE,扎山道,WTS,1982-01-15,GN126,,,,,,,,,,,false,false,false,false,
landsd_only,,JORDAN VALLEY NORTH ROAD,佐敦谷北道,KT,2006-09-15,GN5892,,,,,,,,,,,false,false,false,false,
landsd_only,,JUSTICE DRIVE,正義道,C&W,1986-07-11,GN2359,,,,,,,,,,,false,false,false,false,
landsd_only,,KA CHOI LANE,嘉才里,TM,1993-02-12,GN479,,,,,,,,,,,false,false,false,false,
landsd_only,,KA FU CLOSE,嘉富坊,N,1995-01-13,GN153,,,,,,,,,,,false,false,false,false,
landsd_only,,KA FUK LANE,嘉福里,TM,1993-02-12,GN479,,,,,,,,,,,false,false,false,false,
landsd_only,,KA HING ROAD,嘉慶路,K&T,1970-03-06,GN535,,,,,,,,,,,false,false,false,false,
landsd_only,,KA HONG LANE,嘉康里,K&T,2015-06-12,GN4273,,,,,,,,,,,false,false,false,false,
landsd_only,,KA KIN LANE,嘉健里,K&T,2015-06-12,GN4273,,,,,,,,,,,false,false,false,false,
landsd_only,,KA LOK STREET,嘉樂街,KT,1964-04-03,GN818,,,,,,,,,,,false,false,false,false,
landsd_only,,KA LUNG ROAD,嘉龍路,YL,1993-12-03,GN4433,,,,,,,,,,,false,false,false,false,
landsd_only,,KA NING PATH,嘉寧徑,WC,1963-10-25,GN2106,,,,,,,,,,,false,false,false,false,
landsd_only,,KA SHUE ROAD,嘉澍路,SK,1992-04-10,GN1271,,,,,,,,,,,false,false,false,false,
landsd_only,,KA SIU CLOSE,嘉兆里,N,2001-09-21,GN5855,,,,,,,,,,,false,false,false,false,
landsd_only,,KA TING ROAD,嘉定路,K&T,1970-03-06,GN535,,,,,,,,,,,false,false,false,false,
landsd_only,,KA WO LI HILL ROAD,嘉和里山路,TM,1993-02-12,GN479,,,,,,,,,,,false,false,false,false,
landsd_only,,KA YAN STREET,嘉恩街,YL,2007-11-30,GN7886,,,,,,,,,,,false,false,false,false,
landsd_only,,KAI CHI CLOSE,啟志街,TW,1970-03-06,GN535,,,,,,,,,,,false,false,false,false,
landsd_only,,KAI CHIU ROAD,啟超道,WC,1953-05-22,GN667,,,,,,,,,,,false,false,false,false,
landsd_only,,KAI HAM ROAD,界咸路,SK,1990-12-21,GN4576,,,,,,,,,,,false,false,false,false,
landsd_only,,KAI HONG CLOSE,啟康街,TW,1970-03-06,GN535,,,,,,,,,,,false,false,false,false,
landsd_only,,KAI KING ROAD,佳景路,SK,1999-11-05,GN6831,,,,,,,,,,,false,false,false,false,
landsd_only,,KAI LAI ROAD,啟禮道,KT,1985-12-13,GN4098,,,,,,,,,,,false,false,false,false,
landsd_only,,KAI LIM ROAD,佳廉道,KT,1966-11-04,GN2806,,,,,,,,,,,false,false,false,false,
landsd_only,,KAI SHUN ROAD,啟信道,KT,1985-12-13,GN4098,,,,,,,,,,,false,false,false,false,
landsd_only,,KAI TAI LANE,啟泰里,KT,1990-07-20,GN2575,,,,,,,,,,,false,false,false,false,
landsd_only,,KAI TAK BRIDGE ROAD,啟德橋道,KC,2021-06-25,GN3897,,,,,,,,,,,false,false,false,false,
landsd_only,,KAI TIN ROAD,啟田道,KT,1967-01-13,GN88,,,,,,,,,,,false,false,false,false,
landsd_only,,KAI WAH STREET,啟華街,KT,1985-12-13,GN4098,,,,,,,,,,,false,false,false,false,
landsd_only,,KAI YAN STREET,啟仁街,KT,1985-12-13,GN4098,,,,,,,,,,,false,false,false,false,
landsd_only,,KAI YUEN STREET,繼園街,E,1958-09-05,GN1221,,,,,,,,,,,false,false,false,false,
landsd_only,,KAK HANG TUN ROAD,隔坑墩路,SK,1991-07-05,GN2294,,,,,,,,,,,false,false,false,false,
landsd_only,,KAK TIN STREET,隔田街,ST,1985-07-26,GN2430,,,,,,,,,,,false,false,false,false,
landsd_only,,KAM CHUI ROAD,金翠路,N,2001-12-07,GN7638,,,,,,,,,,,false,false,false,false,
landsd_only,,KAM CHUK LANE,金竹里,WTS,1986-01-24,GN327,,,,,,,,,,,false,false,false,false,
landsd_only,,KAM FUNG STREET,金鳳街,WTS,1968-04-11,GN726,,,,,,,,,,,false,false,false,false,
landsd_only,,KAM HANG ROAD,金坑路,N,1995-02-10,GN448,,,,,,,,,,,false,false,false,false,
landsd_only,,KAM HING ROAD,錦慶路,YL,2007-02-02,GN946,,,,,,,,,,,false,false,false,false,
landsd_only,,KAM HO ROAD,錦河路,YL,2002-07-26,GN4593,,,,,,,,,,,false,false,false,false,
landsd_only,,KAM KA STREET,金嘉街,N,1997-06-13,GN2961,,,,,,,,,,,false,false,false,false,
landsd_only,,KAM LAM STREET,甘霖街,YTM,1965-09-17,GN2233,,,,,,,,,,,false,false,false,false,
landsd_only,,KAM PO ROAD,錦莆路,YL,2002-07-26,GN4593,,,,,,,,,,,false,false,false,false,
landsd_only,,KAM POK ROAD,錦壆路,YL,1999-09-17,GN5409,,,,,,,,,,,false,false,false,false,
landsd_only,,KAM SHAN ROAD,錦山路,TP,1985-03-22,GN913,,,,,,,,,,,false,false,false,false,
landsd_only,,KAM SHEK ROAD,錦石路,YL,2002-07-26,GN4593,,,,,,,,,,,false,false,false,false,
landsd_only,,KAM SHING ROAD,金城道,KC,1978-05-12,GN1187,,,,,,,,,,,false,false,false,false,
landsd_only,,KAM SHUE ROAD,甘澍路,SK,1992-04-10,GN1271,,,,,,,,,,,false,false,false,false,
landsd_only,,KAM SHUI NORTH ROAD,金水北路,YL,2003-05-30,GN3666,,,,,,,,,,,false,false,false,false,
landsd_only,,KAM SHUI ROAD,金水路,YL,2003-05-30,GN3666,,,,,,,,,,,false,false,false,false,
landsd_only,,KAM SHUI SOUTH ROAD,金水南路,YL,2003-05-30,GN3666,,,,,,,,,,,false,false,false,false,
landsd_only,,KAM TAI ROAD,錦泰路,YL,2004-11-12,GN7273,,,,,,,,,,,false,false,false,false,
landsd_only,,KAM TIN SHI STREET,錦田市街,YL,2007-02-02,GN946,,,,,,,,,,,false,false,false,false,
landsd_only,,KAM TSIN SOUTH ROAD,金錢南路,N,2001-12-07,GN7638,,,,,,,,,,,false,false,false,false,
landsd_only,,KAM TUNG STREET,錦東街,Is,2025-07-25,GN4611,,,,,,,,,,,false,false,false,false,
landsd_only,,KAM WING STREET,錦榮街,WTS,1961-09-08,GN1577,,,,,,,,,,,false,false,false,false,
landsd_only,,KAM WO BRIDGE,錦和橋,TP,1996-06-21,GN2741,,,,,,,,,,,false,false,false,false,
landsd_only,,KAM WUI ROAD,錦匯路,YL,2002-07-26,GN4593,,,,,,,,,,,false,false,false,false,
landsd_only,,KAM YING ROAD,錦英路,ST,1994-01-14,GN175,,,,,,,,,,,false,false,false,false,
landsd_only,,KAM YU ROAD,錦儒路,TP,1996-06-21,GN2740,,,,,,,,,,,false,false,false,false,
landsd_only,,KAN HOK LANE,勤學里,SK,2005-08-19,GN4058,,,,,,,,,,,false,false,false,false,
landsd_only,,KAP PIN LONG LOWER LANE,甲邊朗下里,SK,1991-07-05,GN2294,,,,,,,,,,,false,false,false,false,
landsd_only,,KAP PIN LONG MIDDLE LANE,甲邊朗中里,SK,1991-07-05,GN2294,,,,,,,,,,,false,false,false,false,
landsd_only,,KAP PIN LONG UPPER LANE,甲邊朗上里,SK,1991-07-05,GN2294,,,,,,,,,,,false,false,false,false,
landsd_only,,KAT CHEUNG CRESCENT,吉祥街,N,1994-01-28,GN337,,,,,,,,,,,false,false,false,false,
landsd_only,,KAT O MAIN STREET,吉澳大街,N,2004-01-16,GN529,,,,,,,,,,,false,false,false,false,
landsd_only,,KAT WAI PATH,吉圍徑,N,2004-01-16,GN529,,,,,,,,,,,false,false,false,false,
landsd_only,,KAU HUI CHIK STREET,舊墟直街,TP,1993-07-23,GN2595,,,,,,,,,,,false,false,false,false,
landsd_only,,KAU PUI LUNG ROAD,靠背壟道,KC,1967-12-08,GN2628,,,,,,,,,,,false,false,false,false,
landsd_only,,KAU SAI SAN TSUEN ROAD,滘西新村路,SK,1991-09-20,GN3343,,,,,,,,,,,false,false,false,false,
landsd_only,,KAU TO PATH,九肚徑,ST,1997-09-05,GN1153,,,,,,,,,,,false,false,false,false,
landsd_only,,KEI TSING STREET,麒青街,TM,1990-11-30,GN4336,,,,,,,,,,,false,false,false,false,
landsd_only,,KEI YIP STREET,基業街,KT,1972-07-07,GN1665,,,,,,,,,,,false,false,false,false,
landsd_only,,KENG HAU LANE,徑口里,ST,1998-11-20,GN5659,,,,,,,,,,,false,false,false,false,
landsd_only,,KENG PANG HA ROAD,徑棚下路,SK,1991-07-05,GN2294,,,,,,,,,,,false,false,false,false,
landsd_only,,KEUNG SHAN ROAD,羗山道,Is,1970-06-05,GN1156,,,,,,,,,,,false,false,false,false,
landsd_only,,KIMBERLEY ROAD,金巴利道,YTM,1962-03-30,GN695,,,,,,,,,,,false,false,false,false,
landsd_only,,KIN HONG STREET,健康街,K&T,2003-03-14,GN1726,,,,,,,,,,,false,false,false,false,
landsd_only,,KIN KWOK STREET,建國街,TM,1986-08-15,GN2819,,,,,,,,,,,false,false,false,false,
landsd_only,,KIN MING STREET,建明街,TW,1973-03-16,GN704,,,,,,,,,,,false,false,false,false,
landsd_only,,KIN SAN LANE,建新里,Is,1985-12-27,GN4230,,,,,,,,,,,false,false,false,false,
landsd_only,,KIN SHING LANE,建盛里,TM,1990-11-02,GN3963,,,,,,,,,,,false,false,false,false,
landsd_only,,KIN TUNG ROAD,健東路,Is,1998-06-19,GN2978,,,,,,,,,,,false,false,false,false,
landsd_only,,KIN WAN STREET,建灣街,KC,1999-03-26,GN1723,,,,,,,,,,,false,false,false,false,
landsd_only,,KIN WONG LANE,建旺里,TM,1989-06-09,GN1978,,,,,,,,,,,false,false,false,false,
landsd_only,,KING FUNG PATH,景峰徑,TM,1986-08-15,GN2819,,,,,,,,,,,false,false,false,false,
landsd_only,,KING LAI PATH,景荔徑,SSP,2002-01-25,GN612,,,,,,,,,,,false,false,false,false,
landsd_only,,KING LING ROAD,景嶺路,SK,2002-10-04,GN6308,,,,,,,,,,,false,false,false,false,
landsd_only,,KING MAN STREET,敬民街,SK,2002-01-25,GN610,,,,,,,,,,,false,false,false,false,
landsd_only,,KING SAN PATH,景新徑,TM,2002-12-20,GN8322,,,,,,,,,,,false,false,false,false,
landsd_only,,KING SAU LANE,景秀里,TM,1991-02-08,GN502,,,,,,,,,,,false,false,false,false,
landsd_only,,KING TAI STREET,景泰街,WTS,1968-05-17,GN1003,,,,,,,,,,,false,false,false,false,
landsd_only,,KING TAK STREET,敬德街,KC,1963-09-27,GN1893,,,,,,,,,,,false,false,false,false,
landsd_only,,KING WAN STREET,景雲街,KC,1976-07-30,GN1650,,,,,,,,,,,false,false,false,false,
landsd_only,,KING YIN LANE,敬賢里,SK,1993-12-24,GN4725,,,,,,,,,,,false,false,false,false,
landsd_only,,KING'S PARK RISE,京士柏道,YTM,1963-11-29,GN2350,,,,,,,,,,,false,false,false,false,
landsd_only,,KINGSTON STREET,京士頓街,WC,1962-03-09,GN491,,,,,,,,,,,false,false,false,false,
landsd_only,,KIU CHEONG ROAD,橋昌路,YL,2003-05-30,GN3665,,,,,,,,,,,false,false,false,false,
landsd_only,,KIU FAT STREET,橋發街,YL,1998-07-17,GN3485,,,,,,,,,,,false,false,false,false,
landsd_only,,KIU HA ROAD,橋下路,ST,1998-11-20,GN5659,,,,,,,,,,,false,false,false,false,
landsd_only,,KIU HUNG ROAD,橋洪路,YL,2002-01-25,GN609,,,,,,,,,,,false,false,false,false,
landsd_only,,KIU SHING STREET,橋盛街,YL,1990-03-02,GN775,,,,,,,,,,,false,false,false,false,
landsd_only,,KIU TAU ROAD,橋頭路,N,1987-12-04,GN4073,,,,,,,,,,,false,false,false,false,
landsd_only,,KIU WONG STREET,橋旺街,YL,1990-03-02,GN775,,,,,,,,,,,false,false,false,false,
landsd_only,,KO CHIU ROAD,高超道,KT,1967-06-09,GN1244,,,,,,,,,,,false,false,false,false,
landsd_only,,KO FAI ROAD,高輝道,KT,1967-06-09,GN1244,,,,,,,,,,,false,false,false,false,
landsd_only,,KO HANG ROAD,高行路,YL,2002-08-09,GN4897,,,,,,,,,,,false,false,false,false,
landsd_only,,KO ON LANE,高安里,KT,2008-08-29,GN6059,,,,,,,,,,,false,false,false,false,
landsd_only,,KO PO ROAD,高埔路,YL,1999-09-17,GN5409,,,,,,,,,,,false,false,false,false,
landsd_only,,KO SHEUNG ROAD,高上路,YL,2020-04-03,GN1669,,,,,,,,,,,false,false,false,false,
landsd_only,,KONG CHUNG LANE,港中里,C&W,1998-05-29,GN2630,,,,,,,,,,,false,false,false,false,
landsd_only,,KONG NGA PO ROAD,缸瓦甫路,N,1997-05-02,GN2145,,,,,,,,,,,false,false,false,false,
landsd_only,,KONG PO ROAD,江埔路,YL,2020-04-03,GN1669,,,,,,,,,,,false,false,false,false,
landsd_only,,KONG SHAM WESTERN HIGHWAY,港深西部公路,YL-TM,2007-06-22,GN4056,,,,,,,,,,,false,false,false,false,
landsd_only,,KONG SIN WAN ROAD,鋼綫灣道,S,2007-05-04,GN2868,,,,,,,,,,,false,false,false,false,
landsd_only,,KONG TAI ROAD,江大路,YL,1994-09-16,GN3497,,,,,,,,,,,false,false,false,false,
landsd_only,,KONG YAU ROAD,港攸路,YL,2004-08-13,GN5280,,,,,,,,,,,false,false,false,false,
landsd_only,,KOON WAH LANE,貫華里,WTS,1974-03-01,GN579,,,,,,,,,,,false,false,false,false,
landsd_only,,KORNHILL ROAD,康山道,E,1987-04-03,GN1144,,,,,,,,,,,false,false,false,false,
landsd_only,,KUI SIK STREET,居適街,N,1989-06-16,GN2059,,,,,,,,,,,false,false,false,false,
landsd_only,,KUI TAT STREET,居達街,N,1989-06-16,GN2059,,,,,,,,,,,false,false,false,false,
landsd_only,,KUT SHING STREET,吉勝街,E,1966-07-08,GN1759,,,,,,,,,,,false,false,false,false,
landsd_only,,KWAI CHEONG ROAD,葵昌路,K&T,1970-03-06,GN535,,,,,,,,,,,false,false,false,false,
landsd_only,,KWAI CHUNG INTERCHANGE,葵涌交匯處,SSP-K&T,2001-08-03,GN4785,,,,,,,,,,,false,false,false,false,
landsd_only,,KWAI CHUNG ROAD,葵涌道,K&T-SSP,2001-08-03,GN4785,,,,,,,,,,,false,false,false,false,
landsd_only,,KWAI FAT ROAD,葵發路,K&T,1970-03-06,GN535,,,,,,,,,,,false,false,false,false,
landsd_only,,KWAI KING ROAD,葵景路,K&T,1991-01-11,GN137,,,,,,,,,,,false,false,false,false,
landsd_only,,KWAI ON ROAD,葵安道,K&T,1970-03-06,GN535,,,,,,,,,,,false,false,false,false,
landsd_only,,KWAI PENG STREET,貴坪街,Is,1993-10-15,GN3762,,,,,,,,,,,false,false,false,false,
landsd_only,,KWAI SAU ROAD,葵秀路,K&T,1970-03-06,GN535,,,,,,,,,,,false,false,false,false,
landsd_only,,KWAI SING LANE,桂成里,WC,1988-02-12,GN489,,,,,,,,,,,false,false,false,false,
landsd_only,,KWAI TING ROAD,葵定路,K&T,1970-03-06,GN535,,,,,,,,,,,false,false,false,false,
landsd_only,,KWAI TSUI STREET,貴翠街,E,1987-01-23,GN307,,,,,,,,,,,false,false,false,false,
landsd_only,,KWAI TUNG ROAD,貴東路,Is,2025-07-25,GN4611,,,,,,,,,,,false,false,false,false,
landsd_only,,KWAI WING ROAD,葵榮路,K&T,2001-07-13,GN4245,,,,,,,,,,,false,false,false,false,
landsd_only,,KWAI WO STREET,葵和街,K&T,1991-06-28,GN2213,,,,,,,,,,,false,false,false,false,
landsd_only,,KWAI YIK ROAD,葵益道,K&T,2001-07-13,GN4245,,,,,,,,,,,false,false,false,false,
landsd_only,,KWAI YUE LANE,葵裕里,K&T,1999-11-12,GN6951,,,,,,,,,,,false,false,false,false,
landsd_only,,KWAN LOK LANE,鈞樂里,YL,2002-07-26,GN4596,,,,,,,,,,,false,false,false,false,
landsd_only,,KWAN MUN HAU STREET,關門口街,TW,2003-05-09,GN3137,,,,,,,,,,,false,false,false,false,
landsd_only,,KWOK MAN ROAD,國民路,Is,1984-01-20,GN204,,,,,,,,,,,false,false,false,false,
landsd_only,,KWOK SHUI ROAD,國瑞路,K&T-TW,2004-07-09,GN4431,,,,,,,,,,,false,false,false,false,
landsd_only,,KWONG CHUN STREET,廣進街,TP,2001-03-30,GN2132,,,,,,,,,,,false,false,false,false,
landsd_only,,KWONG FUK LANE,廣福里,TP,1972-05-05,GN1092,,,,,,,,,,,false,false,false,false,
landsd_only,,KWONG FUK SQUARE,廣福坊,TP,1972-05-05,GN1092,,,,,,,,,,,false,false,false,false,
landsd_only,,KWONG SIN STREET,廣善街,ST,2013-08-02,GN4532,,,,,,,,,,,false,false,false,false,
landsd_only,,KWONG TIN STREET,廣田街,TM,1997-01-24,GN426,,,,,,,,,,,false,false,false,false,
landsd_only,,KWONG YIP STREET,擴業街,YL,2003-09-05,GN6123,,,,,,,,,,,false,false,false,false,
landsd_only,,KWU CHUN STREET,古雋街,N,2026-01-16,GN377,,,,,,,,,,,false,false,false,false,
landsd_only,,KWU HANG ROAD,古坑道,TW,2003-05-09,GN3137,,,,,,,,,,,false,false,false,false,
landsd_only,,KWU TUNG NORTH ROAD,古洞北路,N-YL,2026-01-16,GN377,,,,,,,,,,,false,false,false,false,
landsd_only,,KWU TUNG ROAD,古洞路,YL-N,1993-12-03,GN4433,,,,,,,,,,,false,false,false,false,
landsd_only,,KWU TUNG SOUTH ROAD,古洞南路,N,2003-03-28,GN2187,,,,,,,,,,,false,false,false,false,
landsd_only,,KWUN CHUI ROAD,管翠路,TM,2003-05-16,GN3287,,,,,,,,,,,false,false,false,false,
landsd_only,,KWUN FAT STREET,冠發街,TM,1991-07-19,GN2515,,,,,,,,,,,false,false,false,false,
landsd_only,,KWUN FUNG STREET,冠峰街,TM,1991-07-19,GN2515,,,,,,,,,,,false,false,false,false,
landsd_only,,KWUN HOI PATH,觀海徑,S,2001-01-19,GN362,,,,,,,,,,,false,false,false,false,
landsd_only,,KWUN PING ROAD,觀坪路,ST,1986-01-17,GN245,,,,,,,,,,,false,false,false,false,
landsd_only,,KWUN SHA PATH,觀沙徑,ST,2023-06-09,GN3522,,,,,,,,,,,false,false,false,false,
landsd_only,,KWUN TSING ROAD,管青路,TM,2001-10-26,GN6694,,,,,,,,,,,false,false,false,false,
landsd_only,,KWUN YAM WAN ROAD,觀音灣路,Is,1984-01-20,GN204,,,,,,,,,,,false,false,false,false,
landsd_only,,KWUN YIP STREET,冠業街,E,2012-10-26,GN7021,,,,,,,,,,,false,false,false,false,
landsd_only,,LADY CLEMENTI'S RIDE,金夫人馳馬徑,S-WC,1930-04-11,GN227,,,,,,,,,,,false,false,false,false,
landsd_only,,LAGUNA STREET,麗港街,KT,1996-12-06,GN5679,,,,,,,,,,,false,false,false,false,
landsd_only,,LAGUNA VERDE AVENUE,海逸道,KC,1999-03-05,GN1117,,,,,,,,,,,false,false,false,false,
landsd_only,,LAI CHEUNG ROAD,麗翔道,YTM,1998-11-13,GN5530,,,,,,,,,,,false,false,false,false,
landsd_only,,LAI CHI ROAD,麗志路,TW,1994-08-12,GN3052,,,,,,,,,,,false,false,false,false,
landsd_only,,LAI FAT STREET,荔發街,SSP,1988-11-18,GN3945,,,,,,,,,,,false,false,false,false,
landsd_only,,LAI HONG STREET,荔康街,SSP,1999-03-12,GN1362,,,,,,,,,,,false,false,false,false,
landsd_only,,LAI LEI FA STREET,麗梨花街,K&T,1993-05-21,GN1712,,,,,,,,,,,false,false,false,false,
landsd_only,,LAI ON LANE,荔安里,C&W,1901-10-05,GN584,,,,,,,,,,,false,false,false,false,
landsd_only,,LAI PAN PATH,麗濱徑,Is,1986-11-21,GN4035,,,,,,,,,,,false,false,false,false,
landsd_only,,LAI SHUN ROAD,麗順路,TW,1994-08-12,GN3052,,,,,,,,,,,false,false,false,false,
landsd_only,,LAI TAK TSUEN ROAD,勵德邨道,WC,1973-01-12,GN98,,,,,,,,,,,false,false,false,false,
landsd_only,,LAI WAN ROAD,荔灣道,SSP,1967-02-24,GN430,,,,,,,,,,,false,false,false,false,
landsd_only,,LAI YAN LANE,禮仁里,ST,1985-07-12,GN2271,,,,,,,,,,,false,false,false,false,
landsd_only,,LAI YIN LANE,禮賢里,WC,1973-08-24,GN2175,,,,,,,,,,,false,false,false,false,
landsd_only,,LAI YIN STREET,禮賢街,WC,1962-10-26,GN2200,,,,,,,,,,,false,false,false,false,
landsd_only,,LAKESIDE PATH,環湖徑,YL,1985-08-02,GN2525,,,,,,,,,,,false,false,false,false,
landsd_only,,LAM CHUNG AVENUE,藍鐘路,WTS,1970-03-06,GN536,,,,,,,,,,,false,false,false,false,
landsd_only,,LAM FUNG STREET,臨豐街,KT,1985-12-13,GN4098,,,,,,,,,,,false,false,false,false,
landsd_only,,LAM HA ROAD,嵐霞路,SK,1992-04-10,GN1271,,,,,,,,,,,false,false,false,false,
landsd_only,,LAM HAU TSUEN ROAD,欖口村路,YL,2007-09-21,GN6233,,,,,,,,,,,false,false,false,false,
landsd_only,,LAM HI ROAD,欖喜路,YL,2007-09-21,GN6233,,,,,,,,,,,false,false,false,false,
landsd_only,,LAM KAM ROAD INTERCHANGE,林錦公路交匯處,TP,1987-02-06,GN417,,,,,,,,,,,false,false,false,false,
landsd_only,,LAM LOK STREET,臨樂街,KT,1985-05-31,GN1768,,,,,,,,,,,false,false,false,false,
landsd_only,,LAM SHING ROAD,林盛路,SK,1990-12-21,GN4576,,,,,,,,,,,false,false,false,false,
landsd_only,,LAM TAI EAST ROAD,欖堤東路,YL,2007-09-21,GN6233,,,,,,,,,,,false,false,false,false,
landsd_only,,LAM TAI WEST ROAD,欖堤西路,YL,2007-09-21,GN6233,,,,,,,,,,,false,false,false,false,
landsd_only,,LAM TEI INTERCHANGE,藍地交匯處,TM,1997-06-27,GN3222,,,,,,,,,,,false,false,false,false,
landsd_only,,LAM TEI MAIN STREET,藍地大街,TM,1990-11-30,GN4333,,,,,,,,,,,false,false,false,false,
landsd_only,,LAM TIN INTERCHANGE,藍田交匯處,KT,2022-11-25,GN6835,,,,,,,,,,,false,false,false,false,
landsd_only,,LAM TIN STREET,藍田街,K&T,1964-05-29,GN1346,,,,,,,,,,,false,false,false,false,
landsd_only,,LAM WAH STREET,臨華街,KT,1985-12-13,GN4098,,,,,,,,,,,false,false,false,false,
landsd_only,,LAN FONG ROAD,蘭芳道,WC,1953-05-22,GN667,,,,,,,,,,,false,false,false,false,
landsd_only,,LANTAU LINK,青嶼幹線,TW-K&T,1998-01-09,GN174,,,,,,,,,,,false,false,false,false,
landsd_only,,LAU FAU SHAN ROAD,流浮山道,YL,1973-05-18,GN1252,,,,,,,,,,,false,false,false,false,
landsd_only,,LAU SHUI HEUNG ROAD,流水響道,N,1972-10-06,GN2529,,,,,,,,,,,false,false,false,false,
landsd_only,,LEE CHUNG STREET,利眾街,E,1966-07-08,GN1759,,,,,,,,,,,false,false,false,false,
landsd_only,,LEE GARDEN ROAD,利園山道,WC,1953-05-22,GN667,,,,,,,,,,,false,false,false,false,
landsd_only,,LEE HING STREET,利興街,S,1991-05-31,GN1870,,,,,,,,,,,false,false,false,false,
landsd_only,,LEE KING STREET,利景街,S,1991-05-31,GN1870,,,,,,,,,,,false,false,false,false,
landsd_only,,LEE KUNG STREET,利工街,KC,1963-12-20,GN2488,,,,,,,,,,,false,false,false,false,
landsd_only,,LEE LOK STREET,利樂街,S,1991-05-31,GN1870,,,,,,,,,,,false,false,false,false,
landsd_only,,LEE MAN ROAD,利民道,S,1987-04-24,GN1368,,,,,,,,,,,false,false,false,false,
landsd_only,,LEE NAM ROAD,利南道,S,1991-03-28,GN1086,,,,,,,,,,,false,false,false,false,
landsd_only,,LEE ON LANE,利安里,KT,2003-10-24,GN7667,,,,,,,,,,,false,false,false,false,
landsd_only,,LEE WING STREET,利榮街,S,1992-04-24,GN1411,,,,,,,,,,,false,false,false,false,
landsd_only,,LEE YIP STREET,利業街,YTM,1971-05-21,GN1093,,,,,,,,,,,false,false,false,false,
landsd_only,,LEI KING ROAD,鯉景道,E,1987-09-25,GN3208,,,,,,,,,,,false,false,false,false,
landsd_only,,LEI MUK ROAD,梨木道,K&T,1964-05-29,GN1346,,,,,,,,,,,false,false,false,false,
landsd_only,,LEI PUI STREET,梨貝街,K&T,1985-08-16,GN2680,,,,,,,,,,,false,false,false,false,
landsd_only,,LEI SHU ROAD,梨樹路,TW,1970-03-06,GN535,,,,,,,,,,,false,false,false,false,
landsd_only,,LEI TUNG ESTATE ROAD,利東邨道,S,1989-11-10,GN3971,,,,,,,,,,,false,false,false,false,
landsd_only,,LEI YUE MUN PATH,鯉魚門徑,KT,1991-01-18,GN230,,,,,,,,,,,false,false,false,false,
landsd_only,,LEI YUE MUN PRAYA ROAD,鯉魚門海傍道,KT,1997-09-19,GN1405,,,,,,,,,,,false,false,false,false,
landsd_only,,LEI YUE MUN ROAD,鯉魚門道,KT,1963-08-02,GN1479,,,,,,,,,,,false,false,false,false,
landsd_only,,LEIGHTON LANE,禮頓里,WC,1968-07-19,GN1506,,,,,,,,,,,false,false,false,false,
landsd_only,,LEK YUEN STREET,瀝源街,ST,1985-07-12,GN2271,,,,,,,,,,,false,false,false,false,
landsd_only,,LEUNG CHOI LANE,良才里,TM,1994-10-14,GN3891,,,,,,,,,,,false,false,false,false,
landsd_only,,LEUNG FAI TIN LOWER ROAD,兩塊田下路,SK,1991-10-11,GN3622,,,,,,,,,,,false,false,false,false,
landsd_only,,LEUNG FAI TIN UPPER ROAD,兩塊田上路,SK,1991-10-11,GN3622,,,,,,,,,,,false,false,false,false,
landsd_only,,LEUNG HONG LANE,良康里,TM,1990-11-02,GN3965,,,,,,,,,,,false,false,false,false,
landsd_only,,LEUNG SHING ROAD,梁盛路,YL,2020-04-03,GN1669,,,,,,,,,,,false,false,false,false,
landsd_only,,LEUNG SHUN STREET,良信街,TM,1990-11-02,GN3965,,,,,,,,,,,false,false,false,false,
landsd_only,,LEUNG TAI LANE,良泰里,TM,1990-11-02,GN3965,,,,,,,,,,,false,false,false,false,
landsd_only,,LEUNG TAK STREET,良德街,TM,1990-11-02,GN3965,,,,,,,,,,,false,false,false,false,
landsd_only,,LEUNG WAN STREET,良運街,TM,1990-11-02,GN3965,,,,,,,,,,,false,false,false,false,
landsd_only,,LI TAK STREET,利得街,YTM,1963-09-06,GN1736,,,,,,,,,,,false,false,false,false,
landsd_only,,LIN CHUK ROAD,蓮竹路,N,2023-02-17,GN1075,,,,,,,,,,,false,false,false,false,
landsd_only,,LIN PING DRIVE,蓮坪路,Is,2006-02-17,GN1051,,,,,,,,,,,false,false,false,false,
landsd_only,,LIN SHING ROAD,連城道,E,1964-08-21,GN2339,,,,,,,,,,,false,false,false,false,
landsd_only,,LING HONG ROAD,靈康路,SK,1998-04-09,GN1766,,,,,,,,,,,false,false,false,false,
landsd_only,,LING KWONG STREET,嶺光街,SK,2004-10-15,GN6704,,,,,,,,,,,false,false,false,false,
landsd_only,,LING SHAN ROAD,靈山路,N,1998-06-12,GN2852,,,,,,,,,,,false,false,false,false,
landsd_only,,LION ROCK TUNNEL ROAD,獅子山隧道公路,ST-KC,1969-03-28,GN594,,,,,,,,,,,false,false,false,false,
landsd_only,,LIU TO ROAD,寮肚路,K&T,1989-08-11,GN2752,,,,,,,,,,,false,false,false,false,
landsd_only,,LO FAI ROAD,露輝路,TP,1992-05-01,GN1505,,,,,,,,,,,false,false,false,false,
landsd_only,,LO PENG STREET,露坪街,Is,1993-01-15,GN136,,,,,,,,,,,false,false,false,false,
landsd_only,,LO PING ROAD,露屏路,TP,1992-05-01,GN1505,,,,,,,,,,,false,false,false,false,
landsd_only,,LO TAK COURT,路德圍,TW,1972-09-15,GN2305,,,,,,,,,,,false,false,false,false,
landsd_only,,LO WU STATION ROAD,羅湖道,N,1972-09-15,GN2306,,,,,,,,,,,false,false,false,false,
landsd_only,,LOK CHUI STREET,樂翠街,TM,1991-07-19,GN2515,,,,,,,,,,,false,false,false,false,
landsd_only,,LOK KING STREET,樂景街,ST,1985-08-16,GN2682,,,,,,,,,,,false,false,false,false,
landsd_only,,LOK MA CHAU PATH,落馬洲徑,YL,2015-01-02,GN165,,,,,,,,,,,false,false,false,false,
landsd_only,,LOK MAN ROAD,樂民道,E,1973-10-19,GN2719,,,,,,,,,,,false,false,false,false,
landsd_only,,LOK MING STREET,樂鳴街,N,1989-06-16,GN2059,,,,,,,,,,,false,false,false,false,
landsd_only,,LOK PENG STREET,樂坪街,Is,1993-10-15,GN3762,,,,,,,,,,,false,false,false,false,
landsd_only,,LOK SHING STREET,樂城街,ST,1986-01-17,GN245,,,,,,,,,,,false,false,false,false,
landsd_only,,LOK SIN ROAD,樂善道,KC-WTS,1968-09-13,GN1853,,,,,,,,,,,false,false,false,false,
landsd_only,,LOK TIN STREET,樂天街,N,1987-08-28,GN2857,,,,,,,,,,,false,false,false,false,
landsd_only,,LOK TO STREET,樂濤街,TM,1991-07-19,GN2515,,,,,,,,,,,false,false,false,false,
landsd_only,,LOK TUNG STREET,樂東街,N,1989-06-16,GN2059,,,,,,,,,,,false,false,false,false,
landsd_only,,LOK WAH STREET,樂華街,WTS,1966-06-30,GN1684,,,,,,,,,,,false,false,false,false,
landsd_only,,LOK WO SHA LANE,落禾沙里,ST,2013-03-01,GN1160,,,,,,,,,,,false,false,false,false,
landsd_only,,LOK WO STREET,樂和街,N,1987-08-28,GN2857,,,,,,,,,,,false,false,false,false,
landsd_only,,LOK YI STREET,樂怡街,TM,1991-07-19,GN2515,,,,,,,,,,,false,false,false,false,
landsd_only,,LOK YIP ROAD,樂業路,N,1987-10-16,GN3465,,,,,,,,,,,false,false,false,false,
landsd_only,,LONDON LANE,倫敦里,S,1970-02-13,GN373,,,,,,,,,,,false,false,false,false,
landsd_only,,LONG FAI ROAD,朗暉路,YL,2007-02-23,GN1407,,,,,,,,,,,false,false,false,false,
landsd_only,,LONG HO ROAD,朗河路,YL,2006-03-03,GN1463,,,,,,,,,,,false,false,false,false,
landsd_only,,LONG LOK ROAD,朗樂路,YL,1992-11-20,GN4153,,,,,,,,,,,false,false,false,false,
landsd_only,,LONG MING STREET,朗明街,YL,2002-07-26,GN4596,,,,,,,,,,,false,false,false,false,
landsd_only,,LONG PING ROAD,朗屏路,YL,1991-06-28,GN2214,,,,,,,,,,,false,false,false,false,
landsd_only,,LONG SHING ROAD,朗成路,YL,2007-02-23,GN1407,,,,,,,,,,,false,false,false,false,
landsd_only,,LONG TIN ROAD,朗天路,YL,1991-06-28,GN2214,,,,,,,,,,,false,false,false,false,
landsd_only,,LONG TUNG ROAD,朗東路,Is,2025-07-25,GN4611,,,,,,,,,,,false,false,false,false,
landsd_only,,LONG WO ROAD,朗和路,YL,2012-11-02,GN7159,,,,,,,,,,,false,false,false,false,
landsd_only,,LONG YAT ROAD,朗日路,YL,2002-07-26,GN4595,,,,,,,,,,,false,false,false,false,
landsd_only,,LONG YUET STREET,朗月街,KC,1965-06-04,GN1392,,,,,,,,,,,false,false,false,false,
landsd_only,,LOWER LASCAR ROW,摩羅下街,C&W,1977-04-15,GN857,,,,,,,,,,,false,false,false,false,
landsd_only,,LOWER SHING MUN ROAD,下城門道,ST,1973-01-05,GN21,,,,,,,,,,,false,false,false,false,
landsd_only,,LUEN CHEONG STREET,聯昌街,N,1970-03-06,GN534,,,,,,,,,,,false,false,false,false,
landsd_only,,LUEN CHIT STREET,聯捷街,N,1995-01-13,GN154,,,,,,,,,,,false,false,false,false,
landsd_only,,LUEN FAT STREET,聯發街,N,1970-03-06,GN534,,,,,,,,,,,false,false,false,false,
landsd_only,,LUEN FU STREET,聯富街,N,1970-05-08,GN966,,,,,,,,,,,false,false,false,false,
landsd_only,,LUEN HING STREET,聯興街,N,1995-01-13,GN154,,,,,,,,,,,false,false,false,false,
landsd_only,,LUEN HONG LANE,聯康里,TM,1992-05-29,GN1862,,,,,,,,,,,false,false,false,false,
landsd_only,,LUEN SHING STREET,聯盛街,N,1970-03-06,GN534,,,,,,,,,,,false,false,false,false,
landsd_only,,LUEN TAI STREET,聯泰街,TM,1992-05-29,GN1862,,,,,,,,,,,false,false,false,false,
landsd_only,,LUEN WO ROAD,聯和道,N,1970-03-06,GN534,,,,,,,,,,,false,false,false,false,
landsd_only,,LUEN YAN STREET,聯仁街,TW,2003-05-09,GN3137,,,,,,,,,,,false,false,false,false,
landsd_only,,LUEN YICK STREET,聯益街,N,1970-03-06,GN534,,,,,,,,,,,false,false,false,false,
landsd_only,,LUI MING ROAD,雷鳴路,N,1992-03-06,GN833,,,,,,,,,,,false,false,false,false,
landsd_only,,LUK CHEUNG ROAD,鹿祥路,SK,1991-05-24,GN1786,,,,,,,,,,,false,false,false,false,
landsd_only,,LUK HEUNG LANE,陸鄉里,TP,1966-03-11,GN688,,,,,,,,,,,false,false,false,false,
landsd_only,,LUK LAU AVENUE,綠柳路,WTS,1970-03-06,GN536,,,,,,,,,,,false,false,false,false,
landsd_only,,LUK MEI LANE,鹿尾里,SK,1991-05-24,GN1786,,,,,,,,,,,false,false,false,false,
landsd_only,,LUNG CHU STREET,龍珠街,SSP,1964-01-10,GN77,,,,,,,,,,,false,false,false,false,
landsd_only,,LUNG FAI STREET,龍輝街,TM,1992-05-29,GN1862,,,,,,,,,,,false,false,false,false,
landsd_only,,LUNG FAT STREET,龍發街,TM,2001-09-21,GN5851,,,,,,,,,,,false,false,false,false,
landsd_only,,LUNG FU ROAD,龍富路,TM,2002-01-25,GN611,,,,,,,,,,,false,false,false,false,
landsd_only,,LUNG FUNG STREET,龍鳳街,WTS,1963-11-08,GN2197,,,,,,,,,,,false,false,false,false,
landsd_only,,LUNG HA WAN ROAD,龍蝦灣路,SK,1986-11-21,GN4036,,,,,,,,,,,false,false,false,false,
landsd_only,,LUNG KWU TAN ROAD,龍鼓灘路,TM,1995-06-09,GN2107,,,,,,,,,,,false,false,false,false,
landsd_only,,LUNG MEI TSUEN ROAD,龍尾村路,SK,1991-10-11,GN3622,,,,,,,,,,,false,false,false,false,
landsd_only,,LUNG POON STREET,龍蟠街,WTS,1988-03-31,GN1053,,,,,,,,,,,false,false,false,false,
landsd_only,,LUNG SHING STREET,龍盛街,Is,2014-03-14,GN1563,,,,,,,,,,,false,false,false,false,
landsd_only,,LUNG SUM AVENUE,龍琛路,N,1994-01-28,GN337,,,,,,,,,,,false,false,false,false,
landsd_only,,LUNG SUM LANE,龍琛里,N,1999-07-09,GN3891,,,,,,,,,,,false,false,false,false,
landsd_only,,LUNG TAT PATH,龍達徑,WC,2023-06-23,GN3740,,,,,,,,,,,false,false,false,false,
landsd_only,,LUNG TIN STREET,龍田街,Is,2014-03-14,GN1563,,,,,,,,,,,false,false,false,false,
landsd_only,,LUNG TING LANE,龍庭里,KC,2024-03-08,GN1335,,,,,,,,,,,false,false,false,false,
landsd_only,,LUNG WAN STREET,龍運街,N,1994-01-28,GN337,,,,,,,,,,,false,false,false,false,
landsd_only,,LUNG YAN ROAD,龍欣道,ST-SSP,2001-06-15,GN3632,,,,,,,,,,,false,false,false,false,
landsd_only,,LUNG YIN ROAD,龍涎道,WTS,1989-04-21,GN1309,,,,,,,,,,,false,false,false,false,
landsd_only,,LUNG YIU STREET,龍耀街,TM,1992-05-29,GN1862,,,,,,,,,,,false,false,false,false,
landsd_only,,MA CHUNG ROAD,馬聰路,TP,1991-08-23,GN2969,,,,,,,,,,,false,false,false,false,
landsd_only,,MA FUK ROAD,馬福路,N,2024-03-01,GN1176,,,,,,,,,,,false,false,false,false,
landsd_only,,MA FUNG LING ROAD,孖峰嶺路,YL,1985-09-13,GN3022,,,,,,,,,,,false,false,false,false,
landsd_only,,MA KAM STREET,馬錦街,ST,1997-11-07,GN2357,,,,,,,,,,,false,false,false,false,
landsd_only,,MA KOK STREET,馬角街,TW,1966-02-18,GN470,,,,,,,,,,,false,false,false,false,
landsd_only,,MA ON SHAN BYPASS,馬鞍山繞道,ST-TP,2005-08-05,GN3796,,,,,,,,,,,false,false,false,false,
landsd_only,,MA ON SHAN ROAD,馬鞍山路,ST,2015-11-13,GN8863,,,,,,,,,,,false,false,false,false,
landsd_only,,MA ON SHAN TSUEN ROAD,馬鞍山村路,ST,2006-08-11,GN4997,,,,,,,,,,,false,false,false,false,
landsd_only,,MA PO PING ROAD,蔴埔坪道,Is,1970-06-05,GN1156,,,,,,,,,,,false,false,false,false,
landsd_only,,MA SIK ROAD,馬適路,N,1995-01-13,GN154,,,,,,,,,,,false,false,false,false,
landsd_only,,MA TAK ROAD,馬得路,N,2024-03-01,GN1176,,,,,,,,,,,false,false,false,false,
landsd_only,,MA TAU PA ROAD,馬頭壩道,TW,1963-06-21,GN1134,,,,,,,,,,,false,false,false,false,
landsd_only,,MA TSO LUNG ROAD,馬草壟路,N,1998-01-23,GN406,,,,,,,,,,,false,false,false,false,
landsd_only,,MA WAN ROAD,馬灣路,TW,2002-08-16,GN5033,,,,,,,,,,,false,false,false,false,
landsd_only,,MA WAN RURAL COMMITTEE ROAD,馬灣鄉事會路,TW,2006-10-13,GN6513,,,,,,,,,,,false,false,false,false,
landsd_only,,MA WO ROAD,馬窩路,TP,1991-08-23,GN2969,,,,,,,,,,,false,false,false,false,
landsd_only,,MA YAU TONG ROAD,馬游塘路,SK,1991-09-20,GN3343,,,,,,,,,,,false,false,false,false,
landsd_only,,MAI PO LUNG ROAD,米埔隴路,YL,1993-12-03,GN4433,,,,,,,,,,,false,false,false,false,
landsd_only,,MAI PO ROAD,米埔路,YL,2006-08-04,GN4859,,,,,,,,,,,false,false,false,false,
landsd_only,,MAI PO SOUTH ROAD,米埔南路,YL,2020-04-03,GN1669,,,,,,,,,,,false,false,false,false,
landsd_only,,MAK YUEN WAI ROAD,麥園圍路,TM,2014-05-09,GN2737,,,,,,,,,,,false,false,false,false,
landsd_only,,MAN CHEUNG STREET,民祥街,C&W,1998-05-29,GN2630,,,,,,,,,,,false,false,false,false,
landsd_only,,MAN CHIU STREET,民照街,C&W,1998-05-29,GN2630,,,,,,,,,,,false,false,false,false,
landsd_only,,MAN FAI STREET,民輝街,C&W,1998-05-29,GN2630,,,,,,,,,,,false,false,false,false,
landsd_only,,MAN FUK ROAD,文福道,KC,1969-04-11,GN667,,,,,,,,,,,false,false,false,false,
landsd_only,,MAN FUNG PATH,民豐徑,KC,1999-03-05,GN1117,,,,,,,,,,,false,false,false,false,
landsd_only,,MAN KAM TO ROAD,文錦渡路,N,1972-09-15,GN2306,,,,,,,,,,,false,false,false,false,
landsd_only,,MAN KAT STREET,民吉街,C&W,1998-05-29,GN2630,,,,,,,,,,,false,false,false,false,
landsd_only,,MAN KUK LANE,文曲里,SK,1999-11-12,GN6953,,,,,,,,,,,false,false,false,false,
landsd_only,,MAN KWONG STREET,民光街,C&W,2012-10-19,GN6891,,,,,,,,,,,false,false,false,false,
landsd_only,,MAN LOK STREET,民樂街,KC,1974-06-21,GN1570,,,,,,,,,,,false,false,false,false,
landsd_only,,MAN NIN STREET,萬年街,SK,1973-12-07,GN3147,,,,,,,,,,,false,false,false,false,
landsd_only,,MAN PO STREET,民寶街,C&W,1998-05-29,GN2630,,,,,,,,,,,false,false,false,false,
landsd_only,,MAN SHE LANE,文社里,C&W,2012-10-19,GN6891,,,,,,,,,,,false,false,false,false,
landsd_only,,MAN SHUN LANE,文順巷,Is,1984-01-20,GN204,,,,,,,,,,,false,false,false,false,
landsd_only,,MAN SING STREET,文成街,YTM,1963-05-17,GN867,,,,,,,,,,,false,false,false,false,
landsd_only,,MAN TAK ROAD,民德路,YL,2001-05-11,GN2971,,,,,,,,,,,false,false,false,false,
landsd_only,,MAN TUNG ROAD,文東路,Is,1998-06-19,GN2978,,,,,,,,,,,false,false,false,false,
landsd_only,,MAN WAI STREET,文蔚街,YTM,1963-05-17,GN867,,,,,,,,,,,false,false,false,false,
landsd_only,,MAN WAN ROAD,文運道,KC,1969-04-11,GN667,,,,,,,,,,,false,false,false,false,
landsd_only,,MAN WUI STREET,文匯街,YTM,1965-10-15,GN2461,,,,,,,,,,,false,false,false,false,
landsd_only,,MAN YEE LANE,萬宜里,C&W,1971-07-23,GN1639,,,,,,,,,,,false,false,false,false,
landsd_only,,MAN YING STREET,文英街,YTM,1963-05-17,GN867,,,,,,,,,,,false,false,false,false,
landsd_only,,MAN YIU STREET,民耀街,C&W,1998-05-29,GN2630,,,,,,,,,,,false,false,false,false,
landsd_only,,MAN YUE STREET,民裕街,KC,1974-06-21,GN1570,,,,,,,,,,,false,false,false,false,
landsd_only,,MAN YUEN STREET,文苑街,YTM,1963-05-17,GN867,,,,,,,,,,,false,false,false,false,
landsd_only,,MANG KUNG UK ROAD,孟公屋路,SK,1991-09-20,GN3343,,,,,,,,,,,false,false,false,false,
landsd_only,,MANG KUNG WO ROAD,孟公窩路,SK,1991-03-28,GN1087,,,,,,,,,,,false,false,false,false,
landsd_only,,MANSFIELD ROAD,文輝道,C&W,1964-12-24,GN3484,,,,,,,,,,,false,false,false,false,
landsd_only,,MAPLE GARDENS 1ST STREET,碧豪苑第一街,YL,1998-01-09,GN173,,,,,,,,,,,false,false,false,false,
landsd_only,,MAPLE GARDENS 2ND STREET,碧豪苑第二街,YL,1998-01-09,GN173,,,,,,,,,,,false,false,false,false,
landsd_only,,MAPLE GARDENS 3RD STREET,碧豪苑第三街,YL,1998-01-09,GN173,,,,,,,,,,,false,false,false,false,
landsd_only,,MAPLE GARDENS 4TH STREET,碧豪苑第四街,YL,1998-01-09,GN173,,,,,,,,,,,false,false,false,false,
landsd_only,,MAPLE GARDENS 5TH STREET,碧豪苑第五街,YL,1998-01-09,GN173,,,,,,,,,,,false,false,false,false,
landsd_only,,MAPLE GARDENS 6TH STREET,碧豪苑第六街,YL,1998-01-09,GN173,,,,,,,,,,,false,false,false,false,
landsd_only,,MAPLE GARDENS 7TH STREET,碧豪苑第七街,YL,1998-01-09,GN173,,,,,,,,,,,false,false,false,false,
landsd_only,,MARCONI ROAD,馬可尼道,KC,1968-01-05,GN26,,,,,,,,,,,false,false,false,false,
landsd_only,,MARSH STREET,孖庶街,KC,1952-01-11,GN46,,,,,,,,,,,false,false,false,false,
landsd_only,,MASON'S LANE,美臣里,C&W,1887-09-03,GN356,,,,,,,,,,,false,false,false,false,
landsd_only,,MAU PO ROAD,茅莆路,SK,2012-05-11,GN3325,,,,,,,,,,,false,false,false,false,
landsd_only,,MAU TAI ROAD,貿泰路,SK,1993-07-09,GN2388,,,,,,,,,,,false,false,false,false,
landsd_only,,MAU TIN LANE,茂田里,SK,1991-07-05,GN2294,,,,,,,,,,,false,false,false,false,
landsd_only,,MAU YIP ROAD,貿業路,SK,1993-07-09,GN2388,,,,,,,,,,,false,false,false,false,
landsd_only,,MCGREGOR STREET,麥加力歌街,WC,2014-07-25,GN4345,,,,,,,,,,,false,false,false,false,
landsd_only,,MEI CHING ROAD,美青路,K&T,1998-07-03,GN3230,,,,,,,,,,,false,false,false,false,
landsd_only,,MEI FUK STREET,美福街,SK,2004-12-17,GN8101,,,,,,,,,,,false,false,false,false,
landsd_only,,MEI FUNG ROAD,尾逢路,YL,2021-02-05,GN708,,,,,,,,,,,false,false,false,false,
landsd_only,,MEI KWONG STREET,美光街,KC,1973-10-12,GN2656,,,,,,,,,,,false,false,false,false,
landsd_only,,MEI LOK LANE,美樂里,TM,1993-02-12,GN479,,,,,,,,,,,false,false,false,false,
landsd_only,,MEI MUN LANE,美滿里,ST,2000-01-14,GN275,,,,,,,,,,,false,false,false,false,
landsd_only,,MEI ON STREET,美安街,YTM,1965-11-12,GN2673,,,,,,,,,,,false,false,false,false,
landsd_only,,MEI SUN LANE,美新里,TP,1993-07-23,GN2594,,,,,,,,,,,false,false,false,false,
landsd_only,,MEI TAK STREET,美德街,SK,2004-12-17,GN8101,,,,,,,,,,,false,false,false,false,
landsd_only,,MEI TUNG STREET,美東街,Is,1997-04-25,GN2008,,,,,,,,,,,false,false,false,false,
landsd_only,,MEI WAN STREET,美環街,TW,1999-01-08,GN116,,,,,,,,,,,false,false,false,false,
landsd_only,,MEI WU ROAD,美湖路,TP,1993-02-19,GN555,,,,,,,,,,,false,false,false,false,
landsd_only,,MEI YU STREET,美裕街,SK,2004-12-17,GN8101,,,,,,,,,,,false,false,false,false,
landsd_only,,MEI YUEN STREET,美源街,SK,2004-12-17,GN8101,,,,,,,,,,,false,false,false,false,
landsd_only,,METROPOLIS DRIVE,都會道,YTM,2001-03-30,GN2134,,,,,,,,,,,false,false,false,false,
landsd_only,,MIDDLE LANE,畔山徑,Is,1994-11-18,GN4386,,,,,,,,,,,false,false,false,false,
landsd_only,,MIDDLE ROAD,中間道,YTM,1987-08-07,GN2562,,,,,,,,,,,false,false,false,false,
landsd_only,,MIN FONG LANE,麵房里,ST,1999-11-12,GN6952,,,,,,,,,,,false,false,false,false,
landsd_only,,MING CHI STREET,明智街,KT,1968-08-02,GN1598,,,,,,,,,,,false,false,false,false,
landsd_only,,MING FAI ROAD,明暉路,Is,1985-12-27,GN4230,,,,,,,,,,,false,false,false,false,
landsd_only,,MING FUNG STREET,鳴鳳街,WTS,1963-11-08,GN2197,,,,,,,,,,,false,false,false,false,
landsd_only,,MING ON STREET,明安街,KC,1967-11-24,GN2521,,,,,,,,,,,false,false,false,false,
landsd_only,,MING SHING STREET,名成街,SK,2003-01-10,GN228,,,,,,,,,,,false,false,false,false,
landsd_only,,MING TSUI STREET,明趣街,E,1990-03-02,GN779,,,,,,,,,,,false,false,false,false,
landsd_only,,MING YIN ROAD,銘賢路,N,1995-01-13,GN156,,,,,,,,,,,false,false,false,false,
landsd_only,,MO YING ROAD,武英路,SK,1986-08-15,GN2817,,,,,,,,,,,false,false,false,false,
landsd_only,,MODEL LANE,模範里,E,1969-10-17,GN2053,,,,,,,,,,,false,false,false,false,
landsd_only,,MODY LANE,麼地里,YTM,1982-02-19,GN564,,,,,,,,,,,false,false,false,false,
landsd_only,,MODY ROAD,麼地道,YTM,1982-02-19,GN564,,,,,,,,,,,false,false,false,false,
landsd_only,,MODY SQUARE,麼地廣場,YTM,1985-12-13,GN4096,,,,,,,,,,,false,false,false,false,
landsd_only,,MOK TSE CHE ROAD,莫遮輋路,SK,2003-05-16,GN3285,,,,,,,,,,,false,false,false,false,
landsd_only,,MONG FAT STREET,望發街,TM,1992-05-29,GN1862,,,,,,,,,,,false,false,false,false,
landsd_only,,MONG TAT STREET,望達街,TM,2001-09-21,GN5851,,,,,,,,,,,false,false,false,false,
landsd_only,,MONG WING STREET,望榮街,TM,2001-09-21,GN5851,,,,,,,,,,,false,false,false,false,
landsd_only,,MONTE PATH,綠怡徑,ST,1991-11-22,GN4198,,,,,,,,,,,false,false,false,false,
landsd_only,,MOON TIN LANE,滿田里,TM,2023-05-19,GN3075,,,,,,,,,,,false,false,false,false,
landsd_only,,MOUNT BUTLER DRIVE,畢拉山徑,WC,1970-04-24,GN867,,,,,,,,,,,false,false,false,false,
landsd_only,,MOUNT BUTLER ROAD,畢拉山道,WC,1962-03-30,GN694,,,,,,,,,,,false,false,false,false,
landsd_only,,MOUNT KELLETT ROAD,加列山道,C&W,1928-11-09,GN616,,,,,,,,,,,false,false,false,false,
landsd_only,,MOUNT PARKER ROAD,柏架山道,E-S,1970-03-20,GN642,,,,,,,,,,,false,false,false,false,
landsd_only,,MUI HING STREET,梅馨街,WC,1930-03-07,GN138,,,,,,,,,,,false,false,false,false,
landsd_only,,MUI SHU HANG ROAD,梅樹坑路,TP,1988-09-02,GN2937,,,,,,,,,,,false,false,false,false,
landsd_only,,MUI TSZ LAM ROAD,梅子林路,ST,1995-12-08,GN5099,,,,,,,,,,,false,false,false,false,
landsd_only,,MUK LUN STREET,睦鄰街,WTS,1967-06-02,GN1195,,,,,,,,,,,false,false,false,false,
landsd_only,,MUK MIN SHAN ROAD,木棉山路,SK,1991-02-22,GN649,,,,,,,,,,,false,false,false,false,
landsd_only,,MUN FAT LANE,滿發里,TM,1989-06-09,GN1978,,,,,,,,,,,false,false,false,false,
landsd_only,,MUT WAH STREET,物華街,KT,1963-08-02,GN1479,,,,,,,,,,,false,false,false,false,
landsd_only,,NAM FUNG PATH,南風徑,S,1998-08-07,GN3857,,,,,,,,,,,false,false,false,false,
landsd_only,,NAM FUNG ROAD,南風道,S,1973-06-01,GN1420,,,,,,,,,,,false,false,false,false,
landsd_only,,NAM HANG TSUEN ROAD,南坑村路,YL,2006-12-22,GN8050,,,,,,,,,,,false,false,false,false,
landsd_only,,NAM HING EAST ROAD,南慶東路,YL,2003-05-16,GN3286,,,,,,,,,,,false,false,false,false,
landsd_only,,NAM HONG STREET,南康街,E,1965-07-09,GN1700,,,,,,,,,,,false,false,false,false,
landsd_only,,NAM LONG SHAN ROAD,南朗山道,S,1969-09-26,GN1915,,,,,,,,,,,false,false,false,false,
landsd_only,,NAM PIN WAI ROAD,南邊圍路,SK,1990-12-21,GN4576,,,,,,,,,,,false,false,false,false,
landsd_only,,NAM SANG WAI ROAD,南生圍路,YL,1999-09-17,GN5409,,,,,,,,,,,false,false,false,false,
landsd_only,,NAM SHAN CHUEN ROAD,南山邨道,SSP,1988-11-25,GN4046,,,,,,,,,,,false,false,false,false,
landsd_only,,NAM SHAN LANE,南山里,SK,1991-07-05,GN2294,,,,,,,,,,,false,false,false,false,
landsd_only,,NAM SHAN ROAD,南山路,Is,1985-10-18,GN3454,,,,,,,,,,,false,false,false,false,
landsd_only,,NAM SHAN SAN TSUEN ROAD,南山新村路,SK,1991-07-05,GN2294,,,,,,,,,,,false,false,false,false,
landsd_only,,NAM WAI ROAD,南圍路,SK,1991-03-28,GN1087,,,,,,,,,,,false,false,false,false,
landsd_only,,NASSAU STREET,蘭秀道,SSP,2005-06-30,GN3128,,,,,,,,,,,false,false,false,false,
landsd_only,,NEW HIRAM'S HIGHWAY,新西貢公路,SK,2001-08-24,GN5238,,,,,,,,,,,false,false,false,false,
landsd_only,,"NEW PRAYA, KENNEDY TOWN",堅彌地城新海旁,C&W,1967-12-08,GN2628,,,,,,,,,,,false,false,false,false,
landsd_only,,NEW STREET,新街,C&W,1887-07-16,GN296,,,,,,,,,,,false,false,false,false,
landsd_only,,NG CHOW ROAD,五洲路,N,1997-07-04,GN73,,,,,,,,,,,false,false,false,false,
landsd_only,,NG CHOW SOUTH ROAD,五洲南路,N,1998-06-12,GN2853,,,,,,,,,,,false,false,false,false,
landsd_only,,NG FONG STREET,五芳街,WTS,1961-09-08,GN1577,,,,,,,,,,,false,false,false,false,
landsd_only,,NG LAU ROAD,五柳路,TM,1997-06-27,GN3222,,,,,,,,,,,false,false,false,false,
landsd_only,,NGA CHUK STREET,雅竹街,WTS,1986-01-24,GN327,,,,,,,,,,,false,false,false,false,
landsd_only,,NGA WAN ROAD,雅運路,TP,2001-03-09,GN1564,,,,,,,,,,,false,false,false,false,
landsd_only,,NGA YING CHAU STREET,牙鷹洲街,K&T,2001-11-30,GN7499,,,,,,,,,,,false,false,false,false,
landsd_only,,NGAN CHUK LANE,銀竹里,WTS,1986-01-24,GN327,,,,,,,,,,,false,false,false,false,
landsd_only,,NGAN FUNG STREET,銀鳳街,WTS,1968-04-11,GN726,,,,,,,,,,,false,false,false,false,
landsd_only,,NGAN KWONG WAN ROAD,銀鑛灣路,Is,1986-10-10,GN3516,,,,,,,,,,,false,false,false,false,
landsd_only,,NGAN O ROAD,銀澳路,SK,1992-01-31,GN411,,,,,,,,,,,false,false,false,false,
landsd_only,,NGAN SHEK STREET,銀石街,Is,2005-03-18,GN1295,,,,,,,,,,,false,false,false,false,
landsd_only,,NGAN SHU STREET,銀樹街,Is,1993-08-27,GN3112,,,,,,,,,,,false,false,false,false,
landsd_only,,NGAN WAN ROAD,銀運路,Is,1986-10-10,GN3516,,,,,,,,,,,false,false,false,false,
landsd_only,,NGAN YUET LANE,銀月里,KT,1974-05-31,GN1384,,,,,,,,,,,false,false,false,false,
landsd_only,,NGAU KWU LENG PATH,牛牯嶺徑,TP,2008-05-02,GN2894,,,,,,,,,,,false,false,false,false,
landsd_only,,NGAU TAM MEI ROAD,牛潭尾路,YL,1994-09-16,GN3497,,,,,,,,,,,false,false,false,false,
landsd_only,,NGOI MAN STREET,愛民街,E,1973-04-06,GN885,,,,,,,,,,,false,false,false,false,
landsd_only,,NGONG HOM ROAD,昂磡路,TW,1970-03-06,GN535,,,,,,,,,,,false,false,false,false,
landsd_only,,NGONG SHUNG ROAD,昂船路,SSP,1998-07-03,GN3230,,,,,,,,,,,false,false,false,false,
landsd_only,,NGONG WAN ROAD,昂運路,K&T,1998-03-27,GN1527,,,,,,,,,,,false,false,false,false,
landsd_only,,NIM WAN ROAD,稔灣路,TM-YL,1995-06-09,GN2107,,,,,,,,,,,false,false,false,false,
landsd_only,,NIN CHUN STREET,年春街,SK,1990-12-21,GN4576,,,,,,,,,,,false,false,false,false,
landsd_only,,NIN FUNG ROAD,年豐路,TP,1998-08-28,GN4205,,,,,,,,,,,false,false,false,false,
landsd_only,,NIN MING ROAD,年明路,TP,1999-02-12,GN747,,,,,,,,,,,false,false,false,false,
landsd_only,,NIN WAH ROAD,年華路,TP,1998-08-28,GN4205,,,,,,,,,,,false,false,false,false,
landsd_only,,NING FOO STREET,寧富街,E,1966-07-08,GN1759,,,,,,,,,,,false,false,false,false,
landsd_only,,NING TAI ROAD,寧泰路,ST,2000-01-21,GN378,,,,,,,,,,,false,false,false,false,
landsd_only,,NING WAH STREET,寧華街,WTS,1966-06-30,GN1684,,,,,,,,,,,false,false,false,false,
landsd_only,,NING YUEN STREET,寧遠街,WTS,1961-09-08,GN1577,,,,,,,,,,,false,false,false,false,
landsd_only,,NORTH LANTAU HIGHWAY,北大嶼山公路,Is-TW,1998-01-09,GN174,,,,,,,,,,,false,false,false,false,
landsd_only,,NORTH PERIMETER ROAD,北環路,Is-TM,2026-05-22,GN2981,,,,,,,,,,,false,false,false,false,
landsd_only,,NORTH POINT ESTATE LANE,北角邨里,E,1992-01-10,GN160,,,,,,,,,,,false,false,false,false,
landsd_only,,NORTH STREET,北街,C&W,1927-02-11,GN81,,,,,,,,,,,false,false,false,false,
landsd_only,,NORTH WEST TSING YI INTERCHANGE,青衣西北交匯處,K&T,1997-08-29,GN1008,,,,,,,,,,,false,false,false,false,
landsd_only,,NORTHCOTE CLOSE,羅富國徑,S,1962-02-16,GN336,,,,,,,,,,,false,false,false,false,
landsd_only,,O KING ROAD,澳景路,SK-KT,2001-01-19,GN360,,,,,,,,,,,false,false,false,false,
landsd_only,,O PUI TONG PATH,澳背塘徑,N,2004-01-16,GN529,,,,,,,,,,,false,false,false,false,
landsd_only,,OAK STREET,橡樹街,YTM,1928-06-15,GN337,,,,,,,,,,,false,false,false,false,
landsd_only,,OAKLANDS AVENUE,屋蘭士街,C&W,1964-01-10,GN78,,,,,,,,,,,false,false,false,false,
landsd_only,,OI KAN ROAD,愛勤道,E,2000-03-31,GN2029,,,,,,,,,,,false,false,false,false,
landsd_only,,OI KING STREET,愛景街,KC,1999-03-26,GN1723,,,,,,,,,,,false,false,false,false,
landsd_only,,OI KWAN ROAD,愛群道,WC,1969-06-27,GN1255,,,,,,,,,,,false,false,false,false,
landsd_only,,OI LAI LANE,愛禮里,TM,1992-05-29,GN1862,,,,,,,,,,,false,false,false,false,
landsd_only,,OI LAI STREET,愛禮街,E,2000-03-31,GN2029,,,,,,,,,,,false,false,false,false,
landsd_only,,OI MING LANE,愛明里,TM,1992-05-29,GN1862,,,,,,,,,,,false,false,false,false,
landsd_only,,OI SEN PATH,愛晨徑,KC,1987-11-20,GN3908,,,,,,,,,,,false,false,false,false,
landsd_only,,OI SHUN ROAD,愛信道,E,2000-03-31,GN2029,,,,,,,,,,,false,false,false,false,
landsd_only,,OI TAK LANE,愛德里,TM,1992-05-29,GN1862,,,,,,,,,,,false,false,false,false,
landsd_only,,OI TAK STREET,愛德街,E,2000-03-31,GN2029,,,,,,,,,,,false,false,false,false,
landsd_only,,OI YEE STREET,愛義街,E,2000-03-31,GN2029,,,,,,,,,,,false,false,false,false,
landsd_only,,OI YIN STREET,愛賢街,E,2000-03-31,GN2029,,,,,,,,,,,false,false,false,false,
landsd_only,,OI YUNG STREET,愛勇街,TM,1992-05-29,GN1862,,,,,,,,,,,false,false,false,false,
landsd_only,,ON CHIT LANE,安捷里,K&T,1993-06-18,GN2100,,,,,,,,,,,false,false,false,false,
landsd_only,,ON CHIT STREET,安捷街,K&T,1982-02-19,GN563,,,,,,,,,,,false,false,false,false,
landsd_only,,ON CHIU STREET,鞍超街,ST,1994-04-15,GN1351,,,,,,,,,,,false,false,false,false,
landsd_only,,ON CHUEN STREET,安全街,N,1987-08-28,GN2857,,,,,,,,,,,false,false,false,false,
landsd_only,,ON CHUK STREET,安足街,K&T,1993-06-18,GN2100,,,,,,,,,,,false,false,false,false,
landsd_only,,ON CHUN LANE,安駿里,YL,1993-04-30,GN1437,,,,,,,,,,,false,false,false,false,
landsd_only,,ON CHUN STREET,鞍駿街,ST,1997-11-07,GN2358,,,,,,,,,,,false,false,false,false,
landsd_only,,ON FUK STREET,安福街,N,1987-08-28,GN2857,,,,,,,,,,,false,false,false,false,
landsd_only,,ON HEI STREET,安禧街,SK,2021-05-28,GN3262,,,,,,,,,,,false,false,false,false,
landsd_only,,ON HING LANE,安興里,ST,1995-06-16,GN2199,,,,,,,,,,,false,false,false,false,
landsd_only,,ON HO LANE,安浩里,TP,1990-05-04,GN1618,,,,,,,,,,,false,false,false,false,
landsd_only,,ON KIN ROAD,安健道,SK-KT,2021-05-28,GN3262,,,,,,,,,,,false,false,false,false,
landsd_only,,ON KING STREET,安景街,ST,1989-02-03,GN418,,,,,,,,,,,false,false,false,false,
landsd_only,,ON KUI STREET,安居街,N,1987-08-28,GN2857,,,,,,,,,,,false,false,false,false,
landsd_only,,ON LEUNG LANE,安良里,YL,1992-04-10,GN1270,,,,,,,,,,,false,false,false,false,
landsd_only,,ON LOK MUN STREET,安樂門街,N,1987-08-28,GN2857,,,,,,,,,,,false,false,false,false,
landsd_only,,ON LUK STREET,鞍祿街,ST,1997-11-07,GN2357,,,,,,,,,,,false,false,false,false,
landsd_only,,ON MUK LANE,安睦里,ST,2005-05-13,GN2265,,,,,,,,,,,false,false,false,false,
landsd_only,,ON PO LANE,安埔里,TP,1987-07-24,GN2386,,,,,,,,,,,false,false,false,false,
landsd_only,,ON PO ROAD,安埔路,TP,1992-11-20,GN4154,,,,,,,,,,,false,false,false,false,
landsd_only,,ON SHAN LANE,鞍山里,ST,1990-03-02,GN777,,,,,,,,,,,false,false,false,false,
landsd_only,,ON SHIN ROAD,安善道,KT,1967-02-24,GN428,,,,,,,,,,,false,false,false,false,
landsd_only,,ON SHING STREET,鞍誠街,ST,1990-03-02,GN777,,,,,,,,,,,false,false,false,false,
landsd_only,,ON TAK ROAD,安德道,KT,1967-02-24,GN428,,,,,,,,,,,false,false,false,false,
landsd_only,,ON TING ROAD,安定道,WTS,1989-07-07,GN2313,,,,,,,,,,,false,false,false,false,
landsd_only,,ON WING STREET,安榮街,TW,1973-03-16,GN704,,,,,,,,,,,false,false,false,false,
landsd_only,,ON YU PATH,安愉徑,SK,2021-05-28,GN3262,,,,,,,,,,,false,false,false,false,
landsd_only,,ON YU ROAD,安愉道,SK-KT,2021-05-28,GN3262,,,,,,,,,,,false,false,false,false,
landsd_only,,ON YUEN STREET,鞍源街,ST,1994-04-15,GN1351,,,,,,,,,,,false,false,false,false,
landsd_only,,ON YUK ROAD,安育路,TW,1987-11-27,GN3981,,,,,,,,,,,false,false,false,false,
landsd_only,,PA MEI ROAD,壩尾路,Is,1997-08-01,GN488,,,,,,,,,,,false,false,false,false,
landsd_only,,PAI CHONG ROAD,排廠路,Is,1985-08-09,GN2597,,,,,,,,,,,false,false,false,false,
landsd_only,,PAK FUK ROAD,百福道,E,1985-05-10,GN1515,,,,,,,,,,,false,false,false,false,
landsd_only,,PAK HOK TING STREET,白鶴汀街,ST,1982-03-12,GN827,,,,,,,,,,,false,false,false,false,
landsd_only,,PAK KOK TSUI ROAD,北角咀路,Is,1985-08-09,GN2597,,,,,,,,,,,false,false,false,false,
landsd_only,,PAK KONG AU ROAD,北港㘭路,SK,2007-05-11,GN3078,,,,,,,,,,,false,false,false,false,
landsd_only,,PAK KONG ROAD,北港路,SK,1987-02-06,GN419,,,,,,,,,,,false,false,false,false,
landsd_only,,PAK LAI ROAD,珀麗路,TW,2002-09-27,GN6118,,,,,,,,,,,false,false,false,false,
landsd_only,,PAK LAM ROAD,珀林路,TW,2002-09-27,GN6118,,,,,,,,,,,false,false,false,false,
landsd_only,,PAK LOK PATH,百樂徑,ST,1995-12-08,GN5098,,,,,,,,,,,false,false,false,false,
landsd_only,,PAK SAU ROAD,柏壽路,N,2022-12-30,GN7562,,,,,,,,,,,false,false,false,false,
landsd_only,,PAK SHA ROAD,白沙道,WC,1953-05-22,GN667,,,,,,,,,,,false,false,false,false,
landsd_only,,PAK SHA SHAN ROAD,白沙山路,YL,2012-01-13,GN230,,,,,,,,,,,false,false,false,false,
landsd_only,,PAK SHE FIFTH LANE,北社五里,Is,1985-08-09,GN2597,,,,,,,,,,,false,false,false,false,
landsd_only,,PAK SHE FIRST LANE,北社壹里,Is,1985-08-09,GN2597,,,,,,,,,,,false,false,false,false,
landsd_only,,PAK SHE FOURTH LANE,北社四里,Is,1985-08-09,GN2597,,,,,,,,,,,false,false,false,false,
landsd_only,,PAK SHE PRAYA ROAD,北社海傍路,Is,1985-08-09,GN2597,,,,,,,,,,,false,false,false,false,
landsd_only,,PAK SHE SECOND LANE,北社二里,Is,1985-08-09,GN2597,,,,,,,,,,,false,false,false,false,
landsd_only,,PAK SHE SEVENTH LANE,北社七里,Is,1985-08-09,GN2597,,,,,,,,,,,false,false,false,false,
landsd_only,,PAK SHE SIXTH LANE,北社六里,Is,1985-08-09,GN2597,,,,,,,,,,,false,false,false,false,
landsd_only,,PAK SHE THIRD LANE,北社三里,Is,1985-08-09,GN2597,,,,,,,,,,,false,false,false,false,
landsd_only,,PAK SHEK TOI ROAD,白石臺路,SK,1991-03-28,GN1087,,,,,,,,,,,false,false,false,false,
landsd_only,,PAK SHEK WO SAN TSUEN ROAD,白石窩新村路,SK,1992-04-10,GN1271,,,,,,,,,,,false,false,false,false,
landsd_only,,PAK TIN PAR STREET,白田壩街,TW,1962-11-23,GN2378,,,,,,,,,,,false,false,false,false,
landsd_only,,PAK TO AVENUE,柏濤徑,SK,1998-05-22,GN2485,,,,,,,,,,,false,false,false,false,
landsd_only,,PAK WAI LANE,柏蕙里,N,2004-04-30,GN2812,,,,,,,,,,,false,false,false,false,
landsd_only,,PAK WO ROAD,百和路,N,1995-01-13,GN155,,,,,,,,,,,false,false,false,false,
landsd_only,,PAK YAN ROAD,珀欣路,TW,2002-09-27,GN6118,,,,,,,,,,,false,false,false,false,
landsd_only,,PALM SPRINGS BOULEVARD,加州花園大道,YL,1996-06-21,GN2738,,,,,,,,,,,false,false,false,false,
landsd_only,,PAN CHUNG ROAD,泮涌路,TP,1991-08-23,GN2969,,,,,,,,,,,false,false,false,false,
landsd_only,,PAN LONG WAN ROAD,檳榔灣路,SK,1991-09-20,GN3343,,,,,,,,,,,false,false,false,false,
landsd_only,,PARC OASIS ROAD,又一居道,SSP,1997-06-20,GN3081,,,,,,,,,,,false,false,false,false,
landsd_only,,PARKLAND DRIVE,明蔚徑,Is,1994-11-18,GN4386,,,,,,,,,,,false,false,false,false,
landsd_only,,PARKRIDGE CRESCENT,明翠徑,Is,1994-11-18,GN4386,,,,,,,,,,,false,false,false,false,
landsd_only,,PARKVALE DRIVE,寶峰徑,Is,1994-11-18,GN4386,,,,,,,,,,,false,false,false,false,
landsd_only,,PAT HEUNG ROAD,八鄉路,YL,2002-07-26,GN4592,,,,,,,,,,,false,false,false,false,
landsd_only,,PAT TAT STREET,八達街,WTS,1961-09-08,GN1577,,,,,,,,,,,false,false,false,false,
landsd_only,,PENG CHAU WING HING STREET,坪洲永興街,Is,1987-05-22,GN1658,,,,,,,,,,,false,false,false,false,
landsd_only,,PENG CHAU WING ON SIDE STREET,坪洲永安橫街,Is,1987-05-22,GN1658,,,,,,,,,,,false,false,false,false,
landsd_only,,PENG CHAU WING ON STREET,坪洲永安街,Is,1987-05-22,GN1658,,,,,,,,,,,false,false,false,false,
landsd_only,,PENG LEI ROAD,坪利路,Is,1997-09-19,GN1404,,,,,,,,,,,false,false,false,false,
landsd_only,,PENG YU PATH,坪愉徑,Is,2008-05-02,GN2893,,,,,,,,,,,false,false,false,false,
landsd_only,,PERFORMING ARTS AVENUE,演藝道,WC,1997-10-17,GN1882,,,,,,,,,,,false,false,false,false,
landsd_only,,PIK FUNG ROAD,璧峰路,N,1988-01-15,GN147,,,,,,,,,,,false,false,false,false,
landsd_only,,PIK TIN STREET,碧田街,ST,1986-10-10,GN3517,,,,,,,,,,,false,false,false,false,
landsd_only,,PIK UK TSUEN ROAD,壁屋村路,SK,1991-07-05,GN2294,,,,,,,,,,,false,false,false,false,
landsd_only,,PIK WAN ROAD,碧雲道,KT,1991-01-25,GN303,,,,,,,,,,,false,false,false,false,
landsd_only,,PING CHI STREET,平治街,KC,1965-04-09,GN914,,,,,,,,,,,false,false,false,false,
landsd_only,,PING CHONG ROAD,冰廠路,Is,1985-08-09,GN2597,,,,,,,,,,,false,false,false,false,
landsd_only,,PING CHUK LANE,屏竹里,YL,1993-03-19,GN944,,,,,,,,,,,false,false,false,false,
landsd_only,,PING FU PATH,屏富徑,K&T,1970-03-06,GN535,,,,,,,,,,,false,false,false,false,
landsd_only,,PING FUK LANE,屏福里,YL,1985-09-13,GN3022,,,,,,,,,,,false,false,false,false,
landsd_only,,PING HING LANE,屏興里,YL,1989-05-26,GN1824,,,,,,,,,,,false,false,false,false,
landsd_only,,PING HONG LANE,屏康里,YL,1985-09-13,GN3022,,,,,,,,,,,false,false,false,false,
landsd_only,,PING KONG ROAD,丙岡路,N,1999-03-26,GN1722,,,,,,,,,,,false,false,false,false,
landsd_only,,PING KWAI ROAD,屏葵路,YL,1993-03-19,GN944,,,,,,,,,,,false,false,false,false,
landsd_only,,PING LONG ROAD,坪朗路,TP,2005-05-27,GN2492,,,,,,,,,,,false,false,false,false,
landsd_only,,PING ON LANE,平安里,C&W,1967-12-08,GN2628,,,,,,,,,,,false,false,false,false,
landsd_only,,PING PAK LANE,屏柏里,YL,1993-03-19,GN944,,,,,,,,,,,false,false,false,false,
landsd_only,,PING SHAN LANE,屏山里,YL,1991-12-13,GN4468,,,,,,,,,,,false,false,false,false,
landsd_only,,PING SHAN NAM PAK ROAD,屏山南北路,YL,1995-11-10,GN4654,,,,,,,,,,,false,false,false,false,
landsd_only,,PING TIN STREET,平田街,KT,1967-01-13,GN88,,,,,,,,,,,false,false,false,false,
landsd_only,,PING TING ROAD EAST,平定道東,WTS,2004-04-23,GN2629,,,,,,,,,,,false,false,false,false,
landsd_only,,PING TONG STREET EAST,屏唐東街,YL,1985-09-13,GN3022,,,,,,,,,,,false,false,false,false,
landsd_only,,PING TONG STREET NORTH,屏唐北街,YL,1985-09-13,GN3022,,,,,,,,,,,false,false,false,false,
landsd_only,,PING TONG STREET SOUTH,屏唐南街,YL,1985-09-13,GN3022,,,,,,,,,,,false,false,false,false,
landsd_only,,PING TONG STREET WEST,屏唐西街,YL,1985-09-13,GN3022,,,,,,,,,,,false,false,false,false,
landsd_only,,PING YEE ROAD,屏義路,YL,1992-01-03,GN63,,,,,,,,,,,false,false,false,false,
landsd_only,,PING YEUNG LANE,屏楊里,YL,1993-03-19,GN944,,,,,,,,,,,false,false,false,false,
landsd_only,,PING YUEN ROAD,坪原路,N,1997-05-02,GN2143,,,,,,,,,,,false,false,false,false,
landsd_only,,PIPER'S HILL ROAD,琵琶山路,ST,2004-12-10,GN7971,,,,,,,,,,,false,false,false,false,
landsd_only,,PLAZA LANE,廣場徑,Is,1994-11-18,GN4386,,,,,,,,,,,false,false,false,false,
landsd_only,,PLOVER COVE ROAD,寶湖道,TP,1999-01-08,GN113,,,,,,,,,,,false,false,false,false,
landsd_only,,PLUNKETT'S ROAD,賓吉道,C&W,1908-02-07,GN80,,,,,,,,,,,false,false,false,false,
landsd_only,,PO FONG LANE,蒲芳里,WTS,1976-01-02,GN42,,,,,,,,,,,false,false,false,false,
landsd_only,,PO FUNG ROAD,寶豐路,SK,1990-11-02,GN3967,,,,,,,,,,,false,false,false,false,
landsd_only,,PO HANG LANE,蒲蘅里,WTS,1976-01-02,GN42,,,,,,,,,,,false,false,false,false,
landsd_only,,PO HEUNG LANE,寶鄉里,TP,2001-03-09,GN1564,,,,,,,,,,,false,false,false,false,
landsd_only,,PO HEUNG SQUARE,寶鄉坊,TP,1972-05-05,GN1092,,,,,,,,,,,false,false,false,false,
landsd_only,,PO HING FONG,普慶坊,C&W,1901-02-09,GN74,,,,,,,,,,,false,false,false,false,
landsd_only,,PO HONG ROAD,寶康路,SK,2002-02-08,GN899,,,,,,,,,,,false,false,false,false,
landsd_only,,PO KAK TSAI ROAD,布格仔路,N,2003-03-28,GN2187,,,,,,,,,,,false,false,false,false,
landsd_only,,PO KIN ROAD,保健路,N,1992-05-08,GN1593,,,,,,,,,,,false,false,false,false,
landsd_only,,PO KING LANE,蒲景里,WTS,1976-01-02,GN42,,,,,,,,,,,false,false,false,false,
landsd_only,,PO LAM LANE,寶琳里,SK,2000-02-03,GN718,,,,,,,,,,,false,false,false,false,
landsd_only,,PO LAM ROAD,寶琳路,SK-KT,1988-07-22,GN2355,,,,,,,,,,,false,false,false,false,
landsd_only,,PO LAM ROAD NORTH,寶琳北路,SK,1990-11-02,GN3960,,,,,,,,,,,false,false,false,false,
landsd_only,,PO LAM ROAD SOUTH,寶琳南路,SK,1988-07-22,GN2355,,,,,,,,,,,false,false,false,false,
landsd_only,,PO LAU ROAD,波樓路,N,1998-01-23,GN406,,,,,,,,,,,false,false,false,false,
landsd_only,,PO LEI STREET,寶梨街,K&T,1985-08-16,GN2680,,,,,,,,,,,false,false,false,false,
landsd_only,,PO LEUNG LANE,蒲良里,WTS,1987-07-24,GN2385,,,,,,,,,,,false,false,false,false,
landsd_only,,PO LO CHE PATH,菠蘿輋徑,SK,2012-07-27,GN5102,,,,,,,,,,,false,false,false,false,
landsd_only,,PO LO CHE ROAD,菠蘿輋路,SK,1991-02-22,GN649,,,,,,,,,,,false,false,false,false,
landsd_only,,PO LUN STREET,寶輪街,SSP,1966-07-15,GN1808,,,,,,,,,,,false,false,false,false,
landsd_only,,PO MING LANE,蒲明里,WTS,1976-01-02,GN42,,,,,,,,,,,false,false,false,false,
landsd_only,,PO NGA ROAD,寶雅路,TP,1999-04-09,GN1943,,,,,,,,,,,false,false,false,false,
landsd_only,,PO NGONG DRIVE,寶昂路,Is,2005-12-23,GN6829,,,,,,,,,,,false,false,false,false,
landsd_only,,PO NING LANE,寶寧里,SK,1991-03-28,GN1087,,,,,,,,,,,false,false,false,false,
landsd_only,,PO NING ROAD,寶寧路,SK,1994-03-25,GN1094,,,,,,,,,,,false,false,false,false,
landsd_only,,PO PENG STREET,寶坪街,Is,1993-01-15,GN136,,,,,,,,,,,false,false,false,false,
landsd_only,,PO PING ROAD,保平路,N,1992-05-08,GN1593,,,,,,,,,,,false,false,false,false,
landsd_only,,PO PUI STREET,寶珮街,KT,1995-12-15,GN5184,,,,,,,,,,,false,false,false,false,
landsd_only,,PO SHEK WU ROAD,寶石湖路,N,1992-01-03,GN64,,,,,,,,,,,false,false,false,false,
landsd_only,,PO SHING STREET,寶城街,ST,1986-01-17,GN245,,,,,,,,,,,false,false,false,false,
landsd_only,,PO SHUN ROAD,寶順路,SK,2005-09-30,GN4965,,,,,,,,,,,false,false,false,false,
landsd_only,,PO TAI STREET,保泰街,ST,2000-01-21,GN378,,,,,,,,,,,false,false,false,false,
landsd_only,,PO TEI ROAD,波地路,YL,1992-06-12,GN2021,,,,,,,,,,,false,false,false,false,
landsd_only,,PO TIN LANE,蒲田里,WTS,1976-01-02,GN42,,,,,,,,,,,false,false,false,false,
landsd_only,,PO TOI O CHUEN ROAD,布袋澳村路,SK,1990-12-28,GN4644,,,,,,,,,,,false,false,false,false,
landsd_only,,PO TSZ LANE,蒲慈里,WTS,1986-05-09,GN1598,,,,,,,,,,,false,false,false,false,
landsd_only,,PO WAI LANE,蒲蕙里,WTS,1976-01-02,GN42,,,,,,,,,,,false,false,false,false,
landsd_only,,PO WAN ROAD,寶運路,N,1992-01-03,GN64,,,,,,,,,,,false,false,false,false,
landsd_only,,PO WING ROAD,保榮路,N,1995-01-13,GN155,,,,,,,,,,,false,false,false,false,
landsd_only,,PO WU LANE,寶湖里,TP,1987-05-08,GN1539,,,,,,,,,,,false,false,false,false,
landsd_only,,PO YAN STREET,普仁街,C&W,1869-10-02,GN477,,,,,,,,,,,false,false,false,false,
landsd_only,,PO YAP ROAD,寶邑路,SK,2002-02-08,GN899,,,,,,,,,,,false,false,false,false,
landsd_only,,PO YICK LANE,普益里,TP,1990-05-04,GN1618,,,,,,,,,,,false,false,false,false,
landsd_only,,PO YING LANE,蒲英里,WTS,1976-01-02,GN42,,,,,,,,,,,false,false,false,false,
landsd_only,,POK OI INTERCHANGE,博愛交匯處,YL,1994-10-14,GN3892,,,,,,,,,,,false,false,false,false,
landsd_only,,POK WAI ROAD,壆圍路,YL,2003-01-30,GN655,,,,,,,,,,,false,false,false,false,
landsd_only,,POK WAI WEST ROAD,壆圍西路,YL,2004-07-09,GN4432,,,,,,,,,,,false,false,false,false,
landsd_only,,POKFIELD PATH,蒲飛徑,C&W,1985-08-23,GN2770,,,,,,,,,,,false,false,false,false,
landsd_only,,POLICE SCHOOL ROAD,警校道,S,1997-09-19,GN1406,,,,,,,,,,,false,false,false,false,
landsd_only,,POLICE STATION PATH,警署徑,Is,1984-01-20,GN204,,,,,,,,,,,false,false,false,false,
landsd_only,,POSSESSION STREET,水坑口街,C&W,1887-09-03,GN356,,,,,,,,,,,false,false,false,false,
landsd_only,,"PRAYA, KENNEDY TOWN",堅彌地城海旁,C&W,1967-12-08,GN2628,,,,,,,,,,,false,false,false,false,
landsd_only,,PRICE ROAD,裴樂士道,WC,1971-10-08,GN2313,,,,,,,,,,,false,false,false,false,
landsd_only,,PUI MAN STREET,培民街,WTS,1973-02-02,GN312,,,,,,,,,,,false,false,false,false,
landsd_only,,PUI SHING LANE,培成里,SK,1999-04-23,GN2194,,,,,,,,,,,false,false,false,false,
landsd_only,,PUI SHING ROAD,培成路,SK,1993-02-19,GN554,,,,,,,,,,,false,false,false,false,
landsd_only,,PUI YIN LANE,培賢里,TP,2001-03-30,GN2132,,,,,,,,,,,false,false,false,false,
landsd_only,,PUN CHUN YUEN ROAD,半春園路,TP,2003-05-02,GN3018,,,,,,,,,,,false,false,false,false,
landsd_only,,PUN SHAN STREET,半山街,TW,1962-11-23,GN2378,,,,,,,,,,,false,false,false,false,
landsd_only,,PUNG LOI AVENUE,蓬萊徑,SK,1999-05-28,GN2982,,,,,,,,,,,false,false,false,false,
landsd_only,,PUNG LOI ROAD,蓬萊路,SK,1999-05-28,GN2982,,,,,,,,,,,false,false,false,false,
landsd_only,,QUARRY BAY STREET,鰂魚涌街,E,1972-12-22,GN3261,,,,,,,,,,,false,false,false,false,
landsd_only,,RAILWAY APPROACH,順風道,YTM,1976-03-05,GN528,,,,,,,,,,,false,false,false,false,
landsd_only,,RED HILL ROAD,紅山道,S,1964-08-21,GN2339,,,,,,,,,,,false,false,false,false,
landsd_only,,RENFREW ROAD,聯福道,KC,1966-07-15,GN1808,,,,,,,,,,,false,false,false,false,
landsd_only,,RESEARCH ROAD,研發路,N,2025-02-28,GN1271,,,,,,,,,,,false,false,false,false,
landsd_only,,RHONDDA ROAD,朗德道,KC,1965-06-25,GN1572,,,,,,,,,,,false,false,false,false,
landsd_only,,ROSE STREET,玫瑰街,SSP,1964-01-10,GN77,,,,,,,,,,,false,false,false,false,
landsd_only,,ROSMEAD ROAD,樂善美道,C&W,1967-04-07,GN752,,,,,,,,,,,false,false,false,false,
landsd_only,,RUNWAY ROAD EAST,跑道東路,Is-TM,2026-05-22,GN2980,,,,,,,,,,,false,false,false,false,
landsd_only,,RUNWAY ROAD WEST,跑道西路,Is,2026-05-22,GN2980,,,,,,,,,,,false,false,false,false,
landsd_only,,SAI CHEUNG STREET NORTH,西祥街北,C&W,1999-01-15,GN235,,,,,,,,,,,false,false,false,false,
landsd_only,,SAI CHUEN ROAD,西邨路,SSP,2001-05-04,GN2841,,,,,,,,,,,false,false,false,false,
landsd_only,,SAI HONG LANE,西康里,C&W,1967-07-28,GN1639,,,,,,,,,,,false,false,false,false,
landsd_only,,SAI KUNG HOI PONG SQUARE,西貢海傍廣場,SK,1989-10-20,GN3672,,,,,,,,,,,false,false,false,false,
landsd_only,,SAI KUNG YUEN CHAU STREET,西貢元洲街,SK,2000-10-13,GN6668,,,,,,,,,,,false,false,false,false,
landsd_only,,SAI SEE STREET,西市街,C&W,1971-07-23,GN1640,,,,,,,,,,,false,false,false,false,
landsd_only,,SAI SHAN ROAD,細山路,K&T,1985-03-22,GN915,,,,,,,,,,,false,false,false,false,
landsd_only,,SAI YEUNG CHOI LANE,西洋菜里,SSP,1969-06-06,GN1102,,,,,,,,,,,false,false,false,false,
landsd_only,,SAM CHUK STREET,三祝街,WTS,1961-09-08,GN1577,,,,,,,,,,,false,false,false,false,
landsd_only,,SAM MUN TSAI ROAD,三門仔路,TP,1985-03-22,GN914,,,,,,,,,,,false,false,false,false,
landsd_only,,SAM PEI SQUARE,三陂坊,TW,1963-06-21,GN1134,,,,,,,,,,,false,false,false,false,
landsd_only,,SAN CHEUNG STREET,新祥街,N,1965-02-26,GN481,,,,,,,,,,,false,false,false,false,
landsd_only,,SAN FUI STREET,新灰街,YL,1985-09-13,GN3022,,,,,,,,,,,false,false,false,false,
landsd_only,,SAN FUK ROAD,新福路,TM,1990-11-30,GN4336,,,,,,,,,,,false,false,false,false,
landsd_only,,SAN HI TSUEN STREET,新起村街,YL,1985-09-13,GN3022,,,,,,,,,,,false,false,false,false,
landsd_only,,SAN HING PRAYA STREET,新興海傍街,Is,2004-09-30,GN6415,,,,,,,,,,,false,false,false,false,
landsd_only,,SAN HING ROAD,新慶路,TM,1993-12-10,GN4542,,,,,,,,,,,false,false,false,false,
landsd_only,,SAN KAI SHI LANE,新街市里,Is,1985-12-27,GN4230,,,,,,,,,,,false,false,false,false,
landsd_only,,SAN LOK STREET,新樂街,N,1965-02-26,GN481,,,,,,,,,,,false,false,false,false,
landsd_only,,SAN PAK SHE STREET,新北社街,Is,1985-08-09,GN2597,,,,,,,,,,,false,false,false,false,
landsd_only,,SAN PO STREET,新寶街,N,1994-01-28,GN337,,,,,,,,,,,false,false,false,false,
landsd_only,,SAN SAU STREET,新秀街,TM,1989-06-09,GN1978,,,,,,,,,,,false,false,false,false,
landsd_only,,SAN SHAM ROAD,新深路,YL,1989-07-28,GN2554,,,,,,,,,,,false,false,false,false,
landsd_only,,SAN SHEK WAN NORTH ROAD,散石灣北路,TM,2006-04-21,GN2532,,,,,,,,,,,false,false,false,false,
landsd_only,,SAN SIK ROAD,新錫路,YL,1993-12-10,GN4541,,,,,,,,,,,false,false,false,false,
landsd_only,,SAN TAK STREET,新德街,TM,1999-10-15,GN5989,,,,,,,,,,,false,false,false,false,
landsd_only,,SAN TAM ROAD,新潭路,YL,1993-12-03,GN4433,,,,,,,,,,,false,false,false,false,
landsd_only,,SAN TAT LANE,新達里,TM,1993-02-12,GN479,,,,,,,,,,,false,false,false,false,
landsd_only,,SAN TIN HIGHWAY,新田公路,YL,1995-01-20,GN244,,,,,,,,,,,false,false,false,false,
landsd_only,,SAN TIN INTERCHANGE,新田交匯處,YL,1989-07-28,GN2554,,,,,,,,,,,false,false,false,false,
landsd_only,,SAN TIN TSUEN ROAD,新田村路,YL,1999-09-10,GN5279,,,,,,,,,,,false,false,false,false,
landsd_only,,SAN TSUEN STREET,新村街,TW,2004-12-17,GN8102,,,,,,,,,,,false,false,false,false,
landsd_only,,SAN WA ON LANE,新華安里,TP,1990-05-04,GN1618,,,,,,,,,,,false,false,false,false,
landsd_only,,SAN WAH LANE,新華里,TM,1989-06-09,GN1978,,,,,,,,,,,false,false,false,false,
landsd_only,,SAN WAI TSAI ROAD,新圍仔路,TP,2001-03-09,GN1564,,,,,,,,,,,false,false,false,false,
landsd_only,,SAN WAN LANE,新運里,N,1999-02-26,GN969,,,,,,,,,,,false,false,false,false,
landsd_only,,SAN WAN ROAD,新運路,N,1992-05-08,GN1593,,,,,,,,,,,false,false,false,false,
landsd_only,,SAN WING STREET,新榮街,N,1986-05-30,GN1867,,,,,,,,,,,false,false,false,false,
landsd_only,,SAN WO LANE,新和里,TM,1989-06-09,GN1978,,,,,,,,,,,false,false,false,false,
landsd_only,,SANDY BAY ROAD,大口環道,S,1969-09-05,GN1765,,,,,,,,,,,false,false,false,false,
landsd_only,,SAU FUNG STREET,秀豐街,KT,2001-11-30,GN7498,,,,,,,,,,,false,false,false,false,
landsd_only,,SAU MAU PING ROAD,秀茂坪道,KT,1999-07-23,GN4196,,,,,,,,,,,false,false,false,false,
landsd_only,,SAU MING ROAD,秀明道,KT,1967-03-10,GN537,,,,,,,,,,,false,false,false,false,
landsd_only,,SAU NGA ROAD,秀雅道,KT,1970-01-23,GN225,,,,,,,,,,,false,false,false,false,
landsd_only,,SAU YAN PATH,守仁徑,KT,1967-02-24,GN428,,,,,,,,,,,false,false,false,false,
landsd_only,,SCENEWAY ROAD,匯景道,KT,1992-08-14,GN2899,,,,,,,,,,,false,false,false,false,
landsd_only,,SCENIC ROAD,觀景路,Is,1998-01-02,GN73,,,,,,,,,,,false,false,false,false,
landsd_only,,SCIENCE MUSEUM PATH,科學館徑,YTM,1985-12-13,GN4097,,,,,,,,,,,false,false,false,false,
landsd_only,,SCIENCE MUSEUM SQUARE,科學館廣場,YTM,1985-12-13,GN4096,,,,,,,,,,,false,false,false,false,
landsd_only,,SCIENCE PARK EAST AVENUE,科技大道東,TP-ST,2008-05-09,GN3111,,,,,,,,,,,false,false,false,false,
landsd_only,,SCIENCE PARK ROAD,科學園路,ST,2007-06-15,GN3924,,,,,,,,,,,false,false,false,false,
landsd_only,,SCIENCE PARK WEST AVENUE,科技大道西,TP-ST,2008-05-09,GN3112,,,,,,,,,,,false,false,false,false,
landsd_only,,SCOUT PATH,童軍徑,YTM,1998-12-24,GN6361,,,,,,,,,,,false,false,false,false,
landsd_only,,SEABEE LANE,海蜂徑,Is,1994-11-18,GN4386,,,,,,,,,,,false,false,false,false,
landsd_only,,SEABIRD LANE,海燕徑,Is,1994-11-18,GN4386,,,,,,,,,,,false,false,false,false,
landsd_only,,SEAHORSE LANE,海馬徑,Is,1994-11-18,GN4386,,,,,,,,,,,false,false,false,false,
landsd_only,,SECOND SKY STREET,航天城第二街,Is,2021-09-24,GN6003,,,,,,,,,,,false,false,false,false,
landsd_only,,SERENE AVENUE,海藍徑,Is,1999-11-05,GN6832,,,,,,,,,,,false,false,false,false,
landsd_only,,SERENITY PATH,安寧徑,SK,1991-08-30,GN3062,,,,,,,,,,,false,false,false,false,
landsd_only,,SHA CHAU LEI ROAD,沙洲里路,YL,1994-04-15,GN1352,,,,,,,,,,,false,false,false,false,
landsd_only,,SHA HA PATH,沙下徑,SK,2016-05-27,GN3021,,,,,,,,,,,false,false,false,false,
landsd_only,,SHA HA ROAD,沙下路,SK,2004-12-17,GN8101,,,,,,,,,,,false,false,false,false,
landsd_only,,SHA HO ROAD,沙河路,N,1987-06-12,GN1898,,,,,,,,,,,false,false,false,false,
landsd_only,,SHA KOK MEI ROAD,沙角尾路,SK,2006-11-24,GN7495,,,,,,,,,,,false,false,false,false,
landsd_only,,SHA LAN ROAD,沙欄路,TP,1988-04-22,GN1283,,,,,,,,,,,false,false,false,false,
landsd_only,,SHA LEK HIGHWAY,沙瀝公路,ST,1998-02-27,GN996,,,,,,,,,,,false,false,false,false,
landsd_only,,SHA LING ROAD,沙嶺道,N,1972-09-15,GN2306,,,,,,,,,,,false,false,false,false,
landsd_only,,SHA ON STREET,沙安街,ST,1999-10-08,GN5859,,,,,,,,,,,false,false,false,false,
landsd_only,,SHA PO TSUEN ROAD,沙埔村路,YL,1999-06-25,GN3547,,,,,,,,,,,false,false,false,false,
landsd_only,,SHA TAU KOK ROAD - LUNG YEUK TAU,沙頭角公路 － 龍躍頭段,N,1992-03-06,GN835,,,,,,,,,,,false,false,false,false,
landsd_only,,SHA TAU KOK ROAD - MA MEI HA,沙頭角公路 － 馬尾下段,N,1970-02-13,GN372,,,,,,,,,,,false,false,false,false,
landsd_only,,SHA TAU KOK ROAD - SHEK CHUNG AU,沙頭角公路 － 石涌凹段,N,1970-02-13,GN372,,,,,,,,,,,false,false,false,false,
landsd_only,,SHA TAU KOK ROAD - WO HANG,沙頭角公路 － 禾坑段,N,1970-02-13,GN372,,,,,,,,,,,false,false,false,false,
landsd_only,,SHA TIN CENTRE STREET,沙田正街,ST,1982-03-12,GN827,,,,,,,,,,,false,false,false,false,
landsd_only,,SHA TSENG ROAD,沙井路,YL,1987-05-08,GN1540,,,,,,,,,,,false,false,false,false,
landsd_only,,SHA TSUI PATH,沙咀街,SK,1973-12-07,GN3147,,,,,,,,,,,false,false,false,false,
landsd_only,,SHA TSUI ROAD,沙嘴道,TW,1962-11-23,GN2378,,,,,,,,,,,false,false,false,false,
landsd_only,,SHAM CHUNG ROAD,深涌路,YL,2006-03-03,GN1463,,,,,,,,,,,false,false,false,false,
landsd_only,,SHAM CHUNG TSUEN ROAD,深涌村路,YL,2006-03-03,GN1462,,,,,,,,,,,false,false,false,false,
landsd_only,,SHAM FUNG ROAD,深豐路,TW,1998-04-24,GN1958,,,,,,,,,,,false,false,false,false,
landsd_only,,SHAM HONG ROAD,深康路,TW,1994-09-09,GN3385,,,,,,,,,,,false,false,false,false,
landsd_only,,SHAM MONG ROAD,深旺道,SSP-YTM,2005-06-30,GN3129,,,,,,,,,,,false,false,false,false,
landsd_only,,SHAM SHING ROAD,深盛路,SSP,1999-03-12,GN1362,,,,,,,,,,,false,false,false,false,
landsd_only,,SHAM SHUI KOK DRIVE,深水角徑,TW,1998-06-26,GN3112,,,,,,,,,,,false,false,false,false,
landsd_only,,SHAM TSENG TSUEN ROAD,深井村路,TW,1989-05-26,GN1823,,,,,,,,,,,false,false,false,false,
landsd_only,,SHAM WAT ROAD,深屈道,Is,1991-03-15,GN912,,,,,,,,,,,false,false,false,false,
landsd_only,,SHAN NAM ROAD,山南路,TP,1997-04-18,GN1848,,,,,,,,,,,false,false,false,false,
landsd_only,,SHAN PUI HO EAST ROAD,山貝河東路,YL,2001-06-29,GN3947,,,,,,,,,,,false,false,false,false,
landsd_only,,SHAN PUI ROAD,山貝路,YL,2006-09-15,GN5891,,,,,,,,,,,false,false,false,false,
landsd_only,,SHAN TONG ROAD,山塘路,TP,1996-09-27,GN4430,,,,,,,,,,,false,false,false,false,
landsd_only,,SHAN TSUI VILLAGE ROAD,山咀村路,N,1999-03-12,GN1361,,,,,,,,,,,false,false,false,false,
landsd_only,,SHAN YIN ROAD,山賢路,TP,1997-04-18,GN1849,,,,,,,,,,,false,false,false,false,
landsd_only,,SHAP PAT HEUNG INTERCHANGE,十八鄉交匯處,YL,1994-10-14,GN3892,,,,,,,,,,,false,false,false,false,
landsd_only,,SHAP PAT HEUNG ROAD,十八鄉路,YL,2006-03-03,GN1464,,,,,,,,,,,false,false,false,false,
landsd_only,,SHE SHAN ROAD,社山路,TP,1998-06-19,GN2979,,,,,,,,,,,false,false,false,false,
landsd_only,,SHEK CHAN LANE,石棧里,C&W,1967-12-08,GN2628,,,,,,,,,,,false,false,false,false,
landsd_only,,SHEK KIN STREET,石建街,K&T,1964-05-29,GN1346,,,,,,,,,,,false,false,false,false,
landsd_only,,SHEK KOK ROAD,石角路,SK,1990-12-21,GN4576,,,,,,,,,,,false,false,false,false,
landsd_only,,SHEK KONG AIRFIELD ROAD,石崗機場路,YL,1993-10-22,GN3876,,,,,,,,,,,false,false,false,false,
landsd_only,,SHEK KU STREET,石鼓街,KC,1963-09-27,GN1893,,,,,,,,,,,false,false,false,false,
landsd_only,,SHEK KWAI STREET,石貴街,TW,1988-03-31,GN1054,,,,,,,,,,,false,false,false,false,
landsd_only,,SHEK LI STREET,石梨街,K&T,1964-05-29,GN1346,,,,,,,,,,,false,false,false,false,
landsd_only,,SHEK LIN ROAD,石蓮路,TP,1986-06-13,GN2017,,,,,,,,,,,false,false,false,false,
landsd_only,,SHEK MUN INTERCHANGE,石門交匯處,ST,1993-09-24,GN3503,,,,,,,,,,,false,false,false,false,
landsd_only,,SHEK MUN KAP ROAD,石門甲道,Is,1970-06-05,GN1156,,,,,,,,,,,false,false,false,false,
landsd_only,,SHEK O HEADLAND ROAD,石澳山仔路,S,2004-09-24,GN6331,,,,,,,,,,,false,false,false,false,
landsd_only,,SHEK O VILLAGE ROAD,石澳村路,S,2004-09-24,GN6331,,,,,,,,,,,false,false,false,false,
landsd_only,,SHEK ON STREET,石安街,TW,1988-03-31,GN1054,,,,,,,,,,,false,false,false,false,
landsd_only,,SHEK PAI STREET,石排街,K&T,1993-06-18,GN2098,,,,,,,,,,,false,false,false,false,
landsd_only,,SHEK PAI TAU PATH,石排頭徑,TM,1998-04-24,GN1961,,,,,,,,,,,false,false,false,false,
landsd_only,,SHEK PIK RESERVOIR ROAD,石壁水塘路,Is,1970-06-05,GN1156,,,,,,,,,,,false,false,false,false,
landsd_only,,SHEK PO ROAD,石埗路,YL,1993-12-10,GN4541,,,,,,,,,,,false,false,false,false,
landsd_only,,SHEK PUI STREET,石貝街,K&T,1970-03-06,GN535,,,,,,,,,,,false,false,false,false,
landsd_only,,SHEK SHEUNG ROAD,石上路,YL,2020-04-03,GN1669,,,,,,,,,,,false,false,false,false,
landsd_only,,SHEK TAU STREET,石頭街,K&T,2001-09-21,GN5854,,,,,,,,,,,false,false,false,false,
landsd_only,,SHEK TSAI HA ROAD,石寨下路,N,1995-09-15,GN3732,,,,,,,,,,,false,false,false,false,
landsd_only,,SHEK WU WAI ROAD,石湖圍路,YL,1993-12-03,GN4433,,,,,,,,,,,false,false,false,false,
landsd_only,,SHEK YAM ROAD,石蔭路,K&T,1970-03-06,GN535,,,,,,,,,,,false,false,false,false,
landsd_only,,SHEK YI ROAD,石宜路,K&T,1970-03-06,GN535,,,,,,,,,,,false,false,false,false,
landsd_only,,SHENZHEN BAY BRIDGE,深圳灣公路大橋,YL,2007-08-24,GN5527,,,,,,,,,,,false,false,false,false,
landsd_only,,SHEUNG FUNG STREET,雙鳳街,WTS,1963-11-08,GN2197,,,,,,,,,,,false,false,false,false,
landsd_only,,SHEUNG HEI STREET,雙喜街,WTS,1961-09-08,GN1577,,,,,,,,,,,false,false,false,false,
landsd_only,,SHEUNG HING STREET,常興街,KC,1967-04-07,GN751,,,,,,,,,,,false,false,false,false,
landsd_only,,SHEUNG HO ROAD,上河路,N,2026-03-27,GN1839,,,,,,,,,,,false,false,false,false,
landsd_only,,SHEUNG HONG STREET,常康街,KC,1967-04-07,GN751,,,,,,,,,,,false,false,false,false,
landsd_only,,SHEUNG KO TAN STREET,上高灘街,K&T,1985-03-22,GN915,,,,,,,,,,,false,false,false,false,
landsd_only,,SHEUNG KOK STREET,上角街,K&T,2003-01-10,GN227,,,,,,,,,,,false,false,false,false,
landsd_only,,SHEUNG KWAI CHUNG TSUEN ROAD,上葵涌村路,TW,1998-08-14,GN3966,,,,,,,,,,,false,false,false,false,
landsd_only,,SHEUNG LOK STREET,常樂街,KC,1967-04-07,GN751,,,,,,,,,,,false,false,false,false,
landsd_only,,SHEUNG MAU STREET,常茂街,E,2002-06-28,GN3966,,,,,,,,,,,false,false,false,false,
landsd_only,,SHEUNG NING ROAD,常寧路,SK,1993-02-19,GN554,,,,,,,,,,,false,false,false,false,
landsd_only,,SHEUNG PING STREET,常平街,E,2002-06-28,GN3966,,,,,,,,,,,false,false,false,false,
landsd_only,,SHEUNG SHING STREET,常盛街,KC,1967-04-07,GN751,,,,,,,,,,,false,false,false,false,
landsd_only,,SHEUNG SHUI TUNG HING ROAD,上水東慶路,N,1995-07-28,GN2927,,,,,,,,,,,false,false,false,false,
landsd_only,,SHEUNG SZE WAN ROAD,相思灣路,SK,1986-11-21,GN4036,,,,,,,,,,,false,false,false,false,
landsd_only,,SHEUNG TAT STREET,常達街,E,2002-06-28,GN3966,,,,,,,,,,,false,false,false,false,
landsd_only,,SHEUNG WAI LANE,上圍里,SK,1991-07-05,GN2294,,,,,,,,,,,false,false,false,false,
landsd_only,,SHEUNG WO CHE ROAD,上禾輋路,ST,1997-12-12,GN3081,,,,,,,,,,,false,false,false,false,
landsd_only,,SHEUNG WO STREET,常和街,KC,1967-04-07,GN751,,,,,,,,,,,false,false,false,false,
landsd_only,,SHEUNG YUEN STREET,上元街,WTS,1991-11-22,GN4197,,,,,,,,,,,false,false,false,false,
landsd_only,,SHIN TUNG LANE,善東里,Is,2025-07-25,GN4611,,,,,,,,,,,false,false,false,false,
landsd_only,,SHING FU LANE,承富里,KC,2021-06-25,GN3897,,,,,,,,,,,false,false,false,false,
landsd_only,,SHING FUNG LANE,承豐里,KC,2024-09-13,GN5451,,,,,,,,,,,false,false,false,false,
landsd_only,,SHING HONG LANE,盛康里,E,1988-07-22,GN2354,,,,,,,,,,,false,false,false,false,
landsd_only,,SHING KA ROAD,聖家路,Is,1987-05-22,GN1658,,,,,,,,,,,false,false,false,false,
landsd_only,,SHING KING STREET,承景街,KC,2021-06-25,GN3897,,,,,,,,,,,false,false,false,false,
landsd_only,,SHING MAN LANE,盛民里,E,1988-07-22,GN2354,,,,,,,,,,,false,false,false,false,
landsd_only,,SHING MUN LANE,城門里,TW,2005-02-04,GN623,,,,,,,,,,,false,false,false,false,
landsd_only,,SHING MUN ROAD,城門道,K&T-TW,1991-03-08,GN817,,,,,,,,,,,false,false,false,false,
landsd_only,,SHING MUN TUNNEL,城門隧道,ST-K&T,1990-03-30,GN1166,,,,,,,,,,,false,false,false,false,
landsd_only,,SHING MUN TUNNEL ROAD,城門隧道公路,ST,1990-03-30,GN1166,,,,,,,,,,,false,false,false,false,
landsd_only,,SHING ON LANE,成安里,E,1985-05-03,GN1441,,,,,,,,,,,false,false,false,false,
landsd_only,,SHING SAI ROAD,城西道,C&W,2006-12-15,GN7935,,,,,,,,,,,false,false,false,false,
landsd_only,,SHING TAI ROAD,盛泰道,E,1991-06-07,GN1960,,,,,,,,,,,false,false,false,false,
landsd_only,,SHING TIN STREET,盛田街,ST,1987-02-06,GN416,,,,,,,,,,,false,false,false,false,
landsd_only,,SHING YAU STREET,承佑街,KC,2023-05-12,GN2908,,,,,,,,,,,false,false,false,false,
landsd_only,,SHING YIU STREET,勝耀街,K&T,1991-09-20,GN3344,,,,,,,,,,,false,false,false,false,
landsd_only,,SHING YU LANE,承裕里,KC,2021-06-25,GN3897,,,,,,,,,,,false,false,false,false,
landsd_only,,SHIPYARD LANE,船塢里,E,1971-09-10,GN2049,,,,,,,,,,,false,false,false,false,
landsd_only,,SHIU KIN LANE,肇堅里,WC,1987-02-06,GN418,,,,,,,,,,,false,false,false,false,
landsd_only,,SHIU WO STREET,兆和街,TW,1962-11-23,GN2378,,,,,,,,,,,false,false,false,false,
landsd_only,,SHOUSON HILL ROAD,壽山村道,S,1930-04-11,GN227,,,,,,,,,,,false,false,false,false,
landsd_only,,SHUI CHONG STREET,水廠街,ST,1985-07-26,GN2430,,,,,,,,,,,false,false,false,false,
landsd_only,,SHUI MEI ROAD,水尾路,YL,2021-02-05,GN708,,,,,,,,,,,false,false,false,false,
landsd_only,,SHUI NING STREET,瑞寧街,KT,1964-04-03,GN818,,,,,,,,,,,false,false,false,false,
landsd_only,,SHUI TAU ROAD,水頭路,YL,2001-09-14,GN5746,,,,,,,,,,,false,false,false,false,
landsd_only,,SHUI TSIU SAN TSUEN ROAD,水蕉新村路,YL,2003-04-25,GN2850,,,,,,,,,,,false,false,false,false,
landsd_only,,SHUI WO STREET,瑞和街,KT,1964-04-03,GN818,,,,,,,,,,,false,false,false,false,
landsd_only,,SHUN CHEONG STREET,順昌街,N,1998-05-01,GN2181,,,,,,,,,,,false,false,false,false,
landsd_only,,SHUN FUNG STREET,順風街,KC,1965-06-04,GN1392,,,,,,,,,,,false,false,false,false,
landsd_only,,SHUN PING STREET,順平街,N,1995-05-05,GN1614,,,,,,,,,,,false,false,false,false,
landsd_only,,SHUN TAT STREET,順達街,TM,1992-05-29,GN1862,,,,,,,,,,,false,false,false,false,
landsd_only,,SHUN TUNG ROAD,順東路,Is,1997-05-16,GN2398,,,,,,,,,,,false,false,false,false,
landsd_only,,SHUN YEE STREET,信義街,YTM,1968-07-19,GN1505,,,,,,,,,,,false,false,false,false,
landsd_only,,SHUN YUNG STREET,信用街,KC,1965-04-09,GN914,,,,,,,,,,,false,false,false,false,
landsd_only,,SHUNG CHING ROAD,崇正路,YL,2006-03-03,GN1463,,,,,,,,,,,false,false,false,false,
landsd_only,,SHUNG KING STREET,船景街,KC,1989-03-31,GN1053,,,,,,,,,,,false,false,false,false,
landsd_only,,SHUNG LING STREET,崇齡街,WTS,1961-09-08,GN1577,,,,,,,,,,,false,false,false,false,
landsd_only,,SHUNG SHUN STREET,崇信街,KT,1967-03-17,GN603,,,,,,,,,,,false,false,false,false,
landsd_only,,SHUNG TAK WAI,崇德圍,KT,1967-03-17,GN603,,,,,,,,,,,false,false,false,false,
landsd_only,,SHUNG WO PATH,崇和徑,KT,1967-03-17,GN603,,,,,,,,,,,false,false,false,false,
landsd_only,,SHUNG YAN CIRCUIT,崇仁圍,KT,1998-08-14,GN3967,,,,,,,,,,,false,false,false,false,
landsd_only,,SHUNG YAN STREET,崇仁街,KT,1964-04-03,GN818,,,,,,,,,,,false,false,false,false,
landsd_only,,SIENA AVENUE,海澄湖畔路,Is,2008-05-09,GN3114,,,,,,,,,,,false,false,false,false,
landsd_only,,SIK KONG WAI ROAD,錫降圍路,YL,1993-12-31,GN4815,,,,,,,,,,,false,false,false,false,
landsd_only,,SILVER CREST ROAD,銀巒路,SK,1991-08-30,GN3062,,,,,,,,,,,false,false,false,false,
landsd_only,,SILVER LAKE ROAD,銀湖路,SK,1991-08-30,GN3062,,,,,,,,,,,false,false,false,false,
landsd_only,,SILVER STAR PATH,銀星徑,SK,1991-08-30,GN3062,,,,,,,,,,,false,false,false,false,
landsd_only,,SILVER STREAM PATH,銀泉徑,SK,1991-08-30,GN3062,,,,,,,,,,,false,false,false,false,
landsd_only,,SILVER TERRACE ROAD,銀臺路,SK,1991-08-30,GN3062,,,,,,,,,,,false,false,false,false,
landsd_only,,SIR CECIL'S RIDE,金督馳馬徑,E-WC,1930-04-11,GN227,,,,,,,,,,,false,false,false,false,
landsd_only,,SIU HANG HAU ROAD,小坑口路,SK,1991-09-20,GN3343,,,,,,,,,,,false,false,false,false,
landsd_only,,SIU HING LANE,兆興里,TM,1992-05-29,GN1862,,,,,,,,,,,false,false,false,false,
landsd_only,,SIU HONG ROAD,兆康路,TM,1986-08-15,GN2819,,,,,,,,,,,false,false,false,false,
landsd_only,,SIU LAM ROAD,小欖路,TM,2000-02-25,GN1182,,,,,,,,,,,false,false,false,false,
landsd_only,,SIU LAM TSUEN ROAD,小欖村路,TM,1999-09-03,GN5149,,,,,,,,,,,false,false,false,false,
landsd_only,,SIU LANG SHUI ROAD,小冷水路,TM,2001-09-21,GN5851,,,,,,,,,,,false,false,false,false,
landsd_only,,SIU LEK YUEN ROAD,小瀝源路,ST,1986-10-10,GN3517,,,,,,,,,,,false,false,false,false,
landsd_only,,SIU LUN STREET,兆麟街,TM,1992-05-29,GN1862,,,,,,,,,,,false,false,false,false,
landsd_only,,SIU SAI WAN ROAD,小西灣道,E,1998-05-01,GN2182,,,,,,,,,,,false,false,false,false,
landsd_only,,SIU SHEUNG ROAD,小商路,YL,2003-04-25,GN2851,,,,,,,,,,,false,false,false,false,
landsd_only,,SIU SIK LANE,小食里,Is,1985-12-27,GN4230,,,,,,,,,,,false,false,false,false,
landsd_only,,SIU TUNG STREET,兆東街,Is,2025-07-25,GN4611,,,,,,,,,,,false,false,false,false,
landsd_only,,SKY CITY INTERCHANGE,航天城交匯處,Is,2005-11-11,GN5907,,,,,,,,,,,false,false,false,false,
landsd_only,,SKY PLAZA DRIVE,翔天徑,Is,2026-05-22,GN2981,,,,,,,,,,,false,false,false,false,
landsd_only,,SKY PLAZA ROAD,翔天路,Is,2026-05-22,GN2981,,,,,,,,,,,false,false,false,false,
landsd_only,,SKY PLAZA ROAD CENTRAL,翔天中路,Is,2026-05-22,GN2981,,,,,,,,,,,false,false,false,false,
landsd_only,,SKY PLAZA ROAD NORTH,翔天北路,Is,2026-05-22,GN2981,,,,,,,,,,,false,false,false,false,
landsd_only,,SKY PLAZA ROAD SOUTH,翔天南路,Is,2026-05-22,GN2981,,,,,,,,,,,false,false,false,false,
landsd_only,,SMITHFIELD,士美菲路,C&W,2007-12-14,GN8290,,,,,,,,,,,false,false,false,false,
landsd_only,,SO KWUN PO ROAD,掃管埔路,N,1992-01-03,GN64,,,,,,,,,,,false,false,false,false,
landsd_only,,SO KWUN WAT ROAD,掃管笏路,TM,2003-05-16,GN3288,,,,,,,,,,,false,false,false,false,
landsd_only,,SO KWUN WAT TSUEN ROAD,掃管笏村路,TM,2003-03-14,GN1727,,,,,,,,,,,false,false,false,false,
landsd_only,,SOUTH BAY CLOSE,南灣坊,S,1968-04-19,GN766,,,,,,,,,,,false,false,false,false,
landsd_only,,SOUTH BAY PATH,南灣徑,S,1996-02-02,GN618,,,,,,,,,,,false,false,false,false,
landsd_only,,SOUTH HORIZON DRIVE,海怡路,S,1994-01-14,GN176,,,,,,,,,,,false,false,false,false,
landsd_only,,SOUTH LAGUNA STREET,麗港南街,KT,1996-12-06,GN5679,,,,,,,,,,,false,false,false,false,
landsd_only,,SOUTH LANE,南里,C&W,1936-11-20,GN918,,,,,,,,,,,false,false,false,false,
landsd_only,,SOUTH LANTAU ROAD,嶼南道,Is,1969-12-05,GN2429,,,,,,,,,,,false,false,false,false,
landsd_only,,SOUTH PERIMETER ROAD,南環路,Is,1998-01-02,GN73,,,,,,,,,,,false,false,false,false,
landsd_only,,SOUTH RUNWAY ROAD,跑道南路,Is,1998-01-02,GN73,,,,,,,,,,,false,false,false,false,
landsd_only,,ST FRANCIS STREET,聖佛蘭士街,WC,1887-11-26,GN501,,,,,,,,,,,false,false,false,false,
landsd_only,,ST FRANCIS YARD,進教圍,WC,1887-11-26,GN501,,,,,,,,,,,false,false,false,false,
landsd_only,,ST JOSEPH'S PATH,聖若瑟徑,C&W,1975-10-17,GN2273,,,,,,,,,,,false,false,false,false,
landsd_only,,STADIUM PATH,大球場徑,WC,1976-03-05,GN527,,,,,,,,,,,false,false,false,false,
landsd_only,,STANLEY MAIN STREET,赤柱大街,S,1978-04-14,GN913,,,,,,,,,,,false,false,false,false,
landsd_only,,STAR STREET,星街,WC,1991-01-11,GN138,,,,,,,,,,,false,false,false,false,
landsd_only,,SUI CHEUNG STREET,瑞祥街,ST,2007-06-15,GN3926,,,,,,,,,,,false,false,false,false,
landsd_only,,SUI MAN LANE,萃文里,E,1992-02-07,GN477,,,,,,,,,,,false,false,false,false,
landsd_only,,SUI MAN ROAD,萃文道,E,1964-08-21,GN2339,,,,,,,,,,,false,false,false,false,
landsd_only,,SUI TAI ROAD,瑞泰路,ST,2000-01-21,GN378,,,,,,,,,,,false,false,false,false,
landsd_only,,SUI WAN ROAD,萃雲路,N,1999-07-09,GN3892,,,,,,,,,,,false,false,false,false,
landsd_only,,SUN ON STREET,新安街,E,1977-05-13,GN1087,,,,,,,,,,,false,false,false,false,
landsd_only,,SUNG CHI STREET,崇志街,KC,1973-10-26,GN2808,,,,,,,,,,,false,false,false,false,
landsd_only,,SUNG KIT STREET,崇潔街,KC,1973-10-26,GN2808,,,,,,,,,,,false,false,false,false,
landsd_only,,SUNG ON STREET,崇安街,KC,1997-06-20,GN3080,,,,,,,,,,,false,false,false,false,
landsd_only,,SUNG PING STREET,崇平街,KC,1987-07-17,GN2290,,,,,,,,,,,false,false,false,false,
landsd_only,,SUNG TAK STREET,崇德街,WC,1975-03-14,GN587,,,,,,,,,,,false,false,false,false,
landsd_only,,SWATOW STREET,汕頭街,WC,1915-06-25,GN283,,,,,,,,,,,false,false,false,false,
landsd_only,,SZE PEI SQUARE,四陂坊,TW,1963-06-21,GN1134,,,,,,,,,,,false,false,false,false,
landsd_only,,SZE SHAN STREET,四山街,KT,1967-03-17,GN603,,,,,,,,,,,false,false,false,false,
landsd_only,,TA CHUEN PING STREET,打磚坪街,K&T,1964-05-29,GN1346,,,,,,,,,,,false,false,false,false,
landsd_only,,TA HO TUN ROAD,打蠔墩路,SK,2003-11-28,GN8575,,,,,,,,,,,false,false,false,false,
landsd_only,,TAI AU MUN ROAD,大坳門路,SK,1990-12-28,GN4644,,,,,,,,,,,false,false,false,false,
landsd_only,,TAI CHUNG HAU ROAD,大涌口路,SK,1990-12-21,GN4576,,,,,,,,,,,false,false,false,false,
landsd_only,,TAI CHUNG ROAD,大涌道,TW,1988-09-09,GN3036,,,,,,,,,,,false,false,false,false,
landsd_only,,TAI HA STREET,大廈街,K&T,1987-11-27,GN3982,,,,,,,,,,,false,false,false,false,
landsd_only,,TAI HANG DRIVE,大坑徑,WC,1985-05-17,GN1589,,,,,,,,,,,false,false,false,false,
landsd_only,,TAI HANG HAU ROAD,大坑口路,SK,1986-11-21,GN4036,,,,,,,,,,,false,false,false,false,
landsd_only,,TAI HING TAI ROAD,大興堤路,Is,1990-12-07,GN4413,,,,,,,,,,,false,false,false,false,
landsd_only,,TAI HO ROAD NORTH,大河道北,TW,1985-07-26,GN2429,,,,,,,,,,,false,false,false,false,
landsd_only,,TAI KEI LENG ROAD,大旗嶺路,YL,1994-12-09,GN4723,,,,,,,,,,,false,false,false,false,
landsd_only,,TAI KWONG LANE,大光里,TP,1972-05-05,GN1092,,,,,,,,,,,false,false,false,false,
landsd_only,,TAI LAM CHUNG ROAD,大欖涌道,TM,1990-03-02,GN776,,,,,,,,,,,false,false,false,false,
landsd_only,,TAI LAM WU ROAD,大藍湖路,SK,1990-12-21,GN4576,,,,,,,,,,,false,false,false,false,
landsd_only,,TAI LIN PAI ROAD,大連排道,K&T,1970-03-06,GN535,,,,,,,,,,,false,false,false,false,
landsd_only,,TAI LOONG STREET,大隴街,K&T,1964-05-29,GN1346,,,,,,,,,,,false,false,false,false,
landsd_only,,TAI MAN STREET,泰民街,E,1986-01-17,GN244,,,,,,,,,,,false,false,false,false,
landsd_only,,TAI MEI TUK ROAD,大美督路,TP,2006-09-29,GN6310,,,,,,,,,,,false,false,false,false,
landsd_only,,TAI MING LANE,大明里,TP,1972-05-05,GN1092,,,,,,,,,,,false,false,false,false,
landsd_only,,TAI MO SHAN ROAD,大帽山道,TW-YL,1967-05-05,GN1002,,,,,,,,,,,false,false,false,false,
landsd_only,,TAI O ROAD,大澳道,Is,1970-06-05,GN1156,,,,,,,,,,,false,false,false,false,
landsd_only,,TAI OM ROAD,大菴路,TP,2005-05-27,GN2492,,,,,,,,,,,false,false,false,false,
landsd_only,,TAI PA STREET,大壩街,TW,1963-06-21,GN1134,,,,,,,,,,,false,false,false,false,
landsd_only,,TAI PAK TIN LANE,大白田里,K&T,1993-06-18,GN2100,,,,,,,,,,,false,false,false,false,
landsd_only,,TAI PAK TIN PATH,大白田徑,K&T,2004-11-19,GN7436,,,,,,,,,,,false,false,false,false,
landsd_only,,TAI PAK TIN STREET,大白田街,K&T,1993-07-23,GN2598,,,,,,,,,,,false,false,false,false,
landsd_only,,TAI PAK TIN TSUEN ROAD,大白田村路,TW,1998-08-14,GN3966,,,,,,,,,,,false,false,false,false,
landsd_only,,TAI PEI SQUARE,大陂坊,TW,1963-06-21,GN1134,,,,,,,,,,,false,false,false,false,
landsd_only,,TAI PO LUNG MEI ROAD,大埔龍尾路,TP,2008-04-25,GN2780,,,,,,,,,,,false,false,false,false,
landsd_only,,TAI PO ROAD - MA LIU SHUI,大埔公路 － 馬料水段,ST-TP,1981-12-18,GN3741,,,,,,,,,,,false,false,false,false,
landsd_only,,TAI PO ROAD - PIPER'S HILL,大埔公路 － 琵琶山段,ST-SSP,1968-11-08,GN2268,,,,,,,,,,,false,false,false,false,
landsd_only,,TAI PO ROAD - SHA TIN,大埔公路 － 沙田段,ST,1981-12-18,GN3741,,,,,,,,,,,false,false,false,false,
landsd_only,,TAI PO ROAD - SHA TIN HEIGHTS,大埔公路 － 沙田嶺段,ST,1968-10-04,GN2022,,,,,,,,,,,false,false,false,false,
landsd_only,,TAI PO ROAD - TAI PO KAU,大埔公路 － 大埔滘段,TP,1968-10-04,GN2022,,,,,,,,,,,false,false,false,false,
landsd_only,,TAI PO ROAD - TAI WAI,大埔公路 － 大圍段,ST,1981-12-18,GN3741,,,,,,,,,,,false,false,false,false,
landsd_only,,TAI PO ROAD - TAI WO,大埔公路 － 大窩段,TP,1995-05-05,GN1615,,,,,,,,,,,false,false,false,false,
landsd_only,,TAI PO ROAD - YUEN CHAU TSAI,大埔公路 － 元洲仔段,TP,1968-10-04,GN2022,,,,,,,,,,,false,false,false,false,
landsd_only,,TAI PO SHUI WO ROAD,大埔水窩路,TP,2005-06-03,GN2640,,,,,,,,,,,false,false,false,false,
landsd_only,,TAI PO TAU DRIVE,大埔頭徑,TP,1990-08-03,GN2775,,,,,,,,,,,false,false,false,false,
landsd_only,,TAI PO TAU ROAD,大埔頭路,TP,1990-08-03,GN2775,,,,,,,,,,,false,false,false,false,
landsd_only,,TAI PO TAU SHUI WAI ROAD,大埔頭水圍路,TP,1988-09-02,GN2937,,,,,,,,,,,false,false,false,false,
landsd_only,,TAI SHEK HAU ROAD,大石口路,Is,1985-12-27,GN4230,,,,,,,,,,,false,false,false,false,
landsd_only,,TAI SHING STREET,大成街,WTS,1963-12-20,GN2489,,,,,,,,,,,false,false,false,false,
landsd_only,,TAI SHU HA ROAD EAST,大樹下東路,YL,1991-06-28,GN2215,,,,,,,,,,,false,false,false,false,
landsd_only,,TAI SHUI HANG NORTH STREET,大水坑北街,ST,2003-05-30,GN3667,,,,,,,,,,,false,false,false,false,
landsd_only,,TAI SHUI HANG SOUTH STREET,大水坑南街,ST,2003-05-30,GN3667,,,,,,,,,,,false,false,false,false,
landsd_only,,TAI TO TSUEN ROAD,大道村路,YL,1994-09-16,GN3496,,,,,,,,,,,false,false,false,false,
landsd_only,,TAI TONG SHAN ROAD,大棠山道,YL-TM,1996-01-05,GN81,,,,,,,,,,,false,false,false,false,
landsd_only,,TAI TUNG STREET,大同街,WTS,1967-06-02,GN1194,,,,,,,,,,,false,false,false,false,
landsd_only,,TAI UK STREET,大屋街,TW,1963-06-21,GN1134,,,,,,,,,,,false,false,false,false,
landsd_only,,TAI WAI NEW VILLAGE ROAD,大圍新村路,ST,2007-06-15,GN3925,,,,,,,,,,,false,false,false,false,
landsd_only,,TAI WAN ROAD EAST,大環道東,KC,2006-03-03,GN1465,,,,,,,,,,,false,false,false,false,
landsd_only,,TAI WAN TAU ROAD,大環頭路,SK,1990-12-28,GN4644,,,,,,,,,,,false,false,false,false,
landsd_only,,TAI WING LANE,大榮里,TP,1972-05-05,GN1092,,,,,,,,,,,false,false,false,false,
landsd_only,,TAI WO BRIDGE,太和橋,TP,1993-04-30,GN1436,,,,,,,,,,,false,false,false,false,
landsd_only,,TAI WO HAU ROAD,大窩口道,K&T,1970-03-06,GN535,,,,,,,,,,,false,false,false,false,
landsd_only,,TAI WO INTERCHANGE,大窩交匯處,K&T,1993-07-02,GN2317,,,,,,,,,,,false,false,false,false,
landsd_only,,TAI WO SERVICE ROAD EAST,大窩東支路,N-TP,1987-02-06,GN417,,,,,,,,,,,false,false,false,false,
landsd_only,,TAI WO SERVICE ROAD WEST,大窩西支路,N-TP,1987-02-06,GN417,,,,,,,,,,,false,false,false,false,
landsd_only,,TAI WONG STREET EAST,大王東街,WC,1915-11-05,GN258,,,,,,,,,,,false,false,false,false,
landsd_only,,TAI WONG STREET WEST,大王西街,WC,1915-11-05,GN258,,,,,,,,,,,false,false,false,false,
landsd_only,,TAI YAU STREET,大有街,WTS,1961-09-08,GN1577,,,,,,,,,,,false,false,false,false,
landsd_only,,TAI YEUNG CHE ROAD,大陽輋路,TP,2005-06-03,GN2640,,,,,,,,,,,false,false,false,false,
landsd_only,,TAI YIP LANE,大業里,KT,2001-05-11,GN2972,,,,,,,,,,,false,false,false,false,
landsd_only,,TAK FUNG STREET,德豐街,KC,1989-03-31,GN1053,,,,,,,,,,,false,false,false,false,
landsd_only,,TAK HOI STREET,德海街,TW,1998-02-13,GN704,,,,,,,,,,,false,false,false,false,
landsd_only,,TAK HONG STREET,德康街,KC,1989-08-18,GN2830,,,,,,,,,,,false,false,false,false,
landsd_only,,TAK ON STREET,德安街,KC,1989-03-31,GN1053,,,,,,,,,,,false,false,false,false,
landsd_only,,TAK PO STREET,得寶街,ST,1986-01-17,GN245,,,,,,,,,,,false,false,false,false,
landsd_only,,TAK TAI PATH,德大徑,K&T,1972-09-15,GN2305,,,,,,,,,,,false,false,false,false,
landsd_only,,TAK TIN STREET,德田街,KT,1967-01-13,GN88,,,,,,,,,,,false,false,false,false,
landsd_only,,TAK TING STREET,德定街,KC,1989-03-31,GN1053,,,,,,,,,,,false,false,false,false,
landsd_only,,TAK WAH STREET,德華街,TW,1966-02-18,GN470,,,,,,,,,,,false,false,false,false,
landsd_only,,TAK YAN STREET,德仁街,WC,1969-12-12,GN2481,,,,,,,,,,,false,false,false,false,
landsd_only,,TAK YI STREET,得怡街,ST,1986-01-17,GN245,,,,,,,,,,,false,false,false,false,
landsd_only,,TAM KON CHAU ROAD,担竿洲路,YL,1992-01-10,GN162,,,,,,,,,,,false,false,false,false,
landsd_only,,TAM KON PO STREET,担杆莆街,ST,1982-03-12,GN827,,,,,,,,,,,false,false,false,false,
landsd_only,,TAM KON SHAN INTERCHANGE,担杆山交匯處,K&T,1988-07-22,GN2353,,,,,,,,,,,false,false,false,false,
landsd_only,,TAM KON SHAN ROAD,担杆山路,K&T,1993-09-30,GN3575,,,,,,,,,,,false,false,false,false,
landsd_only,,TAM KUNG TEMPLE ROAD,譚公廟道,E,1991-06-07,GN1960,,,,,,,,,,,false,false,false,false,
landsd_only,,TAN CHEUNG ROAD,躉場路,SK,1991-07-05,GN2294,,,,,,,,,,,false,false,false,false,
landsd_only,,TAN KWAI TSUEN ROAD,丹桂村路,YL,1973-06-29,GN1674,,,,,,,,,,,false,false,false,false,
landsd_only,,TAN SHAN ROAD,炭山路,SK,1991-05-24,GN1786,,,,,,,,,,,false,false,false,false,
landsd_only,,TAP MUN HOI PONG STREET,塔門海傍街,TP,2002-04-04,GN2092,,,,,,,,,,,false,false,false,false,
landsd_only,,TAT HONG AVENUE,達康路,SSP,2003-12-19,GN9049,,,,,,,,,,,false,false,false,false,
landsd_only,,TAT TUNG ROAD,達東路,Is,1997-04-25,GN2008,,,,,,,,,,,false,false,false,false,
landsd_only,,TAT WAN ROAD,達運道,TP,1997-03-14,GN1257,,,,,,,,,,,false,false,false,false,
landsd_only,,TAT YAN SQUARE,達仁坊,TM,1975-08-01,GN1693,,,,,,,,,,,false,false,false,false,
landsd_only,,TAT YEUNG ROAD,達洋路,SSP-K&T,1999-03-12,GN1362,,,,,,,,,,,false,false,false,false,
landsd_only,,TATE'S CAIRN HIGHWAY,大老山公路,ST,2015-11-13,GN8863,,,,,,,,,,,false,false,false,false,
landsd_only,,TATE'S CAIRN TUNNEL,大老山隧道,ST-WTS,1992-01-31,GN410,,,,,,,,,,,false,false,false,false,
landsd_only,,TEXACO ROAD,德士古道,K&T-TW,1962-11-23,GN2378,,,,,,,,,,,false,false,false,false,
landsd_only,,TEXACO ROAD NORTH,德士古道北,TW,1985-07-26,GN2429,,,,,,,,,,,false,false,false,false,
landsd_only,,THIRD SKY STREET,航天城第三街,Is,2021-09-24,GN6003,,,,,,,,,,,false,false,false,false,
landsd_only,,TIM FUK ROAD,添福道,KC,2001-06-08,GN3522,,,,,,,,,,,false,false,false,false,
landsd_only,,TIM MEI AVENUE,添美道,C&W,1997-10-17,GN1882,,,,,,,,,,,false,false,false,false,
landsd_only,,TIM WA AVENUE,添華道,C&W,1997-10-17,GN1882,,,,,,,,,,,false,false,false,false,
landsd_only,,TIN CHAU ROAD,田洲路,SK,1994-03-25,GN1094,,,,,,,,,,,false,false,false,false,
landsd_only,,TIN CHEUNG ROAD,天祥路,YL,1992-02-28,GN697,,,,,,,,,,,false,false,false,false,
landsd_only,,TIN CHING STREET,天靖街,YL,1991-12-13,GN4467,,,,,,,,,,,false,false,false,false,
landsd_only,,TIN CHUK STREET,天竹街,YL,1992-02-28,GN697,,,,,,,,,,,false,false,false,false,
landsd_only,,TIN FUK ROAD,天福路,YL,1991-12-13,GN4467,,,,,,,,,,,false,false,false,false,
landsd_only,,TIN HEI STREET,天喜街,YL,1992-02-28,GN697,,,,,,,,,,,false,false,false,false,
landsd_only,,TIN HO ROAD,天河路,YL,1991-12-13,GN4467,,,,,,,,,,,false,false,false,false,
landsd_only,,TIN KING ROAD,田景路,TM,1990-11-02,GN3965,,,,,,,,,,,false,false,false,false,
landsd_only,,TIN LUNG ROAD,天龍路,YL,1992-02-28,GN697,,,,,,,,,,,false,false,false,false,
landsd_only,,TIN MEI STREET,天美街,YL,1991-12-13,GN4467,,,,,,,,,,,false,false,false,false,
landsd_only,,TIN PAK ROAD,天柏路,YL,1992-02-28,GN697,,,,,,,,,,,false,false,false,false,
landsd_only,,TIN PING LANE,天平里,N,1999-10-29,GN6658,,,,,,,,,,,false,false,false,false,
landsd_only,,TIN PING ROAD,天平路,N,1992-01-03,GN64,,,,,,,,,,,false,false,false,false,
landsd_only,,TIN SHEK ROAD,田石路,SK,1991-07-05,GN2294,,,,,,,,,,,false,false,false,false,
landsd_only,,TIN SHING ROAD,天城路,YL,1992-02-28,GN697,,,,,,,,,,,false,false,false,false,
landsd_only,,TIN SHUN LANE,天順里,YL,1992-02-28,GN697,,,,,,,,,,,false,false,false,false,
landsd_only,,TIN TAN STREET,天壇街,YL,1992-02-28,GN697,,,,,,,,,,,false,false,false,false,
landsd_only,,TIN TEI YAN ROAD,天地人路,TM,1996-02-16,GN804,,,,,,,,,,,false,false,false,false,
landsd_only,,TIN TO STREET,天桃街,YL,1992-02-28,GN697,,,,,,,,,,,false,false,false,false,
landsd_only,,TIN TSZ ROAD,天慈路,YL,1992-02-28,GN697,,,,,,,,,,,false,false,false,false,
landsd_only,,TIN WAN CLOSE,田灣徑,S,1966-08-19,GN2126,,,,,,,,,,,false,false,false,false,
landsd_only,,TIN WING ROAD,天榮路,YL,1992-02-28,GN697,,,,,,,,,,,false,false,false,false,
landsd_only,,TIN WO ROAD,田禾路,TP,2022-10-07,GN5717,,,,,,,,,,,false,false,false,false,
landsd_only,,TIN WU ROAD,天湖路,YL,1991-12-13,GN4467,,,,,,,,,,,false,false,false,false,
landsd_only,,TIN YING ROAD,天影路,YL,2003-01-30,GN655,,,,,,,,,,,false,false,false,false,
landsd_only,,TIN YIU ROAD,天耀路,YL,1991-12-13,GN4467,,,,,,,,,,,false,false,false,false,
landsd_only,,TIN YUET ROAD,天月路,YL,2003-01-30,GN655,,,,,,,,,,,false,false,false,false,
landsd_only,,TING FU STREET,定富街,KT,1968-11-22,GN2411,,,,,,,,,,,false,false,false,false,
landsd_only,,TING FUNG STREET,定豐街,TW,1970-03-06,GN535,,,,,,,,,,,false,false,false,false,
landsd_only,,TING HING ROAD,汀慶路,TP,2000-05-05,GN2807,,,,,,,,,,,false,false,false,false,
landsd_only,,TING KWOK STREET,定國街,TW,1970-03-06,GN535,,,,,,,,,,,false,false,false,false,
landsd_only,,TING LAI ROAD,汀麗路,TP,1991-06-07,GN1959,,,,,,,,,,,false,false,false,false,
landsd_only,,TING ON STREET,定安街,KT,1968-11-22,GN2411,,,,,,,,,,,false,false,false,false,
landsd_only,,TING TAI ROAD,汀太路,TP,1990-08-03,GN2775,,,,,,,,,,,false,false,false,false,
landsd_only,,TING WO LANE,庭和里,SK,1993-02-19,GN554,,,,,,,,,,,false,false,false,false,
landsd_only,,TING YIP STREET,定業街,KT,1968-11-22,GN2411,,,,,,,,,,,false,false,false,false,
landsd_only,,TING YUE SQUARE,定裕坊,KT,1971-07-23,GN1641,,,,,,,,,,,false,false,false,false,
landsd_only,,TIP KING ROAD,蝶景路,TM,1994-07-29,GN2829,,,,,,,,,,,false,false,false,false,
landsd_only,,TO FUK ROAD,多福道,KC,1987-09-11,GN3005,,,,,,,,,,,false,false,false,false,
landsd_only,,TO FUNG SHAN ROAD,道風山路,ST,1994-07-29,GN2828,,,,,,,,,,,false,false,false,false,
landsd_only,,TO LAI ROAD,桃勵路,TM,2013-02-08,GN748,,,,,,,,,,,false,false,false,false,
landsd_only,,TO LOK ROAD,陶樂路,SK,1993-07-09,GN2388,,,,,,,,,,,false,false,false,false,
landsd_only,,TO WAH ROAD,渡華路,YTM,1998-05-22,GN2488,,,,,,,,,,,false,false,false,false,
landsd_only,,TO YUEN STREET,桃源街,SSP,1988-11-25,GN4046,,,,,,,,,,,false,false,false,false,
landsd_only,,TOLO HIGHWAY,吐露港公路,ST-TP,1985-08-30,GN2853,,,,,,,,,,,false,false,false,false,
landsd_only,,TONG BIN LANE,塘邊徑,S,1968-11-29,GN2445,,,,,,,,,,,false,false,false,false,
landsd_only,,TONG CHUN STREET,唐俊街,SK,2012-04-20,GN2687,,,,,,,,,,,false,false,false,false,
landsd_only,,TONG MING STREET,唐明街,SK,1998-06-26,GN3110,,,,,,,,,,,false,false,false,false,
landsd_only,,TONG TAI ROAD,唐泰路,YL,1994-09-16,GN3496,,,,,,,,,,,false,false,false,false,
landsd_only,,TONG TAK STREET,唐德街,SK,1998-06-26,GN3110,,,,,,,,,,,false,false,false,false,
landsd_only,,TONG YAM STREET,棠蔭街,SSP,1964-01-10,GN77,,,,,,,,,,,false,false,false,false,
landsd_only,,TONG YAN SAN TSUEN INTERCHANGE,唐人新村交匯處,YL,1991-06-28,GN2214,,,,,,,,,,,false,false,false,false,
landsd_only,,TONG YAN SAN TSUEN ROAD,唐人新村路,YL,1987-05-08,GN1540,,,,,,,,,,,false,false,false,false,
landsd_only,,TONG YAN SAN TSUEN WEST ROAD,唐人新村西路,YL,2012-12-14,GN8052,,,,,,,,,,,false,false,false,false,
landsd_only,,TONG YIN LANE,唐賢里,SK,1999-04-30,GN2382,,,,,,,,,,,false,false,false,false,
landsd_only,,TONG YIN STREET,唐賢街,SK,2012-12-14,GN8051,,,,,,,,,,,false,false,false,false,
landsd_only,,TONKIN STREET WEST,東京街西,SSP,1998-07-03,GN3230,,,,,,,,,,,false,false,false,false,
landsd_only,,TOWN PARK ROAD NORTH,公園北路,YL,1987-07-24,GN2387,,,,,,,,,,,false,false,false,false,
landsd_only,,TOWN PARK ROAD SOUTH,公園南路,YL,1987-07-24,GN2387,,,,,,,,,,,false,false,false,false,
landsd_only,,TRADEMART DRIVE,展貿徑,KT,1996-04-12,GN1658,,,,,,,,,,,false,false,false,false,
landsd_only,,TRAMWAY PATH,纜車徑,C&W,1975-10-17,GN2273,,,,,,,,,,,false,false,false,false,
landsd_only,,TSAN TUEN ROAD,贊端路,Is,1985-07-05,GN2166,,,,,,,,,,,false,false,false,false,
landsd_only,,TSANG TSUI ROAD,曾嘴路,TM,1993-02-12,GN479,,,,,,,,,,,false,false,false,false,
landsd_only,,TSAT PO STREET,七寶街,WTS,1961-09-08,GN1577,,,,,,,,,,,false,false,false,false,
landsd_only,,TSE WAI AVENUE,紫葳路,WTS,1970-03-06,GN536,,,,,,,,,,,false,false,false,false,
landsd_only,,TSEUK KIU STREET,雀橋街,SSP,1964-01-10,GN77,,,,,,,,,,,false,false,false,false,
landsd_only,,TSEUK LUK STREET,爵祿街,WTS,1961-09-08,GN1577,,,,,,,,,,,false,false,false,false,
landsd_only,,TSEUNG KWAN O TUNNEL ROAD,將軍澳隧道公路,SK-KT,2005-09-30,GN4965,,,,,,,,,,,false,false,false,false,
landsd_only,,TSEUNG LAM HIGHWAY,將藍公路,KT-SK,2022-11-25,GN6835,,,,,,,,,,,false,false,false,false,
landsd_only,,TSING BIK STREET,青碧街,TM,1990-03-02,GN776,,,,,,,,,,,false,false,false,false,
landsd_only,,TSING CHIN STREET,青芊街,K&T,1986-09-12,GN3157,,,,,,,,,,,false,false,false,false,
landsd_only,,TSING CHUEN WAI ROAD,青磚圍路,TM,1996-02-16,GN807,,,,,,,,,,,false,false,false,false,
landsd_only,,TSING CHUI PATH,青翠徑,TM,1986-08-15,GN2819,,,,,,,,,,,false,false,false,false,
landsd_only,,TSING CHUNG KOON ROAD,青松觀路,TM,1986-08-15,GN2819,,,,,,,,,,,false,false,false,false,
landsd_only,,TSING FAT LANE,青發里,TM,1999-08-13,GN4641,,,,,,,,,,,false,false,false,false,
landsd_only,,TSING FAT STREET,青發街,TM,2001-04-12,GN2402,,,,,,,,,,,false,false,false,false,
landsd_only,,TSING FUK LANE,青福里,TM,1992-05-29,GN1862,,,,,,,,,,,false,false,false,false,
landsd_only,,TSING HA LANE,青霞里,TM,1994-07-29,GN2830,,,,,,,,,,,false,false,false,false,
landsd_only,,TSING HO SQUARE,青河坊,TM,1984-11-30,GN3531,,,,,,,,,,,false,false,false,false,
landsd_only,,TSING HUNG ROAD,青鴻路,K&T,2003-08-29,GN5945,,,,,,,,,,,false,false,false,false,
landsd_only,,TSING KEUNG STREET,青強街,K&T,1988-07-22,GN2353,,,,,,,,,,,false,false,false,false,
landsd_only,,TSING KING ROAD,青敬路,K&T,1996-05-17,GN2188,,,,,,,,,,,false,false,false,false,
landsd_only,,TSING KO ROAD,青高路,K&T,2004-12-17,GN8103,,,,,,,,,,,false,false,false,false,
landsd_only,,TSING KWAI HIGHWAY,青葵公路,K&T-SSP,2002-02-22,GN1175,,,,,,,,,,,false,false,false,false,
landsd_only,,TSING LAM ROAD,青欖路,TM,1999-09-03,GN5149,,,,,,,,,,,false,false,false,false,
landsd_only,,TSING LONG HIGHWAY,青朗公路,YL-TM-TW-K&T,1998-11-06,GN5414,,,,,,,,,,,false,false,false,false,
landsd_only,,TSING LUK STREET,青綠街,K&T,1991-02-22,GN648,,,,,,,,,,,false,false,false,false,
landsd_only,,TSING LUN ROAD,青麟路,TM,1997-06-27,GN3222,,,,,,,,,,,false,false,false,false,
landsd_only,,TSING MUI STREET,清梅街,K&T,1991-03-28,GN1088,,,,,,,,,,,false,false,false,false,
landsd_only,,TSING NAM STREET,青南街,K&T,1986-09-12,GN3157,,,,,,,,,,,false,false,false,false,
landsd_only,,TSING ON STREET,靜安街,WTS,1963-10-11,GN2014,,,,,,,,,,,false,false,false,false,
landsd_only,,TSING SAN PATH,青新徑,TM,1986-08-15,GN2819,,,,,,,,,,,false,false,false,false,
landsd_only,,TSING SHA HIGHWAY,青沙公路,K&T-SSP-ST,2009-12-18,GN7995,,,,,,,,,,,false,false,false,false,
landsd_only,,TSING SHAN MONASTERY PATH,青山寺徑,TM,2005-03-18,GN1294,,,,,,,,,,,false,false,false,false,
landsd_only,,TSING SHEUNG LANE,青尚里,K&T,2005-06-30,GN3130,,,,,,,,,,,false,false,false,false,
landsd_only,,TSING SHEUNG ROAD,青尚路,K&T,2004-12-17,GN8103,,,,,,,,,,,false,false,false,false,
landsd_only,,TSING SUM STREET,清心街,K&T,1986-09-12,GN3157,,,,,,,,,,,false,false,false,false,
landsd_only,,TSING TIM STREET,清甜街,K&T,1988-07-22,GN2353,,,,,,,,,,,false,false,false,false,
landsd_only,,TSING TIN ROAD,青田路,TM,1990-11-30,GN4336,,,,,,,,,,,false,false,false,false,
landsd_only,,TSING TO PATH,青桃徑,TM,1986-08-15,GN2819,,,,,,,,,,,false,false,false,false,
landsd_only,,TSING TSUEN ROAD,青荃路,K&T-TW,1987-12-24,GN4315,,,,,,,,,,,false,false,false,false,
landsd_only,,TSING YAN STREET,青茵街,TM,1991-02-08,GN503,,,,,,,,,,,false,false,false,false,
landsd_only,,TSING YI HONG WAN ROAD,青衣航運路,K&T,2009-12-18,GN7995,,,,,,,,,,,false,false,false,false,
landsd_only,,TSING YI INTERCHANGE,青衣交匯處,K&T,2002-02-22,GN1175,,,,,,,,,,,false,false,false,false,
landsd_only,,TSING YI NORTH COASTAL ROAD,青衣北岸公路,K&T,1999-06-25,GN3548,,,,,,,,,,,false,false,false,false,
landsd_only,,TSING YI ROAD WEST,青衣西路,K&T,1988-07-22,GN2353,,,,,,,,,,,false,false,false,false,
landsd_only,,TSING YICK ROAD,青亦路,TM,2014-05-09,GN2737,,,,,,,,,,,false,false,false,false,
landsd_only,,TSING YING ROAD,青盈路,TM,2013-03-01,GN1161,,,,,,,,,,,false,false,false,false,
landsd_only,,TSING YIP STREET,青葉街,K&T,1986-09-12,GN3157,,,,,,,,,,,false,false,false,false,
landsd_only,,TSING YU STREET,清譽街,K&T,1991-02-22,GN648,,,,,,,,,,,false,false,false,false,
landsd_only,,TSIU KENG ROAD,蕉徑路,N,2008-05-02,GN2892,,,,,,,,,,,false,false,false,false,
landsd_only,,TSO KUNG SQUARE,曹公坊,TW,1963-06-21,GN1134,,,,,,,,,,,false,false,false,false,
landsd_only,,TSO KUNG STREET,曹公街,TW,1963-06-21,GN1134,,,,,,,,,,,false,false,false,false,
landsd_only,,TSO WO ROAD,早禾路,SK,1994-04-22,GN1429,,,,,,,,,,,false,false,false,false,
landsd_only,,TSUEN HING PATH,荃興徑,TW,1972-09-15,GN2305,,,,,,,,,,,false,false,false,false,
landsd_only,,TSUEN LOK STREET,荃樂街,TW,1973-03-16,GN704,,,,,,,,,,,false,false,false,false,
landsd_only,,TSUEN TSING INTERCHANGE,荃青交匯處,K&T-TW,2001-04-06,GN2270,,,,,,,,,,,false,false,false,false,
landsd_only,,TSUEN YIP STREET,荃業街,TW,1987-12-24,GN4316,,,,,,,,,,,false,false,false,false,
landsd_only,,TSUI FUNG STREET,翠鳳街,WTS,1963-11-08,GN2197,,,,,,,,,,,false,false,false,false,
landsd_only,,TSUI LAM ROAD,翠琳路,SK,1988-07-22,GN2355,,,,,,,,,,,false,false,false,false,
landsd_only,,TSUI SING ROAD,聚星路,YL,2003-05-30,GN3665,,,,,,,,,,,false,false,false,false,
landsd_only,,TSUI WAN STREET,翠灣街,E,1996-11-22,GN5409,,,,,,,,,,,false,false,false,false,
landsd_only,,TSUN KING ROAD,駿景路,ST,2005-06-03,GN2641,,,,,,,,,,,false,false,false,false,
landsd_only,,TSZ LUN ROAD,紫麟路,TM,2024-08-23,GN4962,,,,,,,,,,,false,false,false,false,
landsd_only,,TSZ WAH LANE,慈華里,WTS,1971-01-22,GN139,,,,,,,,,,,false,false,false,false,
landsd_only,,TSZ WAN SHAN ROAD,慈雲山道,WTS,1966-06-30,GN1684,,,,,,,,,,,false,false,false,false,
landsd_only,,TUEN FU ROAD,屯富路,TM,1999-04-09,GN1946,,,,,,,,,,,false,false,false,false,
landsd_only,,TUEN HI ROAD,屯喜路,TM,1986-08-15,GN2819,,,,,,,,,,,false,false,false,false,
landsd_only,,TUEN HING ROAD,屯興路,TM,1997-09-12,GN1252,,,,,,,,,,,false,false,false,false,
landsd_only,,TUEN HOP STREET,屯合街,TM,1989-06-09,GN1978,,,,,,,,,,,false,false,false,false,
landsd_only,,TUEN KWAI ROAD,屯貴路,TM,2002-01-25,GN611,,,,,,,,,,,false,false,false,false,
landsd_only,,TUEN LOK LANE,屯樂里,TM,2021-12-03,GN7633,,,,,,,,,,,false,false,false,false,
landsd_only,,TUEN MUN CHEK LAP KOK TUNNEL ROAD,屯門赤鱲角隧道公路,TM-Is,2020-11-06,GN6474,,,,,,,,,,,false,false,false,false,
landsd_only,,TUEN ON LANE,屯安里,TM,1999-04-09,GN1944,,,,,,,,,,,false,false,false,false,
landsd_only,,TUEN SHUN STREET,屯順街,TM,1989-06-09,GN1978,,,,,,,,,,,false,false,false,false,
landsd_only,,TUEN TSING LANE,屯青里,TM,1991-07-19,GN2512,,,,,,,,,,,false,false,false,false,
landsd_only,,TUEN WUI STREET,屯匯街,TM,1989-06-09,GN1978,,,,,,,,,,,false,false,false,false,
landsd_only,,TUEN YAN STREET,屯仁街,TM,1990-11-02,GN3963,,,,,,,,,,,false,false,false,false,
landsd_only,,TUEN YEE STREET,屯義街,TM,1990-11-02,GN3962,,,,,,,,,,,false,false,false,false,
landsd_only,,TUN YU ROAD,惇裕路,YL,2006-07-14,GN4443,,,,,,,,,,,false,false,false,false,
landsd_only,,TUNG CHI STREET,童子街,K&T,1966-03-11,GN687,,,,,,,,,,,false,false,false,false,
landsd_only,,TUNG CHUNG EASTERN INTERCHANGE,東涌東交匯處,Is,1997-04-25,GN2008,,,,,,,,,,,false,false,false,false,
landsd_only,,TUNG CHUNG ROAD NORTH,東涌道北,Is,2008-07-11,GN4753,,,,,,,,,,,false,false,false,false,
landsd_only,,TUNG CHUNG WATERFRONT ROAD,東涌海濱路,Is,1998-06-19,GN2978,,,,,,,,,,,false,false,false,false,
landsd_only,,TUNG FAT ROAD,東發道,WTS,1967-02-24,GN428,,,,,,,,,,,false,false,false,false,
landsd_only,,TUNG FAT SQUARE,同發坊,TP,1966-03-11,GN688,,,,,,,,,,,false,false,false,false,
landsd_only,,TUNG HEI ROAD,東喜道,E,1991-06-07,GN1960,,,,,,,,,,,false,false,false,false,
landsd_only,,TUNG KIN ROAD,東健道,E,1997-07-25,GN385,,,,,,,,,,,false,false,false,false,
landsd_only,,TUNG KWONG ROAD,東光道,WTS,1967-02-24,GN428,,,,,,,,,,,false,false,false,false,
landsd_only,,TUNG LAM TERRACE,東林台,TW,1998-05-29,GN2631,,,,,,,,,,,false,false,false,false,
landsd_only,,TUNG LEI ROAD,東利道,WTS,1967-02-24,GN428,,,,,,,,,,,false,false,false,false,
landsd_only,,TUNG LEUNG LANE,棟樑里,TP,1993-04-30,GN1435,,,,,,,,,,,false,false,false,false,
landsd_only,,TUNG LEUNG ROAD,棟樑路,TP,1993-04-30,GN1435,,,,,,,,,,,false,false,false,false,
landsd_only,,TUNG LUNG ROAD,東隆道,WTS,1967-02-24,GN428,,,,,,,,,,,false,false,false,false,
landsd_only,,TUNG MAU SQUARE,同茂坊,TP,1966-03-11,GN688,,,,,,,,,,,false,false,false,false,
landsd_only,,TUNG SAU SQUARE,同秀坊,TP,1966-03-11,GN688,,,,,,,,,,,false,false,false,false,
landsd_only,,TUNG SHAN TERRACE,東山臺,WC,1962-04-19,GN869,,,,,,,,,,,false,false,false,false,
landsd_only,,TUNG TAI LANE,東泰里,WTS,1967-02-24,GN428,,,,,,,,,,,false,false,false,false,
landsd_only,,TUNG TAU TSUEN ROAD,東頭村道,KC-WTS,1963-11-08,GN2197,,,,,,,,,,,false,false,false,false,
landsd_only,,TUNG TSING ROAD,東正道,KC-WTS,1967-02-24,GN428,,,,,,,,,,,false,false,false,false,
landsd_only,,TUNG TSZ SHAN ROAD,洞梓山路,TP,1997-01-24,GN424,,,,,,,,,,,false,false,false,false,
landsd_only,,TUNG WAN ROAD,東灣路,Is,1984-01-20,GN204,,,,,,,,,,,false,false,false,false,
landsd_only,,TUNG WO STREET,同和街,TW,1996-11-08,GN5164,,,,,,,,,,,false,false,false,false,
landsd_only,,TUNG WONG ROAD,東旺道,E,1997-07-25,GN385,,,,,,,,,,,false,false,false,false,
landsd_only,,TUNG WUI ROAD,東匯路,YL,2002-11-15,GN7434,,,,,,,,,,,false,false,false,false,
landsd_only,,TUNG YUEN STREET,東源街,KT,1967-03-17,GN603,,,,,,,,,,,false,false,false,false,
landsd_only,,UN FUK LANE,元福里,C&W,1967-12-08,GN2628,,,,,,,,,,,false,false,false,false,
landsd_only,,UNIVERSITY ROAD,大學道,SK,1991-07-05,GN2295,,,,,,,,,,,false,false,false,false,
landsd_only,,UPPER STATION STREET,差館上街,C&W,1887-09-03,GN356,,,,,,,,,,,false,false,false,false,
landsd_only,,VICTORIA PARK ROAD,維園道,WC,1972-12-29,GN3318,,,,,,,,,,,false,false,false,false,
landsd_only,,VICTORIA ROAD,域多利道,C&W-S,1981-01-09,GN188,,,,,,,,,,,false,false,false,false,
landsd_only,,VISTA AVENUE,海寧徑,Is,1994-11-18,GN4386,,,,,,,,,,,false,false,false,false,
landsd_only,,WA FUK STREET,華福街,SK,1987-02-13,GN510,,,,,,,,,,,false,false,false,false,
landsd_only,,WA FUN STREET,華歡街,SK,1987-02-13,GN510,,,,,,,,,,,false,false,false,false,
landsd_only,,WA FUNG STREET,華豐街,KC,1923-09-28,GN411,,,,,,,,,,,false,false,false,false,
landsd_only,,WA SHUN STREET,華信街,KC,2002-08-09,GN4899,,,,,,,,,,,false,false,false,false,
landsd_only,,WA YUNG ROAD,華容路,SK,1987-02-13,GN510,,,,,,,,,,,false,false,false,false,
landsd_only,,WAH CHEUNG STREET,華昌街,S,1977-05-13,GN1088,,,,,,,,,,,false,false,false,false,
landsd_only,,WAH CHUI STREET,華翠街,S,2002-08-09,GN4898,,,,,,,,,,,false,false,false,false,
landsd_only,,WAH FAT STREET,華發街,TM,1989-06-09,GN1978,,,,,,,,,,,false,false,false,false,
landsd_only,,WAH FU ROAD,華富道,S,1977-05-13,GN1088,,,,,,,,,,,false,false,false,false,
landsd_only,,WAH HA STREET,華廈街,E,1966-07-08,GN1759,,,,,,,,,,,false,false,false,false,
landsd_only,,WAH HONG STREET,華康街,S,2002-08-09,GN4898,,,,,,,,,,,false,false,false,false,
landsd_only,,WAH KING STREET,華景街,S,1987-04-24,GN1366,,,,,,,,,,,false,false,false,false,
landsd_only,,WAH KWAI ROAD,華貴道,S,1999-05-14,GN2686,,,,,,,,,,,false,false,false,false,
landsd_only,,WAH LAM PATH,華林徑,S,1977-05-13,GN1088,,,,,,,,,,,false,false,false,false,
landsd_only,,WAH LOK PATH,華樂徑,S,1977-05-13,GN1088,,,,,,,,,,,false,false,false,false,
landsd_only,,WAH LUNG PATH,華隆徑,S,1994-01-14,GN177,,,,,,,,,,,false,false,false,false,
landsd_only,,WAH MING LANE,華明里,N,1999-02-26,GN968,,,,,,,,,,,false,false,false,false,
landsd_only,,WAH MING ROAD,華明路,N,1992-03-06,GN833,,,,,,,,,,,false,false,false,false,
landsd_only,,WAH TING STREET,華庭街,S,1998-06-26,GN3111,,,,,,,,,,,false,false,false,false,
landsd_only,,WAI FAT ROAD,偉發道,KT,1993-08-20,GN3000,,,,,,,,,,,false,false,false,false,
landsd_only,,WAI HANG STREET,惠亨街,E,1964-02-07,GN313,,,,,,,,,,,false,false,false,false,
landsd_only,,WAI HON ROAD,維翰路,N,1995-01-13,GN155,,,,,,,,,,,false,false,false,false,
landsd_only,,WAI KEK STREET,圍乪街,K&T,1964-05-29,GN1346,,,,,,,,,,,false,false,false,false,
landsd_only,,WAI LUN STREET,偉倫街,SSP,2002-11-01,GN7043,,,,,,,,,,,false,false,false,false,
landsd_only,,WAI MAN ROAD,惠民路,SK,2004-10-15,GN6703,,,,,,,,,,,false,false,false,false,
landsd_only,,WAI MING STREET,偉明街,N,1992-03-06,GN833,,,,,,,,,,,false,false,false,false,
landsd_only,,WAI PING CLOSE,衞平坊,N,1995-01-13,GN155,,,,,,,,,,,false,false,false,false,
landsd_only,,WAI SHIN STREET,懷善街,TP,2005-03-24,GN1412,,,,,,,,,,,false,false,false,false,
landsd_only,,WAI TSAI STREET,圍仔街,Is,1985-10-18,GN3454,,,,,,,,,,,false,false,false,false,
landsd_only,,WAI TUNG ROAD,惠東路,Is,1998-06-19,GN2978,,,,,,,,,,,false,false,false,false,
landsd_only,,WAI WAH STREET,惠華街,WTS,1966-06-30,GN1684,,,,,,,,,,,false,false,false,false,
landsd_only,,WAI WAN LANE,衞環里,KC,1990-08-31,GN3104,,,,,,,,,,,false,false,false,false,
landsd_only,,WAI WO STREET,衞和街,N,1995-01-13,GN155,,,,,,,,,,,false,false,false,false,
landsd_only,,WAN FUNG STREET,環鳳街,WTS,1968-04-11,GN726,,,,,,,,,,,false,false,false,false,
landsd_only,,WAN HANG ROAD,運亨路,SK,1993-07-09,GN2388,,,,,,,,,,,false,false,false,false,
landsd_only,,WAN HON LANE,雲漢里,KT,1991-02-13,GN564,,,,,,,,,,,false,false,false,false,
landsd_only,,WAN HON STREET,雲漢街,KT,1964-04-03,GN818,,,,,,,,,,,false,false,false,false,
landsd_only,,WAN KING PATH,灣景街,SK,1973-12-07,GN3147,,,,,,,,,,,false,false,false,false,
landsd_only,,WAN LUNG ROAD,運隆路,SK,1993-07-09,GN2388,,,,,,,,,,,false,false,false,false,
landsd_only,,WAN PO ROAD,環保大道,SK,2005-09-30,GN4965,,,,,,,,,,,false,false,false,false,
landsd_only,,WAN POON PATH,灣畔徑,SK,2004-01-16,GN528,,,,,,,,,,,false,false,false,false,
landsd_only,,WAN SHAN ROAD,環山路,TM,1998-12-18,GN6282,,,,,,,,,,,false,false,false,false,
landsd_only,,WAN TAU KOK LANE,運頭角里,TP,1983-09-30,GN3133,,,,,,,,,,,false,false,false,false,
landsd_only,,WAN TAU SQUARE,運頭坊,TP,1972-05-05,GN1092,,,,,,,,,,,false,false,false,false,
landsd_only,,WAN TAU STREET,運頭街,TP,1972-05-05,GN1092,,,,,,,,,,,false,false,false,false,
landsd_only,,WAN TIN PATH,雲天徑,E,1985-09-06,GN2936,,,,,,,,,,,false,false,false,false,
landsd_only,,WAN TSUI ROAD,環翠道,E,1964-08-21,GN2339,,,,,,,,,,,false,false,false,false,
landsd_only,,WAN WAH STREET,雲華街,WTS,2001-01-05,GN105,,,,,,,,,,,false,false,false,false,
landsd_only,,WAN YING STREET,運盈街,WC,2003-02-28,GN1362,,,,,,,,,,,false,false,false,false,
landsd_only,,WANG CHIN STREET,宏展街,KT,1985-11-08,GN3721,,,,,,,,,,,false,false,false,false,
landsd_only,,WANG KEE STREET,宏基街,KT,1985-12-13,GN4098,,,,,,,,,,,false,false,false,false,
landsd_only,,WANG LUNG STREET,橫龍街,TW,1963-06-21,GN1134,,,,,,,,,,,false,false,false,false,
landsd_only,,WANG POK STREET,橫壆街,ST,1982-03-12,GN827,,,,,,,,,,,false,false,false,false,
landsd_only,,WANG PUI ROAD,宏貝道,Is,1970-06-05,GN1156,,,,,,,,,,,false,false,false,false,
landsd_only,,WANG TAU HOM CENTRAL ROAD,橫頭磡中道,WTS,1966-07-29,GN1951,,,,,,,,,,,false,false,false,false,
landsd_only,,WANG TAU HOM EAST ROAD,橫頭磡東道,WTS,1966-07-29,GN1951,,,,,,,,,,,false,false,false,false,
landsd_only,,WANG TAU HOM NORTH ROAD,橫頭磡北道,WTS,1966-07-29,GN1951,,,,,,,,,,,false,false,false,false,
landsd_only,,WANG TAU HOM SOUTH ROAD,橫頭磡南道,WTS,1966-07-29,GN1951,,,,,,,,,,,false,false,false,false,
landsd_only,,WANG TOI SHAN SHAN TSUEN ROAD,橫台山散村路,YL,2005-04-22,GN1896,,,,,,,,,,,false,false,false,false,
landsd_only,,WANG TUNG STREET,宏通街,KT,1985-12-13,GN4098,,,,,,,,,,,false,false,false,false,
landsd_only,,WANG WO TSAI STREET,橫窩仔街,TW,1963-06-21,GN1134,,,,,,,,,,,false,false,false,false,
landsd_only,,WATERFALL BAY ROAD,瀑布灣道,S,1977-05-13,GN1088,,,,,,,,,,,false,false,false,false,
landsd_only,,WATFORD ROAD,和福道,C&W,1966-05-27,GN1388,,,,,,,,,,,false,false,false,false,
landsd_only,,WELFARE ROAD,惠福道,S,1969-09-26,GN1915,,,,,,,,,,,false,false,false,false,
landsd_only,,WEST KOWLOON CORRIDOR,西九龍走廊,YTM-SSP,2007-04-27,GN2709,,,,,,,,,,,false,false,false,false,
landsd_only,,WEST KOWLOON CORRIDOR WEST,西九龍走廊西,YTM-SSP,2007-09-21,GN6231,,,,,,,,,,,false,false,false,false,
landsd_only,,WESTERN FIRE SERVICES STREET,西消防街,C&W,1991-04-04,GN1168,,,,,,,,,,,false,false,false,false,
landsd_only,,WESTERN STREET,西邊街,C&W,1888-02-25,GN81,,,,,,,,,,,false,false,false,false,
landsd_only,,WILSON ROAD,衞信道,WC,1962-02-09,GN285,,,,,,,,,,,false,false,false,false,
landsd_only,,WING CHUK STREET,穎竹街,WTS,1986-01-24,GN327,,,,,,,,,,,false,false,false,false,
landsd_only,,WING FAT LANE,榮發里,TM,1989-06-09,GN1978,,,,,,,,,,,false,false,false,false,
landsd_only,,WING LAI ROAD,穎禮路,SK,1990-12-28,GN4644,,,,,,,,,,,false,false,false,false,
landsd_only,,WING MING STREET,永明街,SSP,1970-07-10,GN1428,,,,,,,,,,,false,false,false,false,
landsd_only,,WING TAK STREET,永德街,TW,1996-06-28,GN2858,,,,,,,,,,,false,false,false,false,
landsd_only,,WING TING ROAD,永定道,WTS,1996-04-26,GN1905,,,,,,,,,,,false,false,false,false,
landsd_only,,WING YIN STREET,永賢街,K&T,1995-08-25,GN3407,,,,,,,,,,,false,false,false,false,
landsd_only,,WO CHUNG STREET,和衷街,KC,1965-04-09,GN914,,,,,,,,,,,false,false,false,false,
landsd_only,,WO FUNG STREET,和豐街,N,1970-03-06,GN534,,,,,,,,,,,false,false,false,false,
landsd_only,,WO HING ROAD,和興路,N,1992-03-06,GN833,,,,,,,,,,,false,false,false,false,
landsd_only,,WO HONG PATH,和康徑,KT,1986-06-27,GN2181,,,,,,,,,,,false,false,false,false,
landsd_only,,WO KA LAU ROAD,和家樓路,N,1999-02-26,GN972,,,,,,,,,,,false,false,false,false,
landsd_only,,WO KENG SHAN ROAD,禾徑山路,N,1995-09-15,GN3732,,,,,,,,,,,false,false,false,false,
landsd_only,,WO KWAI LANE,禾葵里,K&T,2001-07-13,GN4245,,,,,,,,,,,false,false,false,false,
landsd_only,,WO LOK LANE,和樂里,N,2024-03-01,GN1176,,,,,,,,,,,false,false,false,false,
landsd_only,,WO LUNG STREET,和隆街,N,1970-03-06,GN534,,,,,,,,,,,false,false,false,false,
landsd_only,,WO MEI HUNG MIN ROAD,窩美紅棉路,SK,2003-05-16,GN3285,,,,,,,,,,,false,false,false,false,
landsd_only,,WO MING LANE,和鳴里,N,1999-02-26,GN971,,,,,,,,,,,false,false,false,false,
landsd_only,,WO MUK ROAD,和睦路,N,1995-01-13,GN154,,,,,,,,,,,false,false,false,false,
landsd_only,,WO MUN STREET,和滿街,N,1995-01-13,GN154,,,,,,,,,,,false,false,false,false,
landsd_only,,WO PING SAN TSUEN LANE,和平新村里,TM,1993-02-12,GN479,,,,,,,,,,,false,false,false,false,
landsd_only,,WO SHUN LANE,和順里,Is,2006-03-03,GN1461,,,,,,,,,,,false,false,false,false,
landsd_only,,WO TAI STREET,和泰街,N,1995-01-13,GN154,,,,,,,,,,,false,false,false,false,
landsd_only,,WO TIK STREET,禾笛街,TW,1963-06-21,GN1134,,,,,,,,,,,false,false,false,false,
landsd_only,,WO TONG TSUI STREET,禾塘咀街,K&T,1970-03-06,GN535,,,,,,,,,,,false,false,false,false,
landsd_only,,WO YI HOP INTERCHANGE,和宜合交匯處,TW,1990-11-02,GN3966,,,,,,,,,,,false,false,false,false,
landsd_only,,WO YI HOP LANE,和宜合里,TW-K&T,1991-03-08,GN816,,,,,,,,,,,false,false,false,false,
landsd_only,,WO YI HOP ROAD,和宜合道,K&T-TW,1970-03-06,GN535,,,,,,,,,,,false,false,false,false,
landsd_only,,WONG CHUK YEUNG TSUEN PATH,黃竹洋村徑,ST,1992-12-04,GN4337,,,,,,,,,,,false,false,false,false,
landsd_only,,WONG HAU SHAN DRIVE,皇后山徑,N,1995-09-01,GN3544,,,,,,,,,,,false,false,false,false,
landsd_only,,WONG KUK AVENUE,黃菊路,WTS,1970-03-06,GN536,,,,,,,,,,,false,false,false,false,
landsd_only,,WONG LUNG HANG ROAD,黃龍坑道,Is,1970-06-05,GN1156,,,,,,,,,,,false,false,false,false,
landsd_only,,WONG MA KOK PATH,黃麻角徑,S,1997-07-25,GN386,,,,,,,,,,,false,false,false,false,
landsd_only,,WONG NAI TUN TSUEN ROAD,黃泥墩村路,YL,2012-01-13,GN230,,,,,,,,,,,false,false,false,false,
landsd_only,,WONG UK LANE,王屋里,ST,1994-07-08,GN2510,,,,,,,,,,,false,false,false,false,
landsd_only,,WONG YI AU ROAD,黃宜坳路,TP,2004-12-10,GN7972,,,,,,,,,,,false,false,false,false,
landsd_only,,WONG YIN STREET,旺賢街,TM,1990-11-02,GN3965,,,,,,,,,,,false,false,false,false,
landsd_only,,WOO HOP STREET,和合街,C&W,1925-10-23,GN608,,,,,,,,,,,false,false,false,false,
landsd_only,,WORLD WIDE LANE,環球里,C&W,2007-05-11,GN3079,,,,,,,,,,,false,false,false,false,
landsd_only,,WU CHEONG STREET,湖昌街,TM,1994-07-29,GN2829,,,,,,,,,,,false,false,false,false,
landsd_only,,WU CHUI ROAD,湖翠路,TM,1990-03-02,GN776,,,,,,,,,,,false,false,false,false,
landsd_only,,WU FAI STREET,湖暉街,TM,1994-07-29,GN2829,,,,,,,,,,,false,false,false,false,
landsd_only,,WU HONG STREET,湖康街,TM,1990-03-02,GN776,,,,,,,,,,,false,false,false,false,
landsd_only,,WU KAI SHA ROAD,烏溪沙路,ST,2012-03-02,GN1335,,,,,,,,,,,false,false,false,false,
landsd_only,,WU KAU TANG ROAD,烏蛟騰路,N,1999-10-29,GN6660,,,,,,,,,,,false,false,false,false,
landsd_only,,WU KWONG STREET,湖光街,KC,1971-10-08,GN2314,,,,,,,,,,,false,false,false,false,
landsd_only,,WU ON STREET,湖安街,TM,1991-07-19,GN2514,,,,,,,,,,,false,false,false,false,
landsd_only,,WU POON STREET,湖畔街,TM,1994-07-29,GN2829,,,,,,,,,,,false,false,false,false,
landsd_only,,WU SAU STREET,湖秀街,TM,1991-07-19,GN2514,,,,,,,,,,,false,false,false,false,
landsd_only,,WU TIP SHAN ROAD,蝴蝶山路,N,1996-06-21,GN2739,,,,,,,,,,,false,false,false,false,
landsd_only,,WU YUET STREET,湖月街,TM,1994-07-29,GN2829,,,,,,,,,,,false,false,false,false,
landsd_only,,WUI TUNG STREET,匯東街,Is,2024-09-06,GN5323,,,,,,,,,,,false,false,false,false,
landsd_only,,WUN TUNG STREET,運通街,TW,1973-03-16,GN704,,,,,,,,,,,false,false,false,false,
landsd_only,,YAN CHAI STREET,仁濟街,TW,1982-08-06,GN2500,,,,,,,,,,,false,false,false,false,
landsd_only,,YAN CHEUNG ROAD,欣翔道,YTM,1998-05-22,GN2488,,,,,,,,,,,false,false,false,false,
landsd_only,,YAN CHING STREET,仁政街,TM,1990-11-02,GN3963,,,,,,,,,,,false,false,false,false,
landsd_only,,YAN FUNG STREET,仁風街,KC,1965-04-09,GN914,,,,,,,,,,,false,false,false,false,
landsd_only,,YAN KING ROAD,欣景路,SK,1993-12-24,GN4725,,,,,,,,,,,false,false,false,false,
landsd_only,,YAN OI STREET,仁愛街,WTS,1961-09-08,GN1577,,,,,,,,,,,false,false,false,false,
landsd_only,,YAN SHING LANE,欣盛里,N,1995-01-20,GN245,,,,,,,,,,,false,false,false,false,
landsd_only,,YAN TAK LANE,仁德里,WC,1966-12-09,GN3091,,,,,,,,,,,false,false,false,false,
landsd_only,,YAN TUNG LANE,仁東里,Is,2025-07-25,GN4611,,,,,,,,,,,false,false,false,false,
landsd_only,,YAN WO LANE,人和里,TP,1972-08-11,GN1983,,,,,,,,,,,false,false,false,false,
landsd_only,,YAN YEE ROAD,仁義路,SK,1986-08-15,GN2817,,,,,,,,,,,false,false,false,false,
landsd_only,,YAN YIP STREET,欣業街,KT,1991-01-25,GN304,,,,,,,,,,,false,false,false,false,
landsd_only,,YAN YUE WAI,仁宇圍,KT,1972-11-10,GN2866,,,,,,,,,,,false,false,false,false,
landsd_only,,YAN YUNG STREET,仁勇街,KC,1999-03-26,GN1723,,,,,,,,,,,false,false,false,false,
landsd_only,,YAT CHEUNG STREET,逸祥街,ST,2007-06-15,GN3924,,,,,,,,,,,false,false,false,false,
landsd_only,,YAT MING ROAD,一鳴路,N,1992-03-06,GN833,,,,,,,,,,,false,false,false,false,
landsd_only,,YAT NGA LANE,逸雅里,TP,1995-10-13,GN4259,,,,,,,,,,,false,false,false,false,
landsd_only,,YAT TUNG STREET,逸東街,Is,2004-03-12,GN1738,,,,,,,,,,,false,false,false,false,
landsd_only,,YAT YIU AVENUE,逸遙路,TP,2006-10-13,GN6512,,,,,,,,,,,false,false,false,false,
landsd_only,,YAU CHEUNG ROAD,友翔道,YTM,1998-05-22,GN2488,,,,,,,,,,,false,false,false,false,
landsd_only,,YAU CHUEN STREET,友全街,YL,1993-07-23,GN2597,,,,,,,,,,,false,false,false,false,
landsd_only,,YAU HONG STREET,有康街,KT,1985-12-20,GN4164,,,,,,,,,,,false,false,false,false,
landsd_only,,YAU KING LANE,優景里,TP,2008-05-16,GN3267,,,,,,,,,,,false,false,false,false,
landsd_only,,YAU KWONG STREET,友光街,Is,1985-10-18,GN3454,,,,,,,,,,,false,false,false,false,
landsd_only,,YAU LAI ROAD,悠麗路,TW,1994-11-18,GN4385,,,,,,,,,,,false,false,false,false,
landsd_only,,YAU MA HOM ROAD,油麻磡路,TW,1970-03-06,GN535,,,,,,,,,,,false,false,false,false,
landsd_only,,YAU MA PO STREET,油麻莆街,SK,2005-06-30,GN3131,,,,,,,,,,,false,false,false,false,
landsd_only,,YAU MAN STREET,祐民街,E,1990-01-05,GN62,,,,,,,,,,,false,false,false,false,
landsd_only,,YAU MONG LANE,油旺里,YTM,2024-06-21,GN3555,,,,,,,,,,,false,false,false,false,
landsd_only,,YAU MOON STREET,祐滿街,KC,1973-01-12,GN99,,,,,,,,,,,false,false,false,false,
landsd_only,,YAU OI ROAD,友愛路,TM,1990-11-02,GN3962,,,,,,,,,,,false,false,false,false,
landsd_only,,YAU ON STREET,悠安街,ST,1991-05-03,GN1538,,,,,,,,,,,false,false,false,false,
landsd_only,,YAU POK ROAD,攸壆路,YL,1999-09-17,GN5409,,,,,,,,,,,false,false,false,false,
landsd_only,,YAU SHUN STREET,有信街,KT,1987-06-26,GN2040,,,,,,,,,,,false,false,false,false,
landsd_only,,YAU TIN EAST ROAD,攸田東路,YL,1994-12-09,GN4723,,,,,,,,,,,false,false,false,false,
landsd_only,,YAU TING STREET,悠定街,ST,1991-11-22,GN4198,,,,,,,,,,,false,false,false,false,
landsd_only,,YAU TONG LANE,油塘里,KT,2002-05-31,GN3295,,,,,,,,,,,false,false,false,false,
landsd_only,,YAU TONG ROAD,油塘道,KT,2002-04-26,GN2560,,,,,,,,,,,false,false,false,false,
landsd_only,,YAU YUE WAN VILLAGE ROAD,魷魚灣村道,SK,1989-10-06,GN3497,,,,,,,,,,,false,false,false,false,
landsd_only,,YEE KING ROAD,怡景道,E-WC,1973-12-28,GN3349,,,,,,,,,,,false,false,false,false,
landsd_only,,YEE WAI PATH,義懷徑,TW,2005-02-04,GN624,,,,,,,,,,,false,false,false,false,
landsd_only,,YEN CHOW STREET WEST,欽州街西,SSP,1998-07-03,GN3230,,,,,,,,,,,false,false,false,false,
landsd_only,,YEN MING ROAD,欽明路,SSP-YTM,1999-03-12,GN1362,,,,,,,,,,,false,false,false,false,
landsd_only,,YEUNG KING ROAD,楊景路,TM,1996-02-16,GN805,,,,,,,,,,,false,false,false,false,
landsd_only,,YEUNG TSING ROAD,楊青路,TM,1990-11-02,GN3964,,,,,,,,,,,false,false,false,false,
landsd_only,,YEUNG UK ROAD,楊屋道,TW,1962-11-23,GN2378,,,,,,,,,,,false,false,false,false,
landsd_only,,YI CHING LANE,宜正里,ST,1986-01-17,GN245,,,,,,,,,,,false,false,false,false,
landsd_only,,YI CHUN STREET,宜春街,SK,1973-12-07,GN3147,,,,,,,,,,,false,false,false,false,
landsd_only,,YI HONG STREET,怡康街,TW,1990-05-18,GN1802,,,,,,,,,,,false,false,false,false,
landsd_only,,YI LOK STREET,怡樂街,TW,1990-05-18,GN1802,,,,,,,,,,,false,false,false,false,
landsd_only,,YI NAM ROAD,怡南路,S,1994-01-14,GN176,,,,,,,,,,,false,false,false,false,
landsd_only,,YI NGA DRIVE,怡雅路,S,1994-01-14,GN176,,,,,,,,,,,false,false,false,false,
landsd_only,,YI PEI CHUN ROAD,二陂圳路,TW,1990-11-02,GN3961,,,,,,,,,,,false,false,false,false,
landsd_only,,YI PEI SQUARE,二陂坊,TW,1963-06-21,GN1134,,,,,,,,,,,false,false,false,false,
landsd_only,,YICK YUEN ROAD,亦園路,TM-YL,2004-08-13,GN5281,,,,,,,,,,,false,false,false,false,
landsd_only,,YIN HING STREET,衍慶街,WTS,1961-09-08,GN1577,,,,,,,,,,,false,false,false,false,
landsd_only,,YIN PING ROAD,延坪道,SSP,1998-06-26,GN3109,,,,,,,,,,,false,false,false,false,
landsd_only,,YING FAI TERRACE,英輝台,C&W,1926-05-07,GN255,,,,,,,,,,,false,false,false,false,
landsd_only,,YING FUK STREET,盈福街,YL,2001-11-30,GN7500,,,,,,,,,,,false,false,false,false,
landsd_only,,YING HO ROAD,映河路,YL,2012-10-26,GN7020,,,,,,,,,,,false,false,false,false,
landsd_only,,YING HONG STREET,迎康街,Is,2014-05-30,GN3150,,,,,,,,,,,false,false,false,false,
landsd_only,,YING WA STREET,英華街,SSP,2003-02-07,GN829,,,,,,,,,,,false,false,false,false,
landsd_only,,YING YIP ROAD,影業路,SK,1991-03-28,GN1087,,,,,,,,,,,false,false,false,false,
landsd_only,,YIP CHEONG STREET,業暢街,N,1989-06-16,GN2059,,,,,,,,,,,false,false,false,false,
landsd_only,,YIP FAT STREET,業發街,S,1973-06-29,GN1675,,,,,,,,,,,false,false,false,false,
landsd_only,,YIP FUNG STREET,業豐街,N,1989-06-16,GN2059,,,,,,,,,,,false,false,false,false,
landsd_only,,YIP HING STREET,業興街,S,1986-05-23,GN1765,,,,,,,,,,,false,false,false,false,
landsd_only,,YIP SHING STREET,業成街,K&T,1970-03-06,GN535,,,,,,,,,,,false,false,false,false,
landsd_only,,YIP WO STREET,業和街,N,1989-06-16,GN2059,,,,,,,,,,,false,false,false,false,
landsd_only,,YIU HING ROAD,耀興道,E,2001-11-09,GN7008,,,,,,,,,,,false,false,false,false,
landsd_only,,YIU WING LANE,耀榮里,K&T,1970-03-06,GN535,,,,,,,,,,,false,false,false,false,
landsd_only,,YIU WING STREET,耀榮街,K&T,1970-03-06,GN535,,,,,,,,,,,false,false,false,false,
landsd_only,,YU CHAU STREET,汝州街,YTM-SSP,1976-06-18,GN1301,,,,,,,,,,,false,false,false,false,
landsd_only,,YU CHUI STREET,瑜翠街,TM,1991-07-19,GN2515,,,,,,,,,,,false,false,false,false,
landsd_only,,YU HING LANE,餘慶里,C&W,1967-12-08,GN2628,,,,,,,,,,,false,false,false,false,
landsd_only,,YU LOK LANE,餘樂里,C&W,1967-12-08,GN2628,,,,,,,,,,,false,false,false,false,
landsd_only,,YU TAI ROAD,裕泰路,N,1995-01-13,GN155,,,,,,,,,,,false,false,false,false,
landsd_only,,YU TUNG ROAD,裕東路,Is,1999-07-09,GN3890,,,,,,,,,,,false,false,false,false,
landsd_only,,YUE FAI ROAD,漁暉道,S,1986-05-23,GN1765,,,,,,,,,,,false,false,false,false,
landsd_only,,YUE FUNG STREET,漁豐街,S,1987-04-24,GN1367,,,,,,,,,,,false,false,false,false,
landsd_only,,YUE KING STREET,愉景街,Is,1985-10-18,GN3454,,,,,,,,,,,false,false,false,false,
landsd_only,,YUE KWONG ROAD,漁光道,S,1967-10-27,GN2311,,,,,,,,,,,false,false,false,false,
landsd_only,,YUE ON COURT ROAD,漁安苑道,S,1995-07-14,GN2630,,,,,,,,,,,false,false,false,false,
landsd_only,,YUE ON LANE,寓安里,SK,1993-02-19,GN554,,,,,,,,,,,false,false,false,false,
landsd_only,,YUE SHI CHEUNG ROAD,魚市場道,S,1993-06-04,GN1913,,,,,,,,,,,false,false,false,false,
landsd_only,,YUEN LONG HIGHWAY,元朗公路,YL-TM,1998-11-06,GN5414,,,,,,,,,,,false,false,false,false,
landsd_only,,YUEN LONG KAU HUI ROAD,元朗舊墟路,YL,2002-07-26,GN4596,,,,,,,,,,,false,false,false,false,
landsd_only,,YUEN LONG TUNG SHING LEI ROAD,元朗東成里路,YL,1999-02-26,GN973,,,,,,,,,,,false,false,false,false,
landsd_only,,YUEN SHIN ROAD,完善路,TP,1989-03-17,GN893,,,,,,,,,,,false,false,false,false,
landsd_only,,YUEN TAI ROAD,元大路,YL,2013-01-11,GN215,,,,,,,,,,,false,false,false,false,
landsd_only,,YUEN TUN CIRCUIT,圓墩圍,TW,1963-06-21,GN1134,,,,,,,,,,,false,false,false,false,
landsd_only,,YUET HOI STREET,悅海街,S,1998-06-26,GN3111,,,,,,,,,,,false,false,false,false,
landsd_only,,YUET LUN STREET,月輪街,SSP,2005-06-30,GN3129,,,,,,,,,,,false,false,false,false,
landsd_only,,YUK CHOI ROAD,育才道,YTM,1975-05-30,GN1206,,,,,,,,,,,false,false,false,false,
landsd_only,,YUK HOK LANE,毓學里,WTS,1987-07-24,GN2385,,,,,,,,,,,false,false,false,false,
landsd_only,,YUK HONG STREET,育康街,TM,1990-11-02,GN3963,,,,,,,,,,,false,false,false,false,
landsd_only,,YUK KWAN STREET,育群街,WTS,1968-05-17,GN1004,,,,,,,,,,,false,false,false,false,
landsd_only,,YUK NGA LANE,毓雅里,SK,1993-12-24,GN4725,,,,,,,,,,,false,false,false,false,
landsd_only,,YUK SHEK LANE,玉石里,SK,1991-07-05,GN2294,,,,,,,,,,,false,false,false,false,
landsd_only,,YUK TAI STREET,沃泰街,ST,2000-01-21,GN378,,,,,,,,,,,false,false,false,false,
landsd_only,,YUK TSING LANE,育青里,TM,1991-07-19,GN2511,,,,,,,,,,,false,false,false,false,
landsd_only,,YUK WAH CRESCENT,毓華里,WTS,1966-06-30,GN1684,,,,,,,,,,,false,false,false,false,
landsd_only,,YUK WAH STREET,毓華街,WTS,1966-06-30,GN1684,,,,,,,,,,,false,false,false,false,
landsd_only,,YUK YAT STREET,旭日街,KC,1974-05-31,GN1386,,,,,,,,,,,false,false,false,false,
landsd_only,,YUNG LONG ROAD,湧浪路,TM,1999-04-30,GN2383,,,,,,,,,,,false,false,false,false,
landsd_only,,YUNG SHUE WAN PLAZA ROAD,榕樹灣廣場路,Is,2014-03-14,GN1563,,,,,,,,,,,false,false,false,false,
landsd_only,,YUNG YI ROAD,雍宜路,TP,1998-07-31,GN3721,,,,,,,,,,,false,false,false,false,
landsd_only,,YUNG YUEN ROAD,庸園路,YL,1995-12-29,GN5380,,,,,,,,,,,false,false,false,false,
name_match_diff,en_zh:A Kung Ngam Village Road|阿公岩村道,A KUNG NGAM VILLAGE ROAD,阿公岩村道,E,1997-07-25,GN385,A Kung Ngam Village Road,阿公岩村道,1975-07-11,GN1540,crowd|1975-gn1540-a-kung-ngam-roads-A-Kung-Ngam-Village-Road-阿公岩村道-1975-07-11,declare,1975-07-11,GN1540,crowd|1975-gn1540-a-kung-ngam-roads-A-Kung-Ngam-Village-Road-阿公岩村道-1975-07-11,declare,false,false,false,false,
name_match_diff,en:ABERDEEN PRAYA ROAD,ABERDEEN PRAYA ROAD,香港仔海傍道,S,1986-07-11,GN2360,Aberdeen Praya Road,香港仔海旁道,1980-02-15,GN514,crowd|1980-gn514-aberdeen-tin-wan-Aberdeen-Praya-Road-香港仔海旁道-1980-02-15,declare,1980-02-15,GN514,crowd|1980-gn514-aberdeen-tin-wan-Aberdeen-Praya-Road-香港仔海旁道-1980-02-15,declare,false,false,false,false,
name_match_diff,en_zh:Airport Road|機場路,AIRPORT ROAD,機場路,Is,2026-05-22,GN2981,Airport Road,機場路,1998-01-02,GN73,crowd|2019-gn4781-tier-a-13798-1998-01-02,declare,1998-01-02,GN73,crowd|2019-gn4781-tier-a-13798-1998-01-02,declare,false,false,false,false,
name_match_diff,en_zh:Aldrich Street|愛秩序街,ALDRICH STREET,愛秩序街,E,1986-03-07,GN786,Aldrich Street,愛秩序街,1931-05-15,GN300,crowd|1931-gn300-shaukiwan-streets-10013-1931-05-15,declare,1931-05-15,GN300,crowd|1931-gn300-shaukiwan-streets-10013-1931-05-15,declare,false,false,false,false,
name_match_diff,en_zh:Anderson Road|安達臣道,ANDERSON ROAD,安達臣道,SK-KT,2023-06-02,GN3377,Anderson Road,安達臣道,1976-12-10,GN2757,crowd|2023-gn3377-tier-a-10019-1976-12-10,declare,1976-12-10,GN2757,crowd|2023-gn3377-tier-a-10019-1976-12-10,declare,false,false,false,false,
name_match_diff,en_zh:Ap Lei Chau Bridge Road|鴨脷洲橋道,AP LEI CHAU BRIDGE ROAD,鴨脷洲橋道,S,1994-01-14,GN176,Ap Lei Chau Bridge Road,鴨脷洲橋道,1981-02-20,GN593,crowd|1981-gn593-ap-lei-chau-Ap-Lei-Chau-Bridge-Road-鴨脷洲橋道-1981-02-20,declare,1981-02-20,GN593,crowd|1981-gn593-ap-lei-chau-Ap-Lei-Chau-Bridge-Road-鴨脷洲橋道-1981-02-20,declare,false,false,false,false,
name_match_diff,en_zh:Argyle Street|亞皆老街,ARGYLE STREET,亞皆老街,KC-YTM,1974-11-08,GN2789,Argyle Street,亞皆老街,1926-04-16,GN202,crowd|1926-gn202-to-kwa-wan-road-10027-1926-04-16,declare,1926-04-16,GN202,crowd|1926-gn202-to-kwa-wan-road-10027-1926-04-16,declare,false,false,false,false,
name_match_diff,en_zh:Austin Road West|柯士甸道西,AUSTIN ROAD WEST,柯士甸道西,YTM,2018-11-23,GN8793,Austin Road West,柯士甸道西,1998-11-13,GN5530,crowd|2018-gn8793-tier-a-13926-1998-11-13,declare,1998-11-13,GN5530,crowd|2018-gn8793-tier-a-13926-1998-11-13,declare,false,false,false,false,
name_match_diff,en_zh:Bailey Street|庇利街,BAILEY STREET,庇利街,KC,1991-01-04,GN53,Bailey Street,庇利街,1935-04-26,GN334,crowd|1935-gn334-kowloon-streets-10039-1935-04-26,declare,1935-04-26,GN334,crowd|1935-gn334-kowloon-streets-10039-1935-04-26,declare,false,false,false,false,
name_match_diff,en_zh:Baker Street|必嘉街,BAKER STREET,必嘉街,KC,1986-10-17,GN3601,Baker Street,必嘉街,1956-06-08,GN717,crowd|1956-gn717-yaumatei-hunghom-Baker-Street-必嘉街-1956-06-08,declare,1980-05-23,GN1581,crowd|1980-gn1581-hung-hom-streets-Baker-Street-必嘉街-1980-05-23,extend,false,false,false,false,our_event_count=4
name_match_diff,en_zh:Battery Street|炮台街,BATTERY STREET,炮台街,YTM,1941-10-31,GN1282,Battery Street,炮台街,1930-01-17,GN39,crowd|1930-gn39-nullah-road-10046-1930-01-17,declare,1930-01-17,GN39,crowd|1930-gn39-nullah-road-10046-1930-01-17,declare,false,false,false,false,
name_match_diff,en_zh:Beacon Hill Road|筆架山道,BEACON HILL ROAD,筆架山道,KC,1965-06-25,GN1572,Beacon Hill Road,筆架山道,1957-04-05,GN509,crowd|1957-gn509-gap-beacon-cluster-Beacon-Hill-Road-筆架山道-1957-04-05,declare,1957-04-05,GN509,crowd|1957-gn509-gap-beacon-cluster-Beacon-Hill-Road-筆架山道-1957-04-05,declare,false,false,false,false,
name_match_diff,en_zh:Berwick Street|巴域街,BERWICK STREET,巴域街,SSP,2013-09-06,GN5353,Berwick Street,巴域街,1950-06-30,GN804,crowd|1950-gn804-berwick-street-Berwick-Street-巴域街-1950-06-30,declare,1950-06-30,GN804,crowd|1950-gn804-berwick-street-Berwick-Street-巴域街-1950-06-30,declare,false,false,false,false,
name_match_diff,en_zh:Bluff Path|百祿徑,BLUFF PATH,百祿徑,C&W,1978-08-04,GN1958,Bluff Path,百祿徑,1978-06-09,GN1459,crowd|1978-gn1459-zh-renames-Bluff-Path-百祿徑-1978-06-09,rename,1978-06-09,GN1459,crowd|1978-gn1459-zh-renames-Bluff-Path-百祿徑-1978-06-09,rename,false,false,false,false,
name_match_diff,en_zh:Boat Street|艇街,BOAT STREET,艇街,E,1931-07-10,GN436,Boat Street,艇街,1931-05-15,GN300,crowd|1931-gn300-shaukiwan-streets-10068-1931-05-15,declare,1931-05-15,GN300,crowd|1931-gn300-shaukiwan-streets-10068-1931-05-15,declare,false,false,false,false,
name_match_diff,en_zh:Cannon Street|景隆街,CANNON STREET,景隆街,WC,1962-01-19,GN122,Cannon Street,景隆街,1961-07-07,GN1136,crowd|1961-gn1136-jaffe-cannon-Cannon-Street-景隆街-1961-07-07,declare,1961-07-07,GN1136,crowd|1961-gn1136-jaffe-cannon-Cannon-Street-景隆街-1961-07-07,declare,false,false,false,false,
name_match_diff,en_zh:Cape D'aguilar Road|鶴咀道,CAPE D'AGUILAR ROAD,鶴咀道,S,1998-05-08,GN2277,Cape D'aguilar Road,鶴咀道,1935-04-12,GN302,crowd|1935-gn302-south-side-streets-10117-1935-04-12,declare,1935-04-12,GN302,crowd|1935-gn302-south-side-streets-10117-1935-04-12,declare,false,false,false,false,
name_match_diff,en_zh:Carmel Road|佳美道,CARMEL ROAD,佳美道,S,2003-05-02,GN3019,Carmel Road,佳美道,1953-04-10,GN472,crowd|1953-gn472-carmel-road-Carmel-Road-佳美道-1953-04-10,declare,1953-04-10,GN472,crowd|1953-gn472-carmel-road-Carmel-Road-佳美道-1953-04-10,declare,false,false,false,false,
name_match_diff,en_zh:Carpenter Road|賈炳達道,CARPENTER ROAD,賈炳達道,KC,1968-09-13,GN1853,Carpenter Road,賈炳達道,1933-05-12,GN340,crowd|1933-gn340-kowloon-city-roads-10125-1933-05-12,declare,1933-05-12,GN340,crowd|1933-gn340-kowloon-city-roads-10125-1933-05-12,declare,false,false,false,false,
name_match_diff,en_zh:Chek Lap Kok Road|赤鱲角路,CHEK LAP KOK ROAD,赤鱲角路,Is,2026-05-22,GN2981,Chek Lap Kok Road,赤鱲角路,2017-03-10,GN1273,2017-03-10|GN1273|0,declare,2017-03-10,GN1273,2017-03-10|GN1273|0,declare,false,false,false,false,
name_match_diff,en_zh:Cheong Hing Road|暢興路,CHEONG HING ROAD,暢興路,Is,2022-05-13,GN2362,Cheong Hing Road,暢興路,2005-11-11,GN5908,crowd|2022-gn2362-tier-a-13801-2005-11-11,declare,2005-11-11,GN5908,crowd|2022-gn2362-tier-a-13801-2005-11-11,declare,false,false,false,false,
name_match_diff,en_zh:Cheong Hong Road|暢航路,CHEONG HONG ROAD,暢航路,Is,2019-07-26,GN4781,Cheong Hong Road,暢航路,1998-01-02,GN73,crowd|2019-gn4781-tier-a-13799-1998-01-02,declare,1998-01-02,GN73,crowd|2019-gn4781-tier-a-13799-1998-01-02,declare,false,false,false,false,
name_match_diff,en_zh:Cheong Tat Road|暢達路,CHEONG TAT ROAD,暢達路,Is,2022-05-13,GN2362,Cheong Tat Road,暢達路,2005-08-05,GN3799,crowd|2022-gn2362-tier-a-13810-2005-08-05,declare,2005-08-05,GN3799,crowd|2022-gn2362-tier-a-13810-2005-08-05,declare,false,false,false,false,
name_match_diff,en_zh:Cheong Wan Road|暢運道,CHEONG WAN ROAD,暢運道,KC-YTM,2015-11-13,GN8864,Cheong Wan Road,暢運道,2001-03-09,GN1565,crowd|2015-gn8864-cheong-on-wan-10180-2001-03-09,declare,2001-03-09,GN1565,crowd|2015-gn8864-cheong-on-wan-10180-2001-03-09,declare,false,false,false,false,
name_match_diff,en_zh:Cherry Street|櫻桃街,CHERRY STREET,櫻桃街,YTM,1998-05-29,GN2633,Cherry Street,櫻桃街,1954-12-24,GN1562,crowd|1954-gn1562-tai-kok-tsui-waterfront-Cherry-Street-櫻桃街-1954-12-24,declare,1954-12-24,GN1562,crowd|1954-gn1562-tai-kok-tsui-waterfront-Cherry-Street-櫻桃街-1954-12-24,declare,false,false,false,false,
name_match_diff,en_zh:Cheung Fai Road|長輝路,CHEUNG FAI ROAD,長輝路,K&T,2004-10-15,GN6705,Cheung Fai Road,長輝路,1983-12-02,GN3793,crowd|1983-gn3793-tsing-yi-Cheung-Fai-Road-長輝路-1983-12-02,declare,1983-12-02,GN3793,crowd|1983-gn3793-tsing-yi-Cheung-Fai-Road-長輝路-1983-12-02,declare,false,false,false,false,
name_match_diff,en_zh:Cheung Pei Shan Road|象鼻山路,CHEUNG PEI SHAN ROAD,象鼻山路,TW-K&T,2006-03-03,GN1460,Cheung Pei Shan Road,象鼻山路,1983-11-04,GN3497,crowd|1983-gn3497-tsuen-wan-Cheung-Pei-Shan-Road-象鼻山路-1983-11-04,declare,1983-11-04,GN3497,crowd|1983-gn3497-tsuen-wan-Cheung-Pei-Shan-Road-象鼻山路-1983-11-04,declare,false,false,false,false,
name_match_diff,en_zh:Cheung Sha Wan Road|長沙灣道,CHEUNG SHA WAN ROAD,長沙灣道,SSP-YTM,2019-07-26,GN4780,Cheung Sha Wan Road,長沙灣道,1923-09-28,GN411,crowd|1923-gn411-cheung-sha-wan-road-10206-1923-09-28,declare,1923-09-28,GN411,crowd|1923-gn411-cheung-sha-wan-road-10206-1923-09-28,declare,false,false,false,false,
name_match_diff,en_zh:Cheung Shan Estate Road West|象山邨西路,CHEUNG SHAN ESTATE ROAD WEST,象山邨西路,TW,1990-11-02,GN3966,Cheung Shan Estate Road West,象山邨西路,1984-01-27,GN287,crowd|1984-gn287-tsuen-wan-Cheung-Shan-Estate-Road-West-象山邨西路-1984-01-27,declare,1984-01-27,GN287,crowd|1984-gn287-tsuen-wan-Cheung-Shan-Estate-Road-West-象山邨西路-1984-01-27,declare,false,false,false,false,
name_match_diff,en_zh:Cheung Yip Street|祥業街,CHEUNG YIP STREET,祥業街,KC-KT,2021-06-25,GN3898,Cheung Yip Street,祥業街,1979-11-09,GN2898,crowd|2021-gn3898-tier-a-10221-1979-11-09,declare,1984-04-19,GN1193,crowd|1984-gn1193-kowloon-bay-Cheung-Yip-Street-祥業街-1984-04-19,declare,false,false,false,false,
name_match_diff,en_zh:Chi Kiang Street|浙江街,CHI KIANG STREET,浙江街,KC,2017-07-14,GN5003,Chi Kiang Street,浙江街,1935-04-26,GN334,crowd|2017-gn5003-tier-a-10227-1935-04-26,declare,1935-04-26,GN334,crowd|2017-gn5003-tier-a-10227-1935-04-26,declare,false,false,false,false,
name_match_diff,en_zh:Ching Cheung Road|呈祥道,CHING CHEUNG ROAD,呈祥道,SSP-K&T,2001-08-03,GN4785,Ching Cheung Road,呈祥道,1976-11-19,GN2580,crowd|1976-gn2580-ching-cheung-road-Ching-Cheung-Road-呈祥道-1976-11-19,extend,1976-11-19,GN2580,crowd|1976-gn2580-ching-cheung-road-Ching-Cheung-Road-呈祥道-1976-11-19,extend,false,false,false,false,
name_match_diff,en_zh:Ching Hong Road|青康路,CHING HONG ROAD,青康路,K&T,1986-09-12,GN3157,Ching Hong Road,青康路,1979-07-06,GN1702,crowd|1979-gn1702-tsing-yi-streets-Ching-Hong-Road-青康路-1979-07-06,declare,1979-07-06,GN1702,crowd|1979-gn1702-tsing-yi-streets-Ching-Hong-Road-青康路-1979-07-06,declare,false,false,false,false,
name_match_diff,en_zh:Ching Ping Street|澄平街,CHING PING STREET,澄平街,YTM,1985-03-08,GN758,Ching Ping Street,澄平街,1956-06-08,GN717,crowd|1956-gn717-yaumatei-hunghom-Ching-Ping-Street-澄平街-1956-06-08,declare,1956-06-08,GN717,crowd|1956-gn717-yaumatei-hunghom-Ching-Ping-Street-澄平街-1956-06-08,declare,false,false,false,false,
name_match_diff,en_zh:Ching Shing Road|清城路,CHING SHING ROAD,清城路,N,2003-07-11,GN4729,Ching Shing Road,清城路,2003-07-01,GN4729,crowd|2003-gn4729-14165,declare,2003-07-01,GN4729,crowd|2003-gn4729-14165,declare,false,true,false,true,gn_partial_match
name_match_diff,en_zh:Choi Ha Road|彩霞道,CHOI HA ROAD,彩霞道,KT,2009-06-26,GN4008,Choi Ha Road,彩霞道,1974-12-06,GN3159,crowd|1974-gn3159-10262,declare,1974-12-06,GN3159,crowd|1974-gn3159-10262,declare,false,false,false,false,
name_match_diff,en_zh:Choi Yuen Road|彩園路,CHOI YUEN ROAD,彩園路,N,2024-11-15,GN6899,Choi Yuen Road,彩園路,1992-01-03,GN64,crowd|2024-gn6899-choi-yuen-road-13124-1992-01-03,declare,1992-01-03,GN64,crowd|2024-gn6899-choi-yuen-road-13124-1992-01-03,declare,false,false,false,false,
name_match_diff,en_zh:Chui Kwan Drive|翠群徑,CHUI KWAN DRIVE,翠群徑,Is,2024-08-16,GN4838,Chui Kwan Drive,翠群徑,1999-12-30,GN8354,crowd|2024-gn4838-tier-b-13996-1999-12-30,declare,2024-08-16,GN4837,2024-08-16|GN4837|0,declare,false,false,true,false,date_partial_match; our_event_count=3
name_match_diff,en_zh:Chui Yu Road|聚魚道,CHUI YU ROAD,聚魚道,YTM-SSP,2018-03-29,GN2324,Chui Yu Road,聚魚道,1998-05-29,GN2633,crowd|2018-gn2324-tier-a-13888-1998-05-29,declare,1998-05-29,GN2633,crowd|2018-gn2324-tier-a-13888-1998-05-29,declare,false,false,false,false,
name_match_diff,en_zh:Chuk Yeung Road|竹洋路,CHUK YEUNG ROAD,竹洋路,SK-TP,1990-10-19,GN3764,Chuk Yeung Road,竹洋路,1984-02-17,GN459,crowd|1984-gn459-sai-kung-Chuk-Yeung-Road-竹洋路-1984-02-17,declare,1984-02-17,GN459,crowd|1984-gn459-sai-kung-Chuk-Yeung-Road-竹洋路-1984-02-17,declare,false,false,false,false,
name_match_diff,en_zh:Chuk Yuen Road|竹園道,CHUK YUEN ROAD,竹園道,WTS,1989-07-07,GN2312,Chuk Yuen Road,竹園道,1935-05-03,GN351,crowd|1935-gn351-new-kowloon-streets-10276-1935-05-03,declare,1957-10-11,GN1367,crowd|1957-gn1367-chuk-yuen-ngau-tau-kok-Chuk-Yuen-Road-竹園道-1957-10-11,declare,false,false,false,false,
name_match_diff,en_zh:Chun Fai Road|春暉道,CHUN FAI ROAD,春暉道,WC,1986-06-13,GN2016,Chun Fai Road,春暉道,1975-03-28,GN703,crowd|1975-gn702-703-10277,declare,1975-03-28,GN703,crowd|1975-gn702-703-10277,declare,false,false,false,false,
name_match_diff,en_zh:Chun Tin Street|春田街,CHUN TIN STREET,春田街,KC,2023-05-05,GN2752,Chun Tin Street,春田街,1955-02-18,GN200,crowd|2023-gn2752-tier-a-10281-1955-02-18,declare,1955-02-18,GN200,crowd|2023-gn2752-tier-a-10281-1955-02-18,declare,false,false,false,false,
name_match_diff,en_zh:Chung Mei Road|涌美路,CHUNG MEI ROAD,涌美路,K&T,1986-09-12,GN3157,Chung Mei Road,涌美路,1979-07-06,GN1702,crowd|1979-gn1702-tsing-yi-streets-Chung-Mei-Road-涌美路-1979-07-06,declare,1979-07-06,GN1702,crowd|1979-gn1702-tsing-yi-streets-Chung-Mei-Road-涌美路-1979-07-06,declare,false,false,false,false,
name_match_diff,en_zh:Chung On Street|眾安街,CHUNG ON STREET,眾安街,TW,1962-11-23,GN2378,Chung On Street,眾安街,1938-04-14,GN299,crowd|1938-gn299-tsuen-wan-streets-10297-1938-04-14,declare,1938-04-14,GN299,crowd|1938-gn299-tsuen-wan-streets-10297-1938-04-14,declare,false,false,false,false,
name_match_diff,en_zh:Chung Pak Road|松柏路,CHUNG PAK ROAD,松柏路,ST,1985-08-02,GN2526,Chung Pak Road,松柏路,1982-03-05,GN754,crowd|1982-gn754-sha-tin-Chung-Pak-Road-松柏路-1982-03-05,declare,1982-03-05,GN754,crowd|1982-gn754-sha-tin-Chung-Pak-Road-松柏路-1982-03-05,declare,false,false,false,false,
name_match_diff,en_zh:Church Street|教堂街,CHURCH STREET,教堂街,E,1931-07-10,GN436,Church Street,教堂街,1931-05-15,GN300,crowd|1931-gn300-shaukiwan-streets-10307-1931-05-15,declare,1931-05-15,GN300,crowd|1931-gn300-shaukiwan-streets-10307-1931-05-15,declare,false,false,false,false,
name_match_diff,en_zh:Clementi Road|金文泰道,CLEMENTI ROAD,金文泰道,WC,1978-11-17,GN2974,Clementi Road,金文泰道,1950-12-29,GN1471,crowd|1950-gn1471-clementi-road-Clementi-Road-金文泰道-1950-12-29,declare,1950-12-29,GN1471,crowd|1950-gn1471-clementi-road-Clementi-Road-金文泰道-1950-12-29,declare,false,false,false,false,
name_match_diff,en_zh:Concorde Road|協調道,CONCORDE ROAD,協調道,KC,2018-03-02,GN1473,Concorde Road,協調道,1981-12-11,GN1172,2015-01-23|GN1172|0,declare,1981-12-11,GN3682,crowd|1981-gn3682-airport-roads-Concorde-Road-協調道-1981-12-11,declare,false,false,false,false,
name_match_diff,en_zh:Connaught Place|康樂廣場,CONNAUGHT PLACE,康樂廣場,C&W,1975-10-03,GN2178,Connaught Place,康樂廣場,1975-08-22,GN1866,crowd|1975-gn1866-connaught-place-Connaught-Place-康樂廣場-1975-08-22,rename,1975-08-22,GN1866,crowd|1975-gn1866-connaught-place-Connaught-Place-康樂廣場-1975-08-22,rename,false,false,false,false,
name_match_diff,en_zh:Container Port Road|貨櫃碼頭路,CONTAINER PORT ROAD,貨櫃碼頭路,K&T,1979-07-27,GN1920,Container Port Road,貨櫃碼頭路,1974-05-31,GN1377,crowd|1974-gn1377-10331,declare,1977-11-25,GN2859,crowd|1977-gn2859-tsuen-wan-kwai-streets-Container-Port-Road-貨櫃碼頭路-1977-11-25,extend,false,false,false,false,
name_match_diff,en_zh:Convention Avenue|會議道,CONVENTION AVENUE,會議道,WC,2023-06-23,GN3741,Convention Avenue,會議道,1988-02-05,GN400,crowd|2023-gn3741-wan-chai-streets-10334-1988-02-05,declare,1988-02-05,GN400,crowd|2023-gn3741-wan-chai-streets-10334-1988-02-05,declare,false,false,false,false,
name_match_diff,en:CORNWALL STREET,CORNWALL STREET,歌和老街,SSP-KC,1970-07-17,GN1480,Cornwall Street,歌和老道,1929-08-23,GN427,crowd|1929-gn427-waterloo-road-10339-1929-08-23,declare,1929-08-23,GN427,crowd|1929-gn427-waterloo-road-10339-1929-08-23,declare,false,false,false,false,
name_match_diff,en_zh:Cotton Path|棉花路,COTTON PATH,棉花路,WC,1931-07-10,GN436,Cotton Path,棉花路,1931-05-15,GN300,crowd|1931-gn300-shaukiwan-streets-10341-1931-05-15,declare,1931-05-15,GN300,crowd|1931-gn300-shaukiwan-streets-10341-1931-05-15,declare,false,false,false,false,
name_match_diff,en_zh:Cultural Drive|文化道,CULTURAL DRIVE,文化道,YTM,2025-12-19,GN8147,Cultural Drive,文化道,2021-09-17,GN5801,2021-09-17|GN5801|0,declare,2021-09-17,GN5801,2021-09-17|GN5801|0,declare,false,false,false,false,
name_match_diff,en_zh:Dai Fat Street|大發街,DAI FAT STREET,大發街,TP,1998-02-13,GN705,Dai Fat Street,大發街,1980-08-08,GN2486,crowd|1980-gn2486-tai-po-dai-streets-Dai-Fat-Street-大發街-1980-08-08,declare,1980-08-08,GN2486,crowd|1980-gn2486-tai-po-dai-streets-Dai-Fat-Street-大發街-1980-08-08,declare,false,false,false,false,
name_match_diff,en_zh:Dakota Drive|德高道,DAKOTA DRIVE,德高道,KC,2023-04-28,GN2594,Dakota Drive,德高道,1987-11-13,GN3826,crowd|2023-gn2594-dakota-drive-10364-1987-11-13,declare,1987-11-13,GN3826,crowd|2023-gn2594-dakota-drive-10364-1987-11-13,declare,false,false,false,false,
name_match_diff,en_zh:East Coast Road|東岸路,EAST COAST ROAD,東岸路,Is,2019-07-26,GN4781,East Coast Road,東岸路,2007-08-31,GN5705,crowd|2019-gn4781-tier-a-13805-2007-08-31,declare,2007-08-31,GN5705,crowd|2019-gn4781-tier-a-13805-2007-08-31,declare,false,false,false,false,
name_match_diff,en_zh:Eastern Hospital Road|東院道,EASTERN HOSPITAL ROAD,東院道,WC,1931-07-10,GN436,Eastern Hospital Road,東院道,1931-05-15,GN300,crowd|1931-gn300-shaukiwan-streets-10400-1931-05-15,declare,1931-05-15,GN300,crowd|1931-gn300-shaukiwan-streets-10400-1931-05-15,declare,false,false,false,false,
name_match_diff,en_zh:Ede Road|義德道,EDE ROAD,義德道,KC,1965-06-25,GN1572,Ede Road,義德道,1957-04-05,GN509,crowd|1957-gn509-gap-beacon-cluster-Ede-Road-義德道-1957-04-05,declare,1957-04-05,GN509,crowd|1957-gn509-gap-beacon-cluster-Ede-Road-義德道-1957-04-05,declare,false,false,false,false,
name_match_diff,en_zh:Fat Kwong Street|佛光街,FAT KWONG STREET,佛光街,KC,1965-04-09,GN914,Fat Kwong Street,佛光街,1926-06-25,GN342,crowd|1926-gn342-nga-tsin-wai-road-10473-1926-06-25,declare,1926-06-25,GN342,crowd|1926-gn342-nga-tsin-wai-road-10473-1926-06-25,declare,false,false,false,false,
name_match_diff,en_zh:Fat Tseung Street|發祥街,FAT TSEUNG STREET,發祥街,SSP,1985-03-08,GN759,Fat Tseung Street,發祥街,1934-02-09,GN91,crowd|1934-gn91-cheung-sha-wan-streets-10475-1934-02-09,declare,1934-02-09,GN91,crowd|1934-gn91-cheung-sha-wan-streets-10475-1934-02-09,declare,false,false,false,false,
name_match_diff,en_zh:Fenwick Street|分域街,FENWICK STREET,分域街,WC,1972-07-07,GN1666,Fenwick Street,分域街,1929-06-14,GN312,crowd|1929-gn312-johnston-road-10482-1929-06-14,declare,1929-06-14,GN312,crowd|1929-gn312-johnston-road-10482-1929-06-14,declare,false,false,false,false,
name_match_diff,en_zh:Ferry Street|渡船街,FERRY STREET,渡船街,YTM,2020-10-16,GN5984,Ferry Street,渡船街,1941-10-24,GN1260,crowd|1941-gn1260-ferry-street-10483-1941-10-24,declare,1947-05-23,GN431,crowd|1947-gn431-ferry-street-Ferry-Street-渡船街-1947-05-23,declare,false,false,false,false,
name_match_diff,en_zh:Fleming Road|菲林明道,FLEMING ROAD,菲林明道,WC,2019-03-29,GN2321,Fleming Road,菲林明道,1929-06-14,GN312,crowd|1929-gn312-johnston-road-10495-1929-06-14,declare,1929-06-14,GN312,crowd|1929-gn312-johnston-road-10495-1929-06-14,declare,false,false,false,false,
name_match_diff,en_zh:Fu Chung Lane|富忠里,FU CHUNG LANE,富忠里,TP,2011-09-30,GN6435,Fu Chung Lane,富忠里,1993-04-30,GN1435,crowd|2011-gn6435-fu-chung-lane-13565-1993-04-30,declare,1993-04-30,GN1435,crowd|2011-gn6435-fu-chung-lane-13565-1993-04-30,declare,false,false,false,false,
name_match_diff,en_zh:Fu Shin Street|富善街,FU SHIN STREET,富善街,TP,1961-11-10,GN1975,Fu Shin Street,富善街,1930-05-02,GN262,crowd|1930-gn262-tai-po-road-10528-1930-05-02,declare,1930-05-02,GN262,crowd|1930-gn262-tai-po-road-10528-1930-05-02,declare,false,false,false,false,
name_match_diff,en_zh:Fu Tei Road|富地路,FU TEI ROAD,富地路,TM,2021-12-03,GN7634,Fu Tei Road,富地路,1991-02-08,GN502,crowd|2021-gn7634-tier-a-13020-1991-02-08,declare,1991-02-08,GN502,crowd|2021-gn7634-tier-a-13020-1991-02-08,declare,false,false,false,false,
name_match_diff,en_zh:Fu Yan Street|輔仁街,FU YAN STREET,輔仁街,KT,1967-01-13,GN87,Fu Yan Street,輔仁街,1957-02-22,GN264,crowd|1957-gn264-kwun-tong-streets-Fu-Yan-Street-輔仁街-1957-02-22,declare,1961-01-13,GN50,crowd|1961-gn50-fu-yan-street-Fu-Yan-Street-輔仁街-1961-01-13,rename,false,false,false,false,
name_match_diff,en_zh:Fuk Lee Street|福利街,FUK LEE STREET,福利街,YTM,2003-03-07,GN1548,Fuk Lee Street,福利街,1958-05-30,GN732,crowd|1958-gn732-tai-kok-tsui-west-Fuk-Lee-Street-福利街-1958-05-30,declare,1958-05-30,GN732,crowd|1958-gn732-tai-kok-tsui-west-Fuk-Lee-Street-福利街-1958-05-30,declare,false,false,false,false,
name_match_diff,en_zh:Fuk Man Road|福民路,FUK MAN ROAD,福民路,SK,2015-08-28,GN6517,Fuk Man Road,福民路,1985-12-27,GN6517,2015-08-28|GN6517|0,declare,1985-12-27,GN6517,2015-08-28|GN6517|0,declare,false,true,false,true,gn_partial_match
name_match_diff,en_zh:Fuk Shun Street|福順街,FUK SHUN STREET,福順街,YL,2023-03-10,GN1533,Fuk Shun Street,福順街,1984-05-04,GN1312,crowd|1984-gn1312-yuen-long-Fuk-Shun-Street-福順街-1984-05-04,declare,1986-09-12,GN3158,crowd|2023-gn1533-tier-a-10556-1986-09-12,declare,false,false,false,false,
name_match_diff,en_zh:Fuk Yuen Street|福元街,FUK YUEN STREET,福元街,E,1931-07-10,GN436,Fuk Yuen Street,福元街,1931-05-15,GN300,crowd|1931-gn300-shaukiwan-streets-10564-1931-05-15,declare,1931-05-15,GN300,crowd|1931-gn300-shaukiwan-streets-10564-1931-05-15,declare,false,false,false,false,
name_match_diff,en_zh:Fung Cheung Road|鳳翔路,FUNG CHEUNG ROAD,鳳翔路,YL,2017-10-13,GN7594,Fung Cheung Road,鳳翔路,1977-12-02,GN2944,crowd|2017-gn7594-tier-a-10566-1977-12-02,declare,1977-12-02,GN2944,crowd|2017-gn7594-tier-a-10566-1977-12-02,declare,false,false,false,false,
name_match_diff,en_zh:Fung Heung Street|鳳香街,FUNG HEUNG STREET,鳳香街,YL,2017-10-13,GN7594,Fung Heung Street,鳳香街,1981-12-18,GN3742,crowd|2017-gn7594-tier-a-10569-1981-12-18,declare,1981-12-18,GN3742,crowd|2017-gn7594-tier-a-10569-1981-12-18,declare,false,false,false,false,
name_match_diff,en_zh:Fung Mo Street|鳳舞街,FUNG MO STREET,鳳舞街,WTS,2018-08-10,GN6060,Fung Mo Street,鳳舞街,1963-10-11,GN2014,crowd|2018-gn6060-first-previous-gn-10575-1963-10-11,declare,1963-10-11,GN2014,crowd|2018-gn6060-first-previous-gn-10575-1963-10-11,declare,false,false,false,false,
name_match_diff,en_zh:Fung Shing Street|豐盛街,FUNG SHING STREET,豐盛街,WTS,1989-07-07,GN2313,Fung Shing Street,豐盛街,1979-11-09,GN2896,crowd|1979-gn2896-fung-shing-street-Fung-Shing-Street-豐盛街-1979-11-09,declare,1979-11-09,GN2896,crowd|1979-gn2896-fung-shing-street-Fung-Shing-Street-豐盛街-1979-11-09,declare,false,false,false,false,
name_match_diff,en_zh:Fung Yuen Road|鳳園路,FUNG YUEN ROAD,鳳園路,TP,2009-03-06,GN1502,Fung Yuen Road,鳳園路,1970-04-03,GN713,crowd|2009-gn1502-fung-yuen-road-10595-1970-04-03,declare,1970-04-03,GN713,crowd|2009-gn1502-fung-yuen-road-10595-1970-04-03,declare,false,false,false,false,
name_match_diff,en_zh:Gascoigne Road|加士居道,GASCOIGNE ROAD,加士居道,YTM,2020-10-16,GN5984,Gascoigne Road,加士居道,1905-03-17,GN158,crowd|1905-gn158-gascoigne-road-10599-1905-03-17,declare,1905-03-17,GN158,crowd|1905-gn158-gascoigne-road-10599-1905-03-17,declare,false,false,false,false,
name_match_diff,en_zh:Glass Street|玻璃街,GLASS STREET,玻璃街,WC,1931-07-10,GN436,Glass Street,玻璃街,1931-05-15,GN300,crowd|1931-gn300-shaukiwan-streets-10606-1931-05-15,declare,1931-05-15,GN300,crowd|1931-gn300-shaukiwan-streets-10606-1931-05-15,declare,false,false,false,false,
name_match_diff,en:GLOUCESTER ROAD,GLOUCESTER ROAD,吿士打道,WC,1972-12-29,GN3318,Gloucester Road,告士打道,1929-06-14,GN312,crowd|1929-gn312-johnston-road-10609-1929-06-14,declare,1929-06-14,GN312,crowd|1929-gn312-johnston-road-10609-1929-06-14,declare,false,false,false,false,
name_match_diff,en_zh:Good Shepherd Street|牧愛街,GOOD SHEPHERD STREET,牧愛街,KC,1975-03-27,GN703,Good Shepherd Street,牧愛街,1975-03-28,GN703,crowd|1975-gn702-703-10614,declare,1975-03-28,GN703,crowd|1975-gn702-703-10614,declare,false,true,false,true,gn_partial_match
name_match_diff,en_zh:Granville Road|加連威老道,GRANVILLE ROAD,加連威老道,YTM,1981-08-21,GN2511,Granville Road,加連威老道,1981-08-14,GN2511,crowd|1981-gn2511-science-museum-granville-Granville-Road-加連威老道-1981-08-14,rename,1981-08-14,GN2511,crowd|1981-gn2511-science-museum-granville-Granville-Road-加連威老道-1981-08-14,rename,false,true,false,true,gn_partial_match
name_match_diff,en_zh:Hammer Hill Road|斧山道,HAMMER HILL ROAD,斧山道,WTS,2017-04-21,GN2429,Hammer Hill Road,斧山道,1956-11-16,GN1468,crowd|1956-gn1468-governors-walk-hammer-hill-Hammer-Hill-Road-斧山道-1956-11-16,declare,2017-04-21,GN2427,2017-04-21|GN2427|0,declare,false,false,true,false,date_partial_match; our_event_count=3
name_match_diff,en_zh:Hang Hau Road|坑口道,HANG HAU ROAD,坑口道,SK,1993-01-15,GN137,Hang Hau Road,坑口道,1977-06-10,GN1311,crowd|1977-gn1311-sai-kung-roads-Hang-Hau-Road-坑口道-1977-06-10,declare,1977-06-10,GN1311,crowd|1977-gn1311-sai-kung-roads-Hang-Hau-Road-坑口道-1977-06-10,declare,false,false,false,false,
name_match_diff,en_zh:Hang Tau Road|坑頭路,HANG TAU ROAD,坑頭路,N,1977-05-20,GN1134,Hang Tau Road,坑頭路,1977-05-10,GN1134,crowd|1977-gn1134-tai-po-roads-Hang-Tau-Road-坑頭路-1977-05-10,declare,1977-05-10,GN1134,crowd|1977-gn1134-tai-po-roads-Hang-Tau-Road-坑頭路-1977-05-10,declare,false,true,false,true,gn_partial_match
name_match_diff,en_zh:Hau Fook Street|厚福街,HAU FOOK STREET,厚福街,YTM,1978-04-28,GN1051,Hau Fook Street,厚福街,1978-02-24,GN465,crowd|1978-gn465-tsim-sha-tsui-renames-Hau-Fook-Street-厚福街-1978-02-24,rename,1978-02-24,GN465,crowd|1978-gn465-tsim-sha-tsui-renames-Hau-Fook-Street-厚福街-1978-02-24,rename,false,false,false,false,
name_match_diff,en_zh:Hau Man Street|孝民街,HAU MAN STREET,孝民街,KC,1975-05-02,GN996,Hau Man Street,孝民街,1975-03-14,GN588,crowd|1975-gn588-10669-1975-03-14,rename,1975-03-14,GN588,crowd|1975-gn588-10669-1975-03-14,rename,false,false,false,false,
name_match_diff,en_zh:Hei Yuen Street|戲院街,HEI YUEN STREET,戲院街,TP,1961-11-10,GN1975,Hei Yuen Street,戲院街,1936-04-17,GN360,crowd|1936-gn360-taipo-streets-10686-1936-04-17,declare,1936-04-17,GN360,crowd|1936-gn360-taipo-streets-10686-1936-04-17,declare,false,false,false,false,
name_match_diff,en_zh:Heung Yip Road|香葉道,HEUNG YIP ROAD,香葉道,S,2025-04-25,GN2547,Heung Yip Road,香葉道,1972-09-29,GN2466,crowd|2025-gn2547-heung-yip-road-10698-1972-09-29,declare,1975-02-07,GN351,crowd|1975-gn351-Heung-Yip-Road-香葉道,declare,false,false,false,false,
name_match_diff,en_zh:Hing Fat Street|興發街,HING FAT STREET,興發街,WC,1987-03-20,GN933,Hing Fat Street,興發街,1921-05-06,GN208,crowd|1921-gn208-hing-fat-street-10717-1921-05-06,declare,1921-05-06,GN208,crowd|1921-gn208-hing-fat-street-10717-1921-05-06,declare,false,false,false,false,
name_match_diff,en_zh:Hing Fong Road|興芳路,HING FONG ROAD,興芳路,K&T,2001-04-12,GN2401,Hing Fong Road,興芳路,1974-04-19,GN1023,crowd|1974-gn1023-kwai-chung-streets-10718-1974-04-19,declare,1979-01-05,GN44,crowd|1979-gn44-tsuen-wan-streets-Hing-Fong-Road-興芳路-1979-01-05,declare,false,false,false,false,
name_match_diff,en_zh:Hing Kwai Street|興貴街,HING KWAI STREET,興貴街,TM,2020-10-23,GN6117,Hing Kwai Street,興貴街,1992-05-29,GN1826,crowd|2020-gn6117-tier-a-13517-1992-05-29,declare,1992-05-29,GN1826,crowd|2020-gn6117-tier-a-13517-1992-05-29,declare,false,false,false,false,
name_match_diff,en_zh:Hing Ping Road|慶平路,HING PING ROAD,慶平路,TM,1999-04-09,GN1946,Hing Ping Road,慶平路,1984-11-30,GN3531,crowd|1984-gn3531-tuen-mun-Hing-Ping-Road-慶平路-1984-11-30,declare,1984-11-30,GN3531,crowd|1984-gn3531-tuen-mun-Hing-Ping-Road-慶平路-1984-11-30,declare,false,false,false,false,
name_match_diff,en_zh:Hing Wah Street|興華街,HING WAH STREET,興華街,SSP,1974-05-31,GN1385,Hing Wah Street,興華街,1934-02-09,GN91,crowd|1934-gn91-cheung-sha-wan-streets-10731-1934-02-09,declare,1934-02-09,GN91,crowd|1934-gn91-cheung-sha-wan-streets-10731-1934-02-09,declare,false,false,false,false,
name_match_diff,en_zh:Hip Wo Street|協和街,HIP WO STREET,協和街,KT,1963-08-02,GN1479,Hip Wo Street,協和街,1957-02-22,GN264,crowd|1957-gn264-kwun-tong-streets-Hip-Wo-Street-協和街-1957-02-22,declare,1957-02-22,GN264,crowd|1957-gn264-kwun-tong-streets-Hip-Wo-Street-協和街-1957-02-22,declare,false,false,false,false,
name_match_diff,en_zh:Ho Lek Pui Street|河瀝背街,HO LEK PUI STREET,河瀝背街,ST,1991-03-15,GN914,Ho Lek Pui Street,河瀝背街,1984-06-15,GN1737,crowd|1984-gn1737-sha-tin-Ho-Lek-Pui-Street-河瀝背街-1984-06-15,declare,1984-06-15,GN1737,crowd|1984-gn1737-sha-tin-Ho-Lek-Pui-Street-河瀝背街-1984-06-15,declare,false,false,false,false,
name_match_diff,en_zh:Ho Man Tin Hill Road|何文田山道,HO MAN TIN HILL ROAD,何文田山道,KC-YTM,1985-01-11,GN148,Ho Man Tin Hill Road,何文田山道,1930-09-12,GN571,crowd|1930-gn571-ho-man-tin-hill-road-10755-1930-09-12,declare,1930-09-12,GN571,crowd|1930-gn571-ho-man-tin-hill-road-10755-1930-09-12,declare,false,false,false,false,
name_match_diff,en_zh:Ho Pong Street|河傍街,HO PONG STREET,河傍街,TM,1989-06-09,GN1978,Ho Pong Street,河傍街,1975-08-01,GN1693,crowd|1975-gn1693-tuen-mun-streets-Ho-Pong-Street-河傍街-1975-08-01,declare,1975-08-01,GN1693,crowd|1975-gn1693-tuen-mun-streets-Ho-Pong-Street-河傍街-1975-08-01,declare,false,false,false,false,
name_match_diff,en_zh:Ho Tin Street|河田街,HO TIN STREET,河田街,TM,1977-05-27,GN1189,Ho Tin Street,河田街,1977-05-20,GN1189,crowd|1977-gn1189-tuen-mun-streets-Ho-Tin-Street-河田街-1977-05-20,declare,1977-05-20,GN1189,crowd|1977-gn1189-tuen-mun-streets-Ho-Tin-Street-河田街-1977-05-20,declare,false,true,false,true,gn_partial_match
name_match_diff,en_zh:Hoi An Street|海晏街,HOI AN STREET,海晏街,E,1973-12-21,GN3305,Hoi An Street,海晏街,1937-06-04,GN387,crowd|1937-gn387-shaukiwan-streets-10764-1937-06-04,declare,1937-06-04,GN387,crowd|1937-gn387-shaukiwan-streets-10764-1937-06-04,declare,false,false,false,false,
name_match_diff,en_zh:Hoi Ha Road|海下路,HOI HA ROAD,海下路,TP,1980-12-24,GN4050,Hoi Ha Road,海下路,1980-12-19,GN4050,crowd|1980-gn4050-sai-kung-roads-Hoi-Ha-Road-海下路-1980-12-19,declare,1980-12-19,GN4050,crowd|1980-gn4050-sai-kung-roads-Hoi-Ha-Road-海下路-1980-12-19,declare,false,true,false,true,gn_partial_match
name_match_diff,en_zh:Hoi King Street|海景街,HOI KING STREET,海景街,YTM,1973-10-26,GN2810,Hoi King Street,海景街,1954-12-24,GN1562,crowd|1954-gn1562-tai-kok-tsui-waterfront-Hoi-King-Street-海景街-1954-12-24,declare,1954-12-24,GN1562,crowd|1954-gn1562-tai-kok-tsui-waterfront-Hoi-King-Street-海景街-1954-12-24,declare,false,false,false,false,
name_match_diff,en_zh:Hoi Kwai Road|海貴路,HOI KWAI ROAD,海貴路,TW,2019-03-01,GN1654,Hoi Kwai Road,海貴路,1990-07-06,GN2396,crowd|2019-gn1654-first-previous-gn-12962-1990-07-06,declare,1990-07-06,GN2396,crowd|2019-gn1654-first-previous-gn-12962-1990-07-06,declare,false,false,false,false,
name_match_diff,en_zh:Hoi Tai Street|海堤街,HOI TAI STREET,海堤街,E,2010-12-24,GN8237,Hoi Tai Street,海堤街,1960-11-04,GN8237,2010-12-24|GN8237|0,declare,1960-11-04,GN1673,crowd|1960-gn1673-tong-chong-streets-Hoi-Tai-Street-海堤街-1960-11-04,declare,false,true,false,false,gn_partial_match
name_match_diff,en_zh:Hoi Yuen Road|開源道,HOI YUEN ROAD,開源道,KT,2026-02-13,GN996,Hoi Yuen Road,開源道,1957-02-22,GN264,crowd|2026-gn996-hoi-yuen-kei-yip-lane-10788-1957-02-22,declare,1957-02-22,GN264,crowd|2026-gn996-hoi-yuen-kei-yip-lane-10788-1957-02-22,declare,false,false,false,false,
name_match_diff,en_zh:Hok Yuen Street|鶴園街,HOK YUEN STREET,鶴園街,KC,1974-06-21,GN1570,Hok Yuen Street,鶴園街,1926-06-25,GN342,crowd|1926-gn342-missing-streets-Hok-Yuen-Street-鶴園街-1926-06-25,declare,1926-06-25,GN342,crowd|1926-gn342-missing-streets-Hok-Yuen-Street-鶴園街-1926-06-25,declare,false,false,false,false,
name_match_diff,en_zh:Hong Chong Road|康莊道,HONG CHONG ROAD,康莊道,YTM,2018-10-05,GN7463,Hong Chong Road,康莊道,1999-07-30,GN4363,crowd|2018-gn7463-tier-a-10802-1999-07-30,declare,1999-07-30,GN4363,crowd|2018-gn7463-tier-a-10802-1999-07-30,declare,false,false,false,false,
name_match_diff,en_zh:Hong Yip Street|康業街,HONG YIP STREET,康業街,YL,2002-07-26,GN4596,Hong Yip Street,康業街,1984-01-27,GN286,crowd|1984-gn286-yuen-long-Hong-Yip-Street-康業街-1984-01-27,declare,1984-01-27,GN286,crowd|1984-gn286-yuen-long-Hong-Yip-Street-康業街-1984-01-27,declare,false,false,false,false,
name_match_diff,en_zh:Hung Hing Road|鴻興道,HUNG HING ROAD,鴻興道,WC,2023-06-23,GN3741,Hung Hing Road,鴻興道,1974-05-31,GN1382,crowd|1974-gn1382-lung-king-hung-hing-10865,declare,1974-05-31,GN1382,crowd|1974-gn1382-lung-king-hung-hing-10865,declare,false,false,false,false,
name_match_diff,en_zh:Hung Hom South Road|紅磡南道,HUNG HOM SOUTH ROAD,紅磡南道,KC,2019-03-01,GN1655,Hung Hom South Road,紅磡南道,1989-08-18,GN2830,crowd|2019-gn1655-tier-a-10867-1989-08-18,declare,1989-08-18,GN2830,crowd|2019-gn1655-tier-a-10867-1989-08-18,declare,false,false,false,false,
name_match_diff,en_zh:Hung Lai Road|紅荔道,HUNG LAI ROAD,紅荔道,KC-YTM,2019-03-01,GN1655,Hung Lai Road,紅荔道,1999-03-26,GN1723,crowd|2019-gn1655-tier-a-13956-1999-03-26,declare,1999-03-26,GN1723,crowd|2019-gn1655-tier-a-13956-1999-03-26,declare,false,false,false,false,
name_match_diff,en_zh:Hung Shing Street|洪聖街,HUNG SHING STREET,洪聖街,S,1932-04-29,GN255,Hung Shing Street,洪聖街,1932-04-22,GN245,crowd|1932-gn245-ap-lei-chau-streets-10873-1932-04-22,declare,1932-04-22,GN245,crowd|1932-gn245-ap-lei-chau-streets-10873-1932-04-22,declare,false,false,false,false,
name_match_diff,en_zh:Hung Shui Kiu Main Street|洪水橋大街,HUNG SHUI KIU MAIN STREET,洪水橋大街,YL,1993-12-10,GN4541,Hung Shui Kiu Main Street,洪水橋大街,1982-03-05,GN755,crowd|1982-gn755-yuen-long-Hung-Shui-Kiu-Main-Street-洪水橋大街-1982-03-05,declare,1982-03-05,GN755,crowd|1982-gn755-yuen-long-Hung-Shui-Kiu-Main-Street-洪水橋大街-1982-03-05,declare,false,false,false,false,
name_match_diff,en_zh:Inverness Road|延文禮士道,INVERNESS ROAD,延文禮士道,KC,2004-07-09,GN4430,Inverness Road,延文禮士道,1950-07-21,GN868,crowd|1950-gn867-868-869-kowloon-tong-streets-Inverness-Road-延文禮士道-1950-07-21,declare,1950-07-21,GN868,crowd|1950-gn867-868-869-kowloon-tong-streets-Inverness-Road-延文禮士道-1950-07-21,declare,false,false,false,false,
name_match_diff,en_zh:Island Road|香島道,ISLAND ROAD,香島道,S,1962-09-28,GN2015,Island Road,香島道,1932-10-07,GN635,crowd|1932-gn635-south-side-roads-10888-1932-10-07,declare,1932-10-07,GN635,crowd|1932-gn635-south-side-roads-10888-1932-10-07,declare,false,false,false,false,
name_match_diff,en_zh:Jervois Street|蘇杭街,JERVOIS STREET,蘇杭街,C&W,1978-08-04,GN1958,Jervois Street,蘇杭街,1978-06-09,GN1459,crowd|1978-gn1459-zh-renames-Jervois-Street-蘇杭街-1978-06-09,rename,1978-06-09,GN1459,crowd|1978-gn1459-zh-renames-Jervois-Street-蘇杭街-1978-06-09,rename,false,false,false,false,
name_match_diff,en_zh:Jockey Club Road|馬會道,JOCKEY CLUB ROAD,馬會道,N,1992-03-06,GN835,Jockey Club Road,馬會道,1958-06-06,GN770,crowd|1958-gn770-shek-wu-hui-Jockey-Club-Road-馬會道-1958-06-06,declare,1958-06-06,GN770,crowd|1958-gn770-shek-wu-hui-Jockey-Club-Road-馬會道-1958-06-06,declare,false,false,false,false,
name_match_diff,en_zh:Jordan Road|佐敦道,JORDAN ROAD,佐敦道,YTM,1998-05-22,GN2488,Jordan Road,佐敦道,1909-03-19,GN184,crowd|1909-gn184-safe-10904-1909-03-19,rename,1909-03-19,GN184,crowd|1909-gn184-safe-10904-1909-03-19,rename,false,false,false,false,
name_match_diff,en_zh:Junction Road|聯合道,JUNCTION ROAD,聯合道,KC-WTS,1963-10-11,GN2014,Junction Road,聯合道,1933-05-12,GN340,crowd|1933-gn340-kowloon-city-roads-10909-1933-05-12,declare,1933-05-12,GN340,crowd|1933-gn340-kowloon-city-roads-10909-1933-05-12,declare,false,false,false,false,
name_match_diff,en_zh:Ka Shin Street|嘉善街,KA SHIN STREET,嘉善街,YTM,1973-03-16,GN705,Ka Shin Street,嘉善街,1958-01-24,GN125,crowd|1958-gn125-tai-kok-tsui-Ka-Shin-Street-嘉善街-1958-01-24,declare,1958-01-24,GN125,crowd|1958-gn125-tai-kok-tsui-Ka-Shin-Street-嘉善街-1958-01-24,declare,false,false,false,false,
name_match_diff,en_zh:Ka Yip Street|嘉業街,KA YIP STREET,嘉業街,E,1986-12-24,GN4421,Ka Yip Street,嘉業街,1982-03-05,GN753,crowd|1982-gn753-chai-wan-Ka-Yip-Street-嘉業街-1982-03-05,declare,1983-05-13,GN1519,crowd|1983-gn1519-chai-wan-extend-Ka-Yip-Street-嘉業街-1983-05-13,extend,false,false,false,false,
name_match_diff,en_zh:Kadoorie Avenue|嘉道理道,KADOORIE AVENUE,嘉道理道,KC,1969-10-10,GN2004,Kadoorie Avenue,嘉道理道,1936-11-06,GN885,crowd|1936-gn885-kadoorie-braga-10924-1936-11-06,declare,1948-10-29,GN998,crowd|1948-gn998-kadoorie-avenue-Kadoorie-Avenue-嘉道理道-1948-10-29,extend,false,false,false,false,
name_match_diff,en_zh:Kai Man Path|啟民徑,KAI MAN PATH,啟民徑,TM,1979-03-02,GN588,Kai Man Path,啟民徑,1978-11-24,GN3032,crowd|1978-gn3032-kai-man-path-Kai-Man-Path-啟民徑-1978-11-24,rename,1978-11-24,GN3032,crowd|1978-gn3032-kai-man-path-Kai-Man-Path-啟民徑-1978-11-24,rename,false,false,false,false,
name_match_diff,en_zh:Kam Tsin Road|金錢路,KAM TSIN ROAD,金錢路,N,2004-04-30,GN2813,Kam Tsin Road,金錢路,1977-05-10,GN1134,crowd|1977-gn1134-tai-po-roads-Kam-Tsin-Road-金錢路-1977-05-10,declare,1977-05-10,GN1134,crowd|1977-gn1134-tai-po-roads-Kam-Tsin-Road-金錢路-1977-05-10,declare,false,false,false,false,
name_match_diff,en_zh:Kansu Street|甘肅街,KANSU STREET,甘肅街,YTM,1929-03-28,GN169,Kansu Street,甘肅街,1909-03-19,GN184,crowd|1909-gn184-safe-10966-1909-03-19,rename,1909-03-19,GN184,crowd|1909-gn184-safe-10966-1909-03-19,rename,false,false,false,false,
name_match_diff,en_zh:Kau To Shan Road|九肚山路,KAU TO SHAN ROAD,九肚山路,ST,1996-11-08,GN5165,Kau To Shan Road,九肚山路,1981-03-27,GN958,crowd|1981-gn958-kau-to-shan-Kau-To-Shan-Road-九肚山路-1981-03-27,declare,1981-03-27,GN958,crowd|1981-gn958-kau-to-shan-Kau-To-Shan-Road-九肚山路-1981-03-27,declare,false,false,false,false,
name_match_diff,en_zh:Kei Yip Lane|基業里,KEI YIP LANE,基業里,KT,2026-02-13,GN996,Kei Yip Lane,基業里,1989-01-27,GN310,crowd|2026-gn996-hoi-yuen-kei-yip-lane-10978-1989-01-27,declare,1989-01-27,GN310,crowd|2026-gn996-hoi-yuen-kei-yip-lane-10978-1989-01-27,declare,false,false,false,false,
name_match_diff,en_zh:Kimberley Street|金巴利街,KIMBERLEY STREET,金巴利街,YTM,1978-04-28,GN1051,Kimberley Street,金巴利街,1956-05-04,GN565,crowd|1956-gn565-kimberley-street-Kimberley-Street-金巴利街-1956-05-04,declare,1978-02-24,GN465,crowd|1978-gn465-tsim-sha-tsui-renames-Kimberley-Street-金巴利街-1978-02-24,rename,false,false,false,false,
name_match_diff,en_zh:Kin Chuen Street|健全街,KIN CHUEN STREET,健全街,K&T,1992-02-14,GN536,Kin Chuen Street,健全街,1977-11-25,GN2859,crowd|1977-gn2859-tsuen-wan-kwai-streets-Kin-Chuen-Street-健全街-1977-11-25,declare,1977-11-25,GN2859,crowd|1977-gn2859-tsuen-wan-kwai-streets-Kin-Chuen-Street-健全街-1977-11-25,declare,false,false,false,false,
name_match_diff,en_zh:Kin Fat Lane|建發里,KIN FAT LANE,建發里,TM,1977-05-27,GN1189,Kin Fat Lane,建發里,1977-05-20,GN1189,crowd|1977-gn1189-tuen-mun-streets-Kin-Fat-Lane-建發里-1977-05-20,declare,1977-05-20,GN1189,crowd|1977-gn1189-tuen-mun-streets-Kin-Fat-Lane-建發里-1977-05-20,declare,false,true,false,true,gn_partial_match
name_match_diff,en_zh:Kin Fat Street|建發街,KIN FAT STREET,建發街,TM,1990-11-02,GN3964,Kin Fat Street,建發街,1977-05-20,GN1189,crowd|1977-gn1189-tuen-mun-streets-Kin-Fat-Street-建發街-1977-05-20,declare,1983-01-28,GN326,crowd|1983-gn326-tuen-mun-Kin-Fat-Street-建發街-1983-01-28,extend,false,false,false,false,
name_match_diff,en_zh:Kin Fung Circuit|建豐街,KIN FUNG CIRCUIT,建豐街,TM,1977-05-27,GN1189,Kin Fung Circuit,建豐街,1977-05-20,GN1189,crowd|1977-gn1189-tuen-mun-streets-Kin-Fung-Circuit-建豐街-1977-05-20,declare,1977-05-20,GN1189,crowd|1977-gn1189-tuen-mun-streets-Kin-Fung-Circuit-建豐街-1977-05-20,declare,false,true,false,true,gn_partial_match
name_match_diff,en_zh:Kin Kwan Street|建群街,KIN KWAN STREET,建群街,TM,1977-05-27,GN1189,Kin Kwan Street,建群街,1977-05-20,GN1189,crowd|1977-gn1189-tuen-mun-streets-Kin-Kwan-Street-建群街-1977-05-20,declare,1977-05-20,GN1189,crowd|1977-gn1189-tuen-mun-streets-Kin-Kwan-Street-建群街-1977-05-20,declare,false,true,false,true,gn_partial_match
name_match_diff,en_zh:Kin Lung Street|建隆街,KIN LUNG STREET,建隆街,TM,1977-05-27,GN1189,Kin Lung Street,建隆街,1977-05-20,GN1189,crowd|1977-gn1189-tuen-mun-streets-Kin-Lung-Street-建隆街-1977-05-20,declare,1977-05-20,GN1189,crowd|1977-gn1189-tuen-mun-streets-Kin-Lung-Street-建隆街-1977-05-20,declare,false,true,false,true,gn_partial_match
name_match_diff,en_zh:Kin On Street|建安街,KIN ON STREET,建安街,TM,1977-05-27,GN1189,Kin On Street,建安街,1977-05-20,GN1189,crowd|1977-gn1189-tuen-mun-streets-Kin-On-Street-建安街-1977-05-20,declare,1977-05-20,GN1189,crowd|1977-gn1189-tuen-mun-streets-Kin-On-Street-建安街-1977-05-20,declare,false,true,false,true,gn_partial_match
name_match_diff,en_zh:Kin Tai Street|建泰街,KIN TAI STREET,建泰街,TM,1977-05-27,GN1189,Kin Tai Street,建泰街,1977-05-20,GN1189,crowd|1977-gn1189-tuen-mun-streets-Kin-Tai-Street-建泰街-1977-05-20,declare,1977-05-20,GN1189,crowd|1977-gn1189-tuen-mun-streets-Kin-Tai-Street-建泰街-1977-05-20,declare,false,true,false,true,gn_partial_match
name_match_diff,en_zh:Kin Wing Lane|建榮里,KIN WING LANE,建榮里,TM,1977-05-27,GN1189,Kin Wing Lane,建榮里,1977-05-20,GN1189,crowd|1977-gn1189-tuen-mun-streets-Kin-Wing-Lane-建榮里-1977-05-20,declare,1977-05-20,GN1189,crowd|1977-gn1189-tuen-mun-streets-Kin-Wing-Lane-建榮里-1977-05-20,declare,false,true,false,true,gn_partial_match
name_match_diff,en_zh:Kin Wing Street|建榮街,KIN WING STREET,建榮街,TM,1977-05-27,GN1189,Kin Wing Street,建榮街,1977-05-20,GN1189,crowd|1977-gn1189-tuen-mun-streets-Kin-Wing-Street-建榮街-1977-05-20,declare,1977-05-20,GN1189,crowd|1977-gn1189-tuen-mun-streets-Kin-Wing-Street-建榮街-1977-05-20,declare,false,true,false,true,gn_partial_match
name_match_diff,en_zh:Kin Wong Street|建旺街,KIN WONG STREET,建旺街,TM,1977-05-27,GN1189,Kin Wong Street,建旺街,1977-05-20,GN1189,crowd|1977-gn1189-tuen-mun-streets-Kin-Wong-Street-建旺街-1977-05-20,declare,1977-05-20,GN1189,crowd|1977-gn1189-tuen-mun-streets-Kin-Wong-Street-建旺街-1977-05-20,declare,false,true,false,true,gn_partial_match
name_match_diff,en_zh:King Fuk Street|景福街,KING FUK STREET,景福街,WTS,2018-02-02,GN649,King Fuk Street,景福街,1961-09-08,GN1577,crowd|2018-gn649-tier-a-11022-1961-09-08,declare,1961-09-08,GN1577,crowd|2018-gn649-tier-a-11022-1961-09-08,declare,false,false,false,false,
name_match_diff,en_zh:King Ming Road|景明道,KING MING ROAD,景明道,WC,1931-07-10,GN436,King Ming Road,景明道,1931-05-15,GN300,crowd|1931-gn300-shaukiwan-streets-11027-1931-05-15,declare,1931-05-15,GN300,crowd|1931-gn300-shaukiwan-streets-11027-1931-05-15,declare,false,false,false,false,
name_match_diff,en_zh:Kiu Hing Road|僑興路,KIU HING ROAD,僑興路,YL,2002-11-15,GN7434,Kiu Hing Road,僑興路,1978-09-29,GN2481,crowd|1978-gn2481-yuen-long-streets-Kiu-Hing-Road-僑興路-1978-09-29,declare,1978-09-29,GN2481,crowd|1978-gn2481-yuen-long-streets-Kiu-Hing-Road-僑興路-1978-09-29,declare,false,false,false,false,
name_match_diff,en_zh:Kom Tsun Street|甘泉街,KOM TSUN STREET,甘泉街,SSP,1979-08-17,GN2082,Kom Tsun Street,甘泉街,1935-05-03,GN351,crowd|1935-gn351-new-kowloon-streets-11057-1935-05-03,declare,1935-05-03,GN351,crowd|1935-gn351-new-kowloon-streets-11057-1935-05-03,declare,false,false,false,false,
name_match_diff,en_zh:Kung Um Road|公庵路,KUNG UM ROAD,公庵路,YL,2015-07-03,GN4864,Kung Um Road,公庵路,1991-06-28,GN2215,crowd|2015-gn4864-ma-kung-roads-13055-1991-06-28,declare,1991-06-28,GN2215,crowd|2015-gn4864-ma-kung-roads-13055-1991-06-28,declare,false,false,false,false,
name_match_diff,en_zh:Kwai Fuk Road|葵福路,KWAI FUK ROAD,葵福路,K&T,1991-08-09,GN2807,Kwai Fuk Road,葵福路,1977-11-25,GN2859,crowd|1977-gn2859-tsuen-wan-kwai-streets-Kwai-Fuk-Road-葵福路-1977-11-25,declare,1977-11-25,GN2859,crowd|1977-gn2859-tsuen-wan-kwai-streets-Kwai-Fuk-Road-葵福路-1977-11-25,declare,false,false,false,false,
name_match_diff,en_zh:Kwai Tai Road|葵泰路,KWAI TAI ROAD,葵泰路,K&T,1992-02-14,GN534,Kwai Tai Road,葵泰路,1977-11-25,GN2859,crowd|1977-gn2859-tsuen-wan-kwai-streets-Kwai-Tai-Road-葵泰路-1977-11-25,declare,1979-05-04,GN1132,crowd|1979-gn1132-kwai-chung-streets-Kwai-Tai-Road-葵泰路-1979-05-04,declare,false,false,false,false,
name_match_diff,en_zh:Kwai Tsing Road|葵青路,KWAI TSING ROAD,葵青路,K&T,2003-09-11,GN6275,Kwai Tsing Road,葵青路,1979-05-04,GN1132,crowd|1979-gn1132-kwai-chung-streets-Kwai-Tsing-Road-葵青路-1979-05-04,declare,1979-05-04,GN1132,crowd|1979-gn1132-kwai-chung-streets-Kwai-Tsing-Road-葵青路-1979-05-04,declare,false,false,false,false,
name_match_diff,en_zh:Kwai Yan Road|葵仁路,KWAI YAN ROAD,葵仁路,K&T,2010-06-18,GN3610,Kwai Yan Road,葵仁路,1982-12-24,GN4036,crowd|2010-gn3610-kwai-yan-road-11105-1982-12-24,declare,1982-12-24,GN4036,crowd|2010-gn3610-kwai-yan-road-11105-1982-12-24,declare,false,false,false,false,
name_match_diff,en_zh:Kwei Chow Street|貴州街,KWEI CHOW STREET,貴州街,KC,1965-06-04,GN1392,Kwei Chow Street,貴州街,1935-04-26,GN334,crowd|1935-gn334-kowloon-streets-11111-1935-04-26,declare,1935-04-26,GN334,crowd|1935-gn334-kowloon-streets-11111-1935-04-26,declare,false,false,false,false,
name_match_diff,en_zh:Kwei Tei San Chuen Road|桂地新村路,KWEI TEI SAN CHUEN ROAD,桂地新村路,ST,1991-03-28,GN1090,Kwei Tei San Chuen Road,桂地新村路,1982-12-17,GN3954,crowd|1982-gn3954-sha-tin-Kwei-Tei-San-Chuen-Road-桂地新村路-1982-12-17,declare,1982-12-17,GN3954,crowd|1982-gn3954-sha-tin-Kwei-Tei-San-Chuen-Road-桂地新村路-1982-12-17,declare,false,false,false,false,
name_match_diff,en_zh:Kwo Lo Wan Road|過路灣路,KWO LO WAN ROAD,過路灣路,Is,2019-07-26,GN4781,Kwo Lo Wan Road,過路灣路,1998-01-02,GN73,crowd|2019-gn4781-tier-a-13824-1998-01-02,declare,1998-01-02,GN73,crowd|2019-gn4781-tier-a-13824-1998-01-02,declare,false,false,false,false,
name_match_diff,en:KWONG FUK ROAD,KWONG FUK ROAD,廣福道,TP,1968-10-04,GN2022,Kwong Fuk Road,大埔廣福道,1957-08-02,GN1083,crowd|1957-gn1083-kwong-fuk-Kwong-Fuk-Road-大埔廣福道-1957-08-02,declare,1957-08-02,GN1083,crowd|1957-gn1083-kwong-fuk-Kwong-Fuk-Road-大埔廣福道-1957-08-02,declare,false,false,false,false,
name_match_diff,en_zh:Kwun Tong Road|觀塘道,KWUN TONG ROAD,觀塘道,KT,1967-12-08,GN2628,Kwun Tong Road,觀塘道,1957-02-22,GN264,crowd|1957-gn264-kwun-tong-streets-Kwun-Tong-Road-觀塘道-1957-02-22,extend,1957-02-22,GN264,crowd|1957-gn264-kwun-tong-streets-Kwun-Tong-Road-觀塘道-1957-02-22,extend,false,false,false,false,
name_match_diff,en_zh:Lai Chi Kok Road|荔枝角道,LAI CHI KOK ROAD,荔枝角道,YTM-SSP,2017-04-07,GN1921,Lai Chi Kok Road,荔枝角道,1978-10-13,GN2641,crowd|2017-gn1921-lai-chi-kok-west-kowloon-11149-1978-10-13,declare,1978-10-13,GN2641,crowd|2017-gn1921-lai-chi-kok-west-kowloon-11149-1978-10-13,declare,false,false,false,false,
name_match_diff,en_zh:Lai Chi Ling Road|荔枝嶺路,LAI CHI LING ROAD,荔枝嶺路,K&T,1990-07-06,GN2395,Lai Chi Ling Road,荔枝嶺路,1980-05-16,GN1503,crowd|1980-gn1503-kwai-chung-streets-Lai-Chi-Ling-Road-荔枝嶺路-1980-05-16,declare,1980-05-16,GN1503,crowd|1980-gn1503-kwai-chung-streets-Lai-Chi-Ling-Road-荔枝嶺路-1980-05-16,declare,false,false,false,false,
name_match_diff,en_zh:Lai King Hill Road|荔景山路,LAI KING HILL ROAD,荔景山路,K&T,1991-03-15,GN913,Lai King Hill Road,荔景山路,1975-01-17,GN112,crowd|1975-gn112-lai-king-hill-road-Lai-King-Hill-Road-荔景山路-1975-01-17,declare,1975-01-17,GN112,crowd|1975-gn112-lai-king-hill-road-Lai-King-Hill-Road-荔景山路-1975-01-17,declare,false,false,false,false,
name_match_diff,en_zh:Lai Ping Road|麗坪路,LAI PING ROAD,麗坪路,ST,2009-12-18,GN7994,Lai Ping Road,麗坪路,1984-11-30,GN7994,2009-12-18|GN7994|0,declare,1984-11-30,GN3532,crowd|1984-gn3532-sha-tin-Lai-Ping-Road-麗坪路-1984-11-30,declare,false,true,false,false,gn_partial_match
name_match_diff,en_zh:Lai Po Road|荔寶路,LAI PO ROAD,荔寶路,SSP,2018-12-14,GN9290,Lai Po Road,荔寶路,1999-03-12,GN1362,crowd|2018-gn8969-tier-a-13951-1999-03-12,declare,1999-03-12,GN1362,crowd|2018-gn8969-tier-a-13951-1999-03-12,declare,false,false,false,false,
name_match_diff,en_zh:Lam Tsuen Heung Kung Sho Road|林村鄉公所路,LAM TSUEN HEUNG KUNG SHO ROAD,林村鄉公所路,TP,2015-01-30,GN1456,Lam Tsuen Heung Kung Sho Road,林村鄉公所路,2008-05-02,GN2894,crowd|2015-gn1456-lam-tsuen-road-14304-2008-05-02,declare,2008-05-02,GN2894,crowd|2015-gn1456-lam-tsuen-road-14304-2008-05-02,declare,false,false,false,false,
name_match_diff,en:LEUNG FAI TERRACE,LEUNG FAI TERRACE,梁輝臺,C&W,1976-03-12,GN580,Leung Fai Terrace,,1975-10-24,GN2327,crowd|1975-gn2327-gazetteer-harmonization-Leung-Fai-Terrace-1975-10-24,rename,1975-10-24,GN2327,crowd|1975-gn2327-gazetteer-harmonization-Leung-Fai-Terrace-1975-10-24,rename,false,false,false,false,
name_match_diff,en_zh:Lin Cheung Road|連翔道,LIN CHEUNG ROAD,連翔道,SSP-YTM,2018-11-30,GN8969,Lin Cheung Road,連翔道,1998-11-13,GN5529,crowd|2018-gn8969-tier-a-13922-1998-11-13,declare,1998-11-13,GN5529,crowd|2018-gn8969-tier-a-13922-1998-11-13,declare,false,false,false,false,
name_match_diff,en_zh:Lin Tak Road|連德道,LIN TAK ROAD,連德道,KT,2020-11-20,GN6776,Lin Tak Road,連德道,1987-07-31,GN2478,crowd|2020-gn6776-lin-tak-tseung-kwan-o-road-11238-1987-07-31,declare,1987-07-31,GN2478,crowd|2020-gn6776-lin-tak-tseung-kwan-o-road-11238-1987-07-31,declare,false,false,false,false,
name_match_diff,en_zh:Lo Wai Road|老圍路,LO WAI ROAD,老圍路,TW,2003-06-20,GN4170,Lo Wai Road,老圍路,1981-04-16,GN1146,crowd|1981-gn1146-tsuen-wan-Lo-Wai-Road-老圍路-1981-04-16,declare,1981-04-16,GN1146,crowd|1981-gn1146-tsuen-wan-Lo-Wai-Road-老圍路-1981-04-16,declare,false,false,false,false,
name_match_diff,en_zh:Lok Kwai Path|樂葵徑,LOK KWAI PATH,樂葵徑,ST,2008-05-02,GN2895,Lok Kwai Path,樂葵徑,1981-05-29,GN1559,crowd|1981-gn1559-lok-paths-rename-Lok-Kwai-Path-樂葵徑-1981-05-29,rename,1981-05-29,GN1559,crowd|1981-gn1559-lok-paths-rename-Lok-Kwai-Path-樂葵徑-1981-05-29,rename,false,false,false,false,
name_match_diff,en_zh:Lok Kwan Street|樂群街,LOK KWAN STREET,樂群街,YTM,1965-11-12,GN2673,Lok Kwan Street,樂群街,1958-05-30,GN732,crowd|1958-gn732-tai-kok-tsui-west-Lok-Kwan-Street-樂群街-1958-05-30,declare,1958-05-30,GN732,crowd|1958-gn732-tai-kok-tsui-west-Lok-Kwan-Street-樂群街-1958-05-30,declare,false,false,false,false,
name_match_diff,en_zh:Lok Shan Road|落山道,LOK SHAN ROAD,落山道,KC,1965-06-04,GN1392,Lok Shan Road,落山道,1931-02-13,GN86,crowd|1931-gn86-tai-hang-lok-shan-11263-1931-02-13,declare,1931-02-13,GN86,crowd|1931-gn86-tai-hang-lok-shan-11263-1931-02-13,declare,false,false,false,false,
name_match_diff,en_zh:Luard Road|盧押道,LUARD ROAD,盧押道,WC,1990-10-25,GN3808,Luard Road,盧押道,1929-06-14,GN312,crowd|1929-gn312-johnston-road-11286-1929-06-14,declare,1929-06-14,GN312,crowd|1929-gn312-johnston-road-11286-1929-06-14,declare,false,false,false,false,
name_match_diff,en_zh:Luen On Street|聯安街,LUEN ON STREET,聯安街,N,1995-01-13,GN154,Luen On Street,聯安街,1957-02-22,GN264,crowd|1957-gn264-kwun-tong-streets-Luen-On-Street-聯安街-1957-02-22,declare,1957-02-22,GN264,crowd|1957-gn264-kwun-tong-streets-Luen-On-Street-聯安街-1957-02-22,declare,false,false,false,false,
name_match_diff,en_zh:Luk Hop Street|六合街,LUK HOP STREET,六合街,WTS,2018-02-02,GN649,Luk Hop Street,六合街,1961-09-08,GN1577,crowd|2018-gn649-tier-a-11300-1961-09-08,declare,1961-09-08,GN1577,crowd|2018-gn649-tier-a-11300-1961-09-08,declare,false,false,false,false,
name_match_diff,en_zh:Luk Mei Tsuen Road|鹿尾村路,LUK MEI TSUEN ROAD,鹿尾村路,SK,2020-06-12,GN3237,Luk Mei Tsuen Road,鹿尾村路,1991-05-24,GN1786,crowd|2020-gn3237-tier-a-13041-1991-05-24,declare,1991-05-24,GN1786,crowd|2020-gn3237-tier-a-13041-1991-05-24,declare,false,false,false,false,
name_match_diff,en_zh:Lung Cheung Road|龍翔道,LUNG CHEUNG ROAD,龍翔道,KT-WTS-KC-SSP,2018-08-10,GN6060,Lung Cheung Road,龍翔道,1960-11-11,GN1713,crowd|2018-gn6060-first-previous-gn-11308-1960-11-11,declare,1960-11-11,GN1713,crowd|2018-gn6060-first-previous-gn-11308-1960-11-11,declare,false,false,false,false,
name_match_diff,en_zh:Lung Hong Street|龍康街,LUNG HONG STREET,龍康街,TM,2010-11-19,GN7264,Lung Hong Street,龍康街,2001-09-21,GN5851,crowd|2010-gn7264-lung-hong-street-14070-2001-09-21,declare,2001-09-21,GN5851,crowd|2010-gn7264-lung-hong-street-14070-2001-09-21,declare,false,false,false,false,
name_match_diff,en_zh:Lung King Street|龍景街,LUNG KING STREET,龍景街,WC,2023-06-23,GN3741,Lung King Street,龍景街,1974-05-31,GN1382,crowd|1974-gn1382-lung-king-hung-hing-11314,declare,1974-05-31,GN1382,crowd|1974-gn1382-lung-king-hung-hing-11314,declare,false,false,false,false,
name_match_diff,en_zh:Lung Ma Road|龍馬路,LUNG MA ROAD,龍馬路,N,2019-05-31,GN3587,Lung Ma Road,龍馬路,1995-09-01,GN3544,crowd|2019-gn3587-tier-a-13707-1995-09-01,declare,1995-09-01,GN3544,crowd|2019-gn3587-tier-a-13707-1995-09-01,declare,false,false,false,false,
name_match_diff,en_zh:Lung Mun Road|龍門路,LUNG MUN ROAD,龍門路,TM,2009-06-12,GN3680,Lung Mun Road,龍門路,1977-12-23,GN3134,crowd|1977-gn3134-tuen-mun-roads-Lung-Mun-Road-龍門路-1977-12-23,declare,1977-12-23,GN3134,crowd|1977-gn3134-tuen-mun-roads-Lung-Mun-Road-龍門路-1977-12-23,declare,false,false,false,false,
name_match_diff,en_zh:Lung Ping Road|龍坪道,LUNG PING ROAD,龍坪道,SSP,2016-03-18,GN1597,Lung Ping Road,龍坪道,1985-11-15,GN3803,crowd|2016-gn1597-nam-cheong-lung-ping-11319-1985-11-15,declare,1985-11-15,GN3803,crowd|2016-gn1597-nam-cheong-lung-ping-11319-1985-11-15,declare,false,false,false,false,
name_match_diff,en_zh:Lung Tak Street|隆德街,LUNG TAK STREET,隆德街,KC,1974-06-28,GN1626,Lung Tak Street,隆德街,1974-06-25,GN1626,crowd|1974-gn1626-11323,declare,1974-06-25,GN1626,crowd|1974-gn1626-11323,declare,false,true,false,true,gn_partial_match
name_match_diff,en_zh:Lung Wo Road|龍和道,LUNG WO ROAD,龍和道,C&W-WC,2019-03-29,GN2321,Lung Wo Road,龍和道,2009-12-04,GN7642,2009-12-04|GN7642|0,declare,2009-12-04,GN1314,2011-02-25|GN1314|0,declare,false,false,false,false,
name_match_diff,en_zh:Lung Wui Road|龍匯道,LUNG WUI ROAD,龍匯道,C&W-WC,2010-01-15,GN296,Lung Wui Road,龍匯道,1997-10-17,GN296,2010-01-15|GN296|0,declare,1997-10-17,GN296,2010-01-15|GN296|0,declare,false,true,false,true,gn_partial_match
name_match_diff,en_zh:Ma Chai Hang Road|馬仔坑道,MA CHAI HANG ROAD,馬仔坑道,WTS,2018-08-10,GN6060,Ma Chai Hang Road,馬仔坑道,1976-02-06,GN288,crowd|2018-gn6060-first-previous-gn-11337-1976-02-06,declare,1976-02-06,GN288,crowd|2018-gn6060-first-previous-gn-11337-1976-02-06,declare,false,false,false,false,
name_match_diff,en_zh:Ma Sim Pai Road|馬閃排路,MA SIM PAI ROAD,馬閃排路,TW,1999-09-03,GN5148,Ma Sim Pai Road,馬閃排路,1984-01-27,GN287,crowd|1984-gn287-tsuen-wan-Ma-Sim-Pai-Road-馬閃排路-1984-01-27,declare,1984-01-27,GN287,crowd|1984-gn287-tsuen-wan-Ma-Sim-Pai-Road-馬閃排路-1984-01-27,declare,false,false,false,false,
name_match_diff,en_zh:Ma Tau Wai Road|馬頭圍道,MA TAU WAI ROAD,馬頭圍道,KC,1976-03-12,GN580,Ma Tau Wai Road,馬頭圍道,1926-06-25,GN342,crowd|1926-gn342-missing-streets-Ma-Tau-Wai-Road-馬頭圍道-1926-06-25,extend,1926-06-25,GN342,crowd|1926-gn342-missing-streets-Ma-Tau-Wai-Road-馬頭圍道-1926-06-25,extend,false,false,false,false,
name_match_diff,en_zh:Ma Tin Road|馬田路,MA TIN ROAD,馬田路,YL,2015-07-03,GN4864,Ma Tin Road,馬田路,1978-09-29,GN2481,crowd|2015-gn4864-ma-kung-roads-11353-1978-09-29,declare,1984-06-15,GN1738,crowd|1984-gn1738-yuen-long-Ma-Tin-Road-馬田路-1984-06-15,extend,false,false,false,false,
name_match_diff,en_zh:Ma Tong Road|馬棠路,MA TONG ROAD,馬棠路,YL,2015-07-03,GN4864,Ma Tong Road,馬棠路,1991-06-28,GN2215,crowd|2015-gn4864-ma-kung-roads-13056-1991-06-28,declare,1991-06-28,GN2215,crowd|2015-gn4864-ma-kung-roads-13056-1991-06-28,declare,false,false,false,false,
name_match_diff,"en:MAIN STREET, AP LEI CHAU","MAIN STREET, AP LEI CHAU",鴨脷洲大街,S,1998-06-26,GN3111,"Main Street, Ap Lei Chau",,1975-10-24,GN2327,crowd|1975-gn2327-gazetteer-harmonization-Main-Street-Ap-Lei-Chau-1975-10-24,rename,1975-10-24,GN2327,crowd|1975-gn2327-gazetteer-harmonization-Main-Street-Ap-Lei-Chau-1975-10-24,rename,false,false,false,false,
name_match_diff,en_zh:Marsh Road|馬師道,MARSH ROAD,馬師道,WC,1972-07-07,GN1666,Marsh Road,馬師道,1929-06-14,GN312,crowd|1929-gn312-johnston-road-11401-1929-06-14,declare,1929-06-14,GN312,crowd|1929-gn312-johnston-road-11401-1929-06-14,declare,false,false,false,false,
name_match_diff,en_zh:May Road|梅道,MAY ROAD,梅道,C&W,1967-10-27,GN2313,May Road,梅道,1907-04-12,GN250,crowd|1907-gn250-may-road-11407-1907-04-12,declare,1907-04-12,GN250,crowd|1907-gn250-may-road-11407-1907-04-12,declare,false,false,false,false,
name_match_diff,en_zh:Mei Lai Road|美荔道,MEI LAI ROAD,美荔道,SSP,1978-10-13,GN2641,Mei Lai Road,美荔道,1975-03-21,GN641,crowd|1975-gn641-11413,declare,1975-03-21,GN641,crowd|1975-gn641-11413,declare,false,false,false,false,
name_match_diff,en_zh:Mei Tin Road|美田路,MEI TIN ROAD,美田路,ST,2009-09-04,GN5553,Mei Tin Road,美田路,1984-06-15,GN1737,crowd|1984-gn1737-mei-tin-road-11415,declare,1984-06-15,GN1737,crowd|1984-gn1737-mei-tin-road-11415,declare,false,false,false,false,
name_match_diff,en_zh:Min Street|閩街,MIN STREET,閩街,YTM,1941-10-31,GN1282,Min Street,閩街,1930-01-17,GN39,crowd|1930-gn39-nullah-road-11429-1930-01-17,declare,1930-01-17,GN39,crowd|1930-gn39-nullah-road-11429-1930-01-17,declare,false,false,false,false,
name_match_diff,en_zh:Ming Kum Road|鳴琴路,MING KUM ROAD,鳴琴路,TM,1990-11-02,GN3965,Ming Kum Road,鳴琴路,1977-12-23,GN3134,crowd|1977-gn3134-tuen-mun-roads-Ming-Kum-Road-鳴琴路-1977-12-23,declare,1977-12-23,GN3134,crowd|1977-gn3134-tuen-mun-roads-Ming-Kum-Road-鳴琴路-1977-12-23,declare,false,false,false,false,
name_match_diff,en_zh:Mong Lung Street|望隆街,MONG LUNG STREET,望隆街,E,1986-03-07,GN786,Mong Lung Street,望隆街,1931-05-15,GN300,crowd|1931-gn300-shaukiwan-streets-11455-1931-05-15,declare,1960-07-08,GN1060,crowd|1960-gn1060-mei-wa-streets-Mong-Lung-Street-望隆街-1960-07-08,declare,false,false,false,false,
name_match_diff,en_zh:Moorsom Road|睦誠道,MOORSOM ROAD,睦誠道,WC,1986-06-13,GN2016,Moorsom Road,睦誠道,1976-04-09,GN784,crowd|1976-gn784-moorsom-road-Moorsom-Road-睦誠道-1976-04-09,extend,1976-04-09,GN784,crowd|1976-gn784-moorsom-road-Moorsom-Road-睦誠道-1976-04-09,extend,false,false,false,false,
name_match_diff,en_zh:Mount Davis Road|摩星嶺道,MOUNT DAVIS ROAD,摩星嶺道,C&W-S,2006-11-03,GN7031,Mount Davis Road,摩星嶺道,1924-01-18,GN29,crowd|1924-gn29-mount-davis-road-11472-1924-01-18,declare,1924-01-18,GN29,crowd|1924-gn29-mount-davis-road-11472-1924-01-18,declare,false,false,false,false,
name_match_diff,en_zh:Mount Sterling Mall|萬事達廣場,MOUNT STERLING MALL,萬事達廣場,SSP,1976-01-23,GN192,Mount Sterling Mall,萬事達廣場,1975-06-16,GN1485,crowd|1975-gn1485-mount-sterling-mall-Mount-Sterling-Mall-萬事達廣場-1975-06-16,declare,1975-06-16,GN1485,crowd|1975-gn1485-mount-sterling-mall-Mount-Sterling-Mall-萬事達廣場-1975-06-16,declare,false,false,false,false,
name_match_diff,en_zh:Nam Cheong Street|南昌街,NAM CHEONG STREET,南昌街,SSP,2016-03-18,GN1597,Nam Cheong Street,南昌街,1961-04-14,GN616,crowd|2016-gn1597-nam-cheong-lung-ping-11487-1961-04-14,declare,1961-04-14,GN616,crowd|2016-gn1597-nam-cheong-lung-ping-11487-1961-04-14,declare,false,false,false,false,
name_match_diff,en_zh:Nam Hing West Road|南慶西路,NAM HING WEST ROAD,南慶西路,YL,2020-04-03,GN1670,Nam Hing West Road,南慶西路,2003-05-16,GN3286,crowd|2020-gn1670-tier-a-14155-2003-05-16,declare,2003-05-16,GN3286,crowd|2020-gn1670-tier-a-14155-2003-05-16,declare,false,false,false,false,
name_match_diff,en_zh:Nam On Lane|南安里,NAM ON LANE,南安里,E,1986-03-07,GN786,Nam On Lane,南安里,1957-01-25,GN119,crowd|1957-gn119-nam-on-po-man-Nam-On-Lane-南安里-1957-01-25,declare,1957-01-25,GN119,crowd|1957-gn119-nam-on-po-man-Nam-On-Lane-南安里-1957-01-25,declare,false,false,false,false,
name_match_diff,en_zh:Nam Shing Street|南盛街,NAM SHING STREET,南盛街,TP,1961-11-10,GN1975,Nam Shing Street,南盛街,1930-05-02,GN262,crowd|1930-gn262-tai-po-road-11498-1930-05-02,declare,1930-05-02,GN262,crowd|1930-gn262-tai-po-road-11498-1930-05-02,declare,false,false,false,false,
name_match_diff,en_zh:Nam Wan Road|南運路,NAM WAN ROAD,南運路,TP,1990-05-04,GN1618,Nam Wan Road,南運路,1983-12-23,GN3976,crowd|1983-gn3976-tai-po-Nam-Wan-Road-南運路-1983-12-23,declare,1983-12-23,GN3976,crowd|1983-gn3976-tai-po-Nam-Wan-Road-南運路-1983-12-23,declare,false,false,false,false,
name_match_diff,en_zh:Nathan Road|彌敦道,NATHAN ROAD,彌敦道,YTM,1926-01-29,GN46,Nathan Road,彌敦道,1909-03-19,GN184,crowd|1909-gn184-safe-11504-1909-03-19,rename,1909-03-19,GN184,crowd|1909-gn184-safe-11504-1909-03-19,rename,false,false,false,false,
name_match_diff,en_zh:Nga Cheung Road|雅翔道,NGA CHEUNG ROAD,雅翔道,YTM,2018-10-05,GN7463,Nga Cheung Road,雅翔道,1998-05-22,GN2488,crowd|2017-gn4524-tier-a-13884-1998-05-22,declare,1998-05-22,GN2488,crowd|2017-gn4524-tier-a-13884-1998-05-22,declare,false,false,false,false,
name_match_diff,en_zh:Ngau Pei Sha Street|牛皮沙街,NGAU PEI SHA STREET,牛皮沙街,ST,2013-08-02,GN4532,Ngau Pei Sha Street,牛皮沙街,1984-03-09,GN708,crowd|1984-gn708-sha-tin-Ngau-Pei-Sha-Street-牛皮沙街-1984-03-09,declare,1984-03-09,GN708,crowd|1984-gn708-sha-tin-Ngau-Pei-Sha-Street-牛皮沙街-1984-03-09,declare,false,false,false,false,
name_match_diff,en_zh:Ocean Park Road|海洋公園道,OCEAN PARK ROAD,海洋公園道,S,2012-10-26,GN7022,Ocean Park Road,海洋公園道,1975-02-07,GN351,crowd|1975-gn351-11563,declare,1975-02-07,GN351,crowd|1975-gn351-11563,declare,false,false,false,false,
name_match_diff,en_zh:Oil Street|油街,OIL STREET,油街,E,1967-02-17,GN362,Oil Street,油街,1931-05-15,GN300,crowd|1931-gn300-shaukiwan-streets-11566-1931-05-15,declare,1931-05-15,GN300,crowd|1931-gn300-shaukiwan-streets-11566-1931-05-15,declare,false,false,false,false,
name_match_diff,en_zh:Olympic Avenue|世運道,OLYMPIC AVENUE,世運道,KC,2021-07-23,GN4521,Olympic Avenue,世運道,1964-09-11,GN2548,crowd|2021-gn4521-olympic-avenue-11570-1964-09-11,declare,1964-09-11,GN2548,crowd|2021-gn4521-olympic-avenue-11570-1964-09-11,declare,false,false,false,false,
name_match_diff,en_zh:On Cheung Road|安祥路,ON CHEUNG ROAD,安祥路,TP,1999-11-26,GN7269,On Cheung Road,安祥路,1982-12-17,GN3955,crowd|1982-gn3955-tai-po-On-Cheung-Road-安祥路-1982-12-17,declare,1982-12-17,GN3955,crowd|1982-gn3955-tai-po-On-Cheung-Road-安祥路-1982-12-17,declare,false,false,false,false,
name_match_diff,en_zh:On Fu Road|安富道,ON FU ROAD,安富道,TP,1961-11-10,GN1975,On Fu Road,安富道,1930-05-02,GN262,crowd|1930-gn262-tai-po-road-11576-1930-05-02,declare,1957-10-11,GN1367,crowd|1957-gn1367-chuk-yuen-ngau-tau-kok-On-Fu-Road-安富道-1957-10-11,declare,false,false,false,false,
name_match_diff,en_zh:On Kwan Street|安群街,ON KWAN STREET,安群街,ST,2001-08-24,GN5237,On Kwan Street,安群街,1984-09-07,GN2660,crowd|1984-gn2660-sha-tin-on-On-Kwan-Street-安群街-1984-09-07,declare,1984-09-07,GN2660,crowd|1984-gn2660-sha-tin-on-On-Kwan-Street-安群街-1984-09-07,declare,false,false,false,false,
name_match_diff,en_zh:On Lai Street|安麗街,ON LAI STREET,安麗街,ST,2013-11-01,GN6569,On Lai Street,安麗街,1984-09-07,GN2660,crowd|1984-gn2660-sha-tin-on-On-Lai-Street-安麗街-1984-09-07,declare,2003-01-10,GN6569,2013-11-01|GN6569|0,declare,false,false,false,true,gn_partial_match
name_match_diff,en_zh:On Ming Street|安明街,ON MING STREET,安明街,ST,2000-01-21,GN377,On Ming Street,安明街,1984-09-07,GN2660,crowd|1984-gn2660-sha-tin-on-On-Ming-Street-安明街-1984-09-07,declare,1984-09-07,GN2660,crowd|1984-gn2660-sha-tin-on-On-Ming-Street-安明街-1984-09-07,declare,false,false,false,false,
name_match_diff,en_zh:On Muk Street|安睦街,ON MUK STREET,安睦街,ST,2003-01-24,GN520,On Muk Street,安睦街,1984-09-07,GN2660,crowd|1984-gn2660-sha-tin-on-On-Muk-Street-安睦街-1984-09-07,declare,1984-09-07,GN2660,crowd|1984-gn2660-sha-tin-on-On-Muk-Street-安睦街-1984-09-07,declare,false,false,false,false,
name_match_diff,en_zh:On Tai Road|安泰路,ON TAI ROAD,安泰路,TP,1999-11-26,GN7269,On Tai Road,安泰路,1982-12-17,GN3955,crowd|1982-gn3955-tai-po-On-Tai-Road-安泰路-1982-12-17,declare,1982-12-17,GN3955,crowd|1982-gn3955-tai-po-On-Tai-Road-安泰路-1982-12-17,declare,false,false,false,false,
name_match_diff,en_zh:On Wan Road|安運道,ON WAN ROAD,安運道,YTM,2015-11-13,GN8864,On Wan Road,安運道,2001-03-09,GN1565,crowd|2015-gn8864-cheong-on-wan-11611-2001-03-09,declare,2001-03-09,GN1565,crowd|2015-gn8864-cheong-on-wan-11611-2001-03-09,declare,false,false,false,false,
name_match_diff,en_zh:On Yiu Street|安耀街,ON YIU STREET,安耀街,ST,2003-01-10,GN229,On Yiu Street,安耀街,1984-09-07,GN2660,crowd|1984-gn2660-sha-tin-on-On-Yiu-Street-安耀街-1984-09-07,declare,1984-09-07,GN2660,crowd|1984-gn2660-sha-tin-on-On-Yiu-Street-安耀街-1984-09-07,declare,false,false,false,false,
name_match_diff,en:ORMSBY STREET,ORMSBY STREET,安庶庇街,WC,1974-11-15,GN2866,Ormsby Street,安庶庇道,1941-07-18,GN870,crowd|1941-gn870-tai-hang-streets-11620-1941-07-18,declare,1941-07-18,GN870,crowd|1941-gn870-tai-hang-streets-11620-1941-07-18,declare,false,false,false,false,
name_match_diff,en_zh:Pak Pat Shan Road|白筆山道,PAK PAT SHAN ROAD,白筆山道,S,1988-05-06,GN1452,Pak Pat Shan Road,白筆山道,1978-08-18,GN2108,crowd|1978-gn2108-pak-pat-shan-road-Pak-Pat-Shan-Road-白筆山道-1978-08-18,extend,1978-08-18,GN2108,crowd|1978-gn2108-pak-pat-shan-road-Pak-Pat-Shan-Road-白筆山道-1978-08-18,extend,false,false,false,false,
name_match_diff,en_zh:Pak Shing Kok Road|百勝角路,PAK SHING KOK ROAD,百勝角路,SK,2015-07-24,GN5558,Pak Shing Kok Road,百勝角路,2015-07-03,GN4865,2015-07-03|GN4865|0,declare,2015-07-03,GN4865,2015-07-03|GN4865|0,declare,false,false,false,false,
name_match_diff,en_zh:Pak Shing Street|北盛街,PAK SHING STREET,北盛街,TP,1961-11-10,GN1975,Pak Shing Street,北盛街,1930-05-02,GN262,crowd|1930-gn262-tai-po-road-11646-1930-05-02,declare,1930-05-02,GN262,crowd|1930-gn262-tai-po-road-11646-1930-05-02,declare,false,false,false,false,
name_match_diff,en_zh:Pak Tak Street|百得街,PAK TAK STREET,百得街,ST,1986-01-17,GN245,Pak Tak Street,百得街,1981-11-13,GN3369,crowd|1981-gn3369-fo-tan-city-one-Pak-Tak-Street-百得街-1981-11-13,declare,1981-11-13,GN3369,crowd|1981-gn3369-fo-tan-city-one-Pak-Tak-Street-百得街-1981-11-13,declare,false,false,false,false,
name_match_diff,en_zh:Pak Tam Road|北潭路,PAK TAM ROAD,北潭路,SK-TP,1980-12-24,GN4050,Pak Tam Road,北潭路,1980-12-19,GN4050,crowd|1980-gn4050-sai-kung-roads-Pak-Tam-Road-北潭路-1980-12-19,declare,1980-12-19,GN4050,crowd|1980-gn4050-sai-kung-roads-Pak-Tam-Road-北潭路-1980-12-19,declare,false,true,false,true,gn_partial_match
name_match_diff,en_zh:Pine Street|杉樹街,PINE STREET,杉樹街,YTM,1928-06-15,GN337,Pine Street,杉樹街,1927-11-25,GN699,crowd|1927-gn699-nathan-square-11694-1927-11-25,declare,1927-11-25,GN699,crowd|1927-gn699-nathan-square-11694-1927-11-25,declare,false,false,false,false,
name_match_diff,en_zh:Ping Ha Road|屏廈路,PING HA ROAD,屏廈路,YL,2013-05-10,GN2720,Ping Ha Road,屏廈路,1982-03-05,GN755,crowd|1982-gn755-yuen-long-Ping-Ha-Road-屏廈路-1982-03-05,declare,1982-03-05,GN755,crowd|1982-gn755-yuen-long-Ping-Ha-Road-屏廈路-1982-03-05,declare,false,false,false,false,
name_match_diff,en_zh:Ping Lan Street|平瀾街,PING LAN STREET,平瀾街,S,1932-04-29,GN255,Ping Lan Street,平瀾街,1932-04-22,GN245,crowd|1932-gn245-ap-lei-chau-streets-11708-1932-04-22,declare,1932-04-22,GN245,crowd|1932-gn245-ap-lei-chau-streets-11708-1932-04-22,declare,false,false,false,false,
name_match_diff,en_zh:Ping Ting Road|平定道,PING TING ROAD,平定道,WTS,1989-07-07,GN2313,Ping Ting Road,平定道,1976-04-02,GN722,crowd|1976-gn721-kung-lok-ping-ting-Ping-Ting-Road-平定道-1976-04-02,declare,1976-04-02,GN722,crowd|1976-gn721-kung-lok-ping-ting-Ping-Ting-Road-平定道-1976-04-02,declare,false,false,false,false,
name_match_diff,en_zh:Po Kong Village Road|蒲崗村道,PO KONG VILLAGE ROAD,蒲崗村道,WTS,1972-07-28,GN1872,Po Kong Village Road,蒲崗村道,1953-08-14,GN998,crowd|1953-gn998-po-kong-village-road-Po-Kong-Village-Road-蒲崗村道-1953-08-14,declare,1953-08-14,GN998,crowd|1953-gn998-po-kong-village-road-Po-Kong-Village-Road-蒲崗村道-1953-08-14,declare,false,false,false,false,
name_match_diff,en:POK FU LAM RESERVOIR ROAD,POK FU LAM RESERVOIR ROAD,薄扶林水塘道,C&W-S,1976-03-12,GN580,Pok Fu Lam Reservoir Road,,1975-10-24,GN2327,crowd|1975-gn2327-gazetteer-harmonization-Pok-Fu-Lam-Reservoir-Road-1975-10-24,rename,1975-10-24,GN2327,crowd|1975-gn2327-gazetteer-harmonization-Pok-Fu-Lam-Reservoir-Road-1975-10-24,rename,false,false,false,false,
name_match_diff,en:POK FU LAM ROAD,POK FU LAM ROAD,薄扶林道,C&W-S,1980-03-01,GN707,Pok Fu Lam Road,,1975-10-24,GN2327,crowd|1975-gn2327-gazetteer-harmonization-Pok-Fu-Lam-Road-1975-10-24,rename,1975-10-24,GN2327,crowd|1975-gn2327-gazetteer-harmonization-Pok-Fu-Lam-Road-1975-10-24,rename,false,false,false,false,
name_match_diff,en_zh:Pok Man Street|博文街,POK MAN STREET,博文街,YTM,1973-03-16,GN705,Pok Man Street,博文街,1958-01-24,GN125,crowd|1958-gn125-tai-kok-tsui-Pok-Man-Street-博文街-1958-01-24,declare,1958-01-24,GN125,crowd|1958-gn125-tai-kok-tsui-Pok-Man-Street-博文街-1958-01-24,declare,false,false,false,false,
name_match_diff,en_zh:Power Street|大強街,POWER STREET,大強街,E,1993-05-21,GN1713,Power Street,大強街,1931-05-15,GN300,crowd|1931-gn300-shaukiwan-streets-11781-1931-05-15,declare,1931-05-15,GN300,crowd|1931-gn300-shaukiwan-streets-11781-1931-05-15,declare,false,false,false,false,
name_match_diff,en_zh:Prince Edward Road East|太子道東,PRINCE EDWARD ROAD EAST,太子道東,KC-WTS-KT,2018-09-14,GN6972,Prince Edward Road East,太子道東,1979-01-12,GN111,crowd|2018-gn6972-tier-a-11787-1979-01-12,declare,1979-01-12,GN111,crowd|2018-gn6972-tier-a-11787-1979-01-12,declare,false,false,false,false,our_event_count=3
name_match_diff,en_zh:Princess Margaret Road|公主道,PRINCESS MARGARET ROAD,公主道,KC-YTM,2018-10-05,GN7463,Princess Margaret Road,公主道,1966-03-18,GN769,crowd|2018-gn7463-tier-a-11791-1966-03-18,declare,1966-03-18,GN769,crowd|2018-gn7463-tier-a-11791-1966-03-18,declare,false,false,false,false,
name_match_diff,en_zh:Pui To Road|杯渡路,PUI TO ROAD,杯渡路,TM,1991-03-15,GN915,Pui To Road,杯渡路,1975-08-01,GN1693,crowd|1975-gn1693-tuen-mun-streets-Pui-To-Road-杯渡路-1975-08-01,declare,1975-08-01,GN1693,crowd|1975-gn1693-tuen-mun-streets-Pui-To-Road-杯渡路-1975-08-01,declare,false,false,false,false,
name_match_diff,en_zh:Pui Wing Lane|沛榮里,PUI WING LANE,沛榮里,TM,1977-05-27,GN1189,Pui Wing Lane,沛榮里,1977-05-20,GN1189,crowd|1977-gn1189-tuen-mun-streets-Pui-Wing-Lane-沛榮里-1977-05-20,declare,1977-05-20,GN1189,crowd|1977-gn1189-tuen-mun-streets-Pui-Wing-Lane-沛榮里-1977-05-20,declare,false,true,false,true,gn_partial_match
name_match_diff,en_zh:Queen's Road East|皇后大道東,QUEEN'S ROAD EAST,皇后大道東,WC,1968-01-26,GN185,Queen's Road East,皇后大道東,1874-02-14,CROWD,crowd|queens-road-11805-east-declare,declare,1949-03-25,GN297,crowd|1949-gn297-queens-road-east-Queen-s-Road-East-皇后大道東-1949-03-25,declare,false,false,false,false,
name_match_diff,en_zh:Queen's Road West|皇后大道西,QUEEN'S ROAD WEST,皇后大道西,C&W,1887-07-16,GN296,Queen's Road West,皇后大道西,1877-01-06,CROWD,crowd|queens-road-11806-west-declare,declare,1877-01-06,CROWD,crowd|queens-road-11806-west-declare,declare,false,false,false,false,
name_match_diff,en_zh:Queensway|金鐘道,QUEENSWAY,金鐘道,C&W-WC,1968-01-26,GN185,Queensway,金鐘道,1968-02-25,CROWD,crowd|queens-road-11807-queensway-declare,declare,1968-02-25,CROWD,crowd|queens-road-11807-queensway-declare,declare,false,false,false,false,
name_match_diff,en_zh:Rehab Path|復康徑,REHAB PATH,復康徑,KT,1993-05-28,GN1821,Rehab Path,復康徑,1981-12-11,GN3683,crowd|1981-gn3683-kai-yip-rehab-Rehab-Path-復康徑-1981-12-11,declare,1981-12-11,GN3683,crowd|1981-gn3683-kai-yip-rehab-Rehab-Path-復康徑-1981-12-11,declare,false,false,false,false,
name_match_diff,en_zh:Rock Hill Street|石山街,ROCK HILL STREET,石山街,C&W,1999-03-12,GN1364,Rock Hill Street,石山街,1920-03-19,GN157,crowd|1920-gn157-rock-hill-street-11818-1920-03-19,declare,1920-03-19,GN157,crowd|1920-gn157-rock-hill-street-11818-1920-03-19,declare,false,false,false,false,
name_match_diff,en_zh:Rose Wood Road|紫檀路,ROSE WOOD ROAD,紫檀路,YL,1988-03-18,GN882,Rose Wood Road,紫檀路,1984-08-31,GN2609,crowd|1984-gn2609-fairview-park-Rose-Wood-Road-紫檀路-1984-08-31,declare,1984-08-31,GN2609,crowd|1984-gn2609-fairview-park-Rose-Wood-Road-紫檀路-1984-08-31,declare,false,false,false,false,
name_match_diff,en_zh:Route Twisk|荃錦公路,ROUTE TWISK,荃錦公路,TW-YL,1981-02-20,GN572,Route Twisk,荃錦公路,1977-11-25,GN2860,crowd|1977-gn2860-route-twisk-Route-Twisk-荃錦公路-1977-11-25,declare,1977-11-25,GN2860,crowd|1977-gn2860-route-twisk-Route-Twisk-荃錦公路-1977-11-25,declare,false,false,false,false,
name_match_diff,en_zh:Rumsey Street|林士街,RUMSEY STREET,林士街,C&W,1970-12-11,GN2582,Rumsey Street,林士街,1905-05-12,GN286,crowd|1905-gn286-rumsey-street-11827-1905-05-12,declare,1958-06-27,GN865,crowd|1958-gn865-major-streets-Rumsey-Street-林士街-1958-06-27,extend,false,false,false,false,our_event_count=3
name_match_diff,en:SA PO ROAD,SA PO ROAD,沙浦道,KC-WTS,1985-02-19,GN611,Sa Po Road,沙埔道,1926-06-25,GN342,crowd|1926-gn342-nga-tsin-wai-road-11831-1926-06-25,declare,1926-06-25,GN342,crowd|1926-gn342-nga-tsin-wai-road-11831-1926-06-25,declare,false,false,false,false,
name_match_diff,en_zh:Sai Kung Man Yee Road|西貢萬宜路,SAI KUNG MAN YEE ROAD,西貢萬宜路,SK,1980-12-24,GN4050,Sai Kung Man Yee Road,西貢萬宜路,1980-12-19,GN4050,crowd|1980-gn4050-sai-kung-roads-Sai-Kung-Man-Yee-Road-西貢萬宜路-1980-12-19,declare,1980-12-19,GN4050,crowd|1980-gn4050-sai-kung-roads-Sai-Kung-Man-Yee-Road-西貢萬宜路-1980-12-19,declare,false,true,false,true,gn_partial_match
name_match_diff,en_zh:Sai Kung Rural Committee Lane|西貢鄉事會里,SAI KUNG RURAL COMMITTEE LANE,西貢鄉事會里,SK,2014-02-14,GN933,Sai Kung Rural Committee Lane,西貢鄉事會里,1992-04-10,GN933,2014-02-14|GN933|0,declare,1992-04-10,GN933,2014-02-14|GN933|0,declare,false,true,false,true,gn_partial_match
name_match_diff,en_zh:Sai Kung Sai Wan Road|西貢西灣路,SAI KUNG SAI WAN ROAD,西貢西灣路,SK,1980-12-24,GN4050,Sai Kung Sai Wan Road,西貢西灣路,1980-12-19,GN4050,crowd|1980-gn4050-sai-kung-roads-Sai-Kung-Sai-Wan-Road-西貢西灣路-1980-12-19,declare,1980-12-19,GN4050,crowd|1980-gn4050-sai-kung-roads-Sai-Kung-Sai-Wan-Road-西貢西灣路-1980-12-19,declare,false,true,false,true,gn_partial_match
name_match_diff,en_zh:Sai Sha Road|西沙路,SAI SHA ROAD,西沙路,SK-TP-ST,1994-06-03,GN2047,Sai Sha Road,西沙路,1984-02-17,GN459,crowd|1984-gn459-sai-kung-Sai-Sha-Road-西沙路-1984-02-17,declare,1984-02-17,GN459,crowd|1984-gn459-sai-kung-Sai-Sha-Road-西沙路-1984-02-17,declare,false,false,false,false,
name_match_diff,en_zh:Sai Street|西街,SAI STREET,西街,C&W,1977-04-15,GN857,Sai Street,西街,1909-03-19,GN184,crowd|1909-gn184-safe-11852-1909-03-19,rename,1909-03-19,GN184,crowd|1909-gn184-safe-11852-1909-03-19,rename,false,false,false,false,
name_match_diff,en_zh:Sai Tso Wan Road|西草灣路,SAI TSO WAN ROAD,西草灣路,K&T,1991-02-22,GN648,Sai Tso Wan Road,西草灣路,1983-12-02,GN3793,crowd|1983-gn3793-tsing-yi-Sai-Tso-Wan-Road-西草灣路-1983-12-02,declare,1983-12-02,GN3793,crowd|1983-gn3793-tsing-yi-Sai-Tso-Wan-Road-西草灣路-1983-12-02,declare,false,false,false,false,
name_match_diff,en_zh:Saigon Street|西貢街,SAIGON STREET,西貢街,YTM,1976-03-19,GN612,Saigon Street,西貢街,1909-03-19,GN184,crowd|1909-gn184-safe-11868-1909-03-19,rename,1909-03-19,GN184,crowd|1909-gn184-safe-11868-1909-03-19,rename,false,false,false,false,
name_match_diff,en_zh:Salisbury Road|梳士巴利道,SALISBURY ROAD,梳士巴利道,YTM,1999-07-30,GN4363,Salisbury Road,梳士巴利道,1958-06-27,GN865,crowd|1958-gn865-major-streets-Salisbury-Road-梳士巴利道-1958-06-27,declare,1958-06-27,GN865,crowd|1958-gn865-major-streets-Salisbury-Road-梳士巴利道-1958-06-27,declare,false,false,false,false,
name_match_diff,en_zh:Sam Tung Uk Road|三棟屋路,SAM TUNG UK ROAD,三棟屋路,TW,1990-11-02,GN3961,Sam Tung Uk Road,三棟屋路,1981-04-16,GN1146,crowd|1981-gn1146-tsuen-wan-Sam-Tung-Uk-Road-三棟屋路-1981-04-16,declare,1981-04-16,GN1146,crowd|1981-gn1146-tsuen-wan-Sam-Tung-Uk-Road-三棟屋路-1981-04-16,declare,false,false,false,false,
name_match_diff,en_zh:San Fung Avenue|新豐路,SAN FUNG AVENUE,新豐路,N,1982-04-16,GN1223,San Fung Avenue,新豐路,1958-06-06,GN770,crowd|1958-gn770-shek-wu-hui-San-Fung-Avenue-新豐路-1958-06-06,declare,1958-06-06,GN770,crowd|1958-gn770-shek-wu-hui-San-Fung-Avenue-新豐路-1958-06-06,declare,false,false,false,false,
name_match_diff,en_zh:San Kan Street|新勤街,SAN KAN STREET,新勤街,N,1988-03-31,GN1055,San Kan Street,新勤街,1958-06-06,GN770,crowd|1958-gn770-shek-wu-hui-San-Kan-Street-新勤街-1958-06-06,declare,1958-06-06,GN770,crowd|1958-gn770-shek-wu-hui-San-Kan-Street-新勤街-1958-06-06,declare,false,false,false,false,
name_match_diff,en_zh:San Tsing Street|新青街,SAN TSING STREET,新青街,TM,1990-11-02,GN3963,San Tsing Street,新青街,1983-01-28,GN326,crowd|1983-gn326-tuen-mun-San-Tsing-Street-新青街-1983-01-28,declare,1983-01-28,GN326,crowd|1983-gn326-tuen-mun-San-Tsing-Street-新青街-1983-01-28,declare,false,false,false,false,
name_match_diff,en_zh:San Wai Street|新圍街,SAN WAI STREET,新圍街,KC,1976-03-12,GN580,San Wai Street,新圍街,1926-06-25,GN342,crowd|1926-gn342-nga-tsin-wai-road-11916-1926-06-25,declare,1926-06-25,GN342,crowd|1926-gn342-nga-tsin-wai-road-11916-1926-06-25,declare,false,false,false,false,
name_match_diff,en_zh:Science Museum Road|科學館道,SCIENCE MUSEUM ROAD,科學館道,YTM,1999-07-30,GN4363,Science Museum Road,科學館道,1981-08-14,GN2511,crowd|1981-gn2511-science-museum-granville-Science-Museum-Road-科學館道-1981-08-14,rename,1981-08-14,GN2511,crowd|1981-gn2511-science-museum-granville-Science-Museum-Road-科學館道-1981-08-14,rename,false,false,false,false,
name_match_diff,en_zh:See Cheung Street|市場街,SEE CHEUNG STREET,市場街,SK,1980-02-08,GN440,See Cheung Street,市場街,1976-11-05,GN2462,crowd|1976-gn2462-sai-kung-streets-See-Cheung-Street-市場街-1976-11-05,declare,1979-11-23,GN3038,crowd|1979-gn3038-see-cheung-street-See-Cheung-Street-市場街-1979-11-23,rename,false,false,false,false,
name_match_diff,en_zh:Sha Tin Road|沙田路,SHA TIN ROAD,沙田路,ST,1986-08-15,GN2820,Sha Tin Road,沙田路,1984-11-30,GN3532,crowd|1984-gn3532-sha-tin-Sha-Tin-Road-沙田路-1984-11-30,declare,1984-11-30,GN3532,crowd|1984-gn3532-sha-tin-Sha-Tin-Road-沙田路-1984-11-30,declare,false,false,false,false,
name_match_diff,en_zh:Sha Tin Rural Committee Road|沙田鄉事會路,SHA TIN RURAL COMMITTEE ROAD,沙田鄉事會路,ST,1991-03-15,GN914,Sha Tin Rural Committee Road,沙田鄉事會路,1981-04-03,GN1022,crowd|1981-gn1022-sha-tin-roads-Sha-Tin-Rural-Committee-Road-沙田鄉事會路-1981-04-03,declare,1984-06-15,GN1737,crowd|1984-gn1737-sha-tin-Sha-Tin-Rural-Committee-Road-沙田鄉事會路-1984-06-15,extend,false,false,false,false,
name_match_diff,en_zh:Sha Tin Tau Road|沙田頭路,SHA TIN TAU ROAD,沙田頭路,ST,1991-03-15,GN914,Sha Tin Tau Road,沙田頭路,1981-09-18,GN2794,crowd|1981-gn2794-sha-tin-roads-Sha-Tin-Tau-Road-沙田頭路-1981-09-18,declare,1984-11-30,GN3532,crowd|1984-gn3532-sha-tin-Sha-Tin-Tau-Road-沙田頭路-1984-11-30,extend,false,false,false,false,
name_match_diff,en_zh:Sha Tin Wai Road|沙田圍路,SHA TIN WAI ROAD,沙田圍路,ST,1983-08-12,GN2628,Sha Tin Wai Road,沙田圍路,1981-09-18,GN2794,crowd|1981-gn2794-sha-tin-roads-Sha-Tin-Wai-Road-沙田圍路-1981-09-18,declare,1983-07-01,GN2023,crowd|1983-gn2023-sha-tin-Sha-Tin-Wai-Road-沙田圍路-1983-07-01,extend,false,false,false,false,
name_match_diff,en_zh:Sham Tsz Street|深慈街,SHAM TSZ STREET,深慈街,TW,2005-08-19,GN4059,Sham Tsz Street,深慈街,1979-01-05,GN44,crowd|1979-gn44-tsuen-wan-streets-Sham-Tsz-Street-深慈街-1979-01-05,declare,1979-01-05,GN44,crowd|1979-gn44-tsuen-wan-streets-Sham-Tsz-Street-深慈街-1979-01-05,declare,false,false,false,false,
name_match_diff,en_zh:Shan Ha Road|山下路,SHAN HA ROAD,山下路,YL,1982-09-17,GN3000,Shan Ha Road,山下路,1982-03-05,GN755,crowd|1982-gn755-yuen-long-Shan-Ha-Road-山下路-1982-03-05,declare,1982-03-05,GN755,crowd|1982-gn755-yuen-long-Shan-Ha-Road-山下路-1982-03-05,declare,false,false,false,false,
name_match_diff,en_zh:Shan Liu Road|山寮路,SHAN LIU ROAD,山寮路,TP,2009-03-06,GN1502,Shan Liu Road,山寮路,1970-04-03,GN1502,2009-03-06|GN1502|3,declare,1970-04-03,GN1502,2009-03-06|GN1502|3,declare,false,true,false,true,gn_partial_match
name_match_diff,en_zh:Shan Ming Street|山明街,SHAN MING STREET,山明街,S,1932-04-29,GN255,Shan Ming Street,山明街,1932-04-22,GN245,crowd|1932-gn245-ap-lei-chau-streets-11981-1932-04-22,declare,1932-04-22,GN245,crowd|1932-gn245-ap-lei-chau-streets-11981-1932-04-22,declare,false,false,false,false,
name_match_diff,en:SHATIN PASS ROAD,SHATIN PASS ROAD,沙田㘭道,WTS,1982-08-27,GN2759,Shatin Pass Road,沙田坳道,1957-05-24,GN730,crowd|1981-gn3160-shatin-pass-inferred-Shatin-Pass-Road-沙田坳道-1957-05-24,declare,1957-05-24,GN730,crowd|1981-gn3160-shatin-pass-inferred-Shatin-Pass-Road-沙田坳道-1957-05-24,declare,false,false,false,false,
name_match_diff,en:SHAU KEI WAN MAIN STREET EAST,SHAU KEI WAN MAIN STREET EAST,筲箕灣東大街,E,1976-03-12,GN580,Shau Kei Wan Main Street East,,1975-10-24,GN2327,crowd|1975-gn2327-gazetteer-harmonization-Shau-Kei-Wan-Main-Street-East-1975-10-24,rename,1975-10-24,GN2327,crowd|1975-gn2327-gazetteer-harmonization-Shau-Kei-Wan-Main-Street-East-1975-10-24,rename,false,false,false,false,
name_match_diff,en:SHAU KEI WAN ROAD,SHAU KEI WAN ROAD,筲箕灣道,E,1976-03-12,GN580,Shau Kei Wan Road,,1975-10-24,GN2327,crowd|1975-gn2327-gazetteer-harmonization-Shau-Kei-Wan-Road-1975-10-24,rename,1975-10-24,GN2327,crowd|1975-gn2327-gazetteer-harmonization-Shau-Kei-Wan-Road-1975-10-24,rename,false,false,false,false,
name_match_diff,en_zh:Shek O Road|石澳道,SHEK O ROAD,石澳道,S,1998-05-08,GN2277,Shek O Road,石澳道,1935-04-12,GN302,crowd|1935-gn302-south-side-streets-12006-1935-04-12,declare,1935-04-12,GN302,crowd|1935-gn302-south-side-streets-12006-1935-04-12,declare,false,false,false,false,
name_match_diff,en_zh:Shek Pai Tau Road|石排頭路,SHEK PAI TAU ROAD,石排頭路,TM,1998-04-24,GN1961,Shek Pai Tau Road,石排頭路,1977-12-23,GN3134,crowd|1977-gn3134-tuen-mun-roads-Shek-Pai-Tau-Road-石排頭路-1977-12-23,declare,1977-12-23,GN3134,crowd|1977-gn3134-tuen-mun-roads-Shek-Pai-Tau-Road-石排頭路-1977-12-23,declare,false,false,false,false,
name_match_diff,en_zh:Shek Wai Kok Road|石圍角路,SHEK WAI KOK ROAD,石圍角路,TW,1990-11-02,GN3961,Shek Wai Kok Road,石圍角路,1983-11-04,GN3497,crowd|1983-gn3497-tsuen-wan-Shek-Wai-Kok-Road-石圍角路-1983-11-04,declare,1983-11-04,GN3497,crowd|1983-gn3497-tsuen-wan-Shek-Wai-Kok-Road-石圍角路-1983-11-04,declare,false,false,false,false,
name_match_diff,en_zh:Shelter Street|信德街,SHELTER STREET,信德街,WC,1978-08-04,GN1958,Shelter Street,信德街,1978-06-09,GN1459,crowd|1978-gn1459-zh-renames-Shelter-Street-信德街-1978-06-09,rename,1978-06-09,GN1459,crowd|1978-gn1459-zh-renames-Shelter-Street-信德街-1978-06-09,rename,false,false,false,false,
name_match_diff,en_zh:Sheung Foo Street|常富街,SHEUNG FOO STREET,常富街,KC,2021-04-01,GN1945,Sheung Foo Street,常富街,1967-04-07,GN751,crowd|2021-gn1945-sheung-foo-12025-1967-04-07,declare,1967-04-07,GN751,crowd|2021-gn1945-sheung-foo-12025-1967-04-07,declare,false,false,false,false,
name_match_diff,en_zh:Sheung On Street|常安街,SHEUNG ON STREET,常安街,E,2002-06-28,GN3966,Sheung On Street,常安街,1982-03-05,GN753,crowd|1982-gn753-chai-wan-Sheung-On-Street-常安街-1982-03-05,declare,1983-05-13,GN1519,crowd|1983-gn1519-chai-wan-extend-Sheung-On-Street-常安街-1983-05-13,extend,false,false,false,false,
name_match_diff,en_zh:Shing Cheong Road|承昌道,SHING CHEONG ROAD,承昌道,KC,2024-12-06,GN7370,Shing Cheong Road,承昌道,2012-09-28,GN6493,crowd|2012-gn6493-kowloon-city-streets-14364-2012-09-28,declare,2012-09-28,GN6493,crowd|2012-gn6493-kowloon-city-streets-14364-2012-09-28,declare,false,false,false,false,
name_match_diff,en_zh:Shing Fung Road|承豐道,SHING FUNG ROAD,承豐道,KC,2023-03-24,GN1790,Shing Fung Road,承豐道,2012-09-28,GN6493,crowd|2012-gn6493-kowloon-city-streets-14365-2012-09-28,declare,2012-09-28,GN6493,crowd|2012-gn6493-kowloon-city-streets-14365-2012-09-28,declare,false,false,false,false,
name_match_diff,en_zh:Shing Ho Road|城河道,SHING HO ROAD,城河道,ST,1984-10-19,GN3072,Shing Ho Road,城河道,1969-12-24,GN2561,crowd|1984-gn3072-tai-wai-inferred-Shing-Ho-Road-城河道-1969-12-24,declare,1969-12-24,GN2561,crowd|1984-gn3072-tai-wai-inferred-Shing-Ho-Road-城河道-1969-12-24,declare,false,false,false,false,
name_match_diff,en_zh:Shing Yip Street|成業街,SHING YIP STREET,成業街,KT,1991-08-02,GN2727,Shing Yip Street,成業街,1957-02-22,GN264,crowd|1957-gn264-kwun-tong-streets-Shing-Yip-Street-成業街-1957-02-22,declare,1957-02-22,GN264,crowd|1957-gn264-kwun-tong-streets-Shing-Yip-Street-成業街-1957-02-22,declare,false,false,false,false,
name_match_diff,en:SHIU FAI TERRACE,SHIU FAI TERRACE,肇輝臺,WC,2012-10-19,GN6892,Shiu Fai Terrace,肇輝台,1957-03-01,GN307,crowd|1957-gn307-shiu-fai-terrace-Shiu-Fai-Terrace-肇輝台-1957-03-01,declare,1957-03-01,GN307,crowd|1957-gn307-shiu-fai-terrace-Shiu-Fai-Terrace-肇輝台-1957-03-01,declare,false,false,false,false,
name_match_diff,en_zh:Shui Che Kwun Street|水車館街,SHUI CHE KWUN STREET,水車館街,YL,1986-10-10,GN3518,Shui Che Kwun Street,水車館街,1983-06-03,GN1752,crowd|1983-gn1752-yuen-long-Shui-Che-Kwun-Street-水車館街-1983-06-03,declare,1983-06-03,GN1752,crowd|1983-gn1752-yuen-long-Shui-Che-Kwun-Street-水車館街-1983-06-03,declare,false,false,false,false,
name_match_diff,en_zh:Shui Pin Wai Interchange|水邊圍交匯處,SHUI PIN WAI INTERCHANGE,水邊圍交匯處,YL,2017-10-13,GN7594,Shui Pin Wai Interchange,水邊圍交匯處,1991-06-28,GN2214,crowd|2017-gn7594-tier-a-13052-1991-06-28,declare,1991-06-28,GN2214,crowd|2017-gn7594-tier-a-13052-1991-06-28,declare,false,false,false,false,
name_match_diff,en_zh:Shum Wan Road|深灣道,SHUM WAN ROAD,深灣道,S,2021-04-30,GN2548,Shum Wan Road,深灣道,1969-09-26,GN1915,crowd|2021-gn2548-shum-wan-road-12083-1969-09-26,declare,1969-09-26,GN1915,crowd|2021-gn2548-shum-wan-road-12083-1969-09-26,declare,false,false,false,false,
name_match_diff,en_zh:Shun Hing Street|順興街,SHUN HING STREET,順興街,N,1995-05-05,GN1614,Shun Hing Street,順興街,1983-04-29,GN1316,crowd|1983-gn1316-sha-tau-kok-Shun-Hing-Street-順興街-1983-04-29,declare,1983-04-29,GN1316,crowd|1983-gn1316-sha-tau-kok-Shun-Hing-Street-順興街-1983-04-29,declare,false,false,false,false,
name_match_diff,en_zh:Shun Lung Street|順隆街,SHUN LUNG STREET,順隆街,N,1995-05-05,GN1614,Shun Lung Street,順隆街,1983-04-29,GN1316,crowd|1983-gn1316-sha-tau-kok-Shun-Lung-Street-順隆街-1983-04-29,declare,1983-04-29,GN1316,crowd|1983-gn1316-sha-tau-kok-Shun-Lung-Street-順隆街-1983-04-29,declare,false,false,false,false,
name_match_diff,en_zh:Shung Tak Street|崇德街,SHUNG TAK STREET,崇德街,TP,1961-11-10,GN1975,Shung Tak Street,崇德街,1930-05-02,GN262,crowd|1930-gn262-tai-po-road-12102-1930-05-02,declare,1930-05-02,GN262,crowd|1930-gn262-tai-po-road-12102-1930-05-02,declare,false,false,false,false,
name_match_diff,en_zh:Shung Wah Street|崇華街,SHUNG WAH STREET,崇華街,WTS,2001-01-05,GN105,Shung Wah Street,崇華街,2000-08-11,GN5315,crowd|2000-gn5315-12104,declare,2000-08-11,GN5315,crowd|2000-gn5315-12104,declare,false,false,false,false,
name_match_diff,en_zh:Shung Yiu Street|崇耀街,SHUNG YIU STREET,崇耀街,KT,2018-05-04,GN3296,Shung Yiu Street,崇耀街,1980-04-03,GN1043,crowd|2018-gn3296-tier-a-12107-1980-04-03,declare,1980-04-03,GN1043,crowd|2018-gn3296-tier-a-12107-1980-04-03,declare,false,false,false,false,
name_match_diff,en_zh:Sin Fat Road|茜發道,SIN FAT ROAD,茜發道,KT,2018-05-04,GN3296,Sin Fat Road,茜發道,1989-05-05,GN1523,crowd|2018-gn3296-tier-a-12111-1989-05-05,declare,1989-05-05,GN1523,crowd|2018-gn3296-tier-a-12111-1989-05-05,declare,false,false,false,false,
name_match_diff,en_zh:Sky City Road|航天城路,SKY CITY ROAD,航天城路,Is,2021-09-24,GN6004,Sky City Road,航天城路,2005-11-11,GN5907,crowd|2021-gn6004-tier-a-14240-2005-11-11,declare,2005-11-11,GN5907,crowd|2021-gn6004-tier-a-14240-2005-11-11,declare,false,false,false,false,
name_match_diff,en_zh:Sky City Road East|航天城東路,SKY CITY ROAD EAST,航天城東路,Is,2021-09-24,GN6004,Sky City Road East,航天城東路,2005-11-11,GN5907,crowd|2021-gn6004-tier-a-14242-2005-11-11,declare,2005-11-11,GN5907,crowd|2021-gn6004-tier-a-14242-2005-11-11,declare,false,false,false,false,
name_match_diff,en_zh:South Bay Road|南灣道,SOUTH BAY ROAD,南灣道,S,1986-12-19,GN4362,South Bay Road,南灣道,1935-04-12,GN302,crowd|1935-gn302-south-side-streets-12129-1935-04-12,declare,1935-04-12,GN302,crowd|1935-gn302-south-side-streets-12129-1935-04-12,declare,false,false,false,false,
name_match_diff,en:SPORTS ROAD,SPORTS ROAD,體育道,WC,1995-02-24,GN633,Sports Road,體育路,1939-06-19,GN489,crowd|1939-gn489-sports-road-12134-1939-06-19,declare,1939-06-19,GN489,crowd|1939-gn489-sports-road-12134-1939-06-19,declare,false,false,false,false,
name_match_diff,en_zh:Stubbs Road|司徒拔道,STUBBS ROAD,司徒拔道,WC,1960-07-29,GN1174,Stubbs Road,司徒拔道,1923-02-15,GN77,crowd|1923-gn77-stubbs-road-12165-1923-02-15,declare,1923-02-15,GN77,crowd|1923-gn77-stubbs-road-12165-1923-02-15,declare,false,false,false,false,
name_match_diff,en_zh:Sugar Street|糖街,SUGAR STREET,糖街,WC,1931-07-10,GN436,Sugar Street,糖街,1931-05-15,GN300,crowd|1931-gn300-shaukiwan-streets-12167-1931-05-15,declare,1931-05-15,GN300,crowd|1931-gn300-shaukiwan-streets-12167-1931-05-15,declare,false,false,false,false,
name_match_diff,en_zh:Sui On Street|瑞安街,SUI ON STREET,瑞安街,TP,1961-11-10,GN1975,Sui On Street,瑞安街,1930-05-02,GN262,crowd|1930-gn262-tai-po-road-12172-1930-05-02,declare,1930-05-02,GN262,crowd|1930-gn262-tai-po-road-12172-1930-05-02,declare,false,false,false,false,
name_match_diff,en_zh:Sui Wo Road|穗禾路,SUI WO ROAD,穗禾路,ST,1999-11-12,GN6952,Sui Wo Road,穗禾路,1981-04-03,GN1022,crowd|1981-gn1022-sha-tin-roads-Sui-Wo-Road-穗禾路-1981-04-03,declare,1984-01-27,GN285,crowd|1984-gn285-sha-tin-Sui-Wo-Road-穗禾路-1984-01-27,extend,false,false,false,false,
name_match_diff,en_zh:Sun Sing Street|新成街,SUN SING STREET,新成街,E,1989-09-14,GN3187,Sun Sing Street,新成街,1957-11-08,GN1495,crowd|1957-gn1495-cape-collinson-cluster-Sun-Sing-Street-新成街-1957-11-08,declare,1957-11-08,GN1495,crowd|1957-gn1495-cape-collinson-cluster-Sun-Sing-Street-新成街-1957-11-08,declare,false,false,false,false,
name_match_diff,en_zh:Sung Wong Toi Road|宋皇臺道,SUNG WONG TOI ROAD,宋皇臺道,KC,2021-07-23,GN4521,Sung Wong Toi Road,宋皇臺道,1926-02-12,GN68,crowd|2021-gn4521-tier-a-12189-1926-02-12,declare,1926-04-16,GN202,crowd|1926-gn202-to-kwa-wan-road-12189-1926-04-16,extend,false,false,false,false,
name_match_diff,en_zh:Sze Mei Street|四美街,SZE MEI STREET,四美街,WTS,2018-02-02,GN649,Sze Mei Street,四美街,1961-09-08,GN1577,crowd|2018-gn649-tier-a-12200-1961-09-08,declare,1961-09-08,GN1577,crowd|2018-gn649-tier-a-12200-1961-09-08,declare,false,false,false,false,
name_match_diff,en_zh:Tai Cheong Street|太祥街,TAI CHEONG STREET,太祥街,E,1964-08-14,GN2258,Tai Cheong Street,太祥街,1909-07-23,GN459,crowd|1909-gn459-tai-kat-street-12204-1909-07-23,declare,1909-07-23,GN459,crowd|1909-gn459-tai-kat-street-12204-1909-07-23,declare,false,false,false,false,
name_match_diff,en_zh:Tai Foo Street|太富街,TAI FOO STREET,太富街,E,1964-08-14,GN2258,Tai Foo Street,太富街,1909-07-23,GN459,crowd|1909-gn459-tai-kat-street-12210-1909-07-23,declare,1909-07-23,GN459,crowd|1909-gn459-tai-kat-street-12210-1909-07-23,declare,false,false,false,false,
name_match_diff,en_zh:Tai Fung Avenue|太豐路,TAI FUNG AVENUE,太豐路,E,1980-12-12,GN3917,Tai Fung Avenue,太豐路,1978-04-14,GN934,crowd|1978-gn934-taikoo-shing-Tai-Fung-Avenue-太豐路-1978-04-14,declare,1980-12-05,GN3917,crowd|1980-gn3917-tai-fung-avenue-Tai-Fung-Avenue-太豐路-1980-12-05,declare,false,false,false,true,gn_partial_match
name_match_diff,en_zh:Tai Hang Tung Road|大坑東道,TAI HANG TUNG ROAD,大坑東道,SSP,1997-06-20,GN3081,Tai Hang Tung Road,大坑東道,1956-08-31,GN1108,crowd|1956-gn1108-shek-kip-mei-Tai-Hang-Tung-Road-大坑東道-1956-08-31,declare,1956-08-31,GN1108,crowd|1956-gn1108-shek-kip-mei-Tai-Hang-Tung-Road-大坑東道-1956-08-31,declare,false,false,false,false,
name_match_diff,en_zh:Tai Ho Road|大河道,TAI HO ROAD,大河道,TW,2019-03-01,GN1654,Tai Ho Road,大河道,1987-11-27,GN3981,crowd|2019-gn1654-first-previous-gn-12221-1987-11-27,declare,1987-11-27,GN3981,crowd|2019-gn1654-first-previous-gn-12221-1987-11-27,declare,false,false,false,false,
name_match_diff,en_zh:Tai Hom Road|大磡道,TAI HOM ROAD,大磡道,WTS,2018-08-10,GN6060,Tai Hom Road,大磡道,1991-11-22,GN4197,crowd|2018-gn6060-first-previous-gn-13141-1991-11-22,declare,1991-11-22,GN4197,crowd|2018-gn6060-first-previous-gn-13141-1991-11-22,declare,false,false,false,false,
name_match_diff,en_zh:Tai Hong Street|太康街,TAI HONG STREET,太康街,E,1987-09-25,GN3208,Tai Hong Street,太康街,1909-07-23,GN459,crowd|1909-gn459-tai-kat-street-12223-1909-07-23,declare,1909-07-23,GN459,crowd|1909-gn459-tai-kat-street-12223-1909-07-23,declare,false,false,false,false,
name_match_diff,en_zh:Tai Mong Tsai Road|大網仔路,TAI MONG TSAI ROAD,大網仔路,SK,1980-12-24,GN4050,Tai Mong Tsai Road,大網仔路,1980-12-19,GN4050,crowd|1980-gn4050-sai-kung-roads-Tai-Mong-Tsai-Road-大網仔路-1980-12-19,declare,1980-12-19,GN4050,crowd|1980-gn4050-sai-kung-roads-Tai-Mong-Tsai-Road-大網仔路-1980-12-19,declare,false,true,false,true,gn_partial_match
name_match_diff,en_zh:Tai Nan Street|大南街,TAI NAN STREET,大南街,YTM-SSP,1976-06-18,GN1301,Tai Nan Street,大南街,1927-11-25,GN699,crowd|1927-gn699-nathan-square-12239-1927-11-25,declare,1927-11-25,GN699,crowd|1927-gn699-nathan-square-12239-1927-11-25,declare,false,false,false,false,
name_match_diff,en_zh:Tai Ning Street|太寧街,TAI NING STREET,太寧街,E,1964-08-14,GN2258,Tai Ning Street,太寧街,1909-07-23,GN459,crowd|1909-gn459-tai-kat-street-12241-1909-07-23,declare,1909-07-23,GN459,crowd|1909-gn459-tai-kat-street-12241-1909-07-23,declare,false,false,false,false,
name_match_diff,en_zh:Tai On Street|太安街,TAI ON STREET,太安街,E,1987-09-25,GN3208,Tai On Street,太安街,1909-07-23,GN459,crowd|1909-gn459-tai-kat-street-12246-1909-07-23,declare,1909-07-23,GN459,crowd|1909-gn459-tai-kat-street-12246-1909-07-23,declare,false,false,false,false,
name_match_diff,en_zh:Tai Po Road|大埔道,TAI PO ROAD,大埔道,SSP,2018-06-01,GN4003,Tai Po Road,大埔道,1927-04-29,GN250,crowd|1927-gn250-tai-po-road-12254-1927-04-29,declare,1930-05-02,GN262,crowd|1930-gn262-tai-po-road-12254-1930-05-02,extend,false,false,false,false,
name_match_diff,en_zh:Tai Po Tai Wo Road|大埔太和路,TAI PO TAI WO ROAD,大埔太和路,TP,1996-09-27,GN4429,Tai Po Tai Wo Road,大埔太和路,1983-12-23,GN3976,crowd|1983-gn3976-tai-po-Tai-Po-Tai-Wo-Road-大埔太和路-1983-12-23,declare,1983-12-23,GN3976,crowd|1983-gn3976-tai-po-Tai-Po-Tai-Wo-Road-大埔太和路-1983-12-23,declare,false,false,false,false,
name_match_diff,en_zh:Tai Tak Street|大德街,TAI TAK STREET,大德街,E,1931-07-10,GN436,Tai Tak Street,大德街,1931-05-15,GN300,crowd|1931-gn300-shaukiwan-streets-12273-1931-05-15,declare,1931-05-15,GN300,crowd|1931-gn300-shaukiwan-streets-12273-1931-05-15,declare,false,false,false,false,
name_match_diff,en:TAI TAM RESERVOIR ROAD,TAI TAM RESERVOIR ROAD,大潭水塘道,S-E,1976-03-12,GN580,Tai Tam Reservoir Road,,1975-10-24,GN2327,crowd|1975-gn2327-gazetteer-harmonization-Tai-Tam-Reservoir-Road-1975-10-24,rename,1975-10-24,GN2327,crowd|1975-gn2327-gazetteer-harmonization-Tai-Tam-Reservoir-Road-1975-10-24,rename,false,false,false,false,
name_match_diff,en_zh:Tai Wai Road|大圍道,TAI WAI ROAD,大圍道,ST,1985-07-26,GN2430,Tai Wai Road,大圍道,1969-12-24,GN2561,crowd|1984-gn3072-tai-wai-inferred-Tai-Wai-Road-大圍道-1969-12-24,declare,1969-12-24,GN2561,crowd|1984-gn3072-tai-wai-inferred-Tai-Wai-Road-大圍道-1969-12-24,declare,false,false,false,false,
name_match_diff,en:TAI WAN ROAD,TAI WAN ROAD,大環道,KC,2006-03-03,GN1465,Tai Wan Road,大灣道,1922-06-02,GN251,crowd|1922-gn251-tai-wan-road-12282-1922-06-02,declare,1922-06-02,GN251,crowd|1922-gn251-tai-wan-road-12282-1922-06-02,declare,false,false,false,false,
name_match_diff,en_zh:Tai Yip Street|大業街,TAI YIP STREET,大業街,KT,1976-03-05,GN529,Tai Yip Street,大業街,1976-01-16,GN141,crowd|1976-gn141-kwun-tong-tai-yip-Tai-Yip-Street-大業街-1976-01-16,extend,1976-01-16,GN141,crowd|1976-gn141-kwun-tong-tai-yip-Tai-Yip-Street-大業街-1976-01-16,extend,false,false,false,false,
name_match_diff,en:TAI YUEN STREET,TAI YUEN STREET,大圓街,K&T,1970-03-06,GN535,Tai Yuen Street,太原街,1909-03-19,GN184,crowd|1909-gn184-safe-12296-1909-03-19,rename,1909-03-19,GN184,crowd|1909-gn184-safe-12296-1909-03-19,rename,false,false,false,false,
name_match_diff,en_zh:Tat Chee Avenue|達之路,TAT CHEE AVENUE,達之路,SSP,1988-11-25,GN4046,Tat Chee Avenue,達之路,1953-11-20,GN1420,crowd|1953-gn1420-yau-yat-chuen-Tat-Chee-Avenue-達之路-1953-11-20,declare,1953-11-20,GN1420,crowd|1953-gn1420-yau-yat-chuen-Tat-Chee-Avenue-達之路-1953-11-20,declare,false,false,false,false,
name_match_diff,en_zh:Tat Yip Lane|達業里,TAT YIP LANE,達業里,ST,1999-11-12,GN6952,Tat Yip Lane,達業里,1984-11-30,GN3532,crowd|1984-gn3532-sha-tin-Tat-Yip-Lane-達業里-1984-11-30,declare,1984-11-30,GN3532,crowd|1984-gn3532-sha-tin-Tat-Yip-Lane-達業里-1984-11-30,declare,false,false,false,false,
name_match_diff,en:THE GOVERNOR'S WALK,THE GOVERNOR'S WALK,同樂徑,C&W,1972-03-24,GN764,The Governor's Walk,育民里,1956-11-16,GN1468,crowd|1956-gn1468-governors-walk-hammer-hill-The-Governor-s-Walk-育民里-1956-11-16,declare,1956-11-16,GN1468,crowd|1956-gn1468-governors-walk-hammer-hill-The-Governor-s-Walk-育民里-1956-11-16,declare,false,false,false,false,
name_match_diff,en_zh:Tin Hau Road|天后路,TIN HAU ROAD,天后路,TM,1982-05-28,GN1683,Tin Hau Road,天后路,1975-08-01,GN1693,crowd|1975-gn1693-tuen-mun-streets-Tin-Hau-Road-天后路-1975-08-01,declare,1975-08-01,GN1693,crowd|1975-gn1693-tuen-mun-streets-Tin-Hau-Road-天后路-1975-08-01,declare,false,false,false,false,
name_match_diff,en_zh:Tin Sam Street|田心街,TIN SAM STREET,田心街,ST,2006-09-29,GN6309,Tin Sam Street,田心街,1983-12-23,GN3977,crowd|1983-gn3977-sha-tin-Tin-Sam-Street-田心街-1983-12-23,declare,1983-12-23,GN3977,crowd|1983-gn3977-sha-tin-Tin-Sam-Street-田心街-1983-12-23,declare,false,false,false,false,
name_match_diff,en_zh:Tin Wan Praya Road|田灣海旁道,TIN WAN PRAYA ROAD,田灣海旁道,S,1999-05-14,GN2686,Tin Wan Praya Road,田灣海旁道,1980-02-15,GN514,crowd|1980-gn514-aberdeen-tin-wan-Tin-Wan-Praya-Road-田灣海旁道-1980-02-15,declare,1980-02-15,GN514,crowd|1980-gn514-aberdeen-tin-wan-Tin-Wan-Praya-Road-田灣海旁道-1980-02-15,declare,false,false,false,false,
name_match_diff,en_zh:Tin Wan Street|田灣街,TIN WAN STREET,田灣街,S,2024-05-03,GN2573,Tin Wan Street,田灣街,1956-07-06,GN849,crowd|2024-gn2573-tin-wan-street-12370-1956-07-06,declare,1956-07-06,GN849,crowd|2024-gn2573-tin-wan-street-12370-1956-07-06,declare,false,false,false,false,
name_match_diff,en_zh:Tin Yan Road|天恩路,TIN YAN ROAD,天恩路,YL,2016-09-23,GN5399,Tin Yan Road,天恩路,1992-02-28,GN697,crowd|2016-gn5399-tier-a-13158-1992-02-28,declare,1992-02-28,GN697,crowd|2016-gn5399-tier-a-13158-1992-02-28,declare,false,false,false,false,
name_match_diff,en_zh:Ting Kok Road|汀角路,TING KOK ROAD,汀角路,TP,2009-03-06,GN1502,Ting Kok Road,汀角路,1970-04-03,GN1502,2009-03-06|GN1502|0,declare,1970-04-03,GN1502,2009-03-06|GN1502|0,declare,false,true,false,true,gn_partial_match
name_match_diff,en_zh:Ting Yat Road|汀逸路,TING YAT ROAD,汀逸路,TW,2010-12-03,GN7631,Ting Yat Road,汀逸路,2010-12-02,GN7631,2010-12-02|GN7631|0,declare,2010-12-02,GN7631,2010-12-02|GN7631|0,declare,false,true,false,true,gn_partial_match
name_match_diff,en_zh:Tong Hang Road|塘亨路,TONG HANG ROAD,塘亨路,TM,2020-10-23,GN6117,Tong Hang Road,塘亨路,1990-11-30,GN4336,crowd|2020-gn6117-tier-a-12993-1990-11-30,declare,1990-11-30,GN4336,crowd|2020-gn6117-tier-a-12993-1990-11-30,declare,false,false,false,false,
name_match_diff,en_zh:Tong Mi Road|塘尾道,TONG MI ROAD,塘尾道,YTM,1966-02-11,GN420,Tong Mi Road,塘尾道,1923-09-28,GN411,crowd|1923-gn411-cheung-sha-wan-road-12390-1923-09-28,declare,1923-09-28,GN411,crowd|1923-gn411-cheung-sha-wan-road-12390-1923-09-28,declare,false,false,false,false,
name_match_diff,en:TONNOCHY ROAD,TONNOCHY ROAD,杜老誌道,WC,1972-07-07,GN1666,Tonnochy Road,謝斐道,1929-06-14,GN312,crowd|1929-gn312-johnston-road-12395-1929-06-14,declare,1929-06-14,GN312,crowd|1929-gn312-johnston-road-12395-1929-06-14,declare,false,false,false,false,
name_match_diff,en_zh:True Light Lane|真光里,TRUE LIGHT LANE,真光里,KC,1980-04-18,GN1164,True Light Lane,真光里,1960-11-18,GN1755,crowd|1960-gn1755-true-light-lane-True-Light-Lane-真光里-1960-11-18,declare,1960-11-18,GN1755,crowd|1960-gn1755-true-light-lane-True-Light-Lane-真光里-1960-11-18,declare,false,false,false,false,
name_match_diff,en:TSAT TSZ MUI ROAD,TSAT TSZ MUI ROAD,七姊妹道,E,1976-03-12,GN580,Tsat Tsz Mui Road,,1975-10-24,GN2327,crowd|1975-gn2327-gazetteer-harmonization-Tsat-Tsz-Mui-Road-1975-10-24,rename,1975-10-24,GN2327,crowd|1975-gn2327-gazetteer-harmonization-Tsat-Tsz-Mui-Road-1975-10-24,rename,false,false,false,false,
name_match_diff,en_zh:Tseung Kwan O Road|將軍澳道,TSEUNG KWAN O ROAD,將軍澳道,KT,2020-11-20,GN6776,Tseung Kwan O Road,將軍澳道,1992-04-10,GN1269,crowd|2020-gn6776-lin-tak-tseung-kwan-o-road-13174-1992-04-10,declare,1992-04-10,GN1269,crowd|2020-gn6776-lin-tak-tseung-kwan-o-road-13174-1992-04-10,declare,false,false,false,false,
name_match_diff,en_zh:Tsing Hang Path|青杏徑,TSING HANG PATH,青杏徑,TM,1986-08-15,GN2819,Tsing Hang Path,青杏徑,1984-11-30,GN3531,crowd|1984-gn3531-tuen-mun-Tsing-Hang-Path-青杏徑-1984-11-30,declare,1984-11-30,GN3531,crowd|1984-gn3531-tuen-mun-Tsing-Hang-Path-青杏徑-1984-11-30,declare,false,false,false,false,
name_match_diff,en_zh:Tsing Pak Path|青柏徑,TSING PAK PATH,青柏徑,TM,1992-05-29,GN1862,Tsing Pak Path,青柏徑,1984-11-30,GN3531,crowd|1984-gn3531-tuen-mun-Tsing-Pak-Path-青柏徑-1984-11-30,declare,1984-11-30,GN3531,crowd|1984-gn3531-tuen-mun-Tsing-Pak-Path-青柏徑-1984-11-30,declare,false,false,false,false,
name_match_diff,en_zh:Tsing Tai Road|青泰路,TSING TAI ROAD,青泰路,TM,1996-03-08,GN1157,Tsing Tai Road,青泰路,1984-11-30,GN3530,crowd|1984-gn3530-tsing-lung-Tsing-Tai-Road-青泰路-1984-11-30,declare,1984-11-30,GN3530,crowd|1984-gn3530-tsing-lung-Tsing-Tai-Road-青泰路-1984-11-30,declare,false,false,false,false,
name_match_diff,en_zh:Tsing Yi Heung Sze Wui Road|青衣鄉事會路,TSING YI HEUNG SZE WUI ROAD,青衣鄉事會路,K&T,2002-02-22,GN1175,Tsing Yi Heung Sze Wui Road,青衣鄉事會路,1979-07-06,GN1702,crowd|1979-gn1702-tsing-yi-streets-Tsing-Yi-Heung-Sze-Wui-Road-青衣鄉事會路-1979-07-06,declare,1979-07-06,GN1702,crowd|1979-gn1702-tsing-yi-streets-Tsing-Yi-Heung-Sze-Wui-Road-青衣鄉事會路-1979-07-06,declare,false,false,false,false,
name_match_diff,en_zh:Tsing Yi Road|青衣路,TSING YI ROAD,青衣路,K&T,2003-08-29,GN5946,Tsing Yi Road,青衣路,1979-07-06,GN1702,crowd|1979-gn1702-tsing-yi-streets-Tsing-Yi-Road-青衣路-1979-07-06,declare,1983-12-02,GN3793,crowd|1983-gn3793-tsing-yi-Tsing-Yi-Road-青衣路-1983-12-02,extend,false,false,false,false,
name_match_diff,en_zh:Tsing Yin Street|青賢街,TSING YIN STREET,青賢街,TM,1989-06-09,GN1978,Tsing Yin Street,青賢街,1983-01-28,GN326,crowd|1983-gn326-tuen-mun-Tsing-Yin-Street-青賢街-1983-01-28,declare,1983-01-28,GN326,crowd|1983-gn326-tuen-mun-Tsing-Yin-Street-青賢街-1983-01-28,declare,false,false,false,false,
name_match_diff,en_zh:Tsing Yuen Street|靖遠街,TSING YUEN STREET,靖遠街,TP,1961-11-10,GN1975,Tsing Yuen Street,靖遠街,1930-05-02,GN262,crowd|1930-gn262-tai-po-road-12454-1930-05-02,declare,1930-05-02,GN262,crowd|1930-gn262-tai-po-road-12454-1930-05-02,declare,false,false,false,false,
name_match_diff,en_zh:Tsuen Fu Street|荃富街,TSUEN FU STREET,荃富街,TW,1995-06-01,GN2020,Tsuen Fu Street,荃富街,1980-11-28,GN3731,crowd|1980-gn3731-tsuen-wan-streets-Tsuen-Fu-Street-荃富街-1980-11-28,declare,1980-11-28,GN3731,crowd|1980-gn3731-tsuen-wan-streets-Tsuen-Fu-Street-荃富街-1980-11-28,declare,false,false,false,false,
name_match_diff,en_zh:Tsuen Kam Interchange|荃錦交匯處,TSUEN KAM INTERCHANGE,荃錦交匯處,TW,1990-04-06,GN1265,Tsuen Kam Interchange,荃錦交匯處,1983-11-04,GN3497,crowd|1983-gn3497-tsuen-wan-Tsuen-Kam-Interchange-荃錦交匯處-1983-11-04,declare,1983-11-04,GN3497,crowd|1983-gn3497-tsuen-wan-Tsuen-Kam-Interchange-荃錦交匯處-1983-11-04,declare,false,false,false,false,
name_match_diff,en_zh:Tsuen King Circuit|荃景圍,TSUEN KING CIRCUIT,荃景圍,TW,1992-11-20,GN4151,Tsuen King Circuit,荃景圍,1980-11-28,GN3731,crowd|1980-gn3731-tsuen-wan-streets-Tsuen-King-Circuit-荃景圍-1980-11-28,declare,1980-11-28,GN3731,crowd|1980-gn3731-tsuen-wan-streets-Tsuen-King-Circuit-荃景圍-1980-11-28,declare,false,false,false,false,
name_match_diff,en_zh:Tsuen Kwai Street|荃貴街,TSUEN KWAI STREET,荃貴街,TW,1995-06-01,GN2020,Tsuen Kwai Street,荃貴街,1980-11-28,GN3731,crowd|1980-gn3731-tsuen-wan-streets-Tsuen-Kwai-Street-荃貴街-1980-11-28,declare,1980-11-28,GN3731,crowd|1980-gn3731-tsuen-wan-streets-Tsuen-Kwai-Street-荃貴街-1980-11-28,declare,false,false,false,false,
name_match_diff,en_zh:Tsuen Nam Road|村南道,TSUEN NAM ROAD,村南道,ST,1985-07-26,GN2430,Tsuen Nam Road,村南道,1969-12-24,GN2561,crowd|1984-gn3072-tai-wai-inferred-Tsuen-Nam-Road-村南道-1969-12-24,declare,1969-12-24,GN2561,crowd|1984-gn3072-tai-wai-inferred-Tsuen-Nam-Road-村南道-1969-12-24,declare,false,false,false,false,
name_match_diff,en_zh:Tsuen Wah Street|荃華街,TSUEN WAH STREET,荃華街,TW,1995-06-01,GN2020,Tsuen Wah Street,荃華街,1980-11-28,GN3731,crowd|1980-gn3731-tsuen-wan-streets-Tsuen-Wah-Street-荃華街-1980-11-28,declare,1980-11-28,GN3731,crowd|1980-gn3731-tsuen-wan-streets-Tsuen-Wah-Street-荃華街-1980-11-28,declare,false,false,false,false,
name_match_diff,en_zh:Tsuen Wan Market Street|荃灣街市街,TSUEN WAN MARKET STREET,荃灣街市街,TW,1985-11-01,GN3646,Tsuen Wan Market Street,荃灣街市街,1938-04-14,GN299,crowd|1938-gn299-tsuen-wan-streets-12468-1938-04-14,declare,1938-04-14,GN299,crowd|1938-gn299-tsuen-wan-streets-12468-1938-04-14,declare,false,false,false,false,
name_match_diff,en_zh:Tsuen Wan Road|荃灣路,TSUEN WAN ROAD,荃灣路,K&T-TW,2001-08-03,GN4785,Tsuen Wan Road,荃灣路,1981-09-18,GN2793,crowd|1981-gn2793-tsuen-wan-road-Tsuen-Wan-Road-荃灣路-1981-09-18,declare,1981-09-18,GN2793,crowd|1981-gn2793-tsuen-wan-road-Tsuen-Wan-Road-荃灣路-1981-09-18,declare,false,false,false,false,
name_match_diff,en_zh:Tsuen Wing Street|荃榮街,TSUEN WING STREET,荃榮街,TW,2003-05-09,GN3137,Tsuen Wing Street,荃榮街,1980-11-28,GN3731,crowd|1980-gn3731-tsuen-wan-streets-Tsuen-Wing-Street-荃榮街-1980-11-28,declare,1980-11-28,GN3731,crowd|1980-gn3731-tsuen-wan-streets-Tsuen-Wing-Street-荃榮街-1980-11-28,declare,false,false,false,false,
name_match_diff,en_zh:Tsun Wen Road|震寰路,TSUN WEN ROAD,震寰路,TM,1990-11-02,GN3965,Tsun Wen Road,震寰路,1977-05-20,GN1189,crowd|1977-gn1189-tuen-mun-streets-Tsun-Wen-Road-震寰路-1977-05-20,declare,1984-11-30,GN3531,crowd|1984-gn3531-tuen-mun-Tsun-Wen-Road-震寰路-1984-11-30,extend,false,false,false,false,our_event_count=3
name_match_diff,en:TSZ MI ALLEY,TSZ MI ALLEY,紫薇街,C&W,1976-03-12,GN580,Tsz Mi Alley,,1975-10-24,GN2327,crowd|1975-gn2327-gazetteer-harmonization-Tsz-Mi-Alley-1975-10-24,rename,1975-10-24,GN2327,crowd|1975-gn2327-gazetteer-harmonization-Tsz-Mi-Alley-1975-10-24,rename,false,false,false,false,
name_match_diff,en_zh:Tsz Tin Road|紫田路,TSZ TIN ROAD,紫田路,TM,2020-10-23,GN6117,Tsz Tin Road,紫田路,1990-11-30,GN4336,crowd|2020-gn6117-tier-a-12992-1990-11-30,declare,1990-11-30,GN4336,crowd|2020-gn6117-tier-a-12992-1990-11-30,declare,false,false,false,false,
name_match_diff,en_zh:Tuen Fat Road|屯發路,TUEN FAT ROAD,屯發路,TM,1990-11-02,GN3963,Tuen Fat Road,屯發路,1984-11-30,GN3531,crowd|1984-gn3531-tuen-mun-Tuen-Fat-Road-屯發路-1984-11-30,declare,1984-11-30,GN3531,crowd|1984-gn3531-tuen-mun-Tuen-Fat-Road-屯發路-1984-11-30,declare,false,false,false,false,
name_match_diff,en_zh:Tuen Mun Heung Sze Wui Road|屯門鄉事會路,TUEN MUN HEUNG SZE WUI ROAD,屯門鄉事會路,TM,1991-07-19,GN2513,Tuen Mun Heung Sze Wui Road,屯門鄉事會路,1975-08-01,GN1693,crowd|1975-gn1693-tuen-mun-streets-Tuen-Mun-Heung-Sze-Wui-Road-屯門鄉事會路-1975-08-01,declare,1983-01-28,GN326,crowd|1983-gn326-tuen-mun-Tuen-Mun-Heung-Sze-Wui-Road-屯門鄉事會路-1983-01-28,extend,false,false,false,false,
name_match_diff,en_zh:Tuen Mun Road|屯門公路,TUEN MUN ROAD,屯門公路,TM-TW,1994-12-09,GN4724,Tuen Mun Road,屯門公路,1979-01-26,GN262,crowd|1979-gn262-tuen-mun-road-Tuen-Mun-Road-屯門公路-1979-01-26,declare,1979-01-26,GN262,crowd|1979-gn262-tuen-mun-road-Tuen-Mun-Road-屯門公路-1979-01-26,declare,false,false,false,false,
name_match_diff,en_zh:Tung Chau Street|通州街,TUNG CHAU STREET,通州街,YTM-SSP,1976-06-18,GN1301,Tung Chau Street,通州街,1927-11-25,GN699,crowd|1927-gn699-nathan-square-12509-1927-11-25,declare,1927-11-25,GN699,crowd|1927-gn699-nathan-square-12509-1927-11-25,declare,false,false,false,false,
name_match_diff,en_zh:Tung Fai Road|東輝路,TUNG FAI ROAD,東輝路,Is,2019-07-26,GN4781,Tung Fai Road,東輝路,1998-12-18,GN6283,crowd|2019-gn4781-tier-a-13917-1998-12-18,declare,1998-12-18,GN6283,crowd|2019-gn4781-tier-a-13917-1998-12-18,declare,false,false,false,false,
name_match_diff,en_zh:Tung Ming Street|通明街,TUNG MING STREET,通明街,KT,1976-04-02,GN721,Tung Ming Street,通明街,1957-02-22,GN264,crowd|1957-gn264-kwun-tong-streets-Tung-Ming-Street-通明街-1957-02-22,declare,1957-02-22,GN264,crowd|1957-gn264-kwun-tong-streets-Tung-Ming-Street-通明街-1957-02-22,declare,false,false,false,false,
name_match_diff,en_zh:Tung Tsz Road|洞梓路,TUNG TSZ ROAD,洞梓路,TP,2009-03-06,GN1502,Tung Tsz Road,洞梓路,1970-04-03,GN1502,2009-03-06|GN1502|2,declare,1970-04-03,GN1502,2009-03-06|GN1502|2,declare,false,true,false,true,gn_partial_match
name_match_diff,en_zh:Un Chau Street|元州街,UN CHAU STREET,元州街,SSP,2017-12-22,GN9867,Un Chau Street,元州街,1923-09-28,GN411,crowd|1923-gn411-cheung-sha-wan-road-12556-1923-09-28,declare,1923-09-28,GN411,crowd|1923-gn411-cheung-sha-wan-road-12556-1923-09-28,declare,false,false,false,false,
name_match_diff,en_zh:Wah King Hill Road|華景山路,WAH KING HILL ROAD,華景山路,K&T,1990-03-23,GN1051,Wah King Hill Road,華景山路,1981-10-23,GN3161,crowd|1981-gn3161-wah-king-wah-yuen-Wah-King-Hill-Road-華景山路-1981-10-23,declare,1981-10-23,GN3161,crowd|1981-gn3161-wah-king-wah-yuen-Wah-King-Hill-Road-華景山路-1981-10-23,declare,false,false,false,false,
name_match_diff,en_zh:Wai Chi Lane|偉智里,WAI CHI LANE,偉智里,SSP,1981-12-24,GN3868,Wai Chi Lane,偉智里,1981-11-06,GN3328,crowd|1981-gn3328-wai-chi-Wai-Chi-Lane-偉智里-1981-11-06,declare,1981-11-06,GN3328,crowd|1981-gn3328-wai-chi-Wai-Chi-Lane-偉智里-1981-11-06,declare,false,false,false,false,
name_match_diff,en_zh:Wai Chi Street|偉智街,WAI CHI STREET,偉智街,SSP,1981-12-24,GN3868,Wai Chi Street,偉智街,1981-11-06,GN3328,crowd|1981-gn3328-wai-chi-Wai-Chi-Street-偉智街-1981-11-06,extend,1981-11-06,GN3328,crowd|1981-gn3328-wai-chi-Wai-Chi-Street-偉智街-1981-11-06,extend,false,false,false,false,
name_match_diff,en_zh:Wai Fung Street|惠風街,WAI FUNG STREET,惠風街,S,1932-04-29,GN255,Wai Fung Street,惠風街,1932-04-22,GN245,crowd|1932-gn245-ap-lei-chau-streets-12603-1932-04-22,declare,1932-04-22,GN245,crowd|1932-gn245-ap-lei-chau-streets-12603-1932-04-22,declare,false,false,false,false,
name_match_diff,en_zh:Wai Yan Street|懷仁街,WAI YAN STREET,懷仁街,TP,1961-11-10,GN1975,Wai Yan Street,懷仁街,1930-05-02,GN262,crowd|1930-gn262-tai-po-road-12621-1930-05-02,declare,1930-05-02,GN262,crowd|1930-gn262-tai-po-road-12621-1930-05-02,declare,false,false,false,false,
name_match_diff,en_zh:Wai Yi Street|懷義街,WAI YI STREET,懷義街,TP,1961-11-10,GN1975,Wai Yi Street,懷義街,1930-05-02,GN262,crowd|1930-gn262-tai-po-road-12622-1930-05-02,declare,1930-05-02,GN262,crowd|1930-gn262-tai-po-road-12622-1930-05-02,declare,false,false,false,false,
name_match_diff,en_zh:Wai Yip Street|偉業街,WAI YIP STREET,偉業街,KT,1999-04-16,GN2058,Wai Yip Street,偉業街,1960-07-22,GN1138,crowd|1960-gn1138-wai-yip-street-Wai-Yip-Street-偉業街-1960-07-22,rename,1976-11-12,GN2519,crowd|1976-gn2519-wai-yip-street-Wai-Yip-Street-偉業街-1976-11-12,extend,false,false,false,false,
name_match_diff,en_zh:Walnut Street|合桃街,WALNUT STREET,合桃街,YTM,1966-10-14,GN2633,Walnut Street,合桃街,1950-09-29,GN1135,crowd|1950-gn1135-tsim-sha-tsui-streets-Walnut-Street-合桃街-1950-09-29,declare,1950-09-29,GN1135,crowd|1950-gn1135-tsim-sha-tsui-streets-Walnut-Street-合桃街-1950-09-29,declare,false,false,false,false,
name_match_diff,en:WAN CHAI GAP ROAD,WAN CHAI GAP ROAD,灣仔峽道,WC,1976-03-12,GN580,Wan Chai Gap Road,,1975-10-24,GN2327,crowd|1975-gn2327-gazetteer-harmonization-Wan-Chai-Gap-Road-1975-10-24,rename,1975-10-24,GN2327,crowd|1975-gn2327-gazetteer-harmonization-Wan-Chai-Gap-Road-1975-10-24,rename,false,false,false,false,
name_match_diff,en:WAN CHAI ROAD,WAN CHAI ROAD,灣仔道,WC,1976-03-12,GN580,Wan Chai Road,,1975-10-24,GN2327,crowd|1975-gn2327-gazetteer-harmonization-Wan-Chai-Road-1975-10-24,rename,1975-10-24,GN2327,crowd|1975-gn2327-gazetteer-harmonization-Wan-Chai-Road-1975-10-24,rename,false,false,false,false,
name_match_diff,en_zh:Wan O Road|環澳路,WAN O ROAD,環澳路,SK,2022-11-25,GN6836,Wan O Road,環澳路,2003-02-14,GN935,crowd|2022-gn6836-tier-a-14143-2003-02-14,declare,2003-02-14,GN935,crowd|2022-gn6836-tier-a-14143-2003-02-14,declare,false,false,false,false,
name_match_diff,en_zh:Wang Fat Path|宏發徑,WANG FAT PATH,宏發徑,YL,2017-10-13,GN7594,Wang Fat Path,宏發徑,1984-05-18,GN1452,crowd|2017-gn7594-tier-a-12654-1984-05-18,declare,1984-05-18,GN1452,crowd|2017-gn7594-tier-a-12654-1984-05-18,declare,false,false,false,false,
name_match_diff,en_zh:Wang Tat Road|宏達路,WANG TAT ROAD,宏達路,YL,2017-10-13,GN7594,Wang Tat Road,宏達路,1984-06-22,GN1827,crowd|2017-gn7594-tier-a-12672-1984-06-22,declare,1984-06-22,GN1827,crowd|2017-gn7594-tier-a-12672-1984-06-22,declare,false,false,false,false,
name_match_diff,en_zh:Wang Yuen Street|宏遠街,WANG YUEN STREET,宏遠街,KT,1985-12-13,GN4098,Wang Yuen Street,宏遠街,1983-07-15,GN2233,crowd|1983-gn2233-kowloon-bay-Wang-Yuen-Street-宏遠街-1983-07-15,declare,1983-07-15,GN2233,crowd|1983-gn2233-kowloon-bay-Wang-Yuen-Street-宏遠街-1983-07-15,declare,false,false,false,false,
name_match_diff,en_zh:Waterloo Road|窩打老道,WATERLOO ROAD,窩打老道,KC-YTM,1965-06-25,GN1572,Waterloo Road,窩打老道,1929-06-21,GN331,crowd|1929-gn331-boundary-street-12690-1929-06-21,declare,1929-08-23,GN427,crowd|1929-gn427-waterloo-road-12690-1929-08-23,extend,false,false,false,false,
name_match_diff,en_zh:West Kowloon Highway|西九龍公路,WEST KOWLOON HIGHWAY,西九龍公路,YTM-SSP,2017-04-07,GN1921,West Kowloon Highway,西九龍公路,1998-05-22,GN2489,crowd|2017-gn1921-lai-chi-kok-west-kowloon-13885-1998-05-22,declare,1998-05-22,GN2489,crowd|2017-gn1921-lai-chi-kok-west-kowloon-13885-1998-05-22,declare,false,false,false,false,
name_match_diff,en_zh:Wetland Park Road|濕地公園路,WETLAND PARK ROAD,濕地公園路,YL,2003-01-30,GN655,Wetland Park Road,濕地公園路,2000-07-07,GN4391,crowd|2000-gn4391-14027,declare,2000-07-07,GN4391,crowd|2000-gn4391-14027,declare,false,false,false,false,
name_match_diff,en_zh:Wing Cheung Street|永祥街,WING CHEUNG STREET,永祥街,WC,1969-12-12,GN2481,Wing Cheung Street,永祥街,1939-11-10,GN1047,crowd|1939-gn1047-wan-chai-streets-12712-1939-11-10,declare,1939-11-10,GN1047,crowd|1939-gn1047-wan-chai-streets-12712-1939-11-10,declare,false,false,false,false,
name_match_diff,en_zh:Wing Fook Street|永福街,WING FOOK STREET,永福街,KT,2020-08-07,GN4509,Wing Fook Street,永福街,1974-08-02,GN1982,crowd|1974-gn1982-12719,declare,1974-08-02,GN1982,crowd|1974-gn1982-12719,declare,false,false,false,false,
name_match_diff,en_zh:Wing Kei Road|永基路,WING KEI ROAD,永基路,K&T,1999-08-20,GN4817,Wing Kei Road,永基路,1975-09-19,GN2061,crowd|1975-gn2061-kwai-chung-streets-Wing-Kei-Road-永基路-1975-09-19,declare,1975-09-19,GN2061,crowd|1975-gn2061-kwai-chung-streets-Wing-Kei-Road-永基路-1975-09-19,declare,false,false,false,false,
name_match_diff,en_zh:Wing Shun Street|永順街,WING SHUN STREET,永順街,TW-K&T,1990-05-18,GN1802,Wing Shun Street,永順街,1980-05-16,GN1503,crowd|1980-gn1503-kwai-chung-streets-Wing-Shun-Street-永順街-1980-05-16,declare,1980-05-16,GN1503,crowd|1980-gn1503-kwai-chung-streets-Wing-Shun-Street-永順街-1980-05-16,declare,false,false,false,false,
name_match_diff,en_zh:Wing Tai Road|永泰道,WING TAI ROAD,永泰道,E,1984-11-30,GN3533,Wing Tai Road,永泰道,1982-03-05,GN753,crowd|1982-gn753-chai-wan-Wing-Tai-Road-永泰道-1982-03-05,declare,1984-08-24,GN2562,crowd|1984-gn2562-island-eastern-Wing-Tai-Road-永泰道-1984-08-24,extend,false,false,false,false,
name_match_diff,en_zh:Wing Tung Street|永東街,WING TUNG STREET,永東街,Is,2017-09-29,GN7315,Wing Tung Street,永東街,1983-06-03,GN1753,crowd|2017-gn7315-tier-a-12747-1983-06-03,declare,1983-06-03,GN1753,crowd|2017-gn7315-tier-a-12747-1983-06-03,declare,false,false,false,false,
name_match_diff,en_zh:Wing Wo Street|永和街,WING WO STREET,永和街,C&W,1967-06-02,GN1196,Wing Wo Street,永和街,1905-05-12,GN287,crowd|1905-gn287-wing-wo-street-12750-1905-05-12,declare,1905-05-12,GN287,crowd|1905-gn287-wing-wo-street-12750-1905-05-12,declare,false,false,false,false,
name_match_diff,en_zh:Wo Heung Street|禾香街,WO HEUNG STREET,禾香街,ST,1983-01-28,GN323,Wo Heung Street,禾香街,1976-08-13,GN1741,crowd|1976-gn1741-sha-tin-streets-Wo-Heung-Street-禾香街-1976-08-13,declare,1976-08-13,GN1741,crowd|1976-gn1741-sha-tin-streets-Wo-Heung-Street-禾香街-1976-08-13,declare,false,false,false,false,
name_match_diff,en_zh:Wo Liu Hang Road|禾寮坑路,WO LIU HANG ROAD,禾寮坑路,ST,1983-01-28,GN323,Wo Liu Hang Road,禾寮坑路,1976-08-13,GN1741,crowd|1976-gn1741-sha-tin-streets-Wo-Liu-Hang-Road-禾寮坑路-1976-08-13,declare,1976-08-13,GN1741,crowd|1976-gn1741-sha-tin-streets-Wo-Liu-Hang-Road-禾寮坑路-1976-08-13,declare,false,false,false,false,
name_match_diff,en_zh:Woh Chai Street|窩仔街,WOH CHAI STREET,窩仔街,SSP,1963-12-06,GN2399,Woh Chai Street,窩仔街,1956-08-31,GN1108,crowd|1956-gn1108-shek-kip-mei-Woh-Chai-Street-窩仔街-1956-08-31,declare,1956-08-31,GN1108,crowd|1956-gn1108-shek-kip-mei-Woh-Chai-Street-窩仔街-1956-08-31,declare,false,false,false,false,
name_match_diff,en_zh:Wong Chuk Hang Path|黃竹坑徑,WONG CHUK HANG PATH,黃竹坑徑,S,1980-08-22,GN2637,Wong Chuk Hang Path,黃竹坑徑,1937-09-24,GN682,crowd|1937-gn682-island-roads-12775-1937-09-24,declare,1937-09-24,GN682,crowd|1937-gn682-island-roads-12775-1937-09-24,declare,false,false,false,false,
name_match_diff,en_zh:Wong Chuk Hang Road|黃竹坑道,WONG CHUK HANG ROAD,黃竹坑道,S,1978-09-08,GN2274,Wong Chuk Hang Road,黃竹坑道,1961-08-04,GN1335,crowd|1961-gn1335-island-road-renames-Wong-Chuk-Hang-Road-黃竹坑道-1961-08-04,rename,1961-08-04,GN1335,crowd|1961-gn1335-island-road-renames-Wong-Chuk-Hang-Road-黃竹坑道-1961-08-04,rename,false,false,false,false,
name_match_diff,en_zh:Wong Chuk Yeung Street|黃竹洋街,WONG CHUK YEUNG STREET,黃竹洋街,ST,1991-03-15,GN914,Wong Chuk Yeung Street,黃竹洋街,1981-06-12,GN1685,crowd|1981-gn1685-fo-tan-streets-Wong-Chuk-Yeung-Street-黃竹洋街-1981-06-12,declare,1981-06-12,GN1685,crowd|1981-gn1685-fo-tan-streets-Wong-Chuk-Yeung-Street-黃竹洋街-1981-06-12,declare,false,false,false,false,
name_match_diff,en:WONG NAI CHUNG GAP ROAD,WONG NAI CHUNG GAP ROAD,黃泥涌峽道,WC-S,1976-03-12,GN580,Wong Nai Chung Gap Road,,1975-10-24,GN2327,crowd|1975-gn2327-gazetteer-harmonization-Wong-Nai-Chung-Gap-Road-1975-10-24,rename,1975-10-24,GN2327,crowd|1975-gn2327-gazetteer-harmonization-Wong-Nai-Chung-Gap-Road-1975-10-24,rename,false,false,false,false,
name_match_diff,en:WONG NAI CHUNG ROAD,WONG NAI CHUNG ROAD,黃泥涌道,WC,1976-03-12,GN580,Wong Nai Chung Road,,1975-10-24,GN2327,crowd|1975-gn2327-gazetteer-harmonization-Wong-Nai-Chung-Road-1975-10-24,rename,1975-10-24,GN2327,crowd|1975-gn2327-gazetteer-harmonization-Wong-Nai-Chung-Road-1975-10-24,rename,false,false,false,false,
name_match_diff,en_zh:Woosung Street|吳松街,WOOSUNG STREET,吳松街,YTM,1921-11-10,GN469,Woosung Street,吳松街,1909-03-19,GN184,crowd|1909-gn184-safe-12791-1909-03-19,rename,1909-03-19,GN184,crowd|1909-gn184-safe-12791-1909-03-19,rename,false,false,false,false,
name_match_diff,en_zh:Wu Shan Road|湖山路,WU SHAN ROAD,湖山路,TM,1989-06-09,GN1978,Wu Shan Road,湖山路,1984-11-30,GN3531,crowd|1984-gn3531-tuen-mun-Wu-Shan-Road-湖山路-1984-11-30,declare,1984-11-30,GN3531,crowd|1984-gn3531-tuen-mun-Wu-Shan-Road-湖山路-1984-11-30,declare,false,false,false,false,
name_match_diff,en_zh:Wui Cheung Road|匯翔道,WUI CHEUNG ROAD,匯翔道,YTM,2018-06-01,GN4004,Wui Cheung Road,匯翔道,1998-11-13,GN5530,crowd|2018-gn4004-tier-a-13925-1998-11-13,declare,1998-11-13,GN5530,crowd|2018-gn4004-tier-a-13925-1998-11-13,declare,false,false,false,false,
name_match_diff,en_zh:Wui Man Road|匯民道,WUI MAN ROAD,匯民道,YTM,2018-06-01,GN4004,Wui Man Road,匯民道,2009-06-05,GN3561,2009-06-05|GN3561|0,declare,2009-06-05,GN3561,2009-06-05|GN3561|0,declare,false,false,false,false,
name_match_diff,en:WYLIE PATH,WYLIE PATH,衞理徑,YTM,1981-08-14,GN2414,Wylie Path,衛理徑,1976-07-30,GN1667,crowd|1976-gn1667-wylie-path-Wylie-Path-衛理徑-1976-07-30,declare,1976-07-30,GN1667,crowd|1976-gn1667-wylie-path-Wylie-Path-衛理徑-1976-07-30,declare,false,false,false,false,
name_match_diff,en_zh:Yan Hing Street|仁興街,YAN HING STREET,仁興街,TP,1961-11-10,GN1975,Yan Hing Street,仁興街,1930-05-02,GN262,crowd|1930-gn262-tai-po-road-12810-1930-05-02,declare,1930-05-02,GN262,crowd|1930-gn262-tai-po-road-12810-1930-05-02,declare,false,false,false,false,
name_match_diff,en_zh:Yat San Street|日新街,YAT SAN STREET,日新街,YL,1992-02-14,GN535,Yat San Street,日新街,1935-02-15,GN124,crowd|1935-gn124-yuen-long-streets-12825-1935-02-15,declare,1935-02-15,GN124,crowd|1935-gn124-yuen-long-streets-12825-1935-02-15,declare,false,false,false,false,
name_match_diff,en_zh:Yau Ma Tei Interchange|油麻地交匯處,YAU MA TEI INTERCHANGE,油麻地交匯處,YTM,2025-11-21,GN7382,Yau Ma Tei Interchange,油麻地交匯處,2017-04-07,GN1920,2017-04-07|GN1920|1,declare,2017-04-07,GN1920,crowd|2025-gn7382-tier-b-14449-2017-04-07,declare,false,false,false,false,
name_match_diff,en_zh:Yau Tin West Road|攸田西路,YAU TIN WEST ROAD,攸田西路,YL,2014-07-11,GN4022,Yau Tin West Road,攸田西路,1992-11-20,GN4153,crowd|2014-gn4022-tier-a-13527-1992-11-20,declare,1992-11-20,GN4153,crowd|2014-gn4022-tier-a-13527-1992-11-20,declare,false,false,false,false,
name_match_diff,en_zh:Yau Wing Street|友榮街,YAU WING STREET,友榮街,Is,2017-09-29,GN7315,Yau Wing Street,友榮街,1985-10-18,GN3454,crowd|2017-gn7315-tier-a-12838-1985-10-18,declare,1985-10-18,GN3454,crowd|2017-gn7315-tier-a-12838-1985-10-18,declare,false,false,false,false,
name_match_diff,en_zh:Yee Kuk Street|醫局街,YEE KUK STREET,醫局街,SSP,1976-06-18,GN1301,Yee Kuk Street,醫局街,1927-11-25,GN699,crowd|1927-gn699-nathan-square-12844-1927-11-25,declare,1927-11-25,GN699,crowd|1927-gn699-nathan-square-12844-1927-11-25,declare,false,false,false,false,
name_match_diff,en_zh:Yi Lun Street|彝倫街,YI LUN STREET,彝倫街,WTS,2018-02-02,GN649,Yi Lun Street,彝倫街,1961-09-08,GN1577,crowd|2018-gn649-tier-a-12858-1961-09-08,declare,1961-09-08,GN1577,crowd|2018-gn649-tier-a-12858-1961-09-08,declare,false,false,false,false,
name_match_diff,en_zh:Yin Kong Road|燕崗路,YIN KONG ROAD,燕崗路,N,2010-12-03,GN7632,Yin Kong Road,燕崗路,2010-12-02,GN7632,2010-12-02|GN7632|0,declare,2010-12-02,GN7632,2010-12-02|GN7632|0,declare,false,true,false,true,gn_partial_match
name_match_diff,en_zh:Ying Hei Road|迎禧路,YING HEI ROAD,迎禧路,Is,2025-07-25,GN4610,Ying Hei Road,迎禧路,1999-12-24,GN8173,crowd|2025-gn4610-tier-a-13995-1999-12-24,declare,1999-12-24,GN8173,crowd|2025-gn4610-tier-a-13995-1999-12-24,declare,false,false,false,false,
name_match_diff,en_zh:Ying Tung Road|迎東路,YING TUNG ROAD,迎東路,Is,2024-09-06,GN5324,Ying Tung Road,迎東路,2016-11-11,GN6438,2016-11-11|GN6438|0,declare,2016-11-11,GN6438,2016-11-11|GN6438|0,declare,false,false,false,false,
name_match_diff,en_zh:Yiu Sing Street|耀星街,YIU SING STREET,耀星街,C&W,2016-03-18,GN1595,Yiu Sing Street,耀星街,2012-10-19,GN6891,crowd|2016-gn1595-tier-a-14367-2012-10-19,declare,2012-10-19,GN6891,crowd|2016-gn1595-tier-a-14367-2012-10-19,declare,false,false,false,false,
name_match_diff,en_zh:Yu King Square|裕景坊,YU KING SQUARE,裕景坊,YL,2017-10-13,GN7594,Yu King Square,裕景坊,1983-06-03,GN1752,crowd|2017-gn7594-tier-a-12891-1983-06-03,declare,1983-06-03,GN1752,crowd|2017-gn7594-tier-a-12891-1983-06-03,declare,false,false,false,false,
name_match_diff,en_zh:Yu On Street|漁安街,YU ON STREET,漁安街,TP,2010-02-05,GN736,Yu On Street,漁安街,1987-07-03,GN2124,crowd|2010-gn736-yu-on-street-12894-1987-07-03,declare,1987-07-03,GN2124,crowd|2010-gn736-yu-on-street-12894-1987-07-03,declare,false,false,false,false,
name_match_diff,en_zh:Yuen Kong Au Street|鉛礦凹街,YUEN KONG AU STREET,鉛礦凹街,ST,1981-07-24,GN2184,Yuen Kong Au Street,鉛礦凹街,1981-06-12,GN1685,crowd|1981-gn1685-fo-tan-streets-Yuen-Kong-Au-Street-鉛礦凹街-1981-06-12,declare,1981-06-12,GN1685,crowd|1981-gn1685-fo-tan-streets-Yuen-Kong-Au-Street-鉛礦凹街-1981-06-12,declare,false,false,false,false,
name_match_diff,en_zh:Yuen Long Pau Cheung Square|元朗炮仗坊,YUEN LONG PAU CHEUNG SQUARE,元朗炮仗坊,YL,2021-10-08,GN6314,Yuen Long Pau Cheung Square,元朗炮仗坊,1977-12-02,GN2944,crowd|2021-gn6314-tier-a-12919-1977-12-02,declare,1977-12-02,GN2944,crowd|2021-gn6314-tier-a-12919-1977-12-02,declare,false,false,false,false,
name_match_diff,en_zh:Yuen Long Tai Yuk Road|元朗體育路,YUEN LONG TAI YUK ROAD,元朗體育路,YL,2005-05-27,GN2493,Yuen Long Tai Yuk Road,元朗體育路,1977-12-02,GN2944,crowd|1977-gn2944-yuen-long-streets-Yuen-Long-Tai-Yuk-Road-元朗體育路-1977-12-02,declare,1984-06-15,GN1738,crowd|1984-gn1738-yuen-long-Yuen-Long-Tai-Yuk-Road-元朗體育路-1984-06-15,extend,false,false,false,false,
name_match_diff,en_zh:Yuen Wo Road|源禾路,YUEN WO ROAD,源禾路,ST,1998-11-20,GN5659,Yuen Wo Road,源禾路,1981-04-03,GN1022,crowd|1981-gn1022-sha-tin-roads-Yuen-Wo-Road-源禾路-1981-04-03,declare,1981-04-03,GN1022,crowd|1981-gn1022-sha-tin-roads-Yuen-Wo-Road-源禾路-1981-04-03,declare,false,false,false,false,
name_match_diff,en_zh:Yuk Sau Street|毓秀街,YUK SAU STREET,毓秀街,WC,1932-09-16,GN590,Yuk Sau Street,毓秀街,1930-03-07,GN138,crowd|1930-gn138-village-road-12940-1930-03-07,declare,1930-03-07,GN138,crowd|1930-gn138-village-road-12940-1930-03-07,declare,false,false,false,false,
name_match_diff,en_zh:Yung Ping Path|雍坪徑,YUNG PING PATH,雍坪徑,ST,2009-12-18,GN7994,Yung Ping Path,雍坪徑,1984-11-30,GN7994,2009-12-18|GN7994|1,declare,1984-11-30,GN7994,2009-12-18|GN7994|1,declare,false,true,false,true,gn_partial_match
ours_only,en:AIRPORT DRIVE NO. 1,,,,,,Airport Drive No. 1,機場一路,1981-12-11,GN3682,crowd|1981-gn3682-airport-roads-Airport-Drive-No-1-機場一路-1981-12-11,declare,1981-12-11,GN3682,crowd|1981-gn3682-airport-roads-Airport-Drive-No-1-機場一路-1981-12-11,declare,false,false,false,false,
ours_only,en:AIRPORT DRIVE NO. 2,,,,,,Airport Drive No. 2,機場二路,1981-12-11,GN3682,crowd|1981-gn3682-airport-roads-Airport-Drive-No-2-機場二路-1981-12-11,declare,1981-12-11,GN3682,crowd|1981-gn3682-airport-roads-Airport-Drive-No-2-機場二路-1981-12-11,declare,false,false,false,false,
ours_only,en:AIRPORT DRIVE NO. 3,,,,,,Airport Drive No. 3,機場三路,1981-12-11,GN3682,crowd|1981-gn3682-airport-roads-Airport-Drive-No-3-機場三路-1981-12-11,declare,1981-12-11,GN3682,crowd|1981-gn3682-airport-roads-Airport-Drive-No-3-機場三路-1981-12-11,declare,false,false,false,false,
ours_only,en:AIRPORT DRIVE NO. 4,,,,,,Airport Drive No. 4,機場四路,1981-12-11,GN3682,crowd|1981-gn3682-airport-roads-Airport-Drive-No-4-機場四路-1981-12-11,declare,1981-12-11,GN3682,crowd|1981-gn3682-airport-roads-Airport-Drive-No-4-機場四路-1981-12-11,declare,false,false,false,false,
ours_only,en:AIRPORT DRIVE NO. 5,,,,,,Airport Drive No. 5,機場五路,1981-12-11,GN3682,crowd|1981-gn3682-airport-roads-Airport-Drive-No-5-機場五路-1981-12-11,declare,1981-12-11,GN3682,crowd|1981-gn3682-airport-roads-Airport-Drive-No-5-機場五路-1981-12-11,declare,false,false,false,false,
ours_only,en:ARRIVALS ROAD,,,,,,Arrivals Road,啟達道,1981-12-11,GN3682,crowd|1981-gn3682-airport-roads-Arrivals-Road-啟達道-1981-12-11,declare,1981-12-11,GN3682,crowd|1981-gn3682-airport-roads-Arrivals-Road-啟達道-1981-12-11,declare,false,false,false,false,
ours_only,en:CARGO CIRCUIT,,,,,,Cargo Circuit,貨運道,1981-12-11,GN3682,crowd|2017-gn2428-tier-c-1-1981-12-11,declare,1981-12-11,GN3682,crowd|2017-gn2428-tier-c-1-1981-12-11,declare,false,false,false,false,
ours_only,en:CHEONG LIN PATH,,,,,,Cheong Lin Path,暢連徑,2002-05-31,GN3296,crowd|2021-gn6002-tier-c-1-2002-05-31,declare,2002-05-31,GN3296,crowd|2021-gn6002-tier-c-1-2002-05-31,declare,false,false,false,false,
ours_only,en:CHEUNG LOK STREET,,,,,,Cheung Lok Street,長樂街,1915-06-18,GN271,crowd|1915-gn271-cheong-lok-street-10174-1915-06-18,declare,1915-06-18,GN271,crowd|1915-gn271-cheong-lok-street-10174-1915-06-18,declare,false,false,false,false,
ours_only,en:CHEUNG SHUI STREET,,,,,,Cheung Shui Street,祥瑞街,1956-06-08,GN717,crowd|1956-gn717-yaumatei-hunghom-Cheung-Shui-Street-祥瑞街-1956-06-08,declare,1956-06-08,GN717,crowd|1956-gn717-yaumatei-hunghom-Cheung-Shui-Street-祥瑞街-1956-06-08,declare,false,false,false,false,
ours_only,en:CHI LI T P AT H,,,,,,Chi Li T P At H,誌烈徑,2022-10-21,GN6005,2022-10-21|GN6005|0,declare,2022-10-21,GN6005,2022-10-21|GN6005|0,declare,false,false,false,false,
ours_only,en:CHI MAN ROAD,,,,,,Chi Man Road,治民道,1955-01-28,GN99,crowd|1955-gn99-pui-ching-nairn-chi-man-Chi-Man-Road-治民道-1955-01-28,declare,1955-01-28,GN99,crowd|1955-gn99-pui-ching-nairn-chi-man-Chi-Man-Road-治民道-1955-01-28,declare,false,false,false,false,
ours_only,en:CHING HAY STREET,,,,,,Ching Hay Street,正氣街,1978-04-14,GN933,crowd|1978-gn933-tsim-sha-tsui-streets-Ching-Hay-Street-正氣街-1978-04-14,declare,1978-04-14,GN933,crowd|1978-gn933-tsim-sha-tsui-streets-Ching-Hay-Street-正氣街-1978-04-14,declare,false,false,false,false,
ours_only,en:CHING ROAD,,,,,,Ching Road,青道,1957-10-11,GN1367,crowd|2017-gn3555-tier-c-1-1957-10-11,declare,1957-10-11,GN1367,crowd|2017-gn3555-tier-c-1-1957-10-11,declare,false,false,false,false,
ours_only,en:CHING YEE ROAD,,,,,,Ching Yee Road,正義道,1978-04-14,GN933,crowd|1978-gn933-tsim-sha-tsui-streets-Ching-Yee-Road-正義道-1978-04-14,declare,1978-04-14,GN933,crowd|1978-gn933-tsim-sha-tsui-streets-Ching-Yee-Road-正義道-1978-04-14,declare,false,false,false,false,
ours_only,en:CHUN YIP STREET,,,,,,Chun Yip Street,駿業街,1957-02-22,GN264,crowd|1957-gn264-kwun-tong-streets-Chun-Yip-Street-駿業街-1957-02-22,declare,1957-02-22,GN264,crowd|1957-gn264-kwun-tong-streets-Chun-Yip-Street-駿業街-1957-02-22,declare,false,false,false,false,
ours_only,en:CHURCH LANE,,,,,,Church Lane,教堂里,1958-07-11,GN939,crowd|1958-gn939-church-lane-Church-Lane-教堂里-1958-07-11,declare,1958-07-11,GN939,crowd|1958-gn939-church-lane-Church-Lane-教堂里-1958-07-11,declare,false,false,false,false,
ours_only,en:CLEARWATER BAY ROAD,,,,,,Clearwater Bay Road,清水灣道,1947-07-02,GN543,crowd|1947-gn543-nt-roads-Clear-Water-Bay-Road-清水灣道-1947-07-02,declare,1947-07-02,GN543,crowd|1947-gn543-nt-roads-Clear-Water-Bay-Road-清水灣道-1947-07-02,declare,false,false,false,false,
ours_only,en:COMET ROAD,,,,,,Comet Road,彗星道,1981-12-11,GN3682,crowd|1981-gn3682-airport-roads-Comet-Road-彗星道-1981-12-11,declare,1981-12-11,GN3682,crowd|1981-gn3682-airport-roads-Comet-Road-彗星道-1981-12-11,declare,false,false,false,false,
ours_only,en:DEPARTURES CIRCUIT,,,,,,Departures Circuit,啟揚道,1981-12-11,GN3682,crowd|1981-gn3682-airport-roads-Departures-Circuit-啟揚道-1981-12-11,declare,1981-12-11,GN3682,crowd|1981-gn3682-airport-roads-Departures-Circuit-啟揚道-1981-12-11,declare,false,false,false,false,
ours_only,en:EAGLE ROAD,,,,,,Eagle Road,鷹道,1952-10-10,GN1173,crowd|1952-gn1173-eagle-road-1952-10-10,declare,1952-10-10,GN1173,crowd|1952-gn1173-eagle-road-1952-10-10,declare,false,false,false,false,
ours_only,en:EASTERN ROAD,,,,,,Eastern Road,啟東道,1981-12-11,GN3682,crowd|1981-gn3682-airport-roads-Eastern-Road-啟東道-1981-12-11,declare,1981-12-11,GN3682,crowd|1981-gn3682-airport-roads-Eastern-Road-啟東道-1981-12-11,declare,false,false,false,false,
ours_only,en:EMA AVENUE,,,,,,Ema Avenue,艷馬道,1925-10-09,GN575,crowd|1925-gn575-village-road-10413-1925-10-09,declare,1925-10-09,GN575,crowd|1925-gn575-village-road-10413-1925-10-09,declare,false,false,false,false,
ours_only,en:F A NLING BYPASS,,,,,,F A Nling Bypass,粉嶺繞道,2026-03-27,GN1839,2026-03-27|GN1839|0,declare,2026-03-27,GN1839,2026-03-27|GN1839|0,declare,false,false,false,false,
ours_only,en:FI R S T SKY STREET,,,,,,Fi R S T Sky Street,航天城第一街,2021-09-24,GN6003,2021-09-24|GN6003|0,declare,2021-09-24,GN6003,2021-09-24|GN6003|0,declare,false,false,false,false,
ours_only,en:FO HING STREET,,,,,,Fo Hing Street,科興街,2008-10-10,GN7004,2008-10-10|GN7004|0,declare,2008-10-10,GN7004,2008-10-10|GN7004|0,declare,false,false,false,false,
ours_only,en:FO KING ROAD,,,,,,Fo King Road,科景路,2005-10-21,GN5456,crowd|2005-gn5456-fo-chong-san-roads-14231-2005-10-21,declare,2005-10-21,GN5456,crowd|2005-gn5456-fo-chong-san-roads-14231-2005-10-21,declare,false,false,false,false,
ours_only,en:FOO YIP STREET,,,,,,Foo Yip Street,富業街,1957-02-22,GN264,crowd|1957-gn264-kwun-tong-streets-Foo-Yip-Street-富業街-1957-02-22,declare,1957-02-22,GN264,crowd|1957-gn264-kwun-tong-streets-Foo-Yip-Street-富業街-1957-02-22,declare,false,false,false,false,
ours_only,en:FOOK LAI ROAD,,,,,,Fook Lai Road,福來道,1957-10-11,GN1367,crowd|1957-gn1367-chuk-yuen-ngau-tau-kok-Fook-Lai-Road-福來道-1957-10-11,declare,1957-10-11,GN1367,crowd|2017-gn3555-tier-c-FookLaiRoad--1957-10-11,declare,false,false,false,false,
ours_only,en:FU MEI STREET WEST,,,,,,Fu Mei Street West,富美西街,1967-01-05,GN89,crowd|2017-gn3555-tier-c-1-1967-01-05,declare,1967-01-05,GN89,crowd|2017-gn3555-tier-c-1-1967-01-05,declare,false,false,false,false,
ours_only,en:FU YAN LANE,,,,,,Fu Yan Lane,輔仁里,1957-02-22,GN264,crowd|1957-gn264-kwun-tong-streets-Fu-Yan-Lane-輔仁里-1957-02-22,declare,1957-02-22,GN264,crowd|1957-gn264-kwun-tong-streets-Fu-Yan-Lane-輔仁里-1957-02-22,declare,false,false,false,false,
ours_only,en:FUNG L AM R O A D,,,,,,Fung L Am R O A D,鳳林路,2026-03-27,GN1839,2026-03-27|GN1839|2,declare,2026-03-27,GN1839,2026-03-27|GN1839|2,declare,false,false,false,false,
ours_only,en:FUNG LING R O A D,,,,,,Fung Ling R O A D,鳳嶺路,2026-03-27,GN1839,2026-03-27|GN1839|3,declare,2026-03-27,GN1839,2026-03-27|GN1839|3,declare,false,false,false,false,
ours_only,en:GASCOIGNE ROAD FYLOVER,,,,,,Gascoigne Road Fylover,加士居道天橋,2020-10-16,GN5983,2020-10-16|GN5983|0,declare,2020-10-16,GN5983,2020-10-16|GN5983|0,declare,false,false,false,false,
ours_only,en:GILLIES AVENUE,,,,,,Gillies Avenue,機利士南路,1926-06-25,GN342,crowd|1926-gn342-missing-streets-Gillies-Avenue-South-機利士南路-1926-06-25,extend,1926-06-25,GN342,crowd|1926-gn342-missing-streets-Gillies-Avenue-South-機利士南路-1926-06-25,extend,false,false,false,false,
ours_only,en:HANG HAU MAIN STREET,,,,,,Hang Hau Main Street,坑口正街,1977-11-25,GN2858,crowd|1977-gn2858-hang-hau-main-street-Hang-Hau-Main-Street-坑口正街-1977-11-25,declare,1977-11-25,GN2858,crowd|1977-gn2858-hang-hau-main-street-Hang-Hau-Main-Street-坑口正街-1977-11-25,declare,false,false,false,false,
ours_only,en:HARBOUR PARADE,,,,,,Harbour Parade,海港道,1957-08-23,GN1179,crowd|1957-gn1179-harbour-embankments-Harbour-Parade-海港道-1957-08-23,declare,1957-08-23,GN1179,crowd|1957-gn1179-harbour-embankments-Harbour-Parade-海港道-1957-08-23,declare,false,false,false,false,
ours_only,en:HAU PUI LOONG ROAD,,,,,,Hau Pui Loong Road,靠背壟道,1926-06-25,GN342,crowd|1926-gn342-kau-pui-lung-road-Kau-Pui-Lung-Road-靠背壟道-1926-06-25,declare,1926-06-25,GN342,crowd|1926-gn342-kau-pui-lung-road-Kau-Pui-Lung-Road-靠背壟道-1926-06-25,declare,false,false,false,false,
ours_only,en:HILL WOOD ROAD,,,,,,Hill Wood Road,山林道,1933-05-12,GN341,crowd|1933-gn341-chater-estate-10709-1933-05-12,declare,1933-05-12,GN341,crowd|1933-gn341-chater-estate-10709-1933-05-12,declare,false,false,false,false,
ours_only,en:HING CHEUNG ROAD,,,,,,Hing Cheung Road,興祥道,1978-04-14,GN933,crowd|1978-gn933-tsim-sha-tsui-streets-Hing-Cheung-Road-興祥道-1978-04-14,declare,1978-04-14,GN933,crowd|1978-gn933-tsim-sha-tsui-streets-Hing-Cheung-Road-興祥道-1978-04-14,declare,false,false,false,false,
ours_only,en:HOI SHIN L A N E,,,,,,Hoi Shin L A N E,海善里,2022-12-09,GN7138,2022-12-09|GN7138|0,declare,2022-12-09,GN7138,2022-12-09|GN7138|0,declare,false,false,false,false,
ours_only,en:HOI YING R O A D,,,,,,Hoi Ying R O A D,海映路,2023-02-03,GN839,2023-02-03|GN839|0,declare,2023-02-03,GN839,2023-02-03|GN839|0,declare,false,false,false,false,
ours_only,en:INNOV AT ION A ND TE CHNOLOGY P AR K R O A D,,,,,,Innov At Ion A Nd Te Chnology P Ar K R O A D,創科園路,2025-02-28,GN1271,2025-02-28|GN1271|0,declare,2025-02-28,GN1271,2025-02-28|GN1271|0,declare,false,false,false,false,
ours_only,en:ISLAND ROAD (DEEP WATER BAY),,,,,,Island Road (Deep Water Bay),深水灣香島道,1961-08-04,GN1335,crowd|1961-gn1335-island-road-renames-Island-Road-Deep-Water-Bay-深水灣香島道-1961-08-04,rename,1961-08-04,GN1335,crowd|1961-gn1335-island-road-renames-Island-Road-Deep-Water-Bay-深水灣香島道-1961-08-04,rename,false,false,false,false,
ours_only,en:JAFFE LANE,,,,,,Jaffe Lane,謝斐里,1953-07-24,GN912,crowd|1953-gn912-jaffe-lockhart-Jaffe-Lane-謝斐里-1953-07-24,declare,1953-07-24,GN912,crowd|1953-gn912-jaffe-lockhart-Jaffe-Lane-謝斐里-1953-07-24,declare,false,false,false,false,
ours_only,en:JAFFÉ ROAD,,,,,,Jaffé Road,謝斐道,1931-10-30,GN694,crowd|1931-gn694-wan-chai-streets-10892-1931-10-30,declare,1931-10-30,GN694,crowd|1931-gn694-wan-chai-streets-10892-1931-10-30,declare,false,false,false,false,
ours_only,en:JORDAN VALLEY SOUTH ROAD,,,,,,Jordan Valley South Road,佐頓谷南道,1966-06-16,GN1628,crowd|2017-gn3555-tier-c-1-1966-06-16,declare,1966-06-16,GN1628,crowd|2017-gn3555-tier-c-1-1966-06-16,declare,false,false,false,false,
ours_only,en:KAI MAN STREET,,,,,,Kai Man Street,啟民街,1975-08-01,GN1693,crowd|1975-gn1693-tuen-mun-streets-Kai-Man-Street-啟民街-1975-08-01,declare,1975-08-01,GN1693,crowd|1975-gn1693-tuen-mun-streets-Kai-Man-Street-啟民街-1975-08-01,declare,false,false,false,false,
ours_only,en:KIN MAN STREET,,,,,,Kin Man Street,健文街,1955-02-11,GN164,crowd|1955-gn164-kin-man-street-Kin-Man-Street-健文街-1955-02-11,declare,1955-02-11,GN164,crowd|1955-gn164-kin-man-street-Kin-Man-Street-健文街-1955-02-11,declare,false,false,false,false,
ours_only,en:KIN TAT STREET,,,,,,Kin Tat Street,建達街,1984-11-30,GN3531,crowd|1984-gn3531-tuen-mun-Kin-Tat-Street-建達街-1984-11-30,declare,1984-11-30,GN3531,crowd|1984-gn3531-tuen-mun-Kin-Tat-Street-建達街-1984-11-30,declare,false,false,false,false,
ours_only,en:KO LONG ROAD,,,,,,Ko Long Road,高朗道,1967-06-06,GN1244,crowd|2017-gn3555-tier-c-1-1967-06-06,declare,1967-06-06,GN1244,crowd|2017-gn3555-tier-c-1-1967-06-06,declare,false,false,false,false,
ours_only,en:KUN TONG ROAD,,,,,,Kun Tong Road,觀塘道,1947-07-02,GN543,crowd|1947-gn543-nt-roads-Kwun-Tong-Road-觀塘道-1947-07-02,declare,1947-07-02,GN543,crowd|1947-gn543-nt-roads-Kwun-Tong-Road-觀塘道-1947-07-02,declare,false,false,false,false,
ours_only,en:KWONG CHIU TERRACE,,,,,,Kwong Chiu Terrace,光照台,1950-05-05,GN581,crowd|1950-gn581-kwong-chiu-terrace-Kwong-Chiu-Terrace-光照台-1950-05-05,declare,1950-05-05,GN581,crowd|1950-gn581-kwong-chiu-terrace-Kwong-Chiu-Terrace-光照台-1950-05-05,declare,false,false,false,false,
ours_only,en:KWONG FUK NEW BRIDGE,,,,,,Kwong Fuk New Bridge,廣福新橋,1957-08-02,GN1083,crowd|1957-gn1083-kwong-fuk-Kwong-Fuk-New-Bridge-廣福新橋-1957-08-02,declare,1957-08-02,GN1083,crowd|1957-gn1083-kwong-fuk-Kwong-Fuk-New-Bridge-廣福新橋-1957-08-02,declare,false,false,false,false,
ours_only,en:KWONG YUNG STREET,,,,,,Kwong Yung Street,廣榮街,1955-01-14,GN52,crowd|1955-gn52-yin-chong-kwong-yung-Kwong-Yung-Street-廣榮街-1955-01-14,declare,1955-01-14,GN52,crowd|1955-gn52-yin-chong-kwong-yung-Kwong-Yung-Street-廣榮街-1955-01-14,declare,false,false,false,false,
ours_only,en:KWUN SH A P AT H,,,,,,Kwun Sh A P At H,觀沙徑,2023-06-09,GN3522,2023-06-09|GN3522|0,declare,2023-06-09,GN3522,2023-06-09|GN3522|0,declare,false,false,false,false,
ours_only,en:L AM T IN IN TER CH A NG E,,,,,,L Am T In In Ter Ch A Ng E,藍田交匯處,2022-11-25,GN6835,2022-11-25|GN6835|0,declare,2022-11-25,GN6835,2022-11-25|GN6835|0,declare,false,false,false,false,
ours_only,en:LEE TAT STREET,,,,,,Lee Tat Street,利達街,1956-06-08,GN717,crowd|1956-gn717-yaumatei-hunghom-Lee-Tat-Street-利達街-1956-06-08,declare,1956-06-08,GN717,crowd|1956-gn717-yaumatei-hunghom-Lee-Tat-Street-利達街-1956-06-08,declare,false,false,false,false,
ours_only,en:LOK FUNG LANE,,,,,,Lok Fung Lane,樂楓里,1979-12-07,GN3194,crowd|1979-gn3194-sha-tin-lok-streets-Lok-Fung-Lane-樂楓里-1979-12-07,declare,1979-12-07,GN3194,crowd|1979-gn3194-sha-tin-lok-streets-Lok-Fung-Lane-樂楓里-1979-12-07,declare,false,false,false,false,
ours_only,en:LOK HA LANE,,,,,,Lok Ha Lane,樂霞里,1979-12-07,GN3194,crowd|1979-gn3194-sha-tin-lok-streets-Lok-Ha-Lane-樂霞里-1979-12-07,declare,1979-12-07,GN3194,crowd|1979-gn3194-sha-tin-lok-streets-Lok-Ha-Lane-樂霞里-1979-12-07,declare,false,false,false,false,
ours_only,en:LOK KWAI LANE,,,,,,Lok Kwai Lane,樂葵里,1979-12-07,GN3194,crowd|1979-gn3194-sha-tin-lok-streets-Lok-Kwai-Lane-樂葵里-1979-12-07,declare,1979-12-07,GN3194,crowd|1979-gn3194-sha-tin-lok-streets-Lok-Kwai-Lane-樂葵里-1979-12-07,declare,false,false,false,false,
ours_only,en:LOK LIN STREET,,,,,,Lok Lin Street,樂蓮街,1979-12-07,GN3194,crowd|1979-gn3194-sha-tin-lok-streets-Lok-Lin-Street-樂蓮街-1979-12-07,declare,1979-12-07,GN3194,crowd|1979-gn3194-sha-tin-lok-streets-Lok-Lin-Street-樂蓮街-1979-12-07,declare,false,false,false,false,
ours_only,en:LOK YUEN LANE,,,,,,Lok Yuen Lane,樂園里,1979-12-07,GN3194,crowd|1979-gn3194-sha-tin-lok-streets-Lok-Yuen-Lane-樂園里-1979-12-07,declare,1979-12-07,GN3194,crowd|1979-gn3194-sha-tin-lok-streets-Lok-Yuen-Lane-樂園里-1979-12-07,declare,false,false,false,false,
ours_only,en:LUNG SHAN ROAD,,,,,,Lung Shan Road,龍山道,1957-10-11,GN1367,crowd|2017-gn3555-tier-c-LungShanRoad--1957-10-11,declare,1957-10-11,GN1367,crowd|2017-gn3555-tier-c-LungShanRoad--1957-10-11,declare,false,false,false,false,
ours_only,en:LUNG T ING L A N E,,,,,,Lung T Ing L A N E,龍庭里,2024-03-08,GN1335,2024-03-08|GN1335|0,declare,2024-03-08,GN1335,2024-03-08|GN1335|0,declare,false,false,false,false,
ours_only,en:LUNG TAT P AT H,,,,,,Lung Tat P At H,龍達徑,2023-06-23,GN3740,2023-06-23|GN3740|0,declare,2023-06-23,GN3740,2023-06-23|GN3740|0,declare,false,false,false,false,
ours_only,en:M OON T IN L A N E,,,,,,M Oon T In L A N E,滿田里,2023-05-19,GN3075,2023-05-19|GN3075|0,declare,2023-05-19,GN3075,2023-05-19|GN3075|0,declare,false,false,false,false,
ours_only,en:MA FUK R O A D,,,,,,Ma Fuk R O A D,馬福路,2024-03-01,GN1176,2024-03-01|GN1176|1,declare,2024-03-01,GN1176,2024-03-01|GN1176|1,declare,false,false,false,false,
ours_only,en:MA TA K R O A D,,,,,,Ma Ta K R O A D,馬得路,2024-03-01,GN1176,2024-03-01|GN1176|0,declare,2024-03-01,GN1176,2024-03-01|GN1176|0,declare,false,false,false,false,
ours_only,en:MA TAU WEI ROAD,,,,,,Ma Tau Wei Road,碼頭圍道,1926-04-16,GN202,crowd|1926-gn202-ma-tau-wai-road-Ma-Tau-Wai-Road-馬頭圍道-1926-04-16,declare,1926-04-16,GN202,crowd|1926-gn202-ma-tau-wai-road-Ma-Tau-Wai-Road-馬頭圍道-1926-04-16,declare,false,false,false,false,
ours_only,en:MEI WA STREET,,,,,,Mei Wa Street,美華街,1960-07-08,GN1060,crowd|1960-gn1060-mei-wa-streets-Mei-Wa-Street-美華街-1960-07-08,declare,1960-07-08,GN1060,crowd|1960-gn1060-mei-wa-streets-Mei-Wa-Street-美華街-1960-07-08,declare,false,false,false,false,
ours_only,en:MING KWONG ROAD,,,,,,Ming Kwong Road,明光道,1978-04-14,GN933,crowd|1978-gn933-tsim-sha-tsui-streets-Ming-Kwong-Road-明光道-1978-04-14,declare,1978-04-14,GN933,crowd|1978-gn933-tsim-sha-tsui-streets-Ming-Kwong-Road-明光道-1978-04-14,declare,false,false,false,false,
ours_only,en:MING OI STREET,,,,,,Ming Oi Street,明愛街,1975-08-01,GN1693,crowd|1975-gn1693-tuen-mun-streets-Ming-Oi-Street-明愛街-1975-08-01,declare,1975-08-01,GN1693,crowd|1975-gn1693-tuen-mun-streets-Ming-Oi-Street-明愛街-1975-08-01,declare,false,false,false,false,
ours_only,en:MING TAK STREET,,,,,,Ming Tak Street,明德街,1963-11-08,GN2197,crowd|2017-gn3555-tier-c-1-1963-11-08,declare,1963-11-08,GN2197,crowd|2017-gn3555-tier-c-1-1963-11-08,declare,false,false,false,false,
ours_only,en:MURRAY PLACE,,,,,,Murray Place,美利台,1958-06-27,GN865,crowd|1958-gn865-major-streets-Murray-Place-美利台-1958-06-27,declare,1958-06-27,GN865,crowd|1958-gn865-major-streets-Murray-Place-美利台-1958-06-27,declare,false,false,false,false,
ours_only,en:MUT WAH ROAD,,,,,,Mut Wah Road,物華道,1957-02-22,GN264,crowd|1957-gn264-kwun-tong-streets-Mut-Wah-Road-物華道-1957-02-22,declare,1957-02-22,GN264,crowd|1957-gn264-kwun-tong-streets-Mut-Wah-Road-物華道-1957-02-22,declare,false,false,false,false,
ours_only,en:NAIRN ROAD,,,,,,Nairn Road,楠道,1950-09-15,GN1083,crowd|1950-gn1083-ho-man-tin-streets-Nairn-Road-楠道-1950-09-15,declare,1955-01-28,GN99,crowd|1955-gn99-pui-ching-nairn-chi-man-Nairn-Road-楠道-1955-01-28,extend,false,false,false,false,
ours_only,en:NATION STREET,,,,,,Nation Street,禮信街,1960-01-22,GN110,crowd|2019-gn3586-tier-c-1-1960-01-22,declare,1960-01-22,GN110,crowd|2019-gn3586-tier-c-1-1960-01-22,declare,false,false,false,false,
ours_only,en:NGAU TAU KOK FIFTH STREET,,,,,,Ngau Tau Kok Fifth Street,牛頭角第五街,1970-07-03,GN1370,crowd|2016-gn427-tier-c-1-1970-07-03,declare,1970-07-03,GN1370,crowd|2016-gn427-tier-c-1-1970-07-03,declare,false,false,false,false,
ours_only,en:NGAU TAU KOK FOURTH STREET,,,,,,Ngau Tau Kok Fourth Street,牛頭角第四街,1970-07-03,GN1370,crowd|2016-gn427-tier-c-NgauTauKokFourthStreet--1970-07-03,declare,1970-07-03,GN1370,crowd|2016-gn427-tier-c-NgauTauKokFourthStreet--1970-07-03,declare,false,false,false,false,
ours_only,en:NGAU TAU KOK SECOND STREET,,,,,,Ngau Tau Kok Second Street,牛頭角第二街,1970-07-03,GN1370,crowd|2016-gn427-tier-c-NgauTauKokSecondStreet--1970-07-03,declare,1970-07-03,GN1370,crowd|2016-gn427-tier-c-NgauTauKokSecondStreet--1970-07-03,declare,false,false,false,false,
ours_only,en:NGAU TAU KOK THIRD STREET,,,,,,Ngau Tau Kok Third Street,牛頭角第三街,1970-07-03,GN1370,crowd|2016-gn427-tier-c-NgauTauKokThirdStreet--1970-07-03,declare,1970-07-03,GN1370,crowd|2016-gn427-tier-c-NgauTauKokThirdStreet--1970-07-03,declare,false,false,false,false,
ours_only,en:ON PIK ROAD,,,,,,On Pik Road,安碧道,2021-10-22,GN6649,2021-10-22|GN6649|0,declare,2021-10-22,GN6649,2021-10-22|GN6649|0,declare,false,false,false,false,
ours_only,en:PARK VIEW,,,,,,Park View,,1904-01-29,GN59,crowd|1904-gn59-victoria-road-renames-park-view-1904-01-29,rename,1904-01-29,GN59,crowd|1904-gn59-victoria-road-renames-park-view-1904-01-29,rename,false,false,false,false,
ours_only,en:PILGRIMS WAY,,,,,,Pilgrims Way,碧景林路,1957-04-05,GN509,crowd|1957-gn509-gap-beacon-cluster-Pilgrims-Way-碧景林路-1957-04-05,declare,1957-04-05,GN509,crowd|1957-gn509-gap-beacon-cluster-Pilgrims-Way-碧景林路-1957-04-05,declare,false,false,false,false,
ours_only,en:POKFULAM RESERVOIR ROAD,,,,,,Pokfulam Reservoir Road,撲扶林水塘道,1937-09-24,GN682,crowd|1937-gn682-island-roads-11767-1937-09-24,declare,1937-09-24,GN682,crowd|1937-gn682-island-roads-11767-1937-09-24,declare,false,false,false,false,
ours_only,en:PRINCE EDWARD ROAD,,,,,,Prince Edward Road,太子道,1924-03-07,GN119,crowd|1924-gn119-prince-edward-road-11788-1924-03-07,rename,1959-05-29,GN738,crowd|1959-gn738-prince-edward-road-11788-1959-05-29,extend,false,false,false,false,
ours_only,en:QUARRY BAY EAST STREET,,,,,,Quarry Bay East Street,鰂魚涌東街,1959-02-27,GN315,crowd|1959-gn315-urban-council-renames-Quarry-Bay-East-Street-鰂魚涌東街-1959-02-27,rename,1959-02-27,GN315,crowd|1959-gn315-urban-council-renames-Quarry-Bay-East-Street-鰂魚涌東街-1959-02-27,rename,false,false,false,false,
ours_only,en:QUARRY BAY WEST STREET,,,,,,Quarry Bay West Street,鰂魚涌西街,1959-02-27,GN315,crowd|1959-gn315-urban-council-renames-Quarry-Bay-West-Street-鰂魚涌西街-1959-02-27,rename,1959-02-27,GN315,crowd|1959-gn315-urban-council-renames-Quarry-Bay-West-Street-鰂魚涌西街-1959-02-27,rename,false,false,false,false,
ours_only,en:QUEEN'S ROAD CENTRAL,,,,,,Queen's Road Central,皇后大道中,1874-02-14,CROWD,crowd|queens-road-11804-central-declare,declare,1874-02-14,CROWD,crowd|queens-road-11804-central-declare,declare,false,false,false,false,
ours_only,en:RE S EAR CH R O A D,,,,,,Re S Ear Ch R O A D,研發路,2025-02-28,GN1271,2025-02-28|GN1271|1,declare,2025-02-28,GN1271,2025-02-28|GN1271|1,declare,false,false,false,false,
ours_only,en:S E COND SKY STREET,,,,,,S E Cond Sky Street,航天城第二街,2021-09-24,GN6003,2021-09-24|GN6003|1,declare,2021-09-24,GN6003,2021-09-24|GN6003|1,declare,false,false,false,false,
ours_only,en:SAI KUNG ROAD,,,,,,Sai Kung Road,西貢路,1922-05-05,GN202,crowd|1922-gn202-sai-kung-road-11840-1922-05-05,declare,1947-07-02,GN543,crowd|1947-gn543-nt-roads-Sai-Kung-Road-西貢道-1947-07-02,declare,false,false,false,false,
ours_only,en:SAI KUNG WING LUNG ROAD,,,,,,Sai Kung Wing Lung Road,西貢永隆道,1977-06-10,GN1311,crowd|1977-gn1311-sai-kung-roads-Sai-Kung-Wing-Lung-Road-西貢永隆道-1977-06-10,declare,1977-06-10,GN1311,crowd|1977-gn1311-sai-kung-roads-Sai-Kung-Wing-Lung-Road-西貢永隆道-1977-06-10,declare,false,false,false,false,
ours_only,en:SAI KUNG WING WO STREET,,,,,,Sai Kung Wing Wo Street,西貢永和街,1976-11-05,GN2462,crowd|1976-gn2462-sai-kung-streets-Sai-Kung-Wing-Wo-Street-西貢永和街-1976-11-05,declare,1976-11-05,GN2462,crowd|1976-gn2462-sai-kung-streets-Sai-Kung-Wing-Wo-Street-西貢永和街-1976-11-05,declare,false,false,false,false,
ours_only,en:SAI YEUNG CHOI STREET,,,,,,Sai Yeung Choi Street,西洋菜街,1953-06-12,GN757,crowd|1953-gn757-wong-chuk-sai-yeung-choi-Sai-Yeung-Choi-Street-西洋菜街-1953-06-12,declare,1953-06-12,GN757,crowd|1953-gn757-wong-chuk-sai-yeung-choi-Sai-Yeung-Choi-Street-西洋菜街-1953-06-12,declare,false,false,false,false,
ours_only,en:SALISBURY AVENUE,,,,,,Salisbury Avenue,梳士巴利路,1958-06-27,GN865,crowd|1958-gn865-major-streets-10667-salisbury-avenue-1958-06-27,declare,1958-06-27,GN865,crowd|1958-gn865-major-streets-10667-salisbury-avenue-1958-06-27,declare,false,false,false,false,
ours_only,en:SAN CHUK STREET,,,,,,San Chuk Street,新竹街,1998-01-09,GN172,crowd|2018-gn2323-tier-c-1-1998-01-09,declare,1998-01-09,GN172,crowd|2018-gn2323-tier-c-1-1998-01-09,declare,false,false,false,false,
ours_only,en:SAU LAI STREET,,,,,,Sau Lai Street,秀麗街,1967-03-04,GN537,crowd|2016-gn427-tier-c-1-1967-03-04,declare,1967-03-04,GN537,crowd|2016-gn427-tier-c-1-1967-03-04,declare,false,false,false,false,
ours_only,en:SAU MAU PATH,,,,,,Sau Mau Path,秀茂徑,1967-03-04,GN537,crowd|2016-gn427-tier-c-SauMauPath--1967-03-04,declare,1967-03-04,GN537,crowd|2016-gn427-tier-c-SauMauPath--1967-03-04,declare,false,false,false,false,
ours_only,en:SAU PO STREET,,,,,,Sau Po Street,秀圃街,1967-03-04,GN537,crowd|2016-gn427-tier-c-SauPoStreet--1967-03-04,declare,1967-03-04,GN537,crowd|2016-gn427-tier-c-SauPoStreet--1967-03-04,declare,false,false,false,false,
ours_only,en:SH E UNG HO R O A D,,,,,,Sh E Ung Ho R O A D,上河路,2026-03-27,GN1839,2026-03-27|GN1839|1,declare,2026-03-27,GN1839,2026-03-27|GN1839|1,declare,false,false,false,false,
ours_only,en:SHAUKIWAN ROAD,,,,,,Shaukiwan Road,筲箕灣道,1940-07-26,GN845,crowd|1940-gn845-shaukiwan-road-11991-1940-07-26,rename,1940-07-26,GN845,crowd|1940-gn845-shaukiwan-road-11991-1940-07-26,rename,false,false,false,false,
ours_only,en:SHEK SHAN ROAD,,,,,,Shek Shan Road,石山道,1926-06-25,GN342,crowd|1926-gn342-missing-streets-Shek-Shan-Road-石山道-1926-06-25,declare,1926-06-25,GN342,crowd|1926-gn342-missing-streets-Shek-Shan-Road-石山道-1926-06-25,declare,false,false,false,false,
ours_only,en:SHEUNG TAK STREET,,,,,,Sheung Tak Street,尚德街,1963-11-08,GN2197,crowd|2017-gn3555-tier-c-SheungTakStreet--1963-11-08,declare,1963-11-08,GN2197,crowd|2017-gn3555-tier-c-SheungTakStreet--1963-11-08,declare,false,false,false,false,
ours_only,en:SHIM KWONG STREET,,,,,,Shim Kwong Street,蟾光街,1960-06-17,GN928,crowd|1960-gn928-yuet-wah-streets-Shim-Kwong-Street-蟾光街-1960-06-17,declare,1960-06-17,GN928,crowd|1960-gn928-yuet-wah-streets-Shim-Kwong-Street-蟾光街-1960-06-17,declare,false,false,false,false,
ours_only,en:SHING FUNG L A N E,,,,,,Shing Fung L A N E,承豐里,2024-09-13,GN5451,2024-09-13|GN5451|0,declare,2024-09-13,GN5451,2024-09-13|GN5451|0,declare,false,false,false,false,
ours_only,en:SHING SHUN ROAD,,,,,,Shing Shun Road,誠信路,1970-01-23,GN225,crowd|2017-gn3555-tier-c-1-1970-01-23,declare,1970-01-23,GN225,crowd|2017-gn3555-tier-c-1-1970-01-23,declare,false,false,false,false,
ours_only,en:SHING Y A US TREET,,,,,,Shing Y A Us Treet,承佑街,2023-05-12,GN2908,2023-05-12|GN2908|0,declare,2023-05-12,GN2908,2023-05-12|GN2908|0,declare,false,false,false,false,
ours_only,en:SHUN CHEUNG ROAD,,,,,,Shun Cheung Road,順祥道,1979-04-20,GN1001,crowd|1979-gn1001-clear-water-bay-streets-Shun-Cheung-Road-順祥道-1979-04-20,declare,1979-04-20,GN1001,crowd|1979-gn1001-clear-water-bay-streets-Shun-Cheung-Road-順祥道-1979-04-20,declare,false,false,false,false,
ours_only,en:SHUN WOO STREET,,,,,,Shun Woo Street,順和街,1979-04-20,GN1001,crowd|1979-gn1001-clear-water-bay-streets-Shun-Woo-Street-順和街-1979-04-20,declare,1979-04-20,GN1001,crowd|1979-gn1001-clear-water-bay-streets-Shun-Woo-Street-順和街-1979-04-20,declare,false,false,false,false,
ours_only,en:SIU WO STREET,,,,,,Siu Wo Street,兆和街,1940-01-19,GN108,crowd|1940-gn108-siu-wo-street-12068-1940-01-19,declare,1940-01-19,GN108,crowd|1940-gn108-siu-wo-street-12068-1940-01-19,declare,false,false,false,false,
ours_only,en:SUI LUN STREET,,,,,,Sui Lun Street,瑞麟街,1954-12-17,GN1538,crowd|1954-gn1538-wang-cheung-sui-lun-Sui-Lun-Street-瑞麟街-1954-12-17,declare,1954-12-17,GN1538,crowd|1954-gn1538-wang-cheung-sui-lun-Sui-Lun-Street-瑞麟街-1954-12-17,declare,false,false,false,false,
ours_only,en:SUNDERLAND ROAD,,,,,,Sunderland Road,新德鄰道,1949-11-25,GN1143,crowd|1949-gn1143-sunderland-road-Sunderland-Road-新德鄰道-1949-11-25,declare,1949-11-25,GN1143,crowd|1949-gn1143-sunderland-road-Sunderland-Road-新德鄰道-1949-11-25,declare,false,false,false,false,
ours_only,en:SWALLOW ROAD,,,,,,Swallow Road,燕子道,1952-10-10,GN1173,crowd|1952-gn1173-swallow-road-1952-10-10,declare,1952-10-10,GN1173,crowd|1952-gn1173-swallow-road-1952-10-10,declare,false,false,false,false,
ours_only,en:T HI R D SKY STREET,,,,,,T Hi R D Sky Street,航天城第三街,2021-09-24,GN6003,2021-09-24|GN6003|2,declare,2021-09-24,GN6003,2021-09-24|GN6003|2,declare,false,false,false,false,
ours_only,en:T IN WO R O A D,,,,,,T In Wo R O A D,田禾路,2022-10-07,GN5717,2022-10-07|GN5717|0,declare,2022-10-07,GN5717,2022-10-07|GN5717|0,declare,false,false,false,false,
ours_only,en:T S E UNG L AM HIGHW A Y,,,,,,T S E Ung L Am Highw A Y,將藍公路,2022-11-25,GN6835,2022-11-25|GN6835|1,declare,2022-11-25,GN6835,2022-11-25|GN6835|1,declare,false,false,false,false,
ours_only,en:T SZ LUN R O A D,,,,,,T Sz Lun R O A D,紫麟路,2024-08-23,GN4962,2024-08-23|GN4962|0,declare,2024-08-23,GN4962,2024-08-23|GN4962|0,declare,false,false,false,false,
ours_only,en:T U E N LOK L A N E,,,,,,T U E N Lok L A N E,屯樂里,2021-12-03,GN7633,2021-12-03|GN7633|0,declare,2021-12-03,GN7633,2021-12-03|GN7633|0,declare,false,false,false,false,
ours_only,en:TAK WO STREET,,,,,,Tak Wo Street,德和街,1967-03-04,GN537,crowd|2016-gn427-tier-c-TakWoStreet--1967-03-04,declare,1967-03-04,GN537,crowd|2016-gn427-tier-c-TakWoStreet--1967-03-04,declare,false,false,false,false,
ours_only,en:TANDERAGEE ROAD,,,,,,Tanderagee Road,丹墀道,1957-08-09,GN1113,crowd|1957-gn1113-tanderagee-road-Tanderagee-Road-丹墀道-1957-08-09,declare,1957-08-09,GN1113,crowd|1957-gn1113-tanderagee-road-Tanderagee-Road-丹墀道-1957-08-09,declare,false,false,false,false,
ours_only,en:TONG MEI ROAD,,,,,,Tong Mei Road,,1975-10-24,GN2327,crowd|1975-gn2327-gazetteer-harmonization-Tong-Mei-Road-1975-10-24,rename,1975-10-24,GN2327,crowd|1975-gn2327-gazetteer-harmonization-Tong-Mei-Road-1975-10-24,rename,false,false,false,false,
ours_only,en:TRISTAR AVENUE,,,,,,Tristar Avenue,三星道,1981-12-11,GN3682,crowd|1981-gn3682-airport-roads-Tristar-Avenue-三星道-1981-12-11,declare,1981-12-11,GN3682,crowd|1981-gn3682-airport-roads-Tristar-Avenue-三星道-1981-12-11,declare,false,false,false,false,
ours_only,en:TSAT TSE MUI ROAD,,,,,,Tsat Tse Mui Road,七姊妹道,1939-12-15,GN1179,crowd|1939-gn1179-north-point-streets-12407-1939-12-15,declare,1939-12-15,GN1179,crowd|1939-gn1179-north-point-streets-12407-1939-12-15,declare,false,false,false,false,
ours_only,en:TSING HOI SQUARE,,,,,,Tsing Hoi Square,青河坊,1984-11-30,GN3531,crowd|1984-gn3531-tuen-mun-Tsing-Hoi-Square-青河坊-1984-11-30,declare,1984-11-30,GN3531,crowd|1984-gn3531-tuen-mun-Tsing-Hoi-Square-青河坊-1984-11-30,declare,false,false,false,false,
ours_only,en:TUNG CHEUNG STREET,,,,,,Tung Cheung Street,東昌街,1936-04-17,GN360,crowd|1936-gn360-taipo-streets-13997-1936-04-17,declare,1936-04-17,GN360,crowd|1936-gn360-taipo-streets-13997-1936-04-17,declare,false,false,false,false,
ours_only,en:TYTAM RESERVOIR ROAD,,,,,,Tytam Reservoir Road,大潭水塘道,1957-11-08,GN1495,crowd|1957-gn1495-cape-collinson-cluster-Tytam-Reservoir-Road-大潭水塘道-1957-11-08,declare,1957-11-08,GN1495,crowd|1957-gn1495-cape-collinson-cluster-Tytam-Reservoir-Road-大潭水塘道-1957-11-08,declare,false,false,false,false,
ours_only,en:VISCOUNT ROAD,,,,,,Viscount Road,子爵道,1981-12-11,GN3682,crowd|1981-gn3682-airport-roads-Viscount-Road-子爵道-1981-12-11,declare,1981-12-11,GN3682,crowd|1981-gn3682-airport-roads-Viscount-Road-子爵道-1981-12-11,declare,false,false,false,false,
ours_only,en:WA FUNG KAI,,,,,,Wa Fung Kai,華豐街,1923-09-28,GN411,crowd|1923-gn411-cheung-sha-wan-road-12578-1923-09-28,declare,1923-09-28,GN411,crowd|1923-gn411-cheung-sha-wan-road-12578-1923-09-28,declare,false,false,false,false,
ours_only,en:WAN FAT STREET,,,,,,Wan Fat Street,環發街,1958-08-08,GN1068,crowd|1958-gn1068-wan-on-cluster-Wan-Fat-Street-環發街-1958-08-08,declare,1958-08-08,GN1068,crowd|1958-gn1068-wan-on-cluster-Wan-Fat-Street-環發街-1958-08-08,declare,false,false,false,false,
ours_only,en:WAN FUK STREET,,,,,,Wan Fuk Street,環福街,1959-12-11,GN1743,crowd|1959-gn1743-wan-streets-Wan-Fuk-Street-環福街-1959-12-11,declare,1959-12-11,GN1743,crowd|1959-gn1743-wan-streets-Wan-Fuk-Street-環福街-1959-12-11,declare,false,false,false,false,
ours_only,en:WAN HING STREET,,,,,,Wan Hing Street,環興街,1958-08-08,GN1068,crowd|1958-gn1068-wan-on-cluster-Wan-Hing-Street-環興街-1958-08-08,declare,1958-08-08,GN1068,crowd|1958-gn1068-wan-on-cluster-Wan-Hing-Street-環興街-1958-08-08,declare,false,false,false,false,
ours_only,en:WAN KING STREET,,,,,,Wan King Street,環景街,1959-12-11,GN1743,crowd|1959-gn1743-wan-streets-Wan-King-Street-環景街-1959-12-11,declare,1959-12-11,GN1743,crowd|1959-gn1743-wan-streets-Wan-King-Street-環景街-1959-12-11,declare,false,false,false,false,
ours_only,en:WAN LEI STREET,,,,,,Wan Lei Street,環利街,1959-12-11,GN1743,crowd|1959-gn1743-wan-streets-Wan-Lei-Street-環利街-1959-12-11,declare,1959-12-11,GN1743,crowd|1959-gn1743-wan-streets-Wan-Lei-Street-環利街-1959-12-11,declare,false,false,false,false,
ours_only,en:WAN LOK STREET,,,,,,Wan Lok Street,環樂街,1958-08-08,GN1068,crowd|1958-gn1068-wan-on-cluster-Wan-Lok-Street-環樂街-1958-08-08,declare,1958-08-08,GN1068,crowd|1958-gn1068-wan-on-cluster-Wan-Lok-Street-環樂街-1958-08-08,declare,false,false,false,false,
ours_only,en:WAN SHUN STREET,,,,,,Wan Shun Street,環順街,1959-12-11,GN1743,crowd|1959-gn1743-wan-streets-Wan-Shun-Street-環順街-1959-12-11,declare,1959-12-11,GN1743,crowd|1959-gn1743-wan-streets-Wan-Shun-Street-環順街-1959-12-11,declare,false,false,false,false,
ours_only,en:WAN TAT STREET,,,,,,Wan Tat Street,環達街,1958-08-08,GN1068,crowd|1958-gn1068-wan-on-cluster-Wan-Tat-Street-環達街-1958-08-08,declare,1958-08-08,GN1068,crowd|1958-gn1068-wan-on-cluster-Wan-Tat-Street-環達街-1958-08-08,declare,false,false,false,false,
ours_only,en:WANCHAI GAP ROAD,,,,,,Wanchai Gap Road,灣仔峽道,1957-04-05,GN509,crowd|1957-gn509-gap-beacon-cluster-Wanchai-Gap-Road-灣仔峽道-1957-04-05,declare,1957-04-05,GN509,crowd|1957-gn509-gap-beacon-cluster-Wanchai-Gap-Road-灣仔峽道-1957-04-05,declare,false,false,false,false,
ours_only,en:WANG CHEUNG STREET,,,,,,Wang Cheung Street,宏昌街,1954-12-17,GN1538,crowd|1954-gn1538-wang-cheung-sui-lun-Wang-Cheung-Street-宏昌街-1954-12-17,declare,1954-12-17,GN1538,crowd|1954-gn1538-wang-cheung-sui-lun-Wang-Cheung-Street-宏昌街-1954-12-17,declare,false,false,false,false,
ours_only,en:WO LOK L A N E,,,,,,Wo Lok L A N E,和樂里,2024-03-01,GN1176,2024-03-01|GN1176|2,declare,2024-03-01,GN1176,2024-03-01|GN1176|2,declare,false,false,false,false,
ours_only,en:WONG NEI CHEONG GAP ROAD,,,,,,Wong Nei Cheong Gap Road,黃泥涌峽道,1932-10-07,GN635,crowd|1932-gn635-south-side-roads-12782-1932-10-07,declare,1932-10-07,GN635,crowd|1932-gn635-south-side-roads-12782-1932-10-07,declare,false,false,false,false,
ours_only,en:WUI T UNG STREET,,,,,,Wui T Ung Street,匯東街,2024-09-06,GN5323,2024-09-06|GN5323|0,declare,2024-09-06,GN5323,2024-09-06|GN5323|0,declare,false,false,false,false,
ours_only,en:Y A U M ONG L A N E,,,,,,Y A U M Ong L A N E,油旺里,2024-06-21,GN3555,2024-06-21|GN3555|0,declare,2024-06-21,GN3555,2024-06-21|GN3555|0,declare,false,false,false,false,
ours_only,en:YAN CHING CIRCUIT,,,,,,Yan Ching Circuit,仁政街,1975-08-01,GN1693,crowd|1975-gn1693-tuen-mun-streets-Yan-Ching-Circuit-仁政街-1975-08-01,declare,1975-08-01,GN1693,crowd|1975-gn1693-tuen-mun-streets-Yan-Ching-Circuit-仁政街-1975-08-01,declare,false,false,false,false,
ours_only,en:YU CHOW STREET,,,,,,Yu Chow Street,汝州街,1927-11-25,GN699,crowd|1927-gn699-yu-chau-street-12888-1927-11-25,declare,1927-11-25,GN699,crowd|1927-gn699-yu-chau-street-12888-1927-11-25,declare,false,false,false,false,
