english_name,chinese_name,district_code,district_en,district_zh,gazette_date,gazette_notice,gazette_date_raw
A KUNG KOK SHAN ROAD,亞公角山路,ST,Sha Tin,沙田,1989-02-03,418,32542
A KUNG KOK STREET,亞公角街,ST,Sha Tin,沙田,1993-09-24,3502,34236
A KUNG NGAM ROAD,阿公岩道,E,Eastern,東區,1961-11-10,1974,22595
A KUNG NGAM ROAD,阿公岩道,E,Eastern,東區,1975-07-11,1540,27586
A KUNG NGAM VILLAGE LANE,阿公岩村里,E,Eastern,東區,2007-08-03,5033,39297
A KUNG NGAM VILLAGE ROAD,阿公岩村道,E,Eastern,東區,1975-07-11,1540,27586
A KUNG NGAM VILLAGE ROAD,阿公岩村道,E,Eastern,東區,1997-07-25,385,35636
ABERDEEN MAIN ROAD,香港仔大道,S,Southern,南區,1961-08-04,1335,22497
ABERDEEN PRAYA ROAD,香港仔海傍道,S,Southern,南區,1980-02-15,514,29266
ABERDEEN PRAYA ROAD,香港仔海傍道,S,Southern,南區,1986-07-11,2360,31604
ABERDEEN RESERVOIR ROAD,香港仔水塘道,WC-C&W-S,Wan  Chai / Central  &  Western / Southern,灣仔 / 中西區 / 南區,1984-03-09,710,30750
AIRPORT EXPO BOULEVARD,航展道,Is,Islands,離島,2005-11-11,5907,38667
AIRPORT NORTH INTERCHANGE,機場北交匯處,Is,Islands,離島,1998-01-02,73,35797
AIRPORT ROAD,機場路,Is,Islands,離島,1998-01-02,73,35797
AIRPORT ROAD,機場路,Is,Islands,離島,2019-07-26,4781,43672
AIRPORT ROAD,機場路,Is,Islands,離島,2026-05-22,2981,46164
AIRPORT SOUTH INTERCHANGE,機場南交匯處,Is,Islands,離島,1998-01-02,73,35797
ALBANY ROAD,雅賓利道,C&W,Central  &  Western,中西區,1964-03-13,631,23449
ALBANY ROAD,雅賓利道,C&W,Central  &  Western,中西區,1964-03-13,632,23449
ALBERT PATH,亞厘畢里,C&W,Central  &  Western,中西區,1957-09-27,1327,21090
ALDRICH BAY ROAD,愛秩序灣道,E,Eastern,東區,1987-04-16,1306,31883
ALDRICH STREET,愛秩序街,E,Eastern,東區,1931-05-15,300,11458
ALDRICH STREET,愛秩序街,E,Eastern,東區,1931-07-10,436,11514
ALDRICH STREET,愛秩序街,E,Eastern,東區,1986-03-07,786,31478
ALNWICK ROAD,安域道,KC,Kowloon  City,九龍城,1965-06-25,1572,23918
AMALFI DRIVE,津堤徑,Is,Islands,離島,2012-07-13,4805,41103
AMOY STREET,廈門街,WC,Wan  Chai,灣仔,1915-06-25,283,5655
ANDERSON ROAD,安達臣道,SK-KT,Sai  Kung / Kwun Tong,西貢 / 觀塘,1976-12-10,2757,28104
ANDERSON ROAD,安達臣道,SK-KT,Sai  Kung / Kwun Tong,西貢 / 觀塘,2023-06-02,3377,45079
ANHUI STREET,安徽街,KC,Kowloon  City,九龍城,1935-04-26,334,12900
AP LEI CHAU BRIDGE ROAD,鴨脷洲橋道,S,Southern,南區,1981-02-20,593,29637
AP LEI CHAU BRIDGE ROAD,鴨脷洲橋道,S,Southern,南區,1994-01-14,176,34348
AP LEI CHAU DRIVE,鴨脷洲徑,S,Southern,南區,1989-11-10,3971,32822
AP LEI CHAU PRAYA ROAD,鴨脷洲海旁道,S,Southern,南區,1989-11-10,3971,32822
APLIU STREET,鴨寮街,SSP,Sham  Shui  Po,深水埗,1927-11-25,699,10191
ARGYLE STREET,亞皆老街,KC-YTM,Kowloon  City / Yau Tsim Mong,九龍城 / 油尖旺,1926-02-12,68,9540
ARGYLE STREET,亞皆老街,KC-YTM,Kowloon  City / Yau Tsim Mong,九龍城 / 油尖旺,1926-04-16,202,9603
ARGYLE STREET,亞皆老街,KC-YTM,Kowloon  City / Yau Tsim Mong,九龍城 / 油尖旺,1974-11-08,2789,27341
ARRAN LANE,雅蘭里,YTM,Yau Tsim Mong,油尖旺,1988-01-29,307,32171
ARRAN STREET,鴉蘭街,YTM,Yau Tsim Mong,油尖旺,1923-09-28,411,8672
ASH STREET,槐樹街,YTM,Yau Tsim Mong,油尖旺,1927-11-25,699,10191
AU PUI WAN STREET,㘭背灣街,ST,Sha Tin,沙田,1981-08-14,2405,29812
AUSTIN ROAD WEST,柯士甸道西,YTM,Yau Tsim Mong,油尖旺,1998-11-13,5530,36112
AUSTIN ROAD WEST,柯士甸道西,YTM,Yau Tsim Mong,油尖旺,2004-03-12,1737,38058
AUSTIN ROAD WEST,柯士甸道西,YTM,Yau Tsim Mong,油尖旺,2018-11-23,8793,43427
BABINGTON PATH,巴丙頓道,C&W,Central  &  Western,中西區,1904-01-29,59,1490
BAILEY STREET,庇利街,KC,Kowloon  City,九龍城,1935-04-26,334,12900
BAILEY STREET,庇利街,KC,Kowloon  City,九龍城,1991-01-04,53,33242
BAKER COURT,必嘉圍,KC,Kowloon  City,九龍城,1958-06-27,865,21363
BAKER STREET,必嘉街,KC,Kowloon  City,九龍城,1958-06-27,865,21363
BAKER STREET,必嘉街,KC,Kowloon  City,九龍城,1980-05-23,1581,29364
BAKER STREET,必嘉街,KC,Kowloon  City,九龍城,1986-10-17,3601,31702
BANK STREET,銀行街,C&W,Central  &  Western,中西區,1974-07-19,1822,27229
BAPTIST UNIVERSITY ROAD,浸會大學道,KC,Kowloon  City,九龍城,1996-10-11,4665,35349
BARKER ROAD,白加道,C&W,Central  &  Western,中西區,1898-11-05,490,5/11/1898
BATTERY PATH,炮台里,C&W,Central  &  Western,中西區,1958-06-27,865,21363
BATTERY STREET,炮台街,YTM,Yau Tsim Mong,油尖旺,1930-01-17,39,10975
BATTERY STREET,炮台街,YTM,Yau Tsim Mong,油尖旺,1941-10-31,1282,15280
BAUHINIA ROAD EAST,紫荊東路,YL,Yuen Long,元朗,1985-08-02,2525,31261
BAUHINIA ROAD NORTH,紫荊北路,YL,Yuen Long,元朗,1985-08-02,2525,31261
BAUHINIA ROAD WEST,紫荊西路,YL,Yuen Long,元朗,1985-08-02,2525,31261
BAYSIDE DRIVE,堤畔徑,Is,Islands,離島,2012-07-13,4805,41103
BEACH ROAD,海灘道,S,Southern,南區,1935-04-12,302,12886
BEACON HILL ROAD,筆架山道,KC,Kowloon  City,九龍城,1957-04-05,509,20915
BEACON HILL ROAD,筆架山道,KC,Kowloon  City,九龍城,1965-06-25,1572,23918
BEDFORD ROAD,必發道,YTM,Yau Tsim Mong,油尖旺,1927-11-25,699,10191
BEECH STREET,櫸樹街,YTM,Yau Tsim Mong,油尖旺,1927-11-25,699,10191
BEGONIA ROAD,海棠路,SSP,Sham  Shui  Po,深水埗,1953-11-20,1420,19683
BEL-AIR AVENUE,貝沙灣道,S,Southern,南區,2005-08-12,3907,38576
BEL-AIR PEAK AVENUE,貝沙山道,S,Southern,南區,2006-08-04,4858,38933
BEL-AIR PEAK AVENUE,貝沙山道,S,Southern,南區,2009-02-06,851,39850
BEL-AIR PEAK RISE,貝沙山徑,S,Southern,南區,2007-09-21,6232,39346
BEL-AIR RISE,貝沙徑,S,Southern,南區,2005-08-12,3907,38576
BELLEVIEW DRIVE,麗景道,S,Southern,南區,1969-03-21,554,25283
BERWICK STREET,巴域街,SSP,Sham  Shui  Po,深水埗,1950-06-30,804,18444
BERWICK STREET,巴域街,SSP,Sham  Shui  Po,深水埗,2013-09-06,5353,41523
BIG WAVE BAY ROAD,大浪灣道,S,Southern,南區,1935-04-12,302,12886
BIJOU DRIVE,璧如徑,Is,Islands,離島,2000-09-15,6058,36784
BISNEY ROAD,碧荔道,S,Southern,南區,1962-01-26,190,22672
BLACK'S LINK,布力徑,WC,Wan  Chai,灣仔,1904-07-29,523,1672
BLACK'S LINK,布力徑,WC,Wan  Chai,灣仔,1957-11-08,1495,21132
BLENHEIM AVENUE,白蘭軒道,YTM,Yau Tsim Mong,油尖旺,1935-04-26,334,12900
BLUE POOL ROAD,藍塘道,WC,Wan  Chai,灣仔,1932-10-07,635,11969
BLUFF PATH,百祿徑,C&W,Central  &  Western,中西區,1978-08-04,1958,28706
BOAT STREET,艇街,E,Eastern,東區,1931-05-15,300,11458
BOAT STREET,艇街,E,Eastern,東區,1931-07-10,436,11514
BONHAM ROAD,般咸道,C&W,Central  &  Western,中西區,1958-06-27,865,21363
BORRETT ROAD,波老道,C&W,Central  &  Western,中西區,1936-12-31,1027,13515
BOUNDARY STREET,界限街,KC-YTM-SSP,Kowloon  City / Yau Tsim Mong / Sham  Shui  Po,九龍城 / 油尖旺 / 深水埗,1926-02-12,68,9540
BOUNDARY STREET,界限街,KC-YTM-SSP,Kowloon  City / Yau Tsim Mong / Sham  Shui  Po,九龍城 / 油尖旺 / 深水埗,1926-04-16,202,9603
BOUNDARY STREET,界限街,KC-YTM-SSP,Kowloon  City / Yau Tsim Mong / Sham  Shui  Po,九龍城 / 油尖旺 / 深水埗,1927-11-25,699,10191
BOUNDARY STREET,界限街,KC-YTM-SSP,Kowloon  City / Yau Tsim Mong / Sham  Shui  Po,九龍城 / 油尖旺 / 深水埗,1929-06-21,331,10765
BOUNDARY STREET,界限街,KC-YTM-SSP,Kowloon  City / Yau Tsim Mong / Sham  Shui  Po,九龍城 / 油尖旺 / 深水埗,1929-08-23,427,10828
BOWEN DRIVE,寶雲徑,C&W-WC,Central  &  Western / Wan  Chai,中西區 / 灣仔,1973-01-19,164,26683
BOWEN ROAD,寶雲道,C&W-WC,Central  &  Western / Wan  Chai,中西區 / 灣仔,1958-01-03,16,21188
BOWRING STREET,寶靈街,YTM,Yau Tsim Mong,油尖旺,1909-03-19,184,3366
BOYCE ROAD,布思道,WC,Wan  Chai,灣仔,1973-06-15,1541,26830
BRAEMAR HILL ROAD,寶馬山道,E,Eastern,東區,1966-01-14,129,24121
BRAGA CIRCUIT,布力架街,KC,Kowloon  City,九龍城,1936-11-06,885,13460
BREWIN PATH,蒲魯賢徑,C&W,Central  &  Western,中西區,1919-09-26,450,7209
BRIAR AVENUE,比雅道,WC,Wan  Chai,灣仔,1940-02-07,154,14648
BRIDE'S POOL ROAD,新娘潭路,N-TP,North / Tai  Po,北區 / 大埔,1970-04-03,713,25661
BRIDE'S POOL ROAD,新娘潭路,N-TP,North / Tai  Po,北區 / 大埔,2008-06-13,4022,39612
BRIDGES STREET,必列者士街,C&W,Central  &  Western,中西區,1958-06-27,865,21363
BRISTOL AVENUE,碧仙桃路,YTM,Yau Tsim Mong,油尖旺,1955-08-19,925,20320
BROADCAST DRIVE,廣播道,KC,Kowloon  City,九龍城,1968-01-05,26,24842
BROADWAY,百老匯街,SSP,Sham  Shui  Po,深水埗,1967-12-22,2744,24828
BROADWAY,百老匯街,SSP,Sham  Shui  Po,深水埗,1970-08-21,1756,25801
BROADWOOD ROAD,樂活道,WC,Wan  Chai,灣仔,1915-05-21,225,5620
BROOM ROAD,蟠龍道,WC,Wan  Chai,灣仔,1940-02-07,154,14648
BROWN STREET,布朗街,WC,Wan  Chai,灣仔,1941-07-18,870,15175
BUTE STREET,弼街,YTM,Yau Tsim Mong,油尖旺,1923-09-28,411,8672
BUTE STREET,弼街,YTM,Yau Tsim Mong,油尖旺,1980-10-10,3244,29504
BUTTERFLY VALLEY ROAD,蝴蝶谷道,SSP,Sham  Shui  Po,深水埗,1966-07-15,1808,24303
BUTTERFLY VALLEY ROAD,蝴蝶谷道,SSP,Sham  Shui  Po,深水埗,1979-08-17,2082,29084
CAINE LANE,堅巷,C&W,Central  &  Western,中西區,1978-02-03,286,28524
CAINE LANE,堅巷,C&W,Central  &  Western,中西區,1887-09-03,356,3/9/1887
CALDECOTT ROAD,郝德傑道,SSP,Sham  Shui  Po,深水埗,1964-09-25,2693,23645
CAMBRIDGE ROAD,劍橋道,KC,Kowloon  City,九龍城,1951-05-18,522,18766
CAMERON LANE,金馬倫里,YTM,Yau Tsim Mong,油尖旺,1954-08-27,1068,19963
CAMP STREET,營盤街,SSP,Sham  Shui  Po,深水埗,1934-02-09,91,12459
CANAL ROAD EAST,堅拿道東,WC,Wan  Chai,灣仔,1929-06-14,312,10758
CANAL ROAD WEST,堅拿道西,WC,Wan  Chai,灣仔,1929-06-14,312,10758
CANNON STREET,景隆街,WC,Wan  Chai,灣仔,1961-07-07,1136,22469
CANNON STREET,景隆街,WC,Wan  Chai,灣仔,1962-01-19,122,22665
CANTON ROAD,廣東道,YTM,Yau Tsim Mong,油尖旺,1909-03-19,184,3366
CANTON ROAD,廣東道,YTM,Yau Tsim Mong,油尖旺,1927-11-25,699,10191
CANTON ROAD,廣東道,YTM,Yau Tsim Mong,油尖旺,1956-06-08,717,20614
CAPE COLLINSON ROAD,歌連臣角道,E,Eastern,東區,1957-11-08,1495,21132
CAPE D'AGUILAR ROAD,鶴咀道,S,Southern,南區,1935-04-12,302,12886
CAPE D'AGUILAR ROAD,鶴咀道,S,Southern,南區,1998-05-08,2277,35923
CAPE DRIVE,環角徑,S,Southern,南區,1972-02-04,316,26333
CAPE ROAD,環角道,S,Southern,南區,1972-02-04,316,26333
CAPE ROAD,環角道,S,Southern,南區,1995-05-26,1902,34845
CAPELAND DRIVE,蘅安徑,Is,Islands,離島,1994-11-18,4386,34656
CAPERIDGE DRIVE,蘅欣徑,Is,Islands,離島,1994-11-18,4386,34656
CAPEVALE DRIVE,蘅暉徑,Is,Islands,離島,1994-11-18,4386,34656
CARMEL ROAD,佳美道,S,Southern,南區,1953-04-10,472,19459
CARMEL ROAD,佳美道,S,Southern,南區,2003-05-02,3019,37743
CARMEL VILLAGE STREET,迦密村街,KC,Kowloon  City,九龍城,1973-10-26,2809,26963
CARNARVON ROAD,加拿分道,YTM,Yau Tsim Mong,油尖旺,1958-06-27,865,21363
CARPENTER ROAD,賈炳達道,KC,Kowloon  City,九龍城,1933-05-12,340,12186
CARPENTER ROAD,賈炳達道,KC,Kowloon  City,九龍城,1967-02-24,428,24527
CARPENTER ROAD,賈炳達道,KC,Kowloon  City,九龍城,1968-08-02,1597,25052
CARPENTER ROAD,賈炳達道,KC,Kowloon  City,九龍城,1968-09-13,1853,25094
CASSIA ROAD,高槐路,SSP,Sham  Shui  Po,深水埗,1953-11-20,1420,19683
CASTLE LANE,衞城里,C&W,Central  &  Western,中西區,1956-09-28,1241,20726
CASTLE PEAK ROAD,青山道,SSP,Sham  Shui  Po,深水埗,1926-04-16,201,9603
CASTLE PEAK ROAD - CASTLE PEAK BAY,青山公路 － 青山灣段,TM,Tuen  Mun,屯門,1968-08-02,1595,25052
CASTLE PEAK ROAD - CASTLE PEAK BAY,青山公路 － 青山灣段,TM,Tuen  Mun,屯門,1992-05-29,1864,33753
CASTLE PEAK ROAD - CHAU TAU,青山公路 － 洲頭段,N-YL,North / Yuen Long,北區 / 元朗,1968-08-02,1595,25052
CASTLE PEAK ROAD - HUNG SHUI KIU,青山公路 － 洪水橋段,TM-YL,Tuen  Mun / Yuen Long,屯門 / 元朗,1968-08-23,1737,25073
CASTLE PEAK ROAD - KWAI CHUNG,青山公路 － 葵涌段,K&T-TW,Kwai  Tsing / Tsuen  Wan,葵青 / 荃灣,1968-06-28,1349,25017
CASTLE PEAK ROAD - KWU TUNG,青山公路 － 古洞段,N,North,北區,1968-10-04,2022,25115
CASTLE PEAK ROAD - LAM TEI,青山公路 － 藍地段,TM,Tuen  Mun,屯門,1968-08-02,1595,25052
CASTLE PEAK ROAD - LAM TEI,青山公路 － 藍地段,TM,Tuen  Mun,屯門,1993-03-19,943,34047
CASTLE PEAK ROAD - LINGNAN,青山公路 － 嶺南段,TM,Tuen  Mun,屯門,1995-01-20,246,34719
CASTLE PEAK ROAD - MAI PO,青山公路 － 米埔段,YL,Yuen Long,元朗,1968-08-02,1595,25052
CASTLE PEAK ROAD - NEW TAI LAM,青山公路 － 新大欖段,TM,Tuen  Mun,屯門,2007-07-06,4397,39269
CASTLE PEAK ROAD - NEW TING KAU,青山公路 － 新汀九段,TW,Tsuen  Wan,荃灣,2005-03-18,1292,38429
CASTLE PEAK ROAD - NEW TING KAU,青山公路 － 新汀九段,TW,Tsuen  Wan,荃灣,2006-03-31,2190,38807
CASTLE PEAK ROAD - PING SHAN,青山公路 － 屏山段,YL,Yuen Long,元朗,1968-08-02,1595,25052
CASTLE PEAK ROAD - SAN HUI,青山公路 － 新墟段,TM,Tuen  Mun,屯門,1968-08-02,1595,25052
CASTLE PEAK ROAD - SAN HUI,青山公路 － 新墟段,TM,Tuen  Mun,屯門,1981-12-18,3760,29938
CASTLE PEAK ROAD - SAN HUI,青山公路 － 新墟段,TM,Tuen  Mun,屯門,1991-11-08,3985,33550
CASTLE PEAK ROAD - SAN HUI,青山公路 － 新墟段,TM,Tuen  Mun,屯門,1992-01-10,164,33613
CASTLE PEAK ROAD - SAN HUI,青山公路 － 新墟段,TM,Tuen  Mun,屯門,1994-12-09,4724,34677
CASTLE PEAK ROAD - SAN TIN,青山公路 － 新田段,YL,Yuen Long,元朗,1968-08-02,1595,25052
CASTLE PEAK ROAD - SHAM TSENG,青山公路 － 深井段,TW,Tsuen  Wan,荃灣,1968-06-28,1349,25017
CASTLE PEAK ROAD - SHAM TSENG,青山公路 － 深井段,TW,Tsuen  Wan,荃灣,2005-10-07,5146,38632
CASTLE PEAK ROAD - SHAM TSENG,青山公路 － 深井段,TW,Tsuen  Wan,荃灣,2006-03-31,2191,38807
CASTLE PEAK ROAD - SO KWUN WAT,青山公路 － 掃管笏段,TM,Tuen  Mun,屯門,1968-08-02,1595,25052
CASTLE PEAK ROAD - TAI LAM,青山公路 － 大欖段,TW-TM,Tsuen  Wan / Tuen  Mun,荃灣 / 屯門,1968-08-02,1595,25052
CASTLE PEAK ROAD - TAM MI,青山公路 － 潭尾段,YL,Yuen Long,元朗,1968-08-02,1595,25052
CASTLE PEAK ROAD - TAM MI,青山公路 － 潭尾段,YL,Yuen Long,元朗,1998-11-06,5414,36105
CASTLE PEAK ROAD - TING KAU,青山公路 － 汀九段,TW,Tsuen  Wan,荃灣,1968-06-28,1349,25017
CASTLE PEAK ROAD - TING KAU,青山公路 － 汀九段,TW,Tsuen  Wan,荃灣,2005-03-18,1293,38429
CASTLE PEAK ROAD - TING KAU,青山公路 － 汀九段,TW,Tsuen  Wan,荃灣,2005-04-08,1701,38450
CASTLE PEAK ROAD - TING KAU,青山公路 － 汀九段,TW,Tsuen  Wan,荃灣,2006-03-31,2191,38807
CASTLE PEAK ROAD - TSING LUNG TAU,青山公路 － 青龍頭段,TW,Tsuen  Wan,荃灣,1968-06-28,1349,25017
CASTLE PEAK ROAD - TSING LUNG TAU,青山公路 － 青龍頭段,TW,Tsuen  Wan,荃灣,2005-10-07,5146,38632
CASTLE PEAK ROAD - TSUEN WAN,青山公路 － 荃灣段,TW,Tsuen  Wan,荃灣,1968-06-28,1349,25017
CASTLE PEAK ROAD - YUEN LONG,青山公路 － 元朗段,YL,Yuen Long,元朗,1968-08-02,1595,25052
CATCHICK STREET,吉席街,C&W,Central  &  Western,中西區,1909-03-19,184,3366
CATERING ROAD CENTRAL,航膳中路,Is,Islands,離島,1998-01-02,73,35797
CATERING ROAD EAST,航膳東路,Is,Islands,離島,1998-01-02,73,35797
CATERING ROAD WEST,航膳西路,Is,Islands,離島,1998-01-02,73,35797
CEDAR STREET,柏樹街,YTM,Yau Tsim Mong,油尖旺,1927-11-25,699,10191
CENTRAL KOWLOON BYPASS,中九龍繞道,YTM-KC-KT,Yau Tsim Mong / Kowloon  City / Kwun Tong,油尖旺 / 九龍城 / 觀塘,2025-11-21,7381,45982
CENTRAL WAN CHAI BYPASS,中環灣仔繞道,WC-C&W-E,Wan  Chai / Central  &  Western / Eastern,灣仔 / 中西區 / 東區,2026-07-03,4034,46206
CHA KWO LING ROAD,茶果嶺道,KT,Kwun Tong,觀塘,1967-03-03,486,24534
CHA KWO LING ROAD,茶果嶺道,KT,Kwun Tong,觀塘,1967-03-17,603,24548
CHA KWO LING ROAD,茶果嶺道,KT,Kwun Tong,觀塘,1991-08-02,2728,33452
CHAI KEK ROAD,寨乪路,TP,Tai  Po,大埔,2011-12-02,7901,40879
CHAI WAN KOK STREET,柴灣角街,TW,Tsuen  Wan,荃灣,1962-11-23,2378,22973
CHAI WAN ROAD,柴灣道,E,Eastern,東區,1961-08-04,1335,22497
CHAI WAN ROAD,柴灣道,E,Eastern,東區,1974-05-31,1380,27180
CHAI WAN ROAD,柴灣道,E,Eastern,東區,1974-08-23,2175,27264
CHAI WAN ROAD,柴灣道,E,Eastern,東區,1984-03-30,970,30771
CHAK CHEUNG STREET,澤祥街,ST,Sha Tin,沙田,2000-10-27,7062,36826
CHAK CHEUNG STREET,澤祥街,ST,Sha Tin,沙田,2007-06-15,3924,39248
CHAK FUNG STREET,澤豐街,TM,Tuen  Mun,屯門,1990-11-30,4335,33207
CHAK ON ROAD,澤安道,SSP,Sham  Shui  Po,深水埗,1987-09-18,3107,32038
CHAK ON ROAD,澤安道,SSP,Sham  Shui  Po,深水埗,2001-07-20,4393,37092
CHAK ON ROAD,澤安道,SSP,Sham  Shui  Po,深水埗,2001-08-03,4784,37106
CHAK ON ROAD SOUTH,澤安道南,SSP,Sham  Shui  Po,深水埗,2001-07-20,4393,37092
CHAK YAN ROAD,澤欣路,TW,Tsuen  Wan,荃灣,2004-12-17,8104,38338
CHAN MAN STREET,親民街,SK,Sai  Kung,西貢,1985-12-27,4229,31408
CHANG FA AVENUE,橙花路,WTS,Wong Tai Sin,黃大仙,1970-03-06,536,25633
CHANGSHA STREET,長沙街,YTM,Yau Tsim Mong,油尖旺,1909-03-19,184,3366
CHAP FUK ROAD,集福路,SK,Sai  Kung,西貢,1993-02-19,554,34019
CHAP WAI KON STREET,插桅杆街,ST,Sha Tin,沙田,1982-12-17,3954,30302
CHATER ROAD,遮打道,C&W,Central  &  Western,中西區,1958-06-27,865,21363
CHATHAM COURT,漆咸圍,YTM,Yau Tsim Mong,油尖旺,1949-08-19,787,18129
CHATHAM PATH,漆咸徑,C&W,Central  &  Western,中西區,1919-09-26,450,7209
CHATHAM ROAD NORTH,漆咸道北,KC-YTM,Kowloon  City / Yau Tsim Mong,九龍城 / 油尖旺,1979-01-12,111,28867
CHATHAM ROAD SOUTH,漆咸道南,YTM,Yau Tsim Mong,油尖旺,1979-01-12,111,28867
CHAU TAU SOUTH ROAD,洲頭南路,YL,Yuen Long,元朗,2000-03-31,2030,36616
CHAU TAU WEST ROAD,洲頭西路,YL,Yuen Long,元朗,2000-03-31,2030,36616
CHE FONG STREET,智芳街,K&T,Kwai  Tsing,葵青,1974-04-19,1023,27138
CHE KENG TUK ROAD,輋徑篤路,SK,Sai  Kung,西貢,1991-05-24,1786,33382
CHE KUNG MIU ROAD,車公廟路,ST,Sha Tin,沙田,1981-09-18,2794,29847
CHE KUNG MIU ROAD,車公廟路,ST,Sha Tin,沙田,1983-12-23,3977,30673
CHE PING STREET,車坪街,N,North,北區,1983-04-29,1316,30435
CHEK LAP KOK ROAD,赤鱲角路,Is,Islands,離島,2017-03-10,1273,42804
CHEK LAP KOK ROAD,赤鱲角路,Is,Islands,離島,2026-05-22,2981,46164
CHEK LAP KOK SOUTH ROAD,赤鱲角南路,Is,Islands,離島,1997-04-25,2008,35545
CHEK LAP KOK SOUTH ROAD,赤鱲角南路,Is,Islands,離島,1998-01-02,73,35797
CHENGTU ROAD,成都道,S,Southern,南區,1941-10-24,1261,15273
CHEONG HANG LANE,暢行里,KC,Kowloon  City,九龍城,1979-06-22,1564,29028
CHEONG HANG ROAD,暢行道,KC,Kowloon  City,九龍城,1975-07-11,1541,27586
CHEONG HING ROAD,暢興路,Is,Islands,離島,1998-01-02,73,35797
CHEONG HING ROAD,暢興路,Is,Islands,離島,2005-11-11,5908,38667
CHEONG HING ROAD,暢興路,Is,Islands,離島,2022-05-13,2362,44694
CHEONG HONG ROAD,暢航路,Is,Islands,離島,1998-01-02,73,35797
CHEONG HONG ROAD,暢航路,Is,Islands,離島,2019-07-26,4781,43672
CHEONG KING ROAD,暢景路,Is,Islands,離島,2005-11-11,5907,38667
CHEONG LIN ROAD,暢連路,Is,Islands,離島,1998-01-02,73,35797
CHEONG LIN ROAD,暢連路,Is,Islands,離島,2001-05-04,2840,37015
CHEONG MING STREET,昌明街,WC,Wan  Chai,灣仔,1930-03-07,138,11024
CHEONG SAN LANE,昌新里,SSP,Sham  Shui  Po,深水埗,1990-01-25,333,32898
CHEONG SHING PATH,昌盛徑,YL,Yuen Long,元朗,1983-06-03,1752,30470
CHEONG SHUN ROAD,暢順路,Is,Islands,離島,2005-08-05,3798,38569
CHEONG TAI STREET,昌泰街,TW,Tsuen  Wan,荃灣,1973-03-16,704,26739
CHEONG TAT ROAD,暢達路,Is,Islands,離島,1998-01-02,73,35797
CHEONG TAT ROAD,暢達路,Is,Islands,離島,2005-08-05,3799,38569
CHEONG TAT ROAD,暢達路,Is,Islands,離島,2022-05-13,2362,44694
CHEONG TUNG ROAD,暢通道,KC,Kowloon  City,九龍城,1988-03-04,711,32206
CHEONG TUNG ROAD SOUTH,暢通道南,KC-YTM,Kowloon  City / Yau Tsim Mong,九龍城 / 油尖旺,1999-08-20,4818,36392
CHEONG WAN ROAD,暢運道,KC-YTM,Kowloon  City / Yau Tsim Mong,九龍城 / 油尖旺,1976-03-05,528,27824
CHEONG WAN ROAD,暢運道,KC-YTM,Kowloon  City / Yau Tsim Mong,九龍城 / 油尖旺,2001-03-09,1565,36959
CHEONG WAN ROAD,暢運道,KC-YTM,Kowloon  City / Yau Tsim Mong,九龍城 / 油尖旺,2015-11-13,8864,42321
CHEONG WING ROAD,暢榮路,Is,Islands,離島,1998-01-02,73,35797
CHEONG WING ROAD,暢榮路,Is,Islands,離島,2008-04-25,2781,39563
CHEONG WONG ROAD,暢旺路,Is,Islands,離島,1998-01-02,73,35797
CHEONG WONG ROAD,暢旺路,Is,Islands,離島,2001-05-04,2840,37015
CHEONG WONG ROAD,暢旺路,Is,Islands,離島,2005-11-11,5908,38667
CHEONG WONG ROAD,暢旺路,Is,Islands,離島,2026-05-22,2981,46164
CHEONG WUI ROAD,暢匯路,Is,Islands,離島,2007-02-23,1406,39136
CHEONG WUI ROAD,暢匯路,Is,Islands,離島,2026-05-22,2981,46164
CHEONG YIP ROAD,暢業路,TM-Is,Tuen  Mun / Islands,屯門 / 離島,1998-01-02,73,35797
CHEONG YIP ROAD,暢業路,TM-Is,Tuen  Mun / Islands,屯門 / 離島,2026-05-22,2981,46164
CHERRY STREET,櫻桃街,YTM,Yau Tsim Mong,油尖旺,1954-12-24,1562,20082
CHERRY STREET,櫻桃街,YTM,Yau Tsim Mong,油尖旺,1998-05-29,2633,35944
CHESTER ROAD,志士達道,KC,Kowloon  City,九龍城,1950-07-21,867,18465
CHEUK WAN STREET,卓運街,N,North,北區,1995-01-13,153,34712
CHEUNG CHAU BEACH ROAD,長洲東堤路,Is,Islands,離島,1985-07-05,2166,31233
CHEUNG CHAU CHURCH ROAD,長洲教堂路,Is,Islands,離島,1985-07-05,2166,31233
CHEUNG CHAU ELECTRIC PATH,長洲電廠徑,Is,Islands,離島,2008-12-05,8315,39787
CHEUNG CHAU HOSPITAL ROAD,長洲醫院路,Is,Islands,離島,1985-07-05,2166,31233
CHEUNG CHAU PEAK ROAD,長洲山頂道,Is,Islands,離島,2008-07-11,4752,39640
CHEUNG CHAU PEAK ROAD WEST,長洲山頂道西,Is,Islands,離島,2008-07-11,4752,39640
CHEUNG CHAU SAI TAI ROAD,長洲西堤道,Is,Islands,離島,1990-12-07,4413,33214
CHEUNG CHAU SAI TAI ROAD,長洲西堤道,Is,Islands,離島,2000-10-13,6669,36812
CHEUNG CHAU SPORTS ROAD,長洲體育路,Is,Islands,離島,1985-07-05,2166,31233
CHEUNG CHI LANE,長智巷,Is,Islands,離島,1990-12-07,4413,33214
CHEUNG FAI ROAD,長輝路,K&T,Kwai  Tsing,葵青,1983-12-02,3793,30652
CHEUNG FAI ROAD,長輝路,K&T,Kwai  Tsing,葵青,2004-10-15,6705,38275
CHEUNG FAT STREET,長發街,SSP,Sham  Shui  Po,深水埗,1934-02-09,91,12459
CHEUNG FU STREET,長富街,Is,Islands,離島,1986-11-21,4035,31737
CHEUNG HANG ROAD,長坑路,K&T,Kwai  Tsing,葵青,1983-03-11,776,30386
CHEUNG HO STREET,長好街,K&T,Kwai  Tsing,葵青,1985-03-22,915,31128
CHEUNG HONG STREET,長康街,E,Eastern,東區,1933-07-28,511,12263
CHEUNG KIN ROAD,長健路,Is,Islands,離島,1990-12-07,4413,33214
CHEUNG KWAI ROAD,長貴路,Is,Islands,離島,1985-08-09,2597,31268
CHEUNG LAI STREET,長荔街,SSP,Sham  Shui  Po,深水埗,1976-06-18,1302,27929
CHEUNG LEE STREET,祥利街,E,Eastern,東區,1966-07-08,1759,24296
CHEUNG LEK MEI STREET,長瀝尾街,ST,Sha Tin,沙田,1981-06-12,1685,29749
CHEUNG LUNG STREET,長隆街,K&T,Kwai  Tsing,葵青,1983-12-02,3793,30652
CHEUNG MAN ROAD,祥民道,E,Eastern,東區,1973-10-19,2719,26956
CHEUNG MAN ROAD,祥民道,E,Eastern,東區,1993-06-04,1914,34124
CHEUNG MOU STREET,長茂街,SSP,Sham  Shui  Po,深水埗,1976-06-18,1302,27929
CHEUNG NING STREET,長寧街,KC,Kowloon  City,九龍城,1931-02-13,86,11367
CHEUNG PAK ROAD,長北路,Is,Islands,離島,1991-07-19,2509,33438
CHEUNG PEI SHAN ROAD,象鼻山路,TW-K&T,Tsuen  Wan / Kwai  Tsing,荃灣 / 葵青,1983-11-04,3497,30624
CHEUNG PEI SHAN ROAD,象鼻山路,TW-K&T,Tsuen  Wan / Kwai  Tsing,荃灣 / 葵青,1990-04-06,1265,32969
CHEUNG PEI SHAN ROAD,象鼻山路,TW-K&T,Tsuen  Wan / Kwai  Tsing,荃灣 / 葵青,2006-03-03,1460,38779
CHEUNG SHA WAN PATH,長沙灣徑,SSP,Sham  Shui  Po,深水埗,1976-06-18,1302,27929
CHEUNG SHA WAN ROAD,長沙灣道,SSP-YTM,Sham  Shui  Po / Yau Tsim Mong,深水埗 / 油尖旺,1923-09-28,411,8672
CHEUNG SHA WAN ROAD,長沙灣道,SSP-YTM,Sham  Shui  Po / Yau Tsim Mong,深水埗 / 油尖旺,1927-11-25,699,10191
CHEUNG SHA WAN ROAD,長沙灣道,SSP-YTM,Sham  Shui  Po / Yau Tsim Mong,深水埗 / 油尖旺,1978-10-13,2641,28776
CHEUNG SHA WAN ROAD,長沙灣道,SSP-YTM,Sham  Shui  Po / Yau Tsim Mong,深水埗 / 油尖旺,2019-07-26,4780,43672
CHEUNG SHAN ESTATE ROAD EAST,象山邨東路,TW,Tsuen  Wan,荃灣,1984-01-27,287,30708
CHEUNG SHAN ESTATE ROAD WEST,象山邨西路,TW,Tsuen  Wan,荃灣,1984-01-27,287,30708
CHEUNG SHAN ESTATE ROAD WEST,象山邨西路,TW,Tsuen  Wan,荃灣,1990-11-02,3966,33179
CHEUNG SHEK ROAD,長碩路,Is,Islands,離島,1990-12-07,4413,33214
CHEUNG SHING STREET,長城街,ST,Sha Tin,沙田,1986-01-17,245,31429
CHEUNG SHUE TAN ROAD,樟樹灘路,TP,Tai  Po,大埔,2005-08-05,3797,38569
CHEUNG SHUN STREET,長順街,SSP,Sham  Shui  Po,深水埗,1976-06-18,1302,27929
CHEUNG TAI ROAD,樟大路,TP,Tai  Po,大埔,2013-11-01,6570,41579
CHEUNG TAK LANE,祥德里,WC,Wan  Chai,灣仔,1966-12-09,3091,24450
CHEUNG TAT ROAD,長達路,K&T,Kwai  Tsing,葵青,1983-12-02,3793,30652
CHEUNG TSING HIGHWAY,長青公路,K&T,Kwai  Tsing,葵青,1997-08-29,1008,35671
CHEUNG TSING HIGHWAY,長青公路,K&T,Kwai  Tsing,葵青,1998-02-27,994,35853
CHEUNG TSING HIGHWAY,長青公路,K&T,Kwai  Tsing,葵青,2009-12-18,7995,40165
CHEUNG TSING TUNNEL,長青隧道,K&T,Kwai  Tsing,葵青,1997-08-29,1008,35671
CHEUNG TSUN ROAD,長俊路,Is,Islands,離島,1990-12-07,4413,33214
CHEUNG TUNG ROAD,翔東路,Is-TW,Islands / Tsuen  Wan,離島 / 荃灣,1997-08-29,1006,35671
CHEUNG WAH STREET,昌華街,SSP,Sham  Shui  Po,深水埗,1934-02-09,91,12459
CHEUNG WAN STREET,長環街,K&T,Kwai  Tsing,葵青,1979-07-06,1702,29042
CHEUNG WING ROAD,昌榮路,K&T-TW,Kwai  Tsing / Tsuen  Wan,葵青 / 荃灣,1970-03-06,535,25633
CHEUNG WING ROAD,昌榮路,K&T-TW,Kwai  Tsing / Tsuen  Wan,葵青 / 荃灣,2004-07-09,4431,38177
CHEUNG WONG ROAD,長旺道,YTM,Yau Tsim Mong,油尖旺,1969-05-09,883,25332
CHEUNG WOO LANE,祥和里,WC,Wan  Chai,灣仔,1973-06-08,1472,26823
CHEUNG YAN LANE,長仁巷,Is,Islands,離島,1990-12-07,4413,33214
CHEUNG YAN LANE,長仁巷,Is,Islands,離島,1990-12-14,4496,33221
CHEUNG YEE STREET,長義街,SSP,Sham  Shui  Po,深水埗,1976-06-18,1302,27929
CHEUNG YIP STREET,祥業街,KC-KT,Kowloon  City / Kwun Tong,九龍城 / 觀塘,1979-11-09,2898,29168
CHEUNG YIP STREET,祥業街,KC-KT,Kowloon  City / Kwun Tong,九龍城 / 觀塘,1984-04-19,1193,30791
CHEUNG YIP STREET,祥業街,KC-KT,Kowloon  City / Kwun Tong,九龍城 / 觀塘,1984-10-26,3136,30981
CHEUNG YIP STREET,祥業街,KC-KT,Kowloon  City / Kwun Tong,九龍城 / 觀塘,2021-06-25,3898,44372
CHEUNG YUE STREET,長裕街,SSP,Sham  Shui  Po,深水埗,1976-06-18,1302,27929
CHEUNG YUEN ROAD,長源路,ST-K&T,Sha Tin / Kwai  Tsing,沙田 / 葵青,1983-03-11,775,30386
CHEUNG YUEN ROAD,長源路,ST-K&T,Sha Tin / Kwai  Tsing,沙田 / 葵青,2004-12-10,7971,38331
CHI CHEONG ROAD,智昌路,N,North,北區,1994-01-28,337,34362
CHI FAI PATH,志輝徑,SK,Sai  Kung,西貢,1986-08-15,2817,31639
CHI FU CLOSE,置富徑,S,Southern,南區,1979-05-11,1195,28986
CHI FU ROAD,置富道,S,Southern,南區,1979-05-11,1195,28986
CHI FUK CIRCUIT,置福圍,N,North,北區,1995-01-13,155,34712
CHI HO ROAD,治河路,YL,Yuen Long,元朗,1999-09-17,5409,36420
CHI HO ROAD,治河路,YL,Yuen Long,元朗,2004-11-12,7273,38303
CHI KA LANE,置嘉里,N,North,北區,2001-12-07,7638,37232
CHI KIANG STREET,浙江街,KC,Kowloon  City,九龍城,1935-04-26,334,12900
CHI KIANG STREET,浙江街,KC,Kowloon  City,九龍城,1965-06-04,1392,23897
CHI KIANG STREET,浙江街,KC,Kowloon  City,九龍城,2017-07-14,5003,42930
CHI LIN DRIVE,志蓮道,WTS,Wong Tai Sin,黃大仙,1994-10-28,4078,34635
CHI LIN DRIVE,志蓮道,WTS,Wong Tai Sin,黃大仙,2000-06-16,3865,36693
CHI LIT PATH,誌烈徑,SK,Sai  Kung,西貢,2022-10-21,6005,44855
CHI MA HANG ROAD,芝麻坑路,Is,Islands,離島,1996-06-07,2560,35223
CHI MA WAN ROAD,芝麻灣道,Is,Islands,離島,1970-06-05,1156,25724
CHI MAN STREET,治民街,KC-YTM,Kowloon  City / Yau Tsim Mong,九龍城 / 油尖旺,1974-11-29,3037,27362
CHI MING STREET,智明街,N,North,北區,1995-01-13,153,34712
CHI NGONG ROAD,志昂路,K&T,Kwai  Tsing,葵青,1998-03-27,1527,35881
CHI SHIN STREET,至善街,SK,Sai  Kung,西貢,2003-02-14,934,37666
CHI SHIN STREET,至善街,SK,Sai  Kung,西貢,2012-06-29,4533,41089
CHI SHIN STREET,至善街,SK,Sai  Kung,西貢,2012-12-14,8050,41257
CHI SHING LANE,志成里,WC,Wan  Chai,灣仔,1901-05-11,272,497
CHI SHUN LANE,智順里,N,North,北區,1999-10-29,6659,36462
CHI SUM ROAD,祠心路,N,North,北區,1999-10-29,6660,36462
CHI TIN STREET,智田街,KT,Kwun Tong,觀塘,2023-07-28,4517,45135
CHI WA LANE,置華里,N,North,北區,1995-01-13,155,34712
CHI WING CLOSE,置榮徑,N,North,北區,1995-01-13,155,34712
CHI WO STREET,志和街,YTM,Yau Tsim Mong,油尖旺,1920-09-17,483,7566
CHI YAN FIRST LANE,志仁一里,Is,Islands,離島,1985-10-18,3454,31338
CHI YAN LANE,志仁里,Is,Islands,離島,1999-03-12,1360,36231
CHI YAN STREET,志仁街,Is,Islands,離島,1999-03-12,1360,36231
CHI YIN LANE,智賢里,N,North,北區,1999-10-29,6661,36462
CHIANTI DRIVE,尚堤徑,Is,Islands,離島,2012-07-13,4805,41103
CHIK CHOI LANE,積財里,ST,Sha Tin,沙田,1983-09-30,3132,30589
CHIK CHUEN STREET,積存街,ST,Sha Tin,沙田,1981-01-16,182,29602
CHIK FAI STREET,積輝街,ST,Sha Tin,沙田,1984-06-15,1737,30848
CHIK FU STREET,積富街,ST,Sha Tin,沙田,1983-09-30,3132,30589
CHIK FUK STREET,積福街,ST,Sha Tin,沙田,1983-09-30,3132,30589
CHIK LUK LANE,積祿里,ST,Sha Tin,沙田,1983-09-30,3132,30589
CHIK SAU LANE,積壽里,ST,Sha Tin,沙田,1983-09-30,3132,30589
CHIK SHUN STREET,積信街,ST,Sha Tin,沙田,1983-09-30,3132,30589
CHIK TAI LANE,積泰里,ST,Sha Tin,沙田,1985-08-16,2682,31275
CHIK TAK LANE,積德里,ST,Sha Tin,沙田,1983-09-30,3132,30589
CHIK WAN STREET,積運街,ST,Sha Tin,沙田,1984-06-15,1737,30848
CHIM UK ROAD,詹屋路,TP,Tai  Po,大埔,2012-01-13,231,40921
CHIN STREET,前街,Is,Islands,離島,1985-10-18,3454,31338
CHING CHEUNG ROAD,呈祥道,SSP-K&T,Sham  Shui  Po / Kwai  Tsing,深水埗 / 葵青,1966-11-18,2921,24429
CHING CHEUNG ROAD,呈祥道,SSP-K&T,Sham  Shui  Po / Kwai  Tsing,深水埗 / 葵青,1976-11-19,2580,28083
CHING CHEUNG ROAD,呈祥道,SSP-K&T,Sham  Shui  Po / Kwai  Tsing,深水埗 / 葵青,2001-08-03,4785,37106
CHING FAI STREET,正暉街,WTS,Wong Tai Sin,黃大仙,1997-11-07,2359,35741
CHING HIU ROAD,清曉路,N,North,北區,2003-07-11,4729,37813
CHING HONG ROAD,青康路,K&T,Kwai  Tsing,葵青,1979-07-06,1702,29042
CHING HONG ROAD,青康路,K&T,Kwai  Tsing,葵青,1986-09-12,3157,31667
CHING LAI ROAD,澄麗路,TM,Tuen  Mun,屯門,2019-03-01,1657,43525
CHING LIN TERRACE,青蓮臺,C&W,Central  &  Western,中西區,1926-01-29,46,9526
CHING PING STREET,澄平街,YTM,Yau Tsim Mong,油尖旺,1956-06-08,717,20614
CHING PING STREET,澄平街,YTM,Yau Tsim Mong,油尖旺,1985-03-08,758,31114
CHING SAU LANE,靜修里,S,Southern,南區,1979-01-12,112,28867
CHING SHAN STREET,靖山街,KC-YTM,Kowloon  City / Yau Tsim Mong,九龍城 / 油尖旺,1999-11-26,7270,36490
CHING SHING ROAD,清城路,N,North,北區,2003-07-11,4729,37813
CHING TAK STREET,正德街,WTS,Wong Tai Sin,黃大仙,1963-11-08,2197,23323
CHING TAK STREET,正德街,WTS,Wong Tai Sin,黃大仙,1988-12-23,4429,32500
CHING WAH STREET,清華街,E,Eastern,東區,1949-01-28,99,17926
CHING YAU PATH,清攸徑,YL,Yuen Long,元朗,2020-04-03,1669,43924
CHING YAU ROAD,清攸路,YL,Yuen Long,元朗,2013-02-08,747,41313
CHING YEUNG AVENUE,青楊路,WTS,Wong Tai Sin,黃大仙,1970-03-06,536,25633
CHING YU PATH,菁裕徑,YL,Yuen Long,元朗,2017-10-13,7595,43021
CHIU KWONG STREET,朝光街,C&W,Central  &  Western,中西區,1967-12-08,2628,24814
CHIU SHUN ROAD,昭信路,SK,Sai  Kung,西貢,1990-11-02,3967,33179
CHIU SHUN ROAD,昭信路,SK,Sai  Kung,西貢,1992-01-31,411,33634
CHIU TAM PATH,照潭徑,TW,Tsuen  Wan,荃灣,1986-08-15,2818,31639
CHIU TAM PATH,照潭徑,TW,Tsuen  Wan,荃灣,1999-01-08,115,36168
CHO YUEN STREET,草園街,KT,Kwun Tong,觀塘,1967-03-17,603,24548
CHOI CHUK STREET,彩竹街,WTS,Wong Tai Sin,黃大仙,1986-01-24,327,31436
CHOI FAI STREET,彩暉街,N,North,北區,1995-01-13,153,34712
CHOI FAT STREET,彩發街,N,North,北區,1995-09-01,3546,34943
CHOI FUNG PATH,彩鳳徑,WTS,Wong Tai Sin,黃大仙,1983-08-12,2625,30540
CHOI HA ROAD,彩霞道,KT,Kwun Tong,觀塘,1974-12-13,3159,27376
CHOI HA ROAD,彩霞道,KT,Kwun Tong,觀塘,2008-07-11,4754,39640
CHOI HA ROAD,彩霞道,KT,Kwun Tong,觀塘,2009-06-26,4008,39990
CHOI HEI ROAD,彩禧路,KT,Kwun Tong,觀塘,2000-07-21,4745,36728
CHOI HING LANE,彩興里,KT,Kwun Tong,觀塘,2007-11-09,7353,39395
CHOI HING ROAD,彩興路,KT,Kwun Tong,觀塘,2007-11-09,7353,39395
CHOI HING ROAD,彩興路,KT,Kwun Tong,觀塘,2010-07-16,4562,40375
CHOI HUNG INTERCHANGE,彩虹交匯處,WTS-KT,Wong Tai Sin / Kwun Tong,黃大仙 / 觀塘,2016-07-08,3863,42559
CHOI HUNG ROAD,彩虹道,WTS,Wong Tai Sin,黃大仙,1959-05-29,738,21699
CHOI LUNG STREET,彩隆街,N,North,北區,2025-10-10,6447,45940
CHOI MING STREET,彩明街,SK,Sai  Kung,西貢,2000-11-03,7225,36833
CHOI MING STREET,彩明街,SK,Sai  Kung,西貢,2002-10-04,6308,37533
CHOI SHA STREET,彩沙街,ST,Sha Tin,沙田,2012-03-02,1335,40970
CHOI SHEK LANE,彩石里,KT,Kwun Tong,觀塘,1965-04-02,838,23834
CHOI SHEK ROAD,彩石道,KT,Kwun Tong,觀塘,1965-04-02,838,23834
CHOI SHING LANE,彩盛里,KT,Kwun Tong,觀塘,2018-02-02,650,43133
CHOI SHUN STREET,彩順街,N,North,北區,1995-09-01,3546,34943
CHOI TIP STREET,彩蝶街,TP,Tai  Po,大埔,2021-09-30,6129,44469
CHOI TUNG LANE,彩東里,Is,Islands,離島,2025-07-25,4611,45863
CHOI WAN ROAD,彩雲道,KT,Kwun Tong,觀塘,1967-04-14,819,24576
CHOI WING LANE,彩榮里,KT,Kwun Tong,觀塘,2010-07-16,4562,40375
CHOI WING ROAD,彩榮路,KT,Kwun Tong,觀塘,2008-07-11,4754,39640
CHOI WING ROAD,彩榮路,KT,Kwun Tong,觀塘,2010-07-16,4562,40375
CHOI YEE LANE,彩頤里,WTS,Wong Tai Sin,黃大仙,2001-03-30,2133,36980
CHOI YUEN ROAD,彩園路,N,North,北區,1992-01-03,64,33606
CHOI YUEN ROAD,彩園路,N,North,北區,1995-01-13,153,34712
CHOI YUEN ROAD,彩園路,N,North,北區,2024-11-15,6899,45611
CHONG FU ROAD,創富道,E,Eastern,東區,1996-11-22,5408,35391
CHONG SAN ROAD,創新路,TP-ST,Tai  Po / Sha Tin,大埔 / 沙田,2005-10-21,5456,38646
CHONG YIP STREET,創業街,KT,Kwun Tong,觀塘,1964-11-20,3168,23701
CHUEN LUNG STREET,川龍街,TW,Tsuen  Wan,荃灣,1962-11-23,2378,22973
CHUEN ON ROAD,全安路,TP,Tai  Po,大埔,1992-11-20,4152,33928
CHUI CHUK STREET,翠竹街,WTS,Wong Tai Sin,黃大仙,1986-10-10,3519,31695
CHUI FUK ROAD,翠福路,TM,Tuen  Mun,屯門,2018-03-29,2325,43188
CHUI HANG STREET,翠杏街,E,Eastern,東區,1992-02-07,477,33641
CHUI KWAN DRIVE,翠群徑,Is,Islands,離島,1999-12-30,8354,36524
CHUI KWAN DRIVE,翠群徑,Is,Islands,離島,2024-08-16,4837,45520
CHUI KWAN DRIVE,翠群徑,Is,Islands,離島,2024-08-16,4838,45520
CHUI LING LANE,翠嶺里,SK,Sai  Kung,西貢,2002-10-04,6308,37533
CHUI LING ROAD,翠嶺路,SK,Sai  Kung,西貢,2002-10-04,6308,37533
CHUI LOK STREET,翠樂街,TP,Tai  Po,大埔,1993-02-12,478,34012
CHUI SHIN STREET,翠善街,SK,Sai  Kung,西貢,2012-12-14,8051,41257
CHUI TIN STREET,翠田街,ST,Sha Tin,沙田,1984-03-09,708,30750
CHUI TONG ROAD,翠塘路,SK,Sai  Kung,西貢,1994-07-29,2827,34544
CHUI TONG ROAD,翠塘路,SK,Sai  Kung,西貢,2002-02-08,899,37295
CHUI TUNG LANE,翠桐里,YL,Yuen Long,元朗,2002-07-26,4596,37463
CHUI WO LANE,翠和里,TP,Tai  Po,大埔,1993-07-23,2596,34173
CHUI YAN STREET,翠欣街,ST,Sha Tin,沙田,2002-01-11,251,37267
CHUI YI STREET,翠怡街,TP,Tai  Po,大埔,1993-02-12,478,34012
CHUI YU ROAD,聚魚道,YTM-SSP,Yau Tsim Mong / Sham  Shui  Po,油尖旺 / 深水埗,1998-05-29,2633,35944
CHUI YU ROAD,聚魚道,YTM-SSP,Yau Tsim Mong / Sham  Shui  Po,油尖旺 / 深水埗,2018-03-29,2324,43188
CHUK KOK ROAD,竹角路,SK,Sai  Kung,西貢,1992-04-10,1271,33704
CHUK ON LANE,竹安里,C&W,Central  &  Western,中西區,1967-12-08,2628,24814
CHUK WAN STREET,祝運街,N,North,北區,1992-05-08,1593,33732
CHUK YAU ROAD,竹攸路,YL,Yuen Long,元朗,1994-09-16,3497,34593
CHUK YEUNG ROAD,竹洋路,SK-TP,Sai  Kung / Tai  Po,西貢 / 大埔,1984-02-17,459,30729
CHUK YEUNG ROAD,竹洋路,SK-TP,Sai  Kung / Tai  Po,西貢 / 大埔,1990-10-19,3764,33165
CHUK YUEN ROAD,竹園道,WTS,Wong Tai Sin,黃大仙,1935-05-03,351,12907
CHUK YUEN ROAD,竹園道,WTS,Wong Tai Sin,黃大仙,1957-10-11,1367,21104
CHUK YUEN ROAD,竹園道,WTS,Wong Tai Sin,黃大仙,1979-05-25,1310,29000
CHUK YUEN ROAD,竹園道,WTS,Wong Tai Sin,黃大仙,1986-01-24,327,31436
CHUK YUEN ROAD,竹園道,WTS,Wong Tai Sin,黃大仙,1989-04-21,1309,32619
CHUK YUEN ROAD,竹園道,WTS,Wong Tai Sin,黃大仙,1989-07-07,2312,32696
CHUN CHEONG STREET,駿昌街,SK,Sai  Kung,西貢,1995-04-13,1314,34802
CHUN CHEONG STREET,駿昌街,SK,Sai  Kung,西貢,1998-05-22,2486,35937
CHUN CHI LANE NORTH,振翅里北,KC,Kowloon  City,九龍城,2017-03-03,1160,42797
CHUN CHI LANE SOUTH,振翅里南,KC,Kowloon  City,九龍城,2017-03-03,1160,42797
CHUN CHOI STREET,駿才街,SK,Sai  Kung,西貢,1996-06-07,2561,35223
CHUN CHOI STREET,駿才街,SK,Sai  Kung,西貢,1998-05-22,2486,35937
CHUN FAI ROAD,春暉道,WC,Wan  Chai,灣仔,1975-03-27,702,27480
CHUN FAI ROAD,春暉道,WC,Wan  Chai,灣仔,1986-06-13,2016,31576
CHUN KWAN ROAD,駿群路,Is,Islands,離島,1998-01-02,73,35797
CHUN KWONG STREET,駿光街,SK,Sai  Kung,西貢,1995-04-13,1314,34802
CHUN KWONG STREET,駿光街,SK,Sai  Kung,西貢,1998-05-22,2486,35937
CHUN MING ROAD,駿明路,Is,Islands,離島,1998-01-02,73,35797
CHUN PIN STREET,圳邊街,K&T,Kwai  Tsing,葵青,1964-05-29,1346,23526
CHUN PING ROAD,駿坪路,Is,Islands,離島,1998-01-02,73,35797
CHUN SHIN ROAD,真善路,YL,Yuen Long,元朗,2003-01-30,655,37651
CHUN SHING STREET,春勝街,WC,Wan  Chai,灣仔,1930-03-07,138,11024
CHUN SING STREET,駿昇街,SK,Sai  Kung,西貢,1995-04-13,1314,34802
CHUN TIN STREET,春田街,KC,Kowloon  City,九龍城,1955-02-18,200,20138
CHUN TIN STREET,春田街,KC,Kowloon  City,九龍城,2023-05-05,2752,45051
CHUN WAH ROAD,振華道,KT,Kwun Tong,觀塘,1957-10-11,1367,21104
CHUN WAH ROAD,振華道,KT,Kwun Tong,觀塘,1980-04-18,1163,29329
CHUN WAH ROAD,振華道,KT,Kwun Tong,觀塘,1980-09-12,2995,29476
CHUN WAH ROAD,振華道,KT,Kwun Tong,觀塘,1984-03-02,665,30743
CHUN WAN ROAD,駿運路,Is,Islands,離島,1998-01-02,73,35797
CHUN WAN ROAD INTERCHANGE,駿運路交匯處,Is,Islands,離島,1998-01-02,73,35797
CHUN WAN ROAD NORTH,駿運北路,Is,Islands,離島,1998-01-02,73,35797
CHUN WAN ROAD SOUTH,駿運南路,Is,Islands,離島,1998-01-02,73,35797
CHUN WANG STREET,駿宏街,SK,Sai  Kung,西貢,1996-06-07,2561,35223
CHUN WANG STREET,駿宏街,SK,Sai  Kung,西貢,1998-05-22,2486,35937
CHUN WING STREET,振榮街,YTM,Yau Tsim Mong,油尖旺,1954-12-24,1562,20082
CHUN YAN STREET,親仁街,WTS,Wong Tai Sin,黃大仙,1967-06-02,1195,24625
CHUN YAN STREET,親仁街,WTS,Wong Tai Sin,黃大仙,1983-07-29,2420,30526
CHUN YAT STREET,駿日街,SK,Sai  Kung,西貢,1995-04-13,1314,34802
CHUN YAT STREET,駿日街,SK,Sai  Kung,西貢,1998-05-22,2486,35937
CHUN YEUNG STREET,春秧街,E,Eastern,東區,1933-07-28,511,12263
CHUN YI LANE,真義里,YTM,Yau Tsim Mong,油尖旺,1974-11-29,3038,27362
CHUN YIN SQUARE,俊賢坊,YL,Yuen Long,元朗,1986-08-15,2822,31639
CHUN YING STREET,駿盈街,SK,Sai  Kung,西貢,1995-04-13,1314,34802
CHUN YUE ROAD,駿裕路,Is,Islands,離島,1998-01-02,73,35797
CHUNG CHEUNG ROAD,中翔路,Is,Islands,離島,1998-01-02,73,35797
CHUNG HAU STREET,忠孝街,KC,Kowloon  City,九龍城,1965-04-09,914,23841
CHUNG HAU STREET,忠孝街,KC,Kowloon  City,九龍城,1973-10-26,2809,26963
CHUNG HING SAN STREET,中興新街,Is,Islands,離島,1985-12-27,4230,31408
CHUNG HING STREET,中興街,Is,Islands,離島,1983-08-12,2627,30540
CHUNG HOK ROAD,中學路,Is,Islands,離島,1985-12-27,4230,31408
CHUNG HOM KOK ROAD,舂磡角道,S,Southern,南區,1966-09-30,2531,24380
CHUNG KING ROAD,中景道,C&W,Central  &  Western,中西區,1992-05-15,1670,33739
CHUNG KONG ROAD,中港道,C&W,Central  &  Western,中西區,1992-05-15,1670,33739
CHUNG KUK PATH,松菊徑,N,North,北區,1998-10-16,5020,36084
CHUNG LING LANE,松嶺里,ST,Sha Tin,沙田,1992-05-01,1504,33725
CHUNG LING LANE,松嶺里,ST,Sha Tin,沙田,2002-11-15,7433,37575
CHUNG LING PATH,松齡徑,TM,Tuen  Mun,屯門,1993-12-10,4542,34313
CHUNG LING ROAD,松嶺路,ST,Sha Tin,沙田,1992-05-01,1504,33725
CHUNG MAN STREET,忠民街,KC,Kowloon  City,九龍城,1974-11-29,3037,27362
CHUNG MEI ROAD,涌美路,K&T,Kwai  Tsing,葵青,1979-07-06,1702,29042
CHUNG MEI ROAD,涌美路,K&T,Kwai  Tsing,葵青,1986-09-12,3157,31667
CHUNG MUN ROAD,松滿路,Is,Islands,離島,1999-07-09,3890,36350
CHUNG NGA ROAD,頌雅路,TP,Tai  Po,大埔,1991-10-25,3803,33536
CHUNG ON STREET,眾安街,TW,Tsuen  Wan,荃灣,1938-04-14,299,13984
CHUNG ON STREET,眾安街,TW,Tsuen  Wan,荃灣,1962-11-23,2378,22973
CHUNG PAK ROAD,松柏路,ST,Sha Tin,沙田,1982-03-05,754,30015
CHUNG PAK ROAD,松柏路,ST,Sha Tin,沙田,1985-08-02,2526,31261
CHUNG SHING STREET,涌盛街,Is,Islands,離島,1998-08-21,4080,36028
CHUNG SING PATH,鐘聲徑,YL,Yuen Long,元朗,1983-06-03,1752,30470
CHUNG SUM LANE,中心里,Is,Islands,離島,1985-12-27,4230,31408
CHUNG SUN STREET,忠信街,KC,Kowloon  City,九龍城,1959-05-15,670,21685
CHUNG WA ROAD,重華路,SK,Sai  Kung,西貢,1993-02-19,554,34019
CHUNG WAI STREET,松慧街,Is,Islands,離島,1999-07-09,3890,36350
CHUNG WUI STREET,中匯街,YTM,Yau Tsim Mong,油尖旺,1965-11-12,2673,24058
CHUNG YAN ROAD,松仁路,Is,Islands,離島,1999-07-09,3890,36350
CHUNG YAT STREET,松逸街,Is,Islands,離島,1999-07-09,3890,36350
CHUNG YEE STREET,忠義街,KC,Kowloon  City,九龍城,1994-06-10,2141,34495
CHUNG YIN LANE,忠賢里,SK,Sai  Kung,西貢,1991-03-28,1087,33325
CHUNG YING STREET,中英街,N,North,北區,1983-04-29,1316,30435
CHUNG YIP ROAD,涌業路,YL,Yuen Long,元朗,1997-01-24,425,35454
CHUNG YIP ROAD,涌業路,YL,Yuen Long,元朗,1997-02-14,752,35475
CHURCH STREET,教堂街,E,Eastern,東區,1931-05-15,300,11458
CHURCH STREET,教堂街,E,Eastern,東區,1931-07-10,436,11514
CITY GARDEN ROAD,城市花園道,E,Eastern,東區,1993-05-21,1713,34110
CLAYMORE AVENUE,利牧徑,S,Southern,南區,1968-05-10,939,24968
CLAYMORE AVENUE,利牧徑,S,Southern,南區,1980-03-01,707,29281
CLEAR WATER BAY ROAD,清水灣道,SK-KT-WTS,Sai  Kung / Kwun Tong / Wong Tai Sin,西貢 / 觀塘 / 黃大仙,1947-07-04,543,17352
CLEAR WATER BAY ROAD,清水灣道,SK-KT-WTS,Sai  Kung / Kwun Tong / Wong Tai Sin,西貢 / 觀塘 / 黃大仙,1981-01-16,183,29602
CLEMENTI ROAD,金文泰道,WC,Wan  Chai,灣仔,1950-12-29,1471,18626
CLEMENTI ROAD,金文泰道,WC,Wan  Chai,灣仔,1978-10-27,2761,28790
CLEMENTI ROAD,金文泰道,WC,Wan  Chai,灣仔,1978-11-17,2974,28811
CLEVELAND STREET,加寧街,WC,Wan  Chai,灣仔,1962-03-09,491,22714
CLIFF ROAD,石壁道,YTM,Yau Tsim Mong,油尖旺,1935-02-22,139,12837
CLOUD VIEW ROAD,雲景道,E,Eastern,東區,1966-01-14,129,24121
CLOVELLY PATH,高化利徑,C&W,Central  &  Western,中西區,1919-09-26,450,7209
CLUB STREET,會所街,C&W,Central  &  Western,中西區,1935-04-12,302,12886
COLLEGE ROAD,書院道,KC,Kowloon  City,九龍城,1935-03-01,165,12844
COLLEGE ROAD,書院道,KC,Kowloon  City,九龍城,1958-02-07,184,21223
COLLEGE VIEW,育賢坊,C&W,Central  &  Western,中西區,1972-03-24,765,26382
COMFORT TERRACE,康福臺,E,Eastern,東區,1952-11-28,1363,19326
CONCORDE ROAD,協調道,KC,Kowloon  City,九龍城,1981-12-11,3682,29931
CONCORDE ROAD,協調道,KC,Kowloon  City,九龍城,2015-01-23,1172,42027
CONCORDE ROAD,協調道,KC,Kowloon  City,九龍城,2018-03-02,1473,43161
CONDUIT ROAD,干德道,C&W,Central  &  Western,中西區,1907-04-12,250,2659
CONDUIT ROAD,干德道,C&W,Central  &  Western,中西區,1976-09-24,2119,28027
CONNAUGHT PLACE,康樂廣場,C&W,Central  &  Western,中西區,1975-10-03,2178,27670
CONNAUGHT ROAD WEST,干諾道西,C&W,Central  &  Western,中西區,1999-03-12,1364,36231
CONSORT RISE,金粟街,S,Southern,南區,1962-01-26,190,22672
CONTAINER PORT ROAD,貨櫃碼頭路,K&T,Kwai  Tsing,葵青,1974-05-31,1377,27180
CONTAINER PORT ROAD,貨櫃碼頭路,K&T,Kwai  Tsing,葵青,1977-11-25,2859,28454
CONTAINER PORT ROAD,貨櫃碼頭路,K&T,Kwai  Tsing,葵青,1979-07-27,1920,29063
CONTAINER PORT ROAD SOUTH,貨櫃碼頭南路,K&T,Kwai  Tsing,葵青,1989-10-27,3774,32808
CONTAINER PORT ROAD SOUTH,貨櫃碼頭南路,K&T,Kwai  Tsing,葵青,1994-09-09,3383,34586
CONTAINER PORT ROAD SOUTH,貨櫃碼頭南路,K&T,Kwai  Tsing,葵青,1995-09-01,3545,34943
CONTAINER PORT ROAD SOUTH,貨櫃碼頭南路,K&T,Kwai  Tsing,葵青,2008-05-09,3113,39577
CONTAINER PORT ROAD SOUTH,貨櫃碼頭南路,K&T,Kwai  Tsing,葵青,2009-12-18,7995,40165
CONTROL TOWER ROAD,管制塔路,Is,Islands,離島,1998-01-02,73,35797
CONVENTION AVENUE,會議道,WC,Wan  Chai,灣仔,1988-02-05,400,32178
CONVENTION AVENUE,會議道,WC,Wan  Chai,灣仔,2023-06-23,3741,45100
COOMBE ROAD,甘道,C&W-WC,Central  &  Western / Wan  Chai,中西區 / 灣仔,1908-02-07,80,2960
COOPER ROAD,谷柏道,WC,Wan  Chai,灣仔,1954-06-25,765,19900
CORNWALL STREET,歌和老街,SSP-KC,Sham  Shui  Po / Kowloon  City,深水埗 / 九龍城,1929-08-23,427,10828
CORNWALL STREET,歌和老街,SSP-KC,Sham  Shui  Po / Kowloon  City,深水埗 / 九龍城,1970-07-17,1480,25766
COSTA AVENUE,海堤徑,Is,Islands,離島,2000-09-15,6058,36784
COTTON PATH,棉花路,WC,Wan  Chai,灣仔,1931-05-15,300,11458
COTTON PATH,棉花路,WC,Wan  Chai,灣仔,1931-07-10,436,11514
COTTON TREE DRIVE,紅棉路,C&W,Central  &  Western,中西區,1968-05-10,938,24968
COX'S ROAD,覺士道,YTM,Yau Tsim Mong,油尖旺,1919-10-03,464,7216
CRAIGMIN ROAD,忌利文道,C&W,Central  &  Western,中西區,1908-02-07,80,2960
CREASY ROAD,祈禮士道,WC,Wan  Chai,灣仔,1951-07-20,754,18829
CREASY ROAD,祈禮士道,WC,Wan  Chai,灣仔,1954-09-17,1151,19984
CROWN TERRACE,冠冕臺,S,Southern,南區,1962-01-26,190,22672
CULTURAL DRIVE,文化道,YTM,Yau Tsim Mong,油尖旺,2021-09-17,5801,44456
CULTURAL DRIVE,文化道,YTM,Yau Tsim Mong,油尖旺,2025-12-19,8147,46010
CUMBERLAND ROAD,金巴倫道,KC,Kowloon  City,九龍城,1929-08-23,427,10828
CYBERPORT ROAD,數碼港道,S,Southern,南區,2001-11-09,7009,37204
D'AGUILAR STREET,德己立街,C&W,Central  &  Western,中西區,1963-02-22,346,23064
DAI CHEONG STREET,大昌街,TP,Tai  Po,大埔,1980-08-08,2486,29441
DAI FAT STREET,大發街,TP,Tai  Po,大埔,1980-08-08,2486,29441
DAI FAT STREET,大發街,TP,Tai  Po,大埔,1998-02-13,705,35839
DAI FU STREET,大富街,TP,Tai  Po,大埔,1979-04-20,1002,28965
DAI FU STREET,大富街,TP,Tai  Po,大埔,1980-08-08,2486,29441
DAI FUK STREET,大福街,TP,Tai  Po,大埔,1998-03-27,1528,35881
DAI HEI STREET,大喜街,TP,Tai  Po,大埔,1989-02-03,419,32542
DAI HUNG STREET,大鴻街,TP,Tai  Po,大埔,1998-03-27,1528,35881
DAI KING STREET,大景街,TP,Tai  Po,大埔,1989-02-03,419,32542
DAI KWAI STREET,大貴街,TP,Tai  Po,大埔,1979-04-20,1002,28965
DAI KWAI STREET,大貴街,TP,Tai  Po,大埔,1980-08-08,2486,29441
DAI LI STREET,大利街,TP,Tai  Po,大埔,1979-04-20,1002,28965
DAI PANG STREET,大鵬街,TP,Tai  Po,大埔,1980-08-08,2486,29441
DAI SHING STREET,大盛街,TP,Tai  Po,大埔,1980-08-08,2486,29441
DAI SHUN STREET,大順街,TP,Tai  Po,大埔,1979-04-20,1002,28965
DAI SHUN STREET,大順街,TP,Tai  Po,大埔,1980-08-08,2486,29441
DAI WAH STREET,大華街,TP,Tai  Po,大埔,1998-03-27,1528,35881
DAI WAH STREET,大華街,TP,Tai  Po,大埔,1998-04-24,1962,35909
DAI WANG STREET,大宏街,TP,Tai  Po,大埔,1980-08-08,2486,29441
DAKOTA DRIVE,德高道,KC,Kowloon  City,九龍城,1988-01-29,308,32171
DAKOTA DRIVE,德高道,KC,Kowloon  City,九龍城,2023-04-28,2594,45044
DAWN DRIVE,朝暉路,YL,Yuen Long,元朗,1989-11-10,3972,32822
DEEP BAY ROAD,深灣路,YL,Yuen Long,元朗,1973-05-18,1252,26802
DEEP WATER BAY DRIVE,深水灣徑,S,Southern,南區,1987-03-06,785,31842
DEEP WATER BAY ROAD,深水灣道,S-WC,Southern / Wan  Chai,南區 / 灣仔,1937-09-24,682,13782
DEEP WATER BAY ROAD,深水灣道,S-WC,Southern / Wan  Chai,南區 / 灣仔,1950-01-06,28,18269
DERBY ROAD,打比道,KC,Kowloon  City,九龍城,1939-04-28,341,14363
DEVON ROAD,德雲道,KC,Kowloon  City,九龍城,1929-08-23,427,10828
DIANTHUS ROAD,石竹路,SSP,Sham  Shui  Po,深水埗,1953-11-20,1420,19683
DIANTHUS ROAD,石竹路,SSP,Sham  Shui  Po,深水埗,1960-03-04,368,21979
DISCOVERY BAY ROAD,愉景灣道,Is,Islands,離島,1994-11-18,4386,34656
DISCOVERY BAY ROAD,愉景灣道,Is,Islands,離島,2012-07-13,4805,41103
DISCOVERY PEAK ROAD,愉峰道,IS,Islands,離島,2021-06-11,3565,44358
DISCOVERY VALLEY ROAD,愉景山道,Is,Islands,離島,1994-11-18,4386,34656
DORSET CRESCENT,多實街,KC,Kowloon  City,九龍城,1929-08-23,427,10828
DRAGON ROAD,皇龍道,WC,Wan  Chai,灣仔,1930-11-28,708,11290
DRAKE STREET,德立街,C&W,Central  &  Western,中西區,1980-11-28,3730,29553
DUKE STREET,公爵街,KC,Kowloon  City,九龍城,1929-06-21,331,10765
DUMBARTON ROAD,東寶庭道,KC,Kowloon  City,九龍城,1950-07-28,900,18472
DUNBAR ROAD,登巴道,KC,Kowloon  City,九龍城,1951-06-15,636,18794
DUNG FAT STREET,登發街,TW,Tsuen  Wan,荃灣,1973-03-16,704,26739
DURHAM ROAD,對衡道,KC,Kowloon  City,九龍城,1951-05-18,522,18766
DYER AVENUE,戴亞街,KC,Kowloon  City,九龍城,1930-01-17,38,10975
EARL STREET,伯爵街,KC,Kowloon  City,九龍城,1935-04-26,334,12900
EAST COAST ROAD,東岸路,Is,Islands,離島,1998-01-02,73,35797
EAST COAST ROAD,東岸路,Is,Islands,離島,2007-08-31,5705,39325
EAST COAST ROAD,東岸路,Is,Islands,離島,2019-07-26,4781,43672
EAST EMBANKMENT,東堤,E,Eastern,東區,1957-08-23,1179,21055
EAST LAGUNA STREET,麗港東街,KT,Kwun Tong,觀塘,1996-12-06,5679,35405
EAST POINT ROAD,東角道,WC,Wan  Chai,灣仔,1954-06-04,673,19879
EASTBOURNE ROAD,義本道,KC,Kowloon  City,九龍城,1965-06-25,1572,23918
EASTERN HOSPITAL ROAD,東院道,WC,Wan  Chai,灣仔,1931-05-15,300,11458
EASTERN HOSPITAL ROAD,東院道,WC,Wan  Chai,灣仔,1931-07-10,436,11514
EASTERN STREET NORTH,東邊街北,C&W,Central  &  Western,中西區,1999-03-12,1364,36231
EDE ROAD,義德道,KC,Kowloon  City,九龍城,1957-04-05,509,20915
EDE ROAD,義德道,KC,Kowloon  City,九龍城,1965-06-25,1572,23918
EDINBURGH PLACE,愛丁堡廣場,C&W,Central  &  Western,中西區,1961-07-21,1210,22483
EDINBURGH PLACE,愛丁堡廣場,C&W,Central  &  Western,中西區,2009-12-04,7642,40151
ELECTRIC ROAD,電氣道,E-WC,Eastern / Wan  Chai,東區 / 灣仔,1935-06-21,490,12956
ELECTRIC ROAD,電氣道,E-WC,Eastern / Wan  Chai,東區 / 灣仔,1959-11-20,1608,21874
ELECTRIC STREET,電氣街,WC,Wan  Chai,灣仔,1929-03-15,140,10667
ELEGANCE ROAD,雅麗道,KT,Kwun Tong,觀塘,1970-01-23,225,25591
ELM STREET,榆樹街,YTM,Yau Tsim Mong,油尖旺,1927-11-25,699,10191
EMBANKMENT ROAD,基堤道,KC,Kowloon  City,九龍城,1929-06-21,331,10765
EMMA AVENUE,艷馬道,KC,Kowloon  City,九龍城,1925-10-09,575,9414
ESSEX CRESCENT,雅息士道,KC,Kowloon  City,九龍城,1929-08-23,427,10828
EXPO DRIVE,博覽道,WC-C&W,Wan  Chai / Central  &  Western,灣仔 / 中西區,1996-11-22,5407,35391
EXPO DRIVE,博覽道,WC-C&W,Wan  Chai / Central  &  Western,灣仔 / 中西區,2019-03-15,1971,43539
EXPO DRIVE,博覽道,WC-C&W,Wan  Chai / Central  &  Western,灣仔 / 中西區,2019-03-29,2321,43553
EXPO DRIVE CENTRAL,博覽道中,WC,Wan  Chai,灣仔,1996-11-22,5407,35391
EXPO DRIVE CENTRAL,博覽道中,WC,Wan  Chai,灣仔,2019-03-15,1971,43539
EXPO DRIVE CENTRAL,博覽道中,WC,Wan  Chai,灣仔,2019-03-29,2321,43553
EXPO DRIVE EAST,博覽道東,WC,Wan  Chai,灣仔,1996-11-22,5407,35391
EXPO DRIVE EAST,博覽道東,WC,Wan  Chai,灣仔,2019-03-15,1971,43539
EXPO DRIVE EAST,博覽道東,WC,Wan  Chai,灣仔,2019-03-29,2321,43553
EZRA'S LANE,伊沙里,C&W,Central  &  Western,中西區,1958-06-27,865,21363
FA PO STREET,花圃街,SSP,Sham  Shui  Po,深水埗,1964-01-10,77,23386
FA PO STREET,花圃街,SSP,Sham  Shui  Po,深水埗,1985-04-26,1346,31163
FA YUEN STREET,花園街,YTM,Yau Tsim Mong,油尖旺,1924-08-29,492,9008
FACTORY STREET,工廠街,E,Eastern,東區,1931-05-15,300,11458
FACTORY STREET,工廠街,E,Eastern,東區,1931-07-10,436,11514
FACTORY STREET,工廠街,E,Eastern,東區,1959-05-08,628,21678
FAI KING ROAD,快景路,N,North,北區,2004-12-03,7836,38324
FAI MING ROAD,暉明路,N,North,北區,1995-01-13,156,34712
FAIRVIEW PARK BOULEVARD,錦綉花園大道,YL,Yuen Long,元朗,1988-03-18,882,32220
FAIRVIEW PARK ROAD EAST,錦綉大道東,YL,Yuen Long,元朗,1984-08-31,2609,30925
FAIRVIEW PARK ROAD NORTH,錦綉大道北,YL,Yuen Long,元朗,1984-08-31,2609,30925
FAIRVIEW PARK ROAD SOUTH,錦綉大道南,YL,Yuen Long,元朗,1984-08-31,2609,30925
FAIRVIEW PARK ROAD WEST,錦綉大道西,YL,Yuen Long,元朗,1984-08-31,2609,30925
"FAIRVIEW PARK SECTION C, 1ST STREET",錦綉花園C段第一街,YL,Yuen Long,元朗,1987-02-06,415,31814
"FAIRVIEW PARK SECTION C, 2ND STREET",錦綉花園C段第二街,YL,Yuen Long,元朗,1987-02-06,415,31814
"FAIRVIEW PARK SECTION C, 3RD STREET",錦綉花園C段第三街,YL,Yuen Long,元朗,1987-02-06,415,31814
"FAIRVIEW PARK SECTION C, 4TH STREET",錦綉花園C段第四街,YL,Yuen Long,元朗,1987-02-06,415,31814
"FAIRVIEW PARK SECTION C, 5TH STREET",錦綉花園C段第五街,YL,Yuen Long,元朗,1987-02-06,415,31814
"FAIRVIEW PARK SECTION C, 6TH STREET",錦綉花園C段第六街,YL,Yuen Long,元朗,1987-02-06,415,31814
"FAIRVIEW PARK SECTION C, 7TH STREET",錦綉花園C段第七街,YL,Yuen Long,元朗,1987-02-06,415,31814
"FAIRVIEW PARK SECTION D, 1ST STREET",錦綉花園D段第一街,YL,Yuen Long,元朗,1987-02-06,415,31814
"FAIRVIEW PARK SECTION D, 2ND STREET",錦綉花園D段第二街,YL,Yuen Long,元朗,1987-02-06,415,31814
"FAIRVIEW PARK SECTION D, 3RD STREET",錦綉花園D段第三街,YL,Yuen Long,元朗,1987-02-06,415,31814
"FAIRVIEW PARK SECTION D, 4TH STREET",錦綉花園D段第四街,YL,Yuen Long,元朗,1987-02-06,415,31814
"FAIRVIEW PARK SECTION G, 1ST STREET",錦綉花園G段第一街,YL,Yuen Long,元朗,1985-08-02,2525,31261
"FAIRVIEW PARK SECTION G, 2ND STREET",錦綉花園G段第二街,YL,Yuen Long,元朗,1985-08-02,2525,31261
"FAIRVIEW PARK SECTION H, 1ST STREET",錦綉花園H段第一街,YL,Yuen Long,元朗,1985-08-02,2525,31261
"FAIRVIEW PARK SECTION H, 2ND STREET",錦綉花園H段第二街,YL,Yuen Long,元朗,1985-08-02,2525,31261
"FAIRVIEW PARK SECTION H, 3RD STREET",錦綉花園H段第三街,YL,Yuen Long,元朗,1985-08-02,2525,31261
"FAIRVIEW PARK SECTION I, 1ST STREET",錦綉花園I段第一街,YL,Yuen Long,元朗,1985-08-02,2525,31261
"FAIRVIEW PARK SECTION I, 2ND STREET",錦綉花園I段第二街,YL,Yuen Long,元朗,1985-08-02,2525,31261
"FAIRVIEW PARK SECTION I, 3RD STREET",錦綉花園I段第三街,YL,Yuen Long,元朗,1985-08-02,2525,31261
"FAIRVIEW PARK SECTION I, 4TH STREET",錦綉花園I段第四街,YL,Yuen Long,元朗,1985-08-02,2525,31261
"FAIRVIEW PARK SECTION I, 5TH STREET",錦綉花園I段第五街,YL,Yuen Long,元朗,1985-08-02,2525,31261
"FAIRVIEW PARK SECTION J, 1ST STREET",錦綉花園J段第一街,YL,Yuen Long,元朗,1988-03-18,882,32220
"FAIRVIEW PARK SECTION J, 2ND STREET",錦綉花園J段第二街,YL,Yuen Long,元朗,1988-03-18,882,32220
"FAIRVIEW PARK SECTION J, 3RD STREET",錦綉花園J段第三街,YL,Yuen Long,元朗,1988-03-18,882,32220
"FAIRVIEW PARK SECTION J, 4TH STREET",錦綉花園J段第四街,YL,Yuen Long,元朗,1988-03-18,882,32220
"FAIRVIEW PARK SECTION J, 5TH STREET",錦綉花園J段第五街,YL,Yuen Long,元朗,1988-03-18,882,32220
"FAIRVIEW PARK SECTION K, 1ST STREET",錦綉花園K段第一街,YL,Yuen Long,元朗,1985-08-02,2525,31261
"FAIRVIEW PARK SECTION K, 2ND STREET",錦綉花園K段第二街,YL,Yuen Long,元朗,1985-08-02,2525,31261
"FAIRVIEW PARK SECTION K, 3RD STREET",錦綉花園K段第三街,YL,Yuen Long,元朗,1985-08-02,2525,31261
"FAIRVIEW PARK SECTION K, 4TH STREET",錦綉花園K段第四街,YL,Yuen Long,元朗,1985-08-02,2525,31261
"FAIRVIEW PARK SECTION K, 5TH STREET",錦綉花園K段第五街,YL,Yuen Long,元朗,1985-08-02,2525,31261
"FAIRVIEW PARK SECTION L, 1ST STREET",錦綉花園L段第一街,YL,Yuen Long,元朗,1985-08-02,2525,31261
"FAIRVIEW PARK SECTION L, 2ND STREET",錦綉花園L段第二街,YL,Yuen Long,元朗,1985-08-02,2525,31261
"FAIRVIEW PARK SECTION L, 3RD STREET",錦綉花園L段第三街,YL,Yuen Long,元朗,1985-08-02,2525,31261
"FAIRVIEW PARK SECTION L, 4TH STREET",錦綉花園L段第四街,YL,Yuen Long,元朗,1985-08-02,2525,31261
"FAIRVIEW PARK SECTION L, 5TH STREET",錦綉花園L段第五街,YL,Yuen Long,元朗,1985-08-02,2525,31261
"FAIRVIEW PARK SECTION M, 1ST STREET",錦綉花園M段第一街,YL,Yuen Long,元朗,1988-03-18,882,32220
"FAIRVIEW PARK SECTION M, 2ND STREET",錦綉花園M段第二街,YL,Yuen Long,元朗,1988-03-18,882,32220
"FAIRVIEW PARK SECTION M, 3RD STREET",錦綉花園M段第三街,YL,Yuen Long,元朗,1988-03-18,882,32220
"FAIRVIEW PARK SECTION M, 4TH STREET",錦綉花園M段第四街,YL,Yuen Long,元朗,1988-03-18,882,32220
"FAIRVIEW PARK SECTION M, 5TH STREET",錦綉花園M段第五街,YL,Yuen Long,元朗,1988-03-18,882,32220
"FAIRVIEW PARK SECTION M, 6TH STREET",錦綉花園M段第六街,YL,Yuen Long,元朗,1988-03-18,882,32220
FAN KAM ROAD,粉錦公路,N-YL,North / Yuen Long,北區 / 元朗,1979-08-24,2145,29091
FAN LENG LAU ROAD,粉嶺樓路,N,North,北區,1995-01-13,154,34712
FAN WA STREET,繁華街,KT,Kwun Tong,觀塘,1975-03-14,589,27467
FANLING BYPASS,粉嶺繞道,N-TP,North / Tai  Po,北區 / 大埔,2026-03-27,1839,46108
FANLING HIGHWAY,粉嶺公路,YL-N-TP,Yuen Long / North / Tai  Po,元朗 / 北區 / 大埔,1995-05-05,1615,34824
FANLING STATION ROAD,粉嶺車站路,N,North,北區,1995-07-28,2927,34908
FANTASY ROAD,幻想道,TW,Tsuen  Wan,荃灣,2004-12-17,8104,38338
FARM ROAD,農圃道,KC,Kowloon  City,九龍城,1933-12-22,823,12410
FAT KWONG STREET,佛光街,KC,Kowloon  City,九龍城,1926-06-25,342,9673
FAT KWONG STREET,佛光街,KC,Kowloon  City,九龍城,1965-04-09,914,23841
FAT KWONG STREET FLYOVER,佛光街天橋,KC,Kowloon  City,九龍城,2009-02-06,852,39850
FAT LEE STREET,發利街,Is,Islands,離島,1985-10-18,3454,31338
FAT TSEUNG STREET,發祥街,SSP,Sham  Shui  Po,深水埗,1934-02-09,91,12459
FAT TSEUNG STREET,發祥街,SSP,Sham  Shui  Po,深水埗,1985-03-08,759,31114
FAT TSEUNG STREET WEST,發祥街西,SSP,Sham  Shui  Po,深水埗,1998-07-03,3230,35979
FAT YIP LANE,發業里,TW,Tsuen  Wan,荃灣,1970-03-06,535,25633
FAU TSOI STREET,阜財街,YL,Yuen Long,元朗,1935-02-15,124,12830
FAU TSOI STREET,阜財街,YL,Yuen Long,元朗,1977-12-02,2944,28461
FEI FUNG STREET,飛鳳街,WTS,Wong Tai Sin,黃大仙,1963-11-08,2197,23323
FEI HA ROAD,飛霞路,SK,Sai  Kung,西貢,1992-04-10,1271,33704
FEI NGO SHAN ROAD,飛鵝山道,WTS-SK,Wong Tai Sin / Sai  Kung,黃大仙 / 西貢,1957-05-24,730,20964
FEI TSUI ROAD,翡翠道,E,Eastern,東區,1977-08-12,1914,28349
FEI WAN ROAD,飛雲路,SK,Sai  Kung,西貢,1992-04-10,1271,33704
FENWICK PIER STREET,分域碼頭街,WC,Wan  Chai,灣仔,1974-05-31,1382,27180
FENWICK STREET,分域街,WC,Wan  Chai,灣仔,1929-06-14,312,10758
FENWICK STREET,分域街,WC,Wan  Chai,灣仔,1972-07-07,1666,26487
FERRY STREET,渡船街,YTM,Yau Tsim Mong,油尖旺,1941-10-24,1260,15273
FERRY STREET,渡船街,YTM,Yau Tsim Mong,油尖旺,1947-05-23,431,17310
FERRY STREET,渡船街,YTM,Yau Tsim Mong,油尖旺,1975-03-14,585,27467
FERRY STREET,渡船街,YTM,Yau Tsim Mong,油尖旺,2020-10-16,5984,44120
FESSENDEN ROAD,范信達道,KC,Kowloon  City,九龍城,1968-01-05,26,24842
FINANCE STREET,金融街,C&W,Central  &  Western,中西區,2002-07-26,4594,37463
FINDLAY PATH,芬梨徑,C&W,Central  &  Western,中西區,1915-05-28,244,5627
FINDLAY ROAD,芬梨道,C&W,Central  &  Western,中西區,1915-05-28,244,5627
FINNIE STREET,芬尼街,E,Eastern,東區,1954-11-19,1418,20047
FIR STREET,松樹街,YTM,Yau Tsim Mong,油尖旺,1927-11-25,699,10191
FIRE DRAGON PATH,火龍徑,WC,Wan  Chai,灣仔,2012-07-13,4804,41103
FIRST SKY STREET,航天城第一街,Is,Islands,離島,2021-09-24,6003,44463
FLEMING ROAD,菲林明道,WC,Wan  Chai,灣仔,1929-06-14,312,10758
FLEMING ROAD,菲林明道,WC,Wan  Chai,灣仔,1972-07-07,1666,26487
FLEMING ROAD,菲林明道,WC,Wan  Chai,灣仔,2019-03-15,1971,43539
FLEMING ROAD,菲林明道,WC,Wan  Chai,灣仔,2019-03-29,2321,43553
FLINT ROAD,火石道,KC,Kowloon  City,九龍城,1939-04-28,341,14363
FLOWER MARKET PATH,花墟徑,YTM,Yau Tsim Mong,油尖旺,2002-04-12,2229,37358
FLOWER MARKET ROAD,花墟道,YTM,Yau Tsim Mong,油尖旺,1948-04-23,381,17646
FO CHUN ROAD,科進路,TP,Tai  Po,大埔,2005-10-21,5456,38646
FO CHUN ROAD,科進路,TP,Tai  Po,大埔,2008-02-01,757,39479
FO CHUN ROAD,科進路,TP,Tai  Po,大埔,2010-12-24,8236,40536
FO SHING ROAD,科城路,TP,Tai  Po,大埔,2005-10-21,5456,38646
FO TAN ROAD,火炭路,ST,Sha Tin,沙田,1972-10-06,2529,26578
FO TAN ROAD,火炭路,ST,Sha Tin,沙田,1980-04-18,1165,29329
FO TAN ROAD,火炭路,ST,Sha Tin,沙田,1981-08-14,2405,29812
FO TAN ROAD,火炭路,ST,Sha Tin,沙田,1981-11-13,3369,29903
FO YIN ROAD,科研路,TP,Tai  Po,大埔,2005-10-21,5456,38646
FO YIP STREET,科業街,YL,Yuen Long,元朗,2003-09-05,6123,37869
FONG WAH LANE,芳華里,WTS,Wong Tai Sin,黃大仙,1971-01-22,139,25955
FONG YUEN ROAD,芳園路,TW,Tsuen  Wan,荃灣,2006-10-13,6513,39003
FOO KWAI STREET,富貴街,YTM,Yau Tsim Mong,油尖旺,1954-12-24,1562,20082
FOO MING STREET,富明街,WC,Wan  Chai,灣仔,1964-04-24,1034,23491
FOO YUEN STREET,富源街,WTS,Wong Tai Sin,黃大仙,1961-09-08,1577,22532
FOOK HONG STREET,福康街,YL,Yuen Long,元朗,1977-12-02,2944,28461
FOOK TAK STREET,福德街,YL,Yuen Long,元朗,1977-12-02,2944,28461
FOOK TAK STREET,福德街,YL,Yuen Long,元朗,1984-05-18,1452,30820
FOOK YAT PATH,福日徑,YL,Yuen Long,元朗,1983-06-03,1752,30470
FOOK YUM ROAD,福蔭道,E,Eastern,東區,1954-07-30,947,19935
FORFAR ROAD,科發道,KC,Kowloon  City,九龍城,1933-12-22,823,12410
FORT STREET,堡壘街,E,Eastern,東區,1933-07-28,511,12263
FORTRESS HILL ROAD,炮台山道,E,Eastern,東區,1959-11-20,1608,21874
FORTUNE STREET,幸福街,SSP,Sham  Shui  Po,深水埗,1970-05-22,1053,25710
FRASER ROAD,符禮修路,TM,Tuen  Mun,屯門,1990-11-02,3963,33179
FU CHEONG PATH,富昌徑,TW,Tsuen  Wan,荃灣,2005-02-04,624,38387
FU CHI PATH,富池徑,WTS,Wong Tai Sin,黃大仙,1983-04-22,1265,30428
FU CHUNG LANE,富忠里,TP,Tai  Po,大埔,1993-04-30,1435,34089
FU CHUNG LANE,富忠里,TP,Tai  Po,大埔,2011-09-30,6435,40816
FU FAT LANE,富發里,TM,Tuen  Mun,屯門,1989-06-09,1978,32668
FU FUK ROAD,富福路,TM,Tuen  Mun,屯門,2018-03-29,2325,43188
FU HANG ROAD,虎坑路,TM,Tuen  Mun,屯門,1991-02-08,502,33277
FU HING STREET,符興街,N,North,北區,1958-06-06,770,21342
FU HONG STREET,富康街,E,Eastern,東區,1998-05-01,2182,35916
FU KEUNG STREET,富強街,WTS,Wong Tai Sin,黃大仙,1966-07-29,1951,24317
FU KEUNG STREET,富強街,WTS,Wong Tai Sin,黃大仙,1983-01-28,327,30344
FU KIN STREET,富健街,ST,Sha Tin,沙田,1984-06-15,1737,30848
FU KONG SHAN ROAD,富崗山路,Is,Islands,離島,2006-02-17,1050,38765
FU KWAI PATH,富貴徑,K&T,Kwai  Tsing,葵青,1988-02-12,490,32185
FU MEI STREET,富美街,WTS,Wong Tai Sin,黃大仙,1963-10-11,2014,23295
FU MEI STREET,富美街,WTS,Wong Tai Sin,黃大仙,1989-04-21,1309,32619
FU MEI STREET EAST,富美東街,WTS,Wong Tai Sin,黃大仙,1967-01-13,89,24485
FU NING STREET,富寧街,KC,Kowloon  City,九龍城,1965-04-02,836,23834
FU ON STREET,富安街,KC,Kowloon  City,九龍城,1968-04-26,826,24954
FU PENG STREET,富坪街,Is,Islands,離島,1993-10-15,3762,34257
FU PO ROAD,富寶路,ST,Sha Tin,沙田,1999-02-05,637,36196
FU SHIN STREET,富善街,TP,Tai  Po,大埔,1930-05-02,262,11080
FU SHIN STREET,富善街,TP,Tai  Po,大埔,1961-11-10,1975,22595
FU SHING STREET,富盛街,TM,Tuen  Mun,屯門,2012-11-02,7160,41215
FU TEI AU ROAD,虎地㘭道,N,North,北區,1972-09-15,2306,26557
FU TEI ROAD,富地路,TM,Tuen  Mun,屯門,1991-02-08,502,33277
FU TEI ROAD,富地路,TM,Tuen  Mun,屯門,2021-12-03,7634,44533
FU TIN LANE,富田里,ST,Sha Tin,沙田,1986-10-10,3517,31695
FU TSUI STREET,富翠街,E,Eastern,東區,1987-01-23,307,31800
FU TUNG STREET,富東街,Is,Islands,離島,1997-04-25,2008,35545
FU UK ROAD,傅屋路,TW,Tsuen  Wan,荃灣,1970-03-06,535,25633
FU WAH STREET,富華街,TW,Tsuen  Wan,荃灣,1973-03-16,704,26739
FU WAN STREET,富運街,WTS,Wong Tai Sin,黃大仙,1966-07-29,1951,24317
FU WING STREET,富榮街,TW,Tsuen  Wan,荃灣,1973-03-16,704,26739
FU YAN STREET,輔仁街,KT,Kwun Tong,觀塘,1957-02-22,264,20873
FU YAN STREET,輔仁街,KT,Kwun Tong,觀塘,1961-01-13,50,22294
FU YAN STREET,輔仁街,KT,Kwun Tong,觀塘,1967-01-13,87,24485
FU YEE ROAD,富怡道,E,Eastern,東區,1998-05-01,2182,35916
FU YIP STREET,富業街,YL,Yuen Long,元朗,1983-01-28,325,30344
FU YUE STREET,富裕街,WTS,Wong Tai Sin,黃大仙,1966-07-29,1951,24317
FU YUNG SHAN ROAD,芙蓉山路,TW,Tsuen  Wan,荃灣,1997-10-17,1883,35720
FU YUNG STREET,芙蓉街,TW,Tsuen  Wan,荃灣,1963-06-21,1134,23183
FUI SHA WAI LANE,灰沙圍里,YL,Yuen Long,元朗,1985-09-13,3022,31303
FUI SHA WAI SOUTH ROAD,灰沙圍南路,YL,Yuen Long,元朗,1997-01-31,565,35461
FUI SHA WAI SOUTH ROAD,灰沙圍南路,YL,Yuen Long,元朗,1997-02-14,753,35475
FUI YIU KOK STREET,灰窰角街,TW,Tsuen  Wan,荃灣,1966-02-18,470,24156
FUI YIU LANE,灰窰里,SK,Sai  Kung,西貢,1994-07-29,2827,34544
FUK CHAK STREET,福澤街,YTM,Yau Tsim Mong,油尖旺,1963-09-06,1736,23260
FUK CHEUNG STREET,福祥街,KC,Kowloon  City,九龍城,1965-04-02,836,23834
FUK CHI STREET,福至街,KC,Kowloon  City,九龍城,1980-05-23,1581,29364
FUK HANG STREET,福恆街,YL,Yuen Long,元朗,1984-05-04,1312,30806
FUK HANG TSUEN LANE,福亨村里,TM,Tuen  Mun,屯門,1999-01-08,114,36168
FUK HANG TSUEN PATH,福亨村徑,TM,Tuen  Mun,屯門,2004-02-06,959,38023
FUK HANG TSUEN ROAD,福亨村路,TM,Tuen  Mun,屯門,1990-05-04,1617,32997
FUK HANG TSUEN ROAD,福亨村路,TM,Tuen  Mun,屯門,1993-12-10,4543,34313
FUK HI STREET,福喜街,YL,Yuen Long,元朗,1984-05-04,1312,30806
FUK KWAN AVENUE,福群道,WC,Wan  Chai,灣仔,1931-02-13,86,11367
FUK LEE STREET,福利街,YTM,Yau Tsim Mong,油尖旺,1958-05-30,732,21335
FUK LEE STREET,福利街,YTM,Yau Tsim Mong,油尖旺,2003-03-07,1548,37687
FUK LO TSUN ROAD,福佬村道,KC,Kowloon  City,九龍城,1933-05-12,340,12186
FUK LOI LANE,福來里,TW,Tsuen  Wan,荃灣,1985-10-11,3359,31331
FUK LOK PATH,福樂徑,YL,Yuen Long,元朗,1992-01-24,315,33627
FUK MAN ROAD,福民路,SK,Sai  Kung,西貢,1985-12-27,4229,31408
FUK MAN ROAD,福民路,SK,Sai  Kung,西貢,2015-08-28,6517,42244
FUK NING ROAD,福寧道,KT,Kwun Tong,觀塘,1970-01-23,225,25591
FUK SHING PATH,福盛徑,YL,Yuen Long,元朗,1992-01-24,315,33627
FUK SHUN STREET,福順街,YL,Yuen Long,元朗,1984-05-04,1312,30806
FUK SHUN STREET,福順街,YL,Yuen Long,元朗,1986-09-12,3158,31667
FUK SHUN STREET,福順街,YL,Yuen Long,元朗,2023-03-10,1533,44995
FUK TIN PATH,福田徑,YL,Yuen Long,元朗,1992-01-24,315,33627
FUK TO STREET,福淘街,KT,Kwun Tong,觀塘,2012-06-01,3792,41061
FUK TONG ROAD,福塘道,KT,Kwun Tong,觀塘,1970-01-23,225,25591
FUK TSUN STREET,福全街,YTM,Yau Tsim Mong,油尖旺,1927-11-25,699,10191
FUK WA STREET,福華街,SSP,Sham  Shui  Po,深水埗,1930-08-15,510,11185
FUK WANG STREET,福宏街,YL,Yuen Long,元朗,1984-05-04,1312,30806
FUK WING STREET,福榮街,SSP,Sham  Shui  Po,深水埗,1930-08-15,510,11185
FUK WO ROAD,福和路,TP,Tai  Po,大埔,2000-06-23,3981,36700
FUK YAN STREET,福欣街,YL,Yuen Long,元朗,1984-10-19,3073,30974
FUK YUEN STREET,福元街,E,Eastern,東區,1931-05-15,300,11458
FUK YUEN STREET,福元街,E,Eastern,東區,1931-07-10,436,11514
FUNG CHEUNG PATH,鳳翔徑,YL,Yuen Long,元朗,2017-10-13,7595,43021
FUNG CHEUNG ROAD,鳳翔路,YL,Yuen Long,元朗,1977-12-02,2944,28461
FUNG CHEUNG ROAD,鳳翔路,YL,Yuen Long,元朗,1998-05-22,2487,35937
FUNG CHEUNG ROAD,鳳翔路,YL,Yuen Long,元朗,2000-07-21,4743,36728
FUNG CHEUNG ROAD,鳳翔路,YL,Yuen Long,元朗,2017-10-13,7594,43021
FUNG CHI ROAD,鳳池路,YL,Yuen Long,元朗,1987-08-28,2856,32017
FUNG CHUK ROAD,豐竹路,YL,Yuen Long,元朗,2000-03-31,2031,36616
FUNG FAN PATH,風帆徑,Is,Islands,離島,1997-08-08,624,35650
FUNG HA ROAD,峰霞道,E,Eastern,東區,1991-08-16,2879,33466
FUNG HEUNG STREET,鳳香街,YL,Yuen Long,元朗,1981-12-18,3742,29938
FUNG HEUNG STREET,鳳香街,YL,Yuen Long,元朗,2017-10-13,7594,43021
FUNG KAM STREET,鳳琴街,YL,Yuen Long,元朗,1981-12-18,3742,29938
FUNG KI ROAD,鳳麒路,YL,Yuen Long,元朗,2005-05-27,2493,38499
FUNG KONG TSUEN ROAD,鳳降村路,YL,Yuen Long,元朗,1994-09-09,3384,34586
FUNG KWAN PATH,鳳群徑,YL,Yuen Long,元朗,2017-10-13,7595,43021
FUNG KWAN STREET,鳳群街,YL,Yuen Long,元朗,1981-12-18,3742,29938
FUNG LAI ROAD,鳳禮道,WTS,Wong Tai Sin,黃大仙,1990-02-23,655,32927
FUNG LAM ROAD,鳳林路,N,North,北區,2026-03-27,1839,46108
FUNG LING ROAD,鳳嶺路,N,North,北區,2026-03-27,1839,46108
FUNG LOK LANE,豐樂里,YL,Yuen Long,元朗,1992-01-24,315,33627
FUNG MAT ROAD,豐物道,C&W,Central  &  Western,中西區,1993-05-14,1637,34103
FUNG MAT ROAD,豐物道,C&W,Central  &  Western,中西區,1999-03-12,1363,36231
FUNG MEI PATH,鳳美徑,WTS,Wong Tai Sin,黃大仙,1990-02-23,655,32927
FUNG MO STREET,鳳舞街,WTS,Wong Tai Sin,黃大仙,1963-10-11,2014,23295
FUNG MO STREET,鳳舞街,WTS,Wong Tai Sin,黃大仙,2018-08-10,6060,43322
FUNG NAM LANE,鳳南里,N,North,北區,1999-02-26,970,36217
FUNG NAM ROAD,鳳南路,N,North,北區,1994-01-28,337,34362
FUNG NIN ROAD,豐年路,YL,Yuen Long,元朗,1977-12-02,2944,28461
FUNG ON STREET,豐安街,TM,Tuen  Mun,屯門,1991-07-19,2510,33438
FUNG PING LANE,鳳坪里,SSP,Sham  Shui  Po,深水埗,1984-11-09,3320,30995
FUNG SAU ROAD,鳳秀路,SK,Sai  Kung,西貢,1986-08-15,2817,31639
FUNG SHEK STREET,豐石街,ST,Sha Tin,沙田,1987-02-06,416,31814
FUNG SHING STREET,豐盛街,WTS,Wong Tai Sin,黃大仙,1979-11-09,2896,29168
FUNG SHING STREET,豐盛街,WTS,Wong Tai Sin,黃大仙,1989-07-07,2313,32696
FUNG SHUE WO ROAD,楓樹窩路,K&T,Kwai  Tsing,葵青,1986-09-12,3157,31667
FUNG SHUE WO ROAD,楓樹窩路,K&T,Kwai  Tsing,葵青,1988-07-22,2353,32346
FUNG SHUN STREET,豐順街,ST,Sha Tin,沙田,1983-12-23,3977,30673
FUNG TAK ROAD,鳳德道,WTS,Wong Tai Sin,黃大仙,1963-11-08,2197,23323
FUNG TAK ROAD,鳳德道,WTS,Wong Tai Sin,黃大仙,1988-03-31,1053,32233
FUNG TAK ROAD,鳳德道,WTS,Wong Tai Sin,黃大仙,1991-11-22,4197,33564
FUNG TIN STREET,奉天街,S,Southern,南區,1979-03-16,713,28930
FUNG WAH STREET,豐華街,WTS,Wong Tai Sin,黃大仙,1966-06-30,1684,24288
FUNG WAN ROAD,豐運路,TP,Tai  Po,大埔,1995-10-13,4259,34985
FUNG WO LANE,豐禾里,ST,Sha Tin,沙田,1983-12-23,3977,30673
FUNG YAU PATH,鳳攸徑,YL,Yuen Long,元朗,2017-10-13,7595,43021
FUNG YAU STREET EAST,鳳攸東街,YL,Yuen Long,元朗,1981-12-18,3742,29938
FUNG YAU STREET NORTH,鳳攸北街,YL,Yuen Long,元朗,1981-12-18,3742,29938
FUNG YAU STREET SOUTH,鳳攸南街,YL,Yuen Long,元朗,1981-12-18,3742,29938
FUNG YI STREET,鳳儀街,KC,Kowloon  City,九龍城,1959-04-17,548,21657
FUNG YING PATH,豐盈徑,N,North,北區,2024-05-10,2696,45422
FUNG YIP STREET,豐業街,E,Eastern,東區,1977-05-13,1087,28258
FUNG YU ROAD,豐裕路,YL,Yuen Long,元朗,2016-04-29,2478,42489
FUNG YUEN ROAD,鳳園路,TP,Tai  Po,大埔,1970-04-03,713,25661
FUNG YUEN ROAD,鳳園路,TP,Tai  Po,大埔,2009-03-06,1502,39878
GARDEN ROAD,花園道,C&W,Central  &  Western,中西區,1958-01-03,16,21188
GASCOIGNE ROAD,加士居道,YTM,Yau Tsim Mong,油尖旺,1905-03-17,158,1903
GASCOIGNE ROAD,加士居道,YTM,Yau Tsim Mong,油尖旺,1909-05-28,323,3436
GASCOIGNE ROAD,加士居道,YTM,Yau Tsim Mong,油尖旺,2020-10-16,5984,44120
GASCOIGNE ROAD FLYOVER,加士居道天橋,YTM,Yau Tsim Mong,油尖旺,2020-10-16,5983,44120
GASCOIGNE ROAD FLYOVER,加士居道天橋,YTM,Yau Tsim Mong,油尖旺,2020-10-23,6118,44127
GILLIES AVENUE NORTH,機利士北路,KC,Kowloon  City,九龍城,1988-09-30,3321,32416
GILLIES AVENUE SOUTH,機利士南路,KC,Kowloon  City,九龍城,1988-09-30,3321,32416
GILMAN STREET,機利文街,C&W,Central  &  Western,中西區,1958-06-27,865,21363
GILMAN STREET,機利文街,C&W,Central  &  Western,中西區,1974-05-31,1381,27180
GINKGO ROAD,銀杏路,YL,Yuen Long,元朗,1984-08-31,2609,30925
GLASS STREET,玻璃街,WC,Wan  Chai,灣仔,1931-05-15,300,11458
GLASS STREET,玻璃街,WC,Wan  Chai,灣仔,1931-07-10,436,11514
GLEE PATH,吉利徑,SSP,Sham  Shui  Po,深水埗,1967-12-22,2744,24828
GLENEALY,己連拿利,C&W,Central  &  Western,中西區,1987-05-08,1538,31905
GLOUCESTER ROAD,吿士打道,WC,Wan  Chai,灣仔,1929-06-14,312,10758
GLOUCESTER ROAD,吿士打道,WC,Wan  Chai,灣仔,1962-01-19,121,22665
GLOUCESTER ROAD,吿士打道,WC,Wan  Chai,灣仔,1972-12-29,3318,26662
GOLDEN BAMBOO ROAD EAST,金竹東路,YL,Yuen Long,元朗,1984-08-31,2609,30925
GOLDEN BAMBOO ROAD NORTH,金竹北路,YL,Yuen Long,元朗,1984-08-31,2609,30925
GOLDEN BEACH PATH,黃金泳灘徑,TM,Tuen  Mun,屯門,2011-05-13,2995,40676
GOLDEN HILL ROAD,金山路,ST,Sha Tin,沙田,1980-11-28,3731,29553
GOLDSMITH ROAD,高士美道,WC,Wan  Chai,灣仔,1954-06-25,765,19900
GOOD SHEPHERD STREET,牧愛街,KC,Kowloon  City,九龍城,1975-03-27,703,27480
GOUGH HILL PATH,歌賦山里,C&W,Central  &  Western,中西區,1956-04-13,465,20558
GOUGH HILL ROAD,歌賦山道,C&W,Central  &  Western,中西區,1908-02-07,80,2960
GOUGH HILL ROAD,歌賦山道,C&W,Central  &  Western,中西區,1956-04-13,465,20558
GRAMPIAN ROAD,嘉林邊道,KC,Kowloon  City,九龍城,1932-02-19,107,11738
GRANDEUR ROAD,瑰麗路,SSP,Sham  Shui  Po,深水埗,1997-06-20,3081,35601
GRANVILLE CIRCUIT,嘉蘭圍,YTM,Yau Tsim Mong,油尖旺,1949-07-29,715,18108
GRANVILLE ROAD,加連威老道,YTM,Yau Tsim Mong,油尖旺,1981-08-21,2511,29819
GRANVILLE SQUARE,加連威老廣場,YTM,Yau Tsim Mong,油尖旺,1985-12-13,4096,31394
GREEN LANE,箕璉坊,WC,Wan  Chai,灣仔,1940-02-07,154,14648
GREIG CRESCENT,基利坊,E,Eastern,東區,1978-02-24,464,28545
GREIG ROAD,基利路,E,Eastern,東區,1966-06-24,1628,24282
GREIG ROAD,基利路,E,Eastern,東區,1978-02-24,464,28545
GREIG ROAD,基利路,E,Eastern,東區,1990-10-12,3678,33158
GUILDFORD ROAD,僑福道,C&W,Central  &  Western,中西區,1964-12-24,3484,23735
GULLANE ROAD,嘉齡道,KC,Kowloon  City,九龍城,1950-09-15,1083,18521
HA CHUK YUEN ROAD,下竹園路,YL,Yuen Long,元朗,2000-03-31,2031,36616
HA HEUNG ROAD,下鄉道,KC,Kowloon  City,九龍城,1926-06-25,342,9673
HA KO TAN STREET,下高灘街,K&T,Kwai  Tsing,葵青,1985-03-22,915,31128
HA MEI ROAD,廈尾路,YL,Yuen Long,元朗,1993-12-10,4541,34313
HA MEI ROAD,廈尾路,YL,Yuen Long,元朗,2013-05-10,2719,41404
HA MEI SAN TSUEN ROAD,蝦尾新村路,YL,Yuen Long,元朗,1998-07-24,3590,36000
HA SAN WAI ROAD,下新圍路,YL,Yuen Long,元朗,2000-03-31,2031,36616
HA TSUEN ROAD,廈村路,YL,Yuen Long,元朗,2008-02-06,907,39484
HA WAN TSUEN EAST ROAD,下灣村東路,YL,Yuen Long,元朗,2015-01-02,166,42006
HA WAN TSUEN ROAD,下灣村路,YL,Yuen Long,元朗,2015-01-02,166,42006
HA YEUNG ROAD,下洋路,SK,Sai  Kung,西貢,1991-10-11,3622,33522
HA YEUNG SAN TSUEN ROAD,下洋新村路,SK,Sai  Kung,西貢,1991-10-11,3622,33522
HAI TAN STREET,海壇街,SSP,Sham  Shui  Po,深水埗,1927-11-25,699,10191
HAIPHONG ROAD,海防道,YTM,Yau Tsim Mong,油尖旺,1909-03-19,184,3366
HAK PAI ROAD,黑排路,Is,Islands,離島,1983-08-12,2627,30540
HAK PO STREET,黑布街,YTM,Yau Tsim Mong,油尖旺,1924-08-29,492,9008
HAM TIN STREET,鹹田街,TW,Tsuen  Wan,荃灣,1962-11-23,2378,22973
HAM TIN STREET,鹹田街,TW,Tsuen  Wan,荃灣,2004-12-17,8102,38338
HAMMER HILL ROAD,斧山道,WTS,Wong Tai Sin,黃大仙,1956-11-16,1468,20775
HAMMER HILL ROAD,斧山道,WTS,Wong Tai Sin,黃大仙,1972-07-28,1872,26508
HAMMER HILL ROAD,斧山道,WTS,Wong Tai Sin,黃大仙,2017-04-21,2427,42846
HAMMER HILL ROAD,斧山道,WTS,Wong Tai Sin,黃大仙,2017-04-21,2429,42846
HAMPSHIRE ROAD,衡州道,KC,Kowloon  City,九龍城,1951-05-18,522,18766
HANG CHEUNG STREET,幸祥街,SSP,Sham  Shui  Po,深水埗,1999-03-12,1362,36231
HANG CHI STREET,恆智街,ST,Sha Tin,沙田,2000-01-21,378,36546
HANG FAI STREET,恆輝街,ST,Sha Tin,沙田,1997-05-30,2704,35580
HANG FAI STREET,恆輝街,ST,Sha Tin,沙田,2000-01-21,378,36546
HANG FU STREET,恆富街,TM,Tuen  Mun,屯門,1996-02-16,804,35111
HANG HAU ROAD,坑口道,SK,Sai  Kung,西貢,1977-06-10,1311,28286
HANG HAU ROAD,坑口道,SK,Sai  Kung,西貢,1990-03-30,1118,32962
HANG HAU ROAD,坑口道,SK,Sai  Kung,西貢,1993-01-15,137,33984
HANG HAU WING LUNG ROAD,坑口永隆路,SK,Sai  Kung,西貢,1979-05-04,1131,28979
HANG HONG STREET,恆康街,ST,Sha Tin,沙田,1987-01-02,40,31779
HANG HONG STREET,恆康街,ST,Sha Tin,沙田,1993-11-19,4226,34292
HANG KAI LANE,坑溪里,TP,Tai  Po,大埔,2015-03-13,2181,42076
HANG KAM STREET,恆錦街,ST,Sha Tin,沙田,1991-05-03,1538,33361
HANG KIN STREET,恆健街,ST,Sha Tin,沙田,1997-05-30,2704,35580
HANG KWAI STREET,恆貴街,TM,Tuen  Mun,屯門,1996-02-16,804,35111
HANG KWONG STREET,恆光街,ST,Sha Tin,沙田,1993-11-19,4226,34292
HANG LOK LANE,恆樂里,ST,Sha Tin,沙田,1992-12-04,4337,33942
HANG MEI STREET,亨美街,K&T,Kwai  Tsing,葵青,1998-08-07,3856,36014
HANG MING STREET,恆明街,ST,Sha Tin,沙田,1997-05-30,2704,35580
HANG ON STREET,恆安街,KT,Kwun Tong,觀塘,1957-02-22,264,20873
HANG PING STREET,坑坪街,K&T,Kwai  Tsing,葵青,1970-03-06,535,25633
HANG SHIN LINK,行善里,ST,Sha Tin,沙田,1994-10-21,3990,34628
HANG SHING STREET,恆城街,ST,Sha Tin,沙田,1986-01-17,245,31429
HANG SHUN STREET,恆信街,ST,Sha Tin,沙田,1987-01-02,40,31779
HANG SHUN STREET,恆信街,ST,Sha Tin,沙田,2003-05-30,3667,37771
HANG TAI ROAD,恆泰路,ST,Sha Tin,沙田,2000-01-21,378,36546
HANG TAK STREET,恆德街,ST,Sha Tin,沙田,1987-01-02,40,31779
HANG TAU ROAD,坑頭路,N,North,北區,1977-05-20,1134,28265
HANG WAN ROAD,幸運道,KC,Kowloon  City,九龍城,1988-03-18,881,32220
HANG YIP STREET,恆業街,KT,Kwun Tong,觀塘,1991-08-02,2729,33452
HANG YIU STREET,恆耀街,ST,Sha Tin,沙田,2000-01-21,378,36546
HANKOW ROAD,漢口道,YTM,Yau Tsim Mong,油尖旺,1909-03-19,184,3366
HANOI ROAD,河內道,YTM,Yau Tsim Mong,油尖旺,1909-03-19,184,3366
HARBOUR DRIVE,港灣徑,WC,Wan  Chai,灣仔,1984-06-29,1900,30862
HARBOUR ROAD,港灣道,WC,Wan  Chai,灣仔,1972-07-07,1666,26487
HARBOUR VIEW STREET,港景街,C&W,Central  &  Western,中西區,1974-05-31,1381,27180
HARCOURT ROAD,夏慤道,C&W-WC,Central  &  Western / Wan  Chai,中西區 / 灣仔,1961-04-07,575,22378
HARLECH ROAD,夏力道,C&W-S,Central  &  Western / Southern,中西區 / 南區,1904-08-19,588,1693
HARLECH ROAD,夏力道,C&W-S,Central  &  Western / Southern,中西區 / 南區,1959-02-13,245,21594
HARMONY ROAD,富欣道,E,Eastern,東區,1998-05-01,2182,35916
HART AVENUE,赫德道,YTM,Yau Tsim Mong,油尖旺,1909-05-28,323,3436
HATTON ROAD,克頓道,C&W,Central  &  Western,中西區,1906-08-03,662,2407
HAU CHEUNG STREET,巧翔街,YTM,Yau Tsim Mong,油尖旺,2000-11-10,7397,36840
HAU FOOK STREET,厚福街,YTM,Yau Tsim Mong,油尖旺,1978-04-28,1051,28608
HAU MAN STREET,孝民街,KC,Kowloon  City,九龍城,1975-05-02,996,27516
HAU TAK LANE,厚德里,WC,Wan  Chai,灣仔,1959-09-11,1258,21804
HAU TEI SQUARE,鱟地坊,TW,Tsuen  Wan,荃灣,1963-06-21,1134,23183
HAU TUNG STREET,孝東街,Is,Islands,離島,2025-07-25,4611,45863
HAU WONG ROAD,侯王道,KC,Kowloon  City,九龍城,1933-05-12,340,12186
HAU YUEN PATH,校園徑,E,Eastern,東區,1984-10-19,3075,30974
HAVEN OF HOPE ROAD,靈實路,SK,Sai  Kung,西貢,1998-02-20,833,35846
HAVEN STREET,希雲街,WC,Wan  Chai,灣仔,1931-03-20,172,11402
HAWTHORN ROAD,荷塘道,WC,Wan  Chai,灣仔,1940-02-07,154,14648
HEADLAND DRIVE,朝暉徑,Is,Islands,離島,1994-11-18,4386,34656
HEADLAND ROAD,赫蘭道,S,Southern,南區,1949-12-09,1189,18241
HEALTHY STREET CENTRAL,健康中街,E,Eastern,東區,1960-08-12,1217,22140
HEALTHY STREET EAST,健康東街,E,Eastern,東區,1958-09-12,1260,21440
HEALTHY STREET WEST,健康西街,E,Eastern,東區,1958-09-12,1260,21440
HEI TUNG STREET,喜東街,Is,Islands,離島,1998-06-19,2978,35965
HEI TUNG STREET,喜東街,Is,Islands,離島,2008-06-13,4021,39612
HEI WO STREET,熙和街,E,Eastern,東區,1956-03-16,355,20530
HEI YUEN STREET,戲院街,TP,Tai  Po,大埔,1936-04-17,360,13257
HEI YUEN STREET,戲院街,TP,Tai  Po,大埔,1961-11-10,1975,22595
HENDERSON ROAD,軒德蓀道,WC,Wan  Chai,灣仔,1951-07-20,754,18829
HENG LAM STREET,杏林街,WTS,Wong Tai Sin,黃大仙,1966-08-26,2195,24345
HENNESSY ROAD,軒尼詩道,WC,Wan  Chai,灣仔,1929-06-14,312,10758
HEREFORD ROAD,禧福道,KC,Kowloon  City,九龍城,1951-05-18,522,18766
HEUNG CHE STREET,香車街,TW,Tsuen  Wan,荃灣,1963-06-21,1134,23183
HEUNG CHUNG ROAD,響鐘路,SK,Sai  Kung,西貢,2002-02-15,1000,37302
HEUNG FAN LIU STREET,香粉寮街,ST,Sha Tin,沙田,1983-12-23,3977,30673
HEUNG LIN ROAD,香蓮路,N,North,北區,2023-02-17,1075,44974
HEUNG SHING STREET,享成街,TW,Tsuen  Wan,荃灣,1970-03-06,535,25633
HEUNG SZE WUI SQUARE,鄉事會坊,TP,Tai  Po,大埔,1972-05-05,1092,26424
HEUNG SZE WUI STREET,鄉事會街,TP,Tai  Po,大埔,1972-05-05,1092,26424
HEUNG TSZ ROAD,鄉梓路,N,North,北區,2022-12-30,7562,44925
HEUNG WO STREET,享和街,TW,Tsuen  Wan,荃灣,1970-03-06,535,25633
HEUNG YIP PATH,香葉徑,S,Southern,南區,2017-04-07,1922,42832
HEUNG YIP ROAD,香葉道,S,Southern,南區,1972-09-29,2466,26571
HEUNG YIP ROAD,香葉道,S,Southern,南區,1974-05-31,1383,27180
HEUNG YIP ROAD,香葉道,S,Southern,南區,1975-02-07,351,27432
HEUNG YIP ROAD,香葉道,S,Southern,南區,2025-04-25,2547,45772
HEUNG YUEN WAI HIGHWAY,香園圍公路,N-TP,North / Tai  Po,北區 / 大埔,2019-02-01,1094,43497
HI LEE PATH,喜利徑,YL,Yuen Long,元朗,1983-06-03,1752,30470
HI SHI ROAD,喜士路,Is,Islands,離島,1989-10-06,3495,32787
HI TAI STREET,喜泰街,ST,Sha Tin,沙田,2000-01-21,378,36546
HI YIP STREET,喜業街,YL,Yuen Long,元朗,1983-01-28,325,30344
HIGH STREET,高街,C&W,Central  &  Western,中西區,1928-06-15,338,10394
HILL ROAD,山道,C&W,Central  &  Western,中西區,1936-11-20,918,13474
HILL ROAD,山道,C&W,Central  &  Western,中西區,1936-11-20,918,13474
HILL SIDE TERRACE,山坡臺,WC,Wan  Chai,灣仔,1959-02-27,315,21608
HILLTOP ROAD,顯達路,TW,Tsuen  Wan,荃灣,1981-04-16,1146,29692
HILLWOOD ROAD,山林道,YTM,Yau Tsim Mong,油尖旺,1933-05-12,341,12186
HIN FAT LANE,顯發里,TM,Tuen  Mun,屯門,1989-06-09,1978,32668
HIN HONG STREET,顯康街,ST,Sha Tin,沙田,1985-07-26,2430,31254
HIN KENG STREET,顯徑街,ST,Sha Tin,沙田,1984-06-15,1737,30848
HIN KWAI LANE,顯貴里,ST,Sha Tin,沙田,1995-09-08,3630,34950
HIN KWAI LANE,顯貴里,ST,Sha Tin,沙田,1995-09-15,3734,34957
HIN TAI STREET,顯泰街,ST,Sha Tin,沙田,1985-07-26,2430,31254
HIN TIN STREET,顯田街,ST,Sha Tin,沙田,1986-10-10,3517,31695
HIN WO LANE,顯和里,ST,Sha Tin,沙田,1986-10-10,3517,31695
HIN WO LANE,顯和里,ST,Sha Tin,沙田,2006-03-31,2189,38807
HING CHOI STREET,興才街,TM,Tuen  Mun,屯門,1989-06-09,1978,32668
HING FAT STREET,興發街,WC,Wan  Chai,灣仔,1921-05-06,208,7797
HING FAT STREET,興發街,WC,Wan  Chai,灣仔,1987-03-20,933,31856
HING FONG ROAD,興芳路,K&T,Kwai  Tsing,葵青,1974-04-19,1023,27138
HING FONG ROAD,興芳路,K&T,Kwai  Tsing,葵青,1979-01-05,44,28860
HING FONG ROAD,興芳路,K&T,Kwai  Tsing,葵青,2001-04-12,2401,36993
HING FU STREET,興富街,TM,Tuen  Mun,屯門,1992-05-29,1862,33753
HING FU STREET,興富街,TM,Tuen  Mun,屯門,2001-09-21,5853,37155
HING KENG SHEK ROAD,慶徑石路,SK,Sai  Kung,西貢,1991-07-05,2294,33424
HING KWAI STREET,興貴街,TM,Tuen  Mun,屯門,1992-05-29,1862,33753
HING KWAI STREET,興貴街,TM,Tuen  Mun,屯門,2020-10-23,6117,44127
HING LEE STREET,興利街,Is,Islands,離島,1985-10-18,3454,31338
HING LUNG BACK STREET,興隆後街,Is,Islands,離島,1985-07-05,2166,31233
HING LUNG MAIN STREET,興隆正街,Is,Islands,離島,1985-07-05,2166,31233
HING MAN STREET,興民街,E,Eastern,東區,1937-06-04,387,13670
HING NING ROAD,興寧路,K&T,Kwai  Tsing,葵青,1991-11-15,4113,33557
HING ON LANE,興安里,TM,Tuen  Mun,屯門,1989-06-09,1978,32668
HING PING ROAD,慶平路,TM,Tuen  Mun,屯門,1984-11-30,3531,31016
HING PING ROAD,慶平路,TM,Tuen  Mun,屯門,1999-04-09,1946,36259
HING SHING ROAD,興盛路,K&T,Kwai  Tsing,葵青,1974-04-19,1023,27138
HING TIN STREET,慶田街,KT,Kwun Tong,觀塘,2003-09-11,6274,37875
HING TUNG STREET,慶東街,Is,Islands,離島,1997-04-25,2008,35545
HING WAH STREET,興華街,SSP,Sham  Shui  Po,深水埗,1934-02-09,91,12459
HING WAH STREET,興華街,SSP,Sham  Shui  Po,深水埗,1974-05-31,1385,27180
HING WAH STREET WEST,興華街西,SSP,Sham  Shui  Po,深水埗,1998-07-03,3230,35979
HING WO STREET,興和街,S,Southern,南區,1974-05-31,1379,27180
HING WONG STREET,興旺街,TM,Tuen  Mun,屯門,1975-08-01,1693,27607
HING YAN STREET,興仁街,KC,Kowloon  City,九龍城,1959-05-15,670,21685
HING YIN STREET,興賢街,KC,Kowloon  City,九龍城,1959-05-15,670,21685
HING YIP STREET,興業街,KT,Kwun Tong,觀塘,1957-02-22,264,20873
HIP WO LANE,協和里,WC,Wan  Chai,灣仔,1956-10-12,1306,20740
HIP WO STREET,協和街,KT,Kwun Tong,觀塘,1957-02-22,264,20873
HIP WO STREET,協和街,KT,Kwun Tong,觀塘,1963-08-02,1479,23225
HIP YAN STREET,協欣街,ST,Sha Tin,沙田,1983-12-23,3977,30673
HIRAM'S HIGHWAY,西貢公路,SK,Sai  Kung,西貢,1977-06-10,1311,28286
HIU KWONG STREET,曉光街,KT,Kwun Tong,觀塘,1967-03-10,537,24541
HIU MING STREET,曉明街,KT,Kwun Tong,觀塘,1967-03-10,537,24541
HIU PO PATH,曉波徑,SK,Sai  Kung,西貢,1991-09-20,3343,33501
HIU TSUI STREET,曉翠街,E,Eastern,東區,1990-03-02,779,32934
HIU TUNG ROAD,曉東路,Is,Islands,離島,2025-07-25,4611,45863
HIU WAN ROAD,曉運路,TP,Tai  Po,大埔,1995-10-13,4259,34985
HIU YUK PATH,曉育徑,KT,Kwun Tong,觀塘,1985-12-13,4099,31394
HO CHAU ROAD,蠔洲路,YL,Yuen Long,元朗,2006-03-03,1463,38779
HO CHOI LANE,浩財里,TM,Tuen  Mun,屯門,1990-03-02,776,32934
HO CHUNG NORTH ROAD,蠔涌北路,SK,Sai  Kung,西貢,2020-06-12,3236,43994
HO CHUNG ROAD,蠔涌路,SK,Sai  Kung,西貢,1990-12-21,4576,33228
HO FAT LANE,浩發里,TM,Tuen  Mun,屯門,1990-03-02,776,32934
HO FUK STREET,浩福街,TM,Tuen  Mun,屯門,1990-03-02,776,32934
HO HING CIRCUIT,河興街,TM,Tuen  Mun,屯門,1993-12-10,4542,34313
HO HOI STREET,浩海街,TM,Tuen  Mun,屯門,1990-03-02,776,32934
HO KING STREET,好景街,S,Southern,南區,1932-04-22,245,11801
HO LEE STREET,好利街,Is,Islands,離島,1985-10-18,3454,31338
HO LEK PUI STREET,河瀝背街,ST,Sha Tin,沙田,1984-06-15,1737,30848
HO LEK PUI STREET,河瀝背街,ST,Sha Tin,沙田,1991-03-15,914,33312
HO MAN TIN HILL ROAD,何文田山道,KC-YTM,Kowloon  City / Yau Tsim Mong,九龍城 / 油尖旺,1930-09-12,571,11213
HO MAN TIN HILL ROAD,何文田山道,KC-YTM,Kowloon  City / Yau Tsim Mong,九龍城 / 油尖旺,1969-06-27,1255,25381
HO MAN TIN HILL ROAD,何文田山道,KC-YTM,Kowloon  City / Yau Tsim Mong,九龍城 / 油尖旺,1985-01-11,148,31058
HO MAN TIN STREET,何文田街,KC,Kowloon  City,九龍城,1929-11-29,616,10926
HO PONG STREET,河傍街,TM,Tuen  Mun,屯門,1975-08-01,1693,27607
HO PONG STREET,河傍街,TM,Tuen  Mun,屯門,1989-06-09,1978,32668
HO PUI STREET,河背街,TW,Tsuen  Wan,荃灣,1962-11-23,2378,22973
HO PUI STREET,河背街,TW,Tsuen  Wan,荃灣,2004-12-17,8102,38338
HO SHEUNG HEUNG PAI FUNG ROAD,河上鄉排峰路,N,North,北區,1998-10-16,5020,36084
HO SHEUNG HEUNG ROAD,河上鄉路,N,North,北區,1998-10-16,5020,36084
HO SHEUNG HEUNG ROAD,河上鄉路,N,North,北區,2004-12-03,7836,38324
HO SUEN STREET,浩船街,TM,Tuen  Mun,屯門,1990-03-02,776,32934
HO TIN STREET,河田街,TM,Tuen  Mun,屯門,1977-05-27,1189,28272
HO TUNG ROAD,何東道,KC,Kowloon  City,九龍城,1939-04-28,341,14363
HO WAN STREET,浩運街,TM,Tuen  Mun,屯門,1990-03-02,776,32934
HO WO STREET,浩和街,TM,Tuen  Mun,屯門,2020-11-06,6474,44141
HO WONG STREET,河旺街,TM,Tuen  Mun,屯門,1990-05-04,1617,32997
HO YAT STREET,浩逸街,TM,Tuen  Mun,屯門,2020-11-06,6474,44141
HO YEUNG STREET,浩洋街,TM,Tuen  Mun,屯門,1990-03-02,776,32934
HOI AN STREET,海晏街,E,Eastern,東區,1937-06-04,387,13670
HOI AN STREET,海晏街,E,Eastern,東區,1973-12-21,3305,27019
HOI BUN ROAD,海濱道,KT,Kwun Tong,觀塘,1957-02-22,264,20873
HOI BUN ROAD,海濱道,KT,Kwun Tong,觀塘,1976-12-24,2874,28118
HOI BUN ROAD,海濱道,KT,Kwun Tong,觀塘,1979-11-09,2898,29168
HOI CHAK STREET,海澤街,E,Eastern,東區,1985-05-31,1769,31198
HOI CHAK STREET,海澤街,E,Eastern,東區,1993-08-27,3111,34208
HOI CHING STREET,海澄街,E,Eastern,東區,1971-03-26,657,26018
HOI CHU ROAD,海珠路,TM,Tuen  Mun,屯門,1990-11-30,4334,33207
HOI CHU ROAD,海珠路,TM,Tuen  Mun,屯門,1991-07-19,2513,33438
HOI FAI ROAD,海輝道,YTM,Yau Tsim Mong,油尖旺,1998-07-03,3231,35979
HOI FAN ROAD,海帆道,YTM,Yau Tsim Mong,油尖旺,1998-07-03,3231,35979
HOI FAN ROAD,海帆道,YTM,Yau Tsim Mong,油尖旺,1999-05-21,2791,36301
HOI FOO STREET,海富街,E,Eastern,東區,1937-06-04,387,13670
HOI FUNG PATH,海風徑,S,Southern,南區,1978-07-21,1852,28692
HOI FUNG PATH,海風徑,S,Southern,南區,1980-05-02,1356,29343
HOI HA ROAD,海下路,TP,Tai  Po,大埔,1980-12-24,4050,29579
HOI HING ROAD,海興路,TW,Tsuen  Wan,荃灣,1986-08-15,2821,31639
HOI HONG STREET,海康街,E,Eastern,東區,1962-11-09,2286,22959
HOI KING STREET,海景街,YTM,Yau Tsim Mong,油尖旺,1954-12-24,1562,20082
HOI KING STREET,海景街,YTM,Yau Tsim Mong,油尖旺,1973-10-26,2810,26963
HOI KOK STREET,海角街,TW,Tsuen  Wan,荃灣,1986-01-24,328,31436
HOI KWAI ROAD,海貴路,TW,Tsuen  Wan,荃灣,1990-07-06,2396,33060
HOI KWAI ROAD,海貴路,TW,Tsuen  Wan,荃灣,2019-03-01,1654,43525
HOI KWONG STREET,海光街,E,Eastern,東區,1960-11-04,1673,22224
HOI LAI STREET,海麗街,SSP,Sham  Shui  Po,深水埗,2004-12-10,7970,38331
HOI LEE STREET,海利街,E,Eastern,東區,1968-04-04,690,24932
HOI LONG PATH,海浪徑,TW,Tsuen  Wan,荃灣,2009-12-18,7996,40165
HOI NING STREET,海寧街,E,Eastern,東區,1937-06-04,387,13670
HOI ON ROAD,海安路,TW,Tsuen  Wan,荃灣,1994-08-12,3052,34558
HOI PA STREET,海壩街,TW,Tsuen  Wan,荃灣,1962-11-23,2378,22973
HOI PING ROAD,開平道,WC,Wan  Chai,灣仔,1936-01-10,35,13159
HOI PO ROAD,海寶路,YTM,Yau Tsim Mong,油尖旺,2001-09-21,5852,37155
HOI SHA PATH,海沙徑,Is,Islands,離島,2019-10-25,6636,43763
HOI SHIN LANE,海善里,E,Eastern,東區,2022-12-09,7138,44904
HOI SHING ROAD,海盛路,TW,Tsuen  Wan,荃灣,1986-01-24,328,31436
HOI SHING ROAD,海盛路,TW,Tsuen  Wan,荃灣,2004-08-13,5282,38212
HOI TAI STREET,海堤街,E,Eastern,東區,1960-11-04,1673,22224
HOI TAI STREET,海堤街,E,Eastern,東區,1960-12-02,1863,22252
HOI TAI STREET,海堤街,E,Eastern,東區,2010-12-24,8237,40536
HOI TAK STREET,海德街,TW,Tsuen  Wan,荃灣,1986-01-24,328,31436
HOI TAT STREET,海達街,SSP,Sham  Shui  Po,深水埗,2022-09-02,4919,44806
HOI TING ROAD,海庭道,YTM,Yau Tsim Mong,油尖旺,1998-05-29,2633,35944
HOI WAH ROAD,海華路,TM,Tuen  Mun,屯門,1994-10-14,3891,34621
HOI WAN STREET,海灣街,E,Eastern,東區,1960-11-04,1673,22224
HOI WANG ROAD,海泓道,YTM,Yau Tsim Mong,油尖旺,1998-05-29,2633,35944
HOI WING ROAD,海榮路,TM,Tuen  Mun,屯門,1992-05-29,1862,33753
HOI WING ROAD,海榮路,TM,Tuen  Mun,屯門,1994-10-14,3894,34621
HOI WONG ROAD,海皇路,TM,Tuen  Mun,屯門,1990-11-30,4334,33207
HOI WONG ROAD,海皇路,TM,Tuen  Mun,屯門,1991-07-19,2514,33438
HOI YING ROAD,海映路,TP,Tai  Po,大埔,2023-02-03,839,44960
HOI YU STREET,海裕街,E,Eastern,東區,1984-11-30,3529,31016
HOI YUEN ROAD,開源道,KT,Kwun Tong,觀塘,1957-02-22,264,20873
HOI YUEN ROAD,開源道,KT,Kwun Tong,觀塘,2026-02-13,996,46066
HOK CHEUNG STREET,鶴翔街,KC,Kowloon  City,九龍城,1990-03-30,1165,32962
HOK LAM LANE,學林里,SK,Sai  Kung,西貢,1998-04-24,1960,35909
HOK LING STREET,鶴齡街,KC,Kowloon  City,九龍城,1959-04-17,548,21657
HOK LOO LANE,學佬巷,Is,Islands,離島,1984-01-20,204,30701
HOK TAU ROAD,鶴藪道,N-TP,North / Tai  Po,北區 / 大埔,1972-10-06,2529,26578
HOK YU LANE,學餘里,KC,Kowloon  City,九龍城,1963-12-20,2488,23365
HOK YUEN LANE,鶴園里,KC,Kowloon  City,九龍城,2001-01-19,361,36910
HOK YUEN STREET,鶴園街,KC,Kowloon  City,九龍城,1926-06-25,342,9673
HOK YUEN STREET,鶴園街,KC,Kowloon  City,九龍城,1974-06-21,1570,27201
HOK YUEN STREET EAST,鶴園東街,KC,Kowloon  City,九龍城,1981-05-01,1299,29707
HOLLY ROAD,冬青道,WC,Wan  Chai,灣仔,1940-02-07,154,14648
HOLLYWOOD ROAD,荷李活道,C&W,Central  &  Western,中西區,1887-09-03,356,3/9/1887
HOLY CROSS PATH,聖十字徑,E,Eastern,東區,1937-06-04,387,13670
HOMESTEAD ROAD,堪仕達道,C&W,Central  &  Western,中西區,1939-12-15,1178,14594
HONG CHAI STREET,巷仔街,N,North,北區,1998-02-27,995,35853
HONG CHEUNG STREET,康祥街,E,Eastern,東區,1980-03-14,787,29294
HONG CHONG ROAD,康莊道,YTM,Yau Tsim Mong,油尖旺,1973-03-16,706,26739
HONG CHONG ROAD,康莊道,YTM,Yau Tsim Mong,油尖旺,1978-03-23,727,28572
HONG CHONG ROAD,康莊道,YTM,Yau Tsim Mong,油尖旺,1999-07-30,4363,36371
HONG CHONG ROAD,康莊道,YTM,Yau Tsim Mong,油尖旺,2018-10-05,7463,43378
HONG FAI ROAD,康輝路,TM,Tuen  Mun,屯門,1993-02-12,479,34012
HONG FU ROAD,康富路,SK,Sai  Kung,西貢,1990-09-28,3488,33144
HONG KEUNG STREET,康強街,WTS,Wong Tai Sin,黃大仙,1961-09-08,1577,22532
HONG KIN ROAD,康健路,SK,Sai  Kung,西貢,1985-08-16,2681,31275
HONG KIN ROAD,康健路,SK,Sai  Kung,西貢,1987-02-13,510,31821
HONG KING STREET,康景街,YL,Yuen Long,元朗,1981-12-18,3742,29938
HONG KONG-ZHUHAI-MACAO BRIDGE HONG KONG LINK ROAD,港珠澳大橋香港連接路,Is,Islands,離島,2017-03-10,1273,42804
HONG LEE ROAD,康利道,KT,Kwun Tong,觀塘,1967-02-24,428,24527
HONG LOK ROAD EAST,康樂東路,TP,Tai  Po,大埔,1985-11-29,3944,31380
HONG LOK ROAD WEST,康樂西路,TP,Tai  Po,大埔,1985-11-29,3944,31380
HONG LOK YUEN EIGHTEENTH STREET,康樂園第十八街,TP,Tai  Po,大埔,1992-05-29,1863,33753
HONG LOK YUEN EIGHTEENTH STREET,康樂園第十八街,TP,Tai  Po,大埔,1993-05-28,1822,34117
HONG LOK YUEN EIGHTH STREET,康樂園第八街,TP,Tai  Po,大埔,1993-05-28,1822,34117
HONG LOK YUEN ELEVENTH STREET,康樂園第十一街,TP,Tai  Po,大埔,1985-11-29,3944,31380
HONG LOK YUEN ELEVENTH STREET,康樂園第十一街,TP,Tai  Po,大埔,1992-05-29,1863,33753
HONG LOK YUEN FIFTEENTH STREET,康樂園第十五街,TP,Tai  Po,大埔,1985-11-29,3944,31380
HONG LOK YUEN FIFTH STREET,康樂園第五街,TP,Tai  Po,大埔,1985-11-29,3944,31380
HONG LOK YUEN FIRST STREET,康樂園第一街,TP,Tai  Po,大埔,1985-11-29,3944,31380
HONG LOK YUEN FOURTEENTH STREET,康樂園第十四街,TP,Tai  Po,大埔,1985-11-29,3944,31380
HONG LOK YUEN FOURTH STREET,康樂園第四街,TP,Tai  Po,大埔,1985-11-29,3944,31380
HONG LOK YUEN NINETEENTH STREET,康樂園第十九街,TP,Tai  Po,大埔,1993-05-28,1822,34117
HONG LOK YUEN NINTH STREET,康樂園第九街,TP,Tai  Po,大埔,1985-11-29,3944,31380
HONG LOK YUEN ROAD,康樂園路,TP,Tai  Po,大埔,1987-02-06,417,31814
HONG LOK YUEN SECOND STREET,康樂園第二街,TP,Tai  Po,大埔,1985-11-29,3944,31380
HONG LOK YUEN SEVENTEENTH STREET,康樂園第十七街,TP,Tai  Po,大埔,1993-05-28,1822,34117
HONG LOK YUEN SEVENTH STREET,康樂園第七街,TP,Tai  Po,大埔,1985-11-29,3944,31380
HONG LOK YUEN SIXTEENTH STREET,康樂園第十六街,TP,Tai  Po,大埔,1985-11-29,3944,31380
HONG LOK YUEN SIXTH STREET,康樂園第六街,TP,Tai  Po,大埔,1985-11-29,3944,31380
HONG LOK YUEN TENTH STREET,康樂園第十街,TP,Tai  Po,大埔,1985-11-29,3944,31380
HONG LOK YUEN THIRD STREET,康樂園第三街,TP,Tai  Po,大埔,1985-11-29,3944,31380
HONG LOK YUEN TOWN CENTRE CRESCENT,康樂園市中心徑,TP,Tai  Po,大埔,1985-11-29,3944,31380
HONG LOK YUEN TWELFTH STREET,康樂園第十二街,TP,Tai  Po,大埔,1985-11-29,3944,31380
HONG LOK YUEN TWENTIETH STREET,康樂園第二十街,TP,Tai  Po,大埔,1985-11-29,3944,31380
HONG LOK YUEN TWENTIETH STREET,康樂園第二十街,TP,Tai  Po,大埔,1993-05-28,1822,34117
HONG LOK YUEN TWENTY-EIGHTH STREET,康樂園第二十八街,TP,Tai  Po,大埔,1993-05-28,1822,34117
HONG LOK YUEN TWENTY-FIFTH STREET,康樂園第二十五街,TP,Tai  Po,大埔,1993-05-28,1822,34117
HONG LOK YUEN TWENTY-FIRST STREET,康樂園第二十一街,TP,Tai  Po,大埔,1993-05-28,1822,34117
HONG LOK YUEN TWENTY-FOURTH STREET,康樂園第二十四街,TP,Tai  Po,大埔,1993-05-28,1822,34117
HONG LOK YUEN TWENTY-SECOND STREET,康樂園第二十二街,TP,Tai  Po,大埔,1993-05-28,1822,34117
HONG LOK YUEN TWENTY-SEVENTH STREET,康樂園第二十七街,TP,Tai  Po,大埔,1993-05-28,1822,34117
HONG LOK YUEN TWENTY-SIXTH STREET,康樂園第二十六街,TP,Tai  Po,大埔,1993-05-28,1822,34117
HONG LOK YUEN TWENTY-THIRD STREET,康樂園第二十三街,TP,Tai  Po,大埔,1993-05-28,1822,34117
HONG MAN STREET,康民街,E,Eastern,東區,1968-10-04,2023,25115
HONG NIN PATH,康年徑,SK,Sai  Kung,西貢,1985-08-16,2681,31275
HONG NING ROAD,康寧道,KT,Kwun Tong,觀塘,1957-02-22,264,20873
HONG ON STREET,康安街,E,Eastern,東區,1985-05-31,1767,31198
HONG PAK PATH,康柏徑,E,Eastern,東區,1989-05-19,1736,32647
HONG PING STREET,康平街,E,Eastern,東區,1977-04-15,858,28230
HONG PO ROAD,康寶路,TM,Tuen  Mun,屯門,1993-02-12,479,34012
HONG SHING STREET,康盛街,E,Eastern,東區,1985-05-31,1767,31198
HONG TAI PATH,康泰徑,YTM,Yau Tsim Mong,油尖旺,1978-03-23,727,28572
HONG TAK ROAD,康德道,KT,Kwun Tong,觀塘,1976-08-06,1712,27978
HONG TAT PATH,康達徑,YTM,Yau Tsim Mong,油尖旺,1978-03-23,727,28572
HONG TING PATH,康定徑,SK,Sai  Kung,西貢,1985-08-16,2681,31275
HONG TING ROAD,康定路,SK,Sai  Kung,西貢,1985-08-16,2681,31275
HONG TSUEN ROAD,康村路,SK,Sai  Kung,西貢,1985-08-16,2681,31275
HONG WAN PATH,康運徑,YTM,Yau Tsim Mong,油尖旺,1997-12-05,2959,35769
HONG WING PATH,康榮徑,YTM,Yau Tsim Mong,油尖旺,1978-03-23,727,28572
HONG WING PATH,康榮徑,YTM,Yau Tsim Mong,油尖旺,1998-11-13,5528,36112
HONG YIP STREET,康業街,YL,Yuen Long,元朗,1984-01-27,286,30708
HONG YIP STREET,康業街,YL,Yuen Long,元朗,2002-07-26,4596,37463
HONG YUE STREET,康愉街,E,Eastern,東區,1985-05-31,1767,31198
HONITON ROAD,漢寧頓道,C&W,Central  &  Western,中西區,1965-04-02,837,23834
HOP CHOI STREET,合財街,YL,Yuen Long,元朗,1981-12-18,3742,29938
HOP KWAN STREET,合群街,YTM,Yau Tsim Mong,油尖旺,1965-11-12,2673,24058
HOP YAT ROAD,合一道,KC,Kowloon  City,九龍城,1957-07-26,1050,21027
HOP YICK ROAD,合益路,YL,Yuen Long,元朗,1974-05-31,1378,27180
HORIZON DRIVE,海天徑,S,Southern,南區,1974-07-26,1905,27236
HORNSEY ROAD,香雪道,C&W,Central  &  Western,中西區,1967-10-27,2312,24772
HORSE SHOE LANE,馬蹄徑,KT,Kwun Tong,觀塘,1970-01-23,225,25591
HOSPITAL PATH,醫院徑,C&W,Central  &  Western,中西區,1935-04-12,302,12886
HOUSTON STREET,厚誠街,WC,Wan  Chai,灣仔,1966-09-30,2530,24380
HOW MING LANE,巧明里,KT,Kwun Tong,觀塘,1957-02-22,264,20873
HOW MING STREET,巧明街,KT,Kwun Tong,觀塘,1957-02-22,264,20873
HUMBERT STREET,恆柏道,SSP,Sham  Shui  Po,深水埗,2005-06-30,3128,38533
HUNG CHEUNG ROAD,洪祥路,TM,Tuen  Mun,屯門,1975-08-01,1693,27607
HUNG CHI ROAD,洪志路,YL,Yuen Long,元朗,2002-08-02,4779,37470
HUNG FA HOM ROAD,紅花磡路,YL,Yuen Long,元朗,2002-02-08,900,37295
HUNG FOOK STREET,鴻福街,KC,Kowloon  City,九龍城,1957-07-26,1050,21027
HUNG HING ROAD,鴻興道,WC,Wan  Chai,灣仔,1974-05-31,1382,27180
HUNG HING ROAD,鴻興道,WC,Wan  Chai,灣仔,1987-01-09,122,31786
HUNG HING ROAD,鴻興道,WC,Wan  Chai,灣仔,2023-06-23,3741,45100
HUNG HOM BYPASS,紅磡繞道,KC-YTM,Kowloon  City / Yau Tsim Mong,九龍城 / 油尖旺,2019-03-01,1656,43525
HUNG HOM ROAD,紅磡道,KC,Kowloon  City,九龍城,1987-11-13,3824,32094
HUNG HOM SOUTH ROAD,紅磡南道,KC,Kowloon  City,九龍城,1989-08-18,2830,32738
HUNG HOM SOUTH ROAD,紅磡南道,KC,Kowloon  City,九龍城,2019-03-01,1655,43525
HUNG HOM WAN STREET,紅磡灣街,KC,Kowloon  City,九龍城,1980-05-23,1581,29364
HUNG KEI ROAD,洪基路,YL,Yuen Long,元朗,2002-08-02,4779,37470
HUNG KIU LANE,紅橋里,ST,Sha Tin,沙田,1992-12-04,4337,33942
HUNG KWONG STREET,鴻光街,KC,Kowloon  City,九龍城,1958-10-31,1478,21489
HUNG LAI ROAD,紅荔道,KC-YTM,Kowloon  City / Yau Tsim Mong,九龍城 / 油尖旺,1999-03-26,1723,36245
HUNG LAI ROAD,紅荔道,KC-YTM,Kowloon  City / Yau Tsim Mong,九龍城 / 油尖旺,2019-03-01,1655,43525
HUNG LAM DRIVE,紅林路,TP,Tai  Po,大埔,2001-06-08,3523,37050
HUNG LENG NORTH ROAD,孔嶺北路,N,North,北區,2019-04-26,2871,43581
HUNG LEONG ROAD,洪亮路,YL,Yuen Long,元朗,2002-08-02,4779,37470
HUNG LING STREET,紅菱街,KC,Kowloon  City,九龍城,1999-03-26,1723,36245
HUNG LOK ROAD,紅樂道,KC,Kowloon  City,九龍城,1999-03-26,1723,36245
HUNG LUEN ROAD,紅鸞道,KC-YTM,Kowloon  City / Yau Tsim Mong,九龍城 / 油尖旺,1999-03-26,1723,36245
HUNG MIN COURT,紅棉圍,YL,Yuen Long,元朗,1977-12-02,2944,28461
HUNG MUI AVENUE,紅梅路,WTS,Wong Tai Sin,黃大仙,1970-03-06,536,25633
HUNG MUI KUK ROAD,紅梅谷路,ST,Sha Tin,沙田,1982-03-05,754,30015
HUNG MUI KUK ROAD,紅梅谷路,ST,Sha Tin,沙田,1983-12-23,3977,30673
HUNG NGA ROAD,洪雅路,YL,Yuen Long,元朗,2002-08-02,4779,37470
HUNG ON LANE,洪安里,YL,Yuen Long,元朗,2002-08-02,4779,37470
HUNG PAK ROAD,洪柏路,YL,Yuen Long,元朗,2019-09-27,6068,43735
HUNG PING ROAD,洪平路,YL,Yuen Long,元朗,2002-08-02,4779,37470
HUNG SHING STREET,洪聖街,S,Southern,南區,1932-04-22,245,11801
HUNG SHING STREET,洪聖街,S,Southern,南區,1932-04-29,255,11808
HUNG SHUI KIU MAIN STREET,洪水橋大街,YL,Yuen Long,元朗,1982-03-05,755,30015
HUNG SHUI KIU MAIN STREET,洪水橋大街,YL,Yuen Long,元朗,1993-12-10,4541,34313
HUNG SHUI KIU TIN SAM ROAD,洪水橋田心路,YL,Yuen Long,元朗,2002-08-02,4779,37470
HUNG SHUN ROAD,洪順路,YL,Yuen Long,元朗,1995-12-29,5379,35062
HUNG TAI ROAD,洪堤路,YL,Yuen Long,元朗,1994-04-15,1352,34439
HUNG TAI ROAD,洪堤路,YL,Yuen Long,元朗,2002-08-02,4779,37470
HUNG TAK ROAD,洪德路,YL,Yuen Long,元朗,1999-09-17,5410,36420
HUNG TIN ROAD,洪天路,YL,Yuen Long,元朗,1990-03-02,775,32934
HUNG TIN ROAD,洪天路,YL,Yuen Long,元朗,1995-10-06,4150,34978
HUNG TO ROAD,鴻圖道,KT,Kwun Tong,觀塘,1957-02-22,264,20873
HUNG WAN STREET,鴻運街,KC,Kowloon  City,九龍城,1959-04-17,548,21657
HUNG YIP STREET,鴻業街,KT,Kwun Tong,觀塘,1976-12-24,2874,28118
HUNG YU ROAD,洪儒路,YL,Yuen Long,元朗,2002-08-02,4779,37470
HUNG YUEN ROAD,洪元路,YL,Yuen Long,元朗,2002-08-02,4779,37470
HYSAN AVENUE,希慎道,WC,Wan  Chai,灣仔,1934-04-27,332,12536
ICHANG STREET,宜昌街,YTM,Yau Tsim Mong,油尖旺,1935-04-26,334,12900
INFORMATION CRESCENT,資訊道,S,Southern,南區,2001-11-09,7009,37204
INNOVATION AND TECHNOLOGY PARK ROAD,創科園路,N,North,北區,2025-02-28,1271,45716
INSPIRATION DRIVE,迪欣路,TW,Tsuen  Wan,荃灣,2004-12-17,8104,38338
INVERNESS ROAD,延文禮士道,KC,Kowloon  City,九龍城,1950-07-21,868,18465
INVERNESS ROAD,延文禮士道,KC,Kowloon  City,九龍城,2004-07-09,4430,38177
ISLAND EASTERN CORRIDOR,東區走廊,E-WC,Eastern / Wan  Chai,東區 / 灣仔,1984-08-24,2562,30918
ISLAND HOUSE LANE,元洲仔里,TP,Tai  Po,大埔,1985-11-08,3722,31359
ISLAND ROAD,香島道,S,Southern,南區,1932-10-07,635,11969
ISLAND ROAD,香島道,S,Southern,南區,1949-12-09,1190,18241
ISLAND ROAD,香島道,S,Southern,南區,1962-09-28,2015,22917
IVY STREET,埃華街,YTM,Yau Tsim Mong,油尖旺,1974-04-26,1078,27145
JADE LANE,翡翠里,SK,Sai  Kung,西貢,1983-01-28,324,30344
JAFFE ROAD,謝斐道,WC,Wan  Chai,灣仔,1931-10-30,694,11626
JAFFE ROAD,謝斐道,WC,Wan  Chai,灣仔,1953-07-24,912,19564
JAFFE ROAD,謝斐道,WC,Wan  Chai,灣仔,1961-07-07,1136,22469
JARDINE'S CRESCENT,渣甸坊,WC,Wan  Chai,灣仔,1950-06-09,712,18423
JAT MIN CHUEN STREET,乙明邨街,ST,Sha Tin,沙田,1982-03-12,827,30022
JAT'S INCLINE,扎山道,WTS,Wong Tai Sin,黃大仙,1982-01-15,126,29966
JAVA ROAD,渣華道,E,Eastern,東區,1933-07-28,511,12263
JAVA ROAD,渣華道,E,Eastern,東區,1954-06-04,673,19879
JAVA ROAD,渣華道,E,Eastern,東區,1959-11-20,1608,21874
JERVOIS STREET,蘇杭街,C&W,Central  &  Western,中西區,1978-08-04,1958,28706
JOCKEY CLUB ROAD,馬會道,N,North,北區,1958-06-06,770,21342
JOCKEY CLUB ROAD,馬會道,N,North,北區,1972-09-15,2306,26557
JOCKEY CLUB ROAD,馬會道,N,North,北區,1992-03-06,835,33669
JOHNSTON ROAD,莊士敦道,WC,Wan  Chai,灣仔,1929-06-14,312,10758
JOINT STREET,聯接街,K&T,Kwai  Tsing,葵青,1977-11-25,2859,28454
JONES STREET,重士街,WC,Wan  Chai,灣仔,1915-10-22,475,5774
JORDAN PATH,佐敦里,YTM,Yau Tsim Mong,油尖旺,1960-03-18,468,21993
JORDAN ROAD,佐敦道,YTM,Yau Tsim Mong,油尖旺,1909-03-19,184,3366
JORDAN ROAD,佐敦道,YTM,Yau Tsim Mong,油尖旺,1909-05-28,323,3436
JORDAN ROAD,佐敦道,YTM,Yau Tsim Mong,油尖旺,1998-05-22,2488,35937
JORDAN VALLEY NORTH ROAD,佐敦谷北道,KT,Kwun Tong,觀塘,1966-06-24,1628,24282
JORDAN VALLEY NORTH ROAD,佐敦谷北道,KT,Kwun Tong,觀塘,2006-09-15,5892,38975
JULIA AVENUE,棗梨雅道,KC,Kowloon  City,九龍城,1925-10-09,575,9414
JUNCTION ROAD,聯合道,KC-WTS,Kowloon  City / Wong Tai Sin,九龍城 / 黃大仙,1933-05-12,340,12186
JUNCTION ROAD,聯合道,KC-WTS,Kowloon  City / Wong Tai Sin,九龍城 / 黃大仙,1963-10-11,2014,23295
JUPITER STREET,木星街,WC,Wan  Chai,灣仔,1952-08-15,972,19221
JUSTICE DRIVE,正義道,C&W,Central  &  Western,中西區,1986-07-11,2359,31604
KA CHOI LANE,嘉才里,TM,Tuen  Mun,屯門,1993-02-12,479,34012
KA FU CLOSE,嘉富坊,N,North,北區,1995-01-13,153,34712
KA FUK LANE,嘉福里,TM,Tuen  Mun,屯門,1993-02-12,479,34012
KA HING ROAD,嘉慶路,K&T,Kwai  Tsing,葵青,1970-03-06,535,25633
KA HONG LANE,嘉康里,K&T,Kwai  Tsing,葵青,2015-06-12,4273,42167
KA KIN LANE,嘉健里,K&T,Kwai  Tsing,葵青,2015-06-12,4273,42167
KA KING LANE,嘉敬里,TP,Tai  Po,大埔,2013-11-01,6570,41579
KA LOK STREET,嘉樂街,KT,Kwun Tong,觀塘,1964-04-03,818,23470
KA LUNG ROAD,嘉龍路,YL,Yuen Long,元朗,1993-12-03,4433,34306
KA NING PATH,嘉寧徑,WC,Wan  Chai,灣仔,1963-10-25,2106,23309
KA ON STREET,嘉安街,C&W,Central  &  Western,中西區,1983-03-18,874,30393
KA SHIN STREET,嘉善街,YTM,Yau Tsim Mong,油尖旺,1958-01-24,125,21209
KA SHIN STREET,嘉善街,YTM,Yau Tsim Mong,油尖旺,1973-03-16,705,26739
KA SHUE ROAD,嘉澍路,SK,Sai  Kung,西貢,1992-04-10,1271,33704
KA SIU CLOSE,嘉兆里,N,North,北區,1995-01-13,154,34712
KA SIU CLOSE,嘉兆里,N,North,北區,2001-09-21,5855,37155
KA TING ROAD,嘉定路,K&T,Kwai  Tsing,葵青,1970-03-06,535,25633
KA WAI MAN ROAD,加惠民道,C&W,Central  &  Western,中西區,1958-09-19,1285,21447
KA WING STREET,嘉榮街,KT,Kwun Tong,觀塘,1979-11-09,2899,29168
KA WO LI HILL ROAD,嘉和里山路,TM,Tuen  Mun,屯門,1993-02-12,479,34012
KA WO STREET,嘉禾街,S,Southern,南區,1956-07-06,849,20642
KA YAN STREET,嘉恩街,YL,Yuen Long,元朗,2007-11-30,7886,39416
KA YIP STREET,嘉業街,E,Eastern,東區,1982-03-05,753,30015
KA YIP STREET,嘉業街,E,Eastern,東區,1983-05-13,1519,30449
KA YIP STREET,嘉業街,E,Eastern,東區,1986-12-24,4421,31770
KADOORIE AVENUE,嘉道理道,KC,Kowloon  City,九龍城,1936-11-06,885,13460
KADOORIE AVENUE,嘉道理道,KC,Kowloon  City,九龍城,1948-10-29,998,17835
KADOORIE AVENUE,嘉道理道,KC,Kowloon  City,九龍城,1969-10-10,2004,25486
KAI CHEUNG ROAD,啟祥道,KT,Kwun Tong,觀塘,1983-07-15,2233,30512
KAI CHI CLOSE,啟志街,TW,Tsuen  Wan,荃灣,1970-03-06,535,25633
KAI CHIU ROAD,啟超道,WC,Wan  Chai,灣仔,1953-05-22,667,19501
KAI FAT PATH,啟發徑,TM,Tuen  Mun,屯門,1975-08-01,1693,27607
KAI FUK ROAD,啟福道,KT-KC,Kwun Tong / Kowloon  City,觀塘 / 九龍城,1983-07-15,2233,30512
KAI HAM ROAD,界咸路,SK,Sai  Kung,西貢,1990-12-21,4576,33228
KAI HING ROAD,啟興道,KT,Kwun Tong,觀塘,1984-04-19,1193,30791
KAI HONG CLOSE,啟康街,TW,Tsuen  Wan,荃灣,1970-03-06,535,25633
KAI KING ROAD,佳景路,SK,Sai  Kung,西貢,1999-11-05,6831,36469
KAI LAI ROAD,啟禮道,KT,Kwun Tong,觀塘,1985-12-13,4098,31394
KAI LIM ROAD,佳廉道,KT,Kwun Tong,觀塘,1966-11-04,2806,24415
KAI LOK STREET,啟樂街,KT,Kwun Tong,觀塘,1983-07-15,2233,30512
KAI MAN PATH,啟民徑,TM,Tuen  Mun,屯門,1979-03-02,588,28916
KAI MING STREET,啟明街,KC,Kowloon  City,九龍城,1957-07-26,1050,21027
KAI PAK LING ROAD,雞伯嶺路,YL,Yuen Long,元朗,2011-11-11,7461,40858
KAI SAN ROAD,啟新道,WTS-KC,Wong Tai Sin / Kowloon  City,黃大仙 / 九龍城,2017-08-04,5710,42951
KAI SHING STREET,啟成街,KT-KC,Kwun Tong / Kowloon  City,觀塘 / 九龍城,1983-07-15,2233,30512
KAI SHUN ROAD,啟信道,KT,Kwun Tong,觀塘,1985-12-13,4098,31394
KAI TAI LANE,啟泰里,KT,Kwun Tong,觀塘,1990-07-20,2575,33074
KAI TAK BRIDGE ROAD,啟德橋道,KC,Kowloon  City,九龍城,2021-06-25,3897,44372
KAI TAK INTERCHANGE,啟德交匯處,KC-KT,Kowloon  City / Kwun Tong,九龍城 / 觀塘,2025-11-21,7381,45982
KAI TAK ROAD,啟德道,KC,Kowloon  City,九龍城,1954-05-14,572,19858
KAI TIN ROAD,啟田道,KT,Kwun Tong,觀塘,1967-01-13,88,24485
KAI WAH STREET,啟華街,KT,Kwun Tong,觀塘,1985-12-13,4098,31394
KAI WO ROAD,啟和路,TP,Tai  Po,大埔,2000-06-23,3981,36700
KAI YAN STREET,啟仁街,KT,Kwun Tong,觀塘,1985-12-13,4098,31394
KAI YIP ROAD,啟業道,KT,Kwun Tong,觀塘,1981-12-11,3683,29931
KAI YUEN STREET,繼園街,E,Eastern,東區,1958-09-05,1221,21433
KAI YUNG LANE,啟融里,KC,Kowloon  City,九龍城,2017-03-03,1160,42797
KAK HANG TUN ROAD,隔坑墩路,SK,Sai  Kung,西貢,1991-07-05,2294,33424
KAK TIN STREET,隔田街,ST,Sha Tin,沙田,1985-07-26,2430,31254
KAM CHEUNG SQUARE,金祥坊,YL,Yuen Long,元朗,1983-06-03,1752,30470
KAM CHI PATH,金池徑,WTS,Wong Tai Sin,黃大仙,1983-04-22,1265,30428
KAM CHUI ROAD,金翠路,N,North,北區,2001-12-07,7638,37232
KAM CHUK LANE,金竹里,WTS,Wong Tai Sin,黃大仙,1986-01-24,327,31436
KAM FAI PATH,金輝徑,YL,Yuen Long,元朗,1983-06-03,1752,30470
KAM FONG STREET,甘芳街,YTM,Yau Tsim Mong,油尖旺,1957-06-21,887,20992
KAM FUNG STREET,金鳳街,WTS,Wong Tai Sin,黃大仙,1968-04-11,726,24939
KAM HANG ROAD,金坑路,N,North,北區,1995-02-10,448,34740
KAM HING ROAD,錦慶路,YL,Yuen Long,元朗,2007-02-02,946,39115
KAM HO ROAD,錦河路,YL,Yuen Long,元朗,2002-07-26,4593,37463
KAM HONG STREET,琴行街,E,Eastern,東區,1937-09-24,682,13782
KAM KA STREET,金嘉街,N,North,北區,1997-06-13,2961,35594
KAM KONG ROAD,錦江路,YL,Yuen Long,元朗,2017-01-20,330,42755
KAM LAM STREET,甘霖街,YTM,Yau Tsim Mong,油尖旺,1965-09-17,2233,24002
KAM PING STREET,錦屏街,E,Eastern,東區,1961-06-16,1002,22448
KAM PO ROAD,錦莆路,YL,Yuen Long,元朗,2002-07-26,4593,37463
KAM POK ROAD,錦壆路,YL,Yuen Long,元朗,1996-01-05,80,35069
KAM POK ROAD,錦壆路,YL,Yuen Long,元朗,1999-09-17,5409,36420
KAM POK ROAD EAST,錦壆路東,YL,Yuen Long,元朗,2013-05-10,2719,41404
KAM POK ROAD WEST,錦壆路西,YL,Yuen Long,元朗,2013-05-10,2719,41404
KAM SHAN ROAD,錦山路,TP,Tai  Po,大埔,1985-03-22,913,31128
KAM SHEK ROAD,錦石路,YL,Yuen Long,元朗,2002-07-26,4593,37463
KAM SHEUNG ROAD,錦上路,YL,Yuen Long,元朗,1982-03-05,755,30015
KAM SHING ROAD,金城道,KC,Kowloon  City,九龍城,1969-09-26,1915,25472
KAM SHING ROAD,金城道,KC,Kowloon  City,九龍城,1978-05-12,1187,28622
KAM SHUE ROAD,甘澍路,SK,Sai  Kung,西貢,1992-04-10,1271,33704
KAM SHUI NORTH ROAD,金水北路,YL,Yuen Long,元朗,2003-05-30,3666,37771
KAM SHUI ROAD,金水路,YL,Yuen Long,元朗,2003-05-30,3666,37771
KAM SHUI SOUTH ROAD,金水南路,YL,Yuen Long,元朗,2003-05-30,3666,37771
KAM TAI ROAD,錦泰路,YL,Yuen Long,元朗,1999-09-17,5409,36420
KAM TAI ROAD,錦泰路,YL,Yuen Long,元朗,2002-07-26,4593,37463
KAM TAI ROAD,錦泰路,YL,Yuen Long,元朗,2004-11-12,7273,38303
KAM TIN BYPASS,錦田繞道,YL,Yuen Long,元朗,2004-12-31,8428,38352
KAM TIN ROAD,錦田公路,YL,Yuen Long,元朗,1978-09-29,2481,28762
KAM TIN SHI STREET,錦田市街,YL,Yuen Long,元朗,2007-02-02,946,39115
KAM TSIN PATH,金錢徑,N,North,北區,2000-07-21,4742,36728
KAM TSIN ROAD,金錢路,N,North,北區,1977-05-20,1134,28265
KAM TSIN ROAD,金錢路,N,North,北區,2004-04-30,2813,38107
KAM TSIN SOUTH ROAD,金錢南路,N,North,北區,2001-12-07,7638,37232
KAM TUNG STREET,錦東街,Is,Islands,離島,2025-07-25,4611,45863
KAM WING STREET,錦榮街,WTS,Wong Tai Sin,黃大仙,1961-09-08,1577,22532
KAM WO BRIDGE,錦和橋,TP,Tai  Po,大埔,1996-06-21,2741,35237
KAM WUI ROAD,錦匯路,YL,Yuen Long,元朗,2002-07-26,4593,37463
KAM YEE ROAD,錦義路,YL,Yuen Long,元朗,2023-12-08,7465,45268
KAM YING ROAD,錦英路,ST,Sha Tin,沙田,1994-01-14,175,34348
KAM YU ROAD,錦儒路,TP,Tai  Po,大埔,1996-06-21,2740,35237
KAM YUEN LANE,金源里,E,Eastern,東區,1983-08-12,2626,30540
KAN HOK LANE,勤學里,SK,Sai  Kung,西貢,2002-10-04,6308,37533
KAN HOK LANE,勤學里,SK,Sai  Kung,西貢,2005-08-19,4058,38583
KANSU STREET,甘肅街,YTM,Yau Tsim Mong,油尖旺,1909-03-19,184,3366
KAP PIN LONG LOWER LANE,甲邊朗下里,SK,Sai  Kung,西貢,1991-07-05,2294,33424
KAP PIN LONG MIDDLE LANE,甲邊朗中里,SK,Sai  Kung,西貢,1991-07-05,2294,33424
KAP PIN LONG UPPER LANE,甲邊朗上里,SK,Sai  Kung,西貢,1991-07-05,2294,33424
KAT CHEUNG CRESCENT,吉祥街,N,North,北區,1994-01-28,337,34362
KAT HING BACK STREET,吉慶後街,Is,Islands,離島,1983-12-02,3792,30652
KAT HING STREET,吉慶街,Is,Islands,離島,1983-12-02,3792,30652
KAT O MAIN STREET,吉澳大街,N,North,北區,2004-01-16,529,38002
KAT WAI PATH,吉圍徑,N,North,北區,2004-01-16,529,38002
KAU HUI CHIK STREET,舊墟直街,TP,Tai  Po,大埔,1985-03-22,913,31128
KAU HUI CHIK STREET,舊墟直街,TP,Tai  Po,大埔,1993-07-23,2594,34173
KAU HUI CHIK STREET,舊墟直街,TP,Tai  Po,大埔,1993-07-23,2595,34173
KAU PUI LUNG ROAD,靠背壟道,KC,Kowloon  City,九龍城,1926-06-25,342,9673
KAU PUI LUNG ROAD,靠背壟道,KC,Kowloon  City,九龍城,1954-08-06,977,19942
KAU PUI LUNG ROAD,靠背壟道,KC,Kowloon  City,九龍城,1967-07-14,1517,24667
KAU PUI LUNG ROAD,靠背壟道,KC,Kowloon  City,九龍城,1967-12-08,2628,24814
KAU SAI SAN TSUEN ROAD,滘西新村路,SK,Sai  Kung,西貢,1991-09-20,3343,33501
KAU TO PATH,九肚徑,ST,Sha Tin,沙田,1997-09-05,1153,35678
KAU TO SHAN ROAD,九肚山路,ST,Sha Tin,沙田,1981-03-27,958,29672
KAU TO SHAN ROAD,九肚山路,ST,Sha Tin,沙田,1996-11-08,5165,35377
KAU YUK ROAD,教育路,YL,Yuen Long,元朗,1977-12-02,2944,28461
KEI LUN PATH,麒麟徑,TM,Tuen  Mun,屯門,1983-01-28,326,30344
KEI TSING STREET,麒青街,TM,Tuen  Mun,屯門,1990-11-30,4336,33207
KEI YIP LANE,基業里,KT,Kwun Tong,觀塘,1989-01-27,310,32535
KEI YIP LANE,基業里,KT,Kwun Tong,觀塘,2026-02-13,996,46066
KEI YIP STREET,基業街,KT,Kwun Tong,觀塘,1972-07-07,1665,26487
KENG HAU LANE,徑口里,ST,Sha Tin,沙田,1998-11-20,5659,36119
KENG HAU ROAD,徑口路,ST,Sha Tin,沙田,1976-08-13,1741,27985
KENG PANG HA ROAD,徑棚下路,SK,Sai  Kung,西貢,1991-07-05,2294,33424
KENNEDY ROAD,堅尼地道,C&W-WC,Central  &  Western / Wan  Chai,中西區 / 灣仔,1958-06-27,865,21363
KENT ROAD,根德道,KC,Kowloon  City,九龍城,1929-08-23,427,10828
KESWICK STREET,敬誠街,WC,Wan  Chai,灣仔,1976-09-24,2120,28027
KEUNG SHAN ROAD,羗山道,Is,Islands,離島,1970-06-05,1156,25724
KEUNG YIP STREET,強業街,YL,Yuen Long,元朗,1983-01-28,325,30344
KI LUNG STREET,基隆街,YTM-SSP,Yau Tsim Mong / Sham  Shui  Po,油尖旺 / 深水埗,1927-11-25,699,10191
KIANG HSI STREET,江西街,KC,Kowloon  City,九龍城,1935-04-26,334,12900
KIANG SU STREET,江蘇街,KC,Kowloon  City,九龍城,1935-04-26,334,12900
KIK YEUNG ROAD,擊壤路,YL,Yuen Long,元朗,1977-12-02,2944,28461
KIM SHIN LANE,兼善里,SSP,Sham  Shui  Po,深水埗,1958-02-28,305,21244
KIMBERLEY ROAD,金巴利道,YTM,Yau Tsim Mong,油尖旺,1962-03-30,695,22735
KIMBERLEY STREET,金巴利街,YTM,Yau Tsim Mong,油尖旺,1978-04-28,1051,28608
KIN CHEUNG STREET,建翔街,YL,Yuen Long,元朗,2017-10-13,7595,43021
KIN CHUEN STREET,健全街,K&T,Kwai  Tsing,葵青,1977-11-25,2859,28454
KIN CHUEN STREET,健全街,K&T,Kwai  Tsing,葵青,1992-01-10,163,33613
KIN CHUEN STREET,健全街,K&T,Kwai  Tsing,葵青,1992-02-14,536,33648
KIN FAT LANE,建發里,TM,Tuen  Mun,屯門,1977-05-27,1189,28272
KIN FAT STREET,建發街,TM,Tuen  Mun,屯門,1977-05-27,1189,28272
KIN FAT STREET,建發街,TM,Tuen  Mun,屯門,1983-01-28,326,30344
KIN FAT STREET,建發街,TM,Tuen  Mun,屯門,1990-11-02,3964,33179
KIN FUNG CIRCUIT,建豐街,TM,Tuen  Mun,屯門,1977-05-27,1189,28272
KIN HONG STREET,健康街,K&T,Kwai  Tsing,葵青,1970-03-06,535,25633
KIN HONG STREET,健康街,K&T,Kwai  Tsing,葵青,2003-03-14,1726,37694
KIN KEI STREET,建基街,TM,Tuen  Mun,屯門,1983-01-28,326,30344
KIN KWAN STREET,建群街,TM,Tuen  Mun,屯門,1977-05-27,1189,28272
KIN KWOK STREET,建國街,TM,Tuen  Mun,屯門,1986-08-15,2819,31639
KIN LOK STREET,建樂街,YL,Yuen Long,元朗,1981-12-18,3742,29938
KIN LUNG STREET,建隆街,TM,Tuen  Mun,屯門,1977-05-27,1189,28272
KIN MING STREET,建明街,TW,Tsuen  Wan,荃灣,1973-03-16,704,26739
KIN ON STREET,建安街,TM,Tuen  Mun,屯門,1977-05-27,1189,28272
KIN SAN LANE,建新里,Is,Islands,離島,1985-12-27,4230,31408
KIN SHING LANE,建盛里,TM,Tuen  Mun,屯門,1990-11-02,3963,33179
KIN TAI STREET,建泰街,TM,Tuen  Mun,屯門,1977-05-27,1189,28272
KIN TAK STREET,建德街,YL,Yuen Long,元朗,1984-05-18,1452,30820
KIN TUNG ROAD,健東路,Is,Islands,離島,1998-06-19,2978,35965
KIN WAH STREET,建華街,E,Eastern,東區,1948-12-24,1215,17891
KIN WAN STREET,建灣街,KC,Kowloon  City,九龍城,1999-03-26,1723,36245
KIN WING LANE,建榮里,TM,Tuen  Mun,屯門,1977-05-27,1189,28272
KIN WING STREET,建榮街,TM,Tuen  Mun,屯門,1977-05-27,1189,28272
KIN WONG LANE,建旺里,TM,Tuen  Mun,屯門,1989-06-09,1978,32668
KIN WONG STREET,建旺街,TM,Tuen  Mun,屯門,1977-05-27,1189,28272
KIN YIP PATH,建業徑,YL,Yuen Long,元朗,2017-10-13,7595,43021
KIN YIP STREET,建業街,YL,Yuen Long,元朗,1981-12-18,3742,29938
KING CHO ROAD,敬祖路,K&T,Kwai  Tsing,葵青,1977-11-25,2859,28454
KING FUK STREET,景福街,WTS,Wong Tai Sin,黃大仙,1961-09-08,1577,22532
KING FUK STREET,景福街,WTS,Wong Tai Sin,黃大仙,2018-02-02,649,43133
KING FUNG PATH,景峰徑,TM,Tuen  Mun,屯門,1986-08-15,2819,31639
KING HONG STREET,景康街,WTS,Wong Tai Sin,黃大仙,1982-12-03,3825,30288
KING KWONG STREET,景光街,WC,Wan  Chai,灣仔,1930-03-07,138,11024
KING LAI PATH,景荔徑,SSP,Sham  Shui  Po,深水埗,2002-01-25,612,37281
KING LAM STREET,瓊林街,SSP,Sham  Shui  Po,深水埗,1959-10-16,1411,21839
KING LING ROAD,景嶺路,SK,Sai  Kung,西貢,2000-11-03,7225,36833
KING LING ROAD,景嶺路,SK,Sai  Kung,西貢,2002-10-04,6308,37533
KING MAN STREET,敬民街,SK,Sai  Kung,西貢,2002-01-25,610,37281
KING MING ROAD,景明道,WC,Wan  Chai,灣仔,1931-05-15,300,11458
KING MING ROAD,景明道,WC,Wan  Chai,灣仔,1931-07-10,436,11514
KING SAN PATH,景新徑,TM,Tuen  Mun,屯門,2002-12-20,8322,37610
KING SAU LANE,景秀里,TM,Tuen  Mun,屯門,1991-02-08,502,33277
KING TAI STREET,景泰街,WTS,Wong Tai Sin,黃大仙,1968-05-17,1003,24975
KING TAK STREET,敬德街,KC,Kowloon  City,九龍城,1963-09-27,1893,23281
KING TUNG STREET,瓊東街,WTS,Wong Tai Sin,黃大仙,1984-06-29,1901,30862
KING WAH ROAD,京華道,E,Eastern,東區,1954-07-30,947,19935
KING WAN STREET,景雲街,KC,Kowloon  City,九龍城,1965-06-04,1392,23897
KING WAN STREET,景雲街,KC,Kowloon  City,九龍城,1976-07-30,1650,27971
KING YIN LANE,敬賢里,SK,Sai  Kung,西貢,1993-12-24,4725,34327
KING YIP LANE,敬業里,KT,Kwun Tong,觀塘,1957-02-22,264,20873
KING YIP STREET,敬業街,KT,Kwun Tong,觀塘,1957-02-22,264,20873
KING'S PARK HILL ROAD,京士柏山道,YTM,Yau Tsim Mong,油尖旺,2000-06-16,3866,36693
KING'S PARK RISE,京士柏道,YTM,Yau Tsim Mong,油尖旺,1963-11-29,2350,23344
KING'S ROAD,英皇道,E,Eastern,東區,1935-06-21,490,12956
KINGSTON STREET,京士頓街,WC,Wan  Chai,灣仔,1962-03-09,491,22714
KIU CHEONG ROAD,橋昌路,YL,Yuen Long,元朗,2003-05-30,3665,37771
KIU FAT STREET,橋發街,YL,Yuen Long,元朗,1998-07-17,3485,35993
KIU HA ROAD,橋下路,ST,Sha Tin,沙田,1998-11-20,5659,36119
KIU HING ROAD,僑興路,YL,Yuen Long,元朗,1978-09-29,2481,28762
KIU HING ROAD,僑興路,YL,Yuen Long,元朗,2002-11-15,7434,37575
KIU HUNG ROAD,橋洪路,YL,Yuen Long,元朗,2002-01-25,609,37281
KIU KIANG STREET,九江街,SSP,Sham  Shui  Po,深水埗,1932-05-06,278,11815
KIU KING STREET,僑景街,Is,Islands,離島,1983-06-03,1753,30470
KIU LOK SQUARE,橋樂坊,YL,Yuen Long,元朗,1983-06-03,1752,30470
KIU SAU PATH,橋壽徑,YL,Yuen Long,元朗,2013-05-10,2719,41404
KIU SHING STREET,橋盛街,YL,Yuen Long,元朗,1990-03-02,775,32934
KIU TAK PATH,橋德徑,YL,Yuen Long,元朗,2013-05-10,2719,41404
KIU TAU ROAD,橋頭路,N,North,北區,1987-12-04,4073,32115
KIU WONG STREET,橋旺街,YL,Yuen Long,元朗,1990-03-02,775,32934
KIU YAM STREET,僑蔭街,SSP,Sham  Shui  Po,深水埗,1950-08-11,938,18486
KNIGHT STREET,勵德街,KC,Kowloon  City,九龍城,1929-06-21,331,10765
KO CHIU PATH,高超徑,KT,Kwun Tong,觀塘,2000-07-21,4744,36728
KO CHIU ROAD,高超道,KT,Kwun Tong,觀塘,1967-06-09,1244,24632
KO FAI ROAD,高輝道,KT,Kwun Tong,觀塘,1967-06-09,1244,24632
KO FEI LANE NORTH,高飛里北,KC,Kowloon  City,九龍城,2017-03-03,1160,42797
KO FEI LANE SOUTH,高飛里南,KC,Kowloon  City,九龍城,2017-03-03,1160,42797
KO FONG STREET,高芳街,K&T,Kwai  Tsing,葵青,1974-04-19,1023,27138
KO HANG ROAD,高行路,YL,Yuen Long,元朗,2002-08-09,4897,37477
KO LING ROAD,高嶺道,KT,Kwun Tong,觀塘,2021-11-26,7441,44526
KO NGA LANE,高雅里,KT,Kwun Tong,觀塘,2022-08-19,4534,44792
KO ON LANE,高安里,KT,Kwun Tong,觀塘,2008-08-29,6059,39689
KO PO PATH,高埔徑,YL,Yuen Long,元朗,2017-12-22,9866,43091
KO PO ROAD,高埔路,YL,Yuen Long,元朗,1999-09-17,5409,36420
KO SHAN ROAD,高山道,KC,Kowloon  City,九龍城,1954-08-06,977,19942
KO SHEUNG ROAD,高上路,YL,Yuen Long,元朗,2020-04-03,1669,43924
KOK CHEUNG STREET,角祥街,YTM,Yau Tsim Mong,油尖旺,1963-09-06,1736,23260
KOK CHEUNG STREET,角祥街,YTM,Yau Tsim Mong,油尖旺,1965-11-12,2673,24058
KOK CHEUNG STREET,角祥街,YTM,Yau Tsim Mong,油尖旺,1973-03-16,705,26739
KOK CHEUNG STREET,角祥街,YTM,Yau Tsim Mong,油尖旺,1974-04-26,1078,27145
KOM TSUN STREET,甘泉街,SSP,Sham  Shui  Po,深水埗,1935-05-03,351,12907
KOM TSUN STREET,甘泉街,SSP,Sham  Shui  Po,深水埗,1979-08-17,2082,29084
KONG CHUNG LANE,港中里,C&W,Central  &  Western,中西區,1998-05-29,2630,35944
KONG NGA PO ROAD,缸瓦甫路,N,North,北區,1997-05-02,2145,35552
KONG PO ROAD,江埔路,YL,Yuen Long,元朗,2020-04-03,1669,43924
KONG PUI STREET,崗背街,ST,Sha Tin,沙田,1984-01-27,285,30708
KONG SHAM WESTERN HIGHWAY,港深西部公路,YL-TM,Yuen Long / Tuen  Mun,元朗 / 屯門,2007-06-22,4056,39255
KONG SIN WAN ROAD,鋼綫灣道,S,Southern,南區,2007-04-13,2423,39185
KONG SIN WAN ROAD,鋼綫灣道,S,Southern,南區,2007-05-04,2868,39206
KONG TAI ROAD,江大路,YL,Yuen Long,元朗,1994-09-16,3497,34593
KONG YAU ROAD,港攸路,YL,Yuen Long,元朗,2004-08-13,5280,38212
KOON WAH LANE,貫華里,WTS,Wong Tai Sin,黃大仙,1974-03-01,579,27089
KORNHILL ROAD,康山道,E,Eastern,東區,1987-04-03,1144,31870
KOTEWALL ROAD,旭龢道,C&W,Central  &  Western,中西區,1928-07-06,386,10415
KOWLOON CITY ROAD,九龍城道,KC,Kowloon  City,九龍城,1926-02-12,68,9540
KOWLOON CITY ROAD,九龍城道,KC,Kowloon  City,九龍城,1926-04-16,202,9603
KOWLOON PARK DRIVE,九龍公園徑,YTM,Yau Tsim Mong,油尖旺,1975-07-25,1659,27600
KOWLOON ROAD,九龍道,SSP,Sham  Shui  Po,深水埗,1934-02-09,91,12459
KUI SIK STREET,居適街,N,North,北區,1989-06-16,2059,32675
KUI TAT STREET,居達街,N,North,北區,1989-06-16,2059,32675
KUK TING STREET,谷亭街,YL,Yuen Long,元朗,1935-02-15,124,12830
KUK TING STREET,谷亭街,YL,Yuen Long,元朗,1977-12-02,2944,28461
KUNG LOK ROAD,功樂道,KT,Kwun Tong,觀塘,1967-02-24,428,24527
KUNG LOK ROAD,功樂道,KT,Kwun Tong,觀塘,1976-04-02,721,27852
KUNG UM ROAD,公庵路,YL,Yuen Long,元朗,1991-06-28,2215,33417
KUNG UM ROAD,公庵路,YL,Yuen Long,元朗,2015-07-03,4864,42188
KUNG YIP STREET,工業街,K&T,Kwai  Tsing,葵青,1974-04-19,1023,27138
KUT SHING STREET,吉勝街,E,Eastern,東區,1966-07-08,1759,24296
KWAI CHEONG ROAD,葵昌路,K&T,Kwai  Tsing,葵青,1970-03-06,535,25633
KWAI CHI PATH,貴池徑,WTS,Wong Tai Sin,黃大仙,1983-04-22,1265,30428
KWAI CHUNG HOSPITAL ROAD,葵涌醫院路,K&T,Kwai  Tsing,葵青,1983-10-28,3424,30617
KWAI CHUNG INTERCHANGE,葵涌交匯處,SSP-K&T,Sham  Shui  Po / Kwai  Tsing,深水埗 / 葵青,2001-08-03,4785,37106
KWAI CHUNG ROAD,葵涌道,K&T-SSP,Kwai  Tsing / Sham  Shui  Po,葵青 / 深水埗,1968-10-25,2165,25136
KWAI CHUNG ROAD,葵涌道,K&T-SSP,Kwai  Tsing / Sham  Shui  Po,葵青 / 深水埗,1979-08-24,2144,29091
KWAI CHUNG ROAD,葵涌道,K&T-SSP,Kwai  Tsing / Sham  Shui  Po,葵青 / 深水埗,2001-08-03,4785,37106
KWAI FAT ROAD,葵發路,K&T,Kwai  Tsing,葵青,1970-03-06,535,25633
KWAI FONG STREET,桂芳街,WC,Wan  Chai,灣仔,1930-03-07,138,11024
KWAI FOO ROAD,葵富路,K&T,Kwai  Tsing,葵青,1974-04-19,1023,27138
KWAI FUK ROAD,葵福路,K&T,Kwai  Tsing,葵青,1977-11-25,2859,28454
KWAI FUK ROAD,葵福路,K&T,Kwai  Tsing,葵青,1991-08-09,2807,33459
KWAI FUNG CRESCENT,葵豐街,K&T,Kwai  Tsing,葵青,1977-11-25,2859,28454
KWAI HAU STREET,葵孝街,K&T,Kwai  Tsing,葵青,1977-11-25,2859,28454
KWAI HEI STREET,葵喜街,K&T,Kwai  Tsing,葵青,1977-11-25,2859,28454
KWAI HEI STREET,葵喜街,K&T,Kwai  Tsing,葵青,1980-05-16,1503,29357
KWAI HEUNG STREET,桂香街,C&W,Central  &  Western,中西區,1919-09-26,450,7209
KWAI HING ROAD,葵興路,K&T,Kwai  Tsing,葵青,1974-04-19,1023,27138
KWAI HONG STREET,葵康街,K&T,Kwai  Tsing,葵青,1977-11-25,2859,28454
KWAI HOP STREET,葵合街,K&T,Kwai  Tsing,葵青,1974-04-19,1023,27138
KWAI KING ROAD,葵景路,K&T,Kwai  Tsing,葵青,1991-01-11,137,33249
KWAI LOK STREET,葵樂街,K&T,Kwai  Tsing,葵青,1977-11-25,2859,28454
KWAI LUEN ROAD,葵聯路,K&T,Kwai  Tsing,葵青,1977-11-25,2859,28454
KWAI ON ROAD,葵安道,K&T,Kwai  Tsing,葵青,1970-03-06,535,25633
KWAI PENG STREET,貴坪街,Is,Islands,離島,1993-10-15,3762,34257
KWAI SAU ROAD,葵秀路,K&T,Kwai  Tsing,葵青,1970-03-06,535,25633
KWAI SHING CIRCUIT,葵盛圍,K&T,Kwai  Tsing,葵青,1974-04-19,1023,27138
KWAI SHUN STREET,葵順街,K&T,Kwai  Tsing,葵青,1977-11-25,2859,28454
KWAI SING LANE,桂成里,WC,Wan  Chai,灣仔,1988-02-12,489,32185
KWAI TAI ROAD,葵泰路,K&T,Kwai  Tsing,葵青,1977-11-25,2859,28454
KWAI TAI ROAD,葵泰路,K&T,Kwai  Tsing,葵青,1979-05-04,1132,28979
KWAI TAI ROAD,葵泰路,K&T,Kwai  Tsing,葵青,1982-05-14,1543,30085
KWAI TAI ROAD,葵泰路,K&T,Kwai  Tsing,葵青,1992-02-14,534,33648
KWAI TAK STREET,葵德街,K&T,Kwai  Tsing,葵青,1977-11-25,2859,28454
KWAI TING ROAD,葵定路,K&T,Kwai  Tsing,葵青,1970-03-06,535,25633
KWAI TSING ROAD,葵青路,K&T,Kwai  Tsing,葵青,1979-05-04,1132,28979
KWAI TSING ROAD,葵青路,K&T,Kwai  Tsing,葵青,2002-02-22,1176,37309
KWAI TSING ROAD,葵青路,K&T,Kwai  Tsing,葵青,2003-08-29,5946,37862
KWAI TSING ROAD,葵青路,K&T,Kwai  Tsing,葵青,2003-09-11,6275,37875
KWAI TSUI STREET,貴翠街,E,Eastern,東區,1987-01-23,307,31800
KWAI TUNG ROAD,貴東路,Is,Islands,離島,2025-07-25,4611,45863
KWAI WING ROAD,葵榮路,K&T,Kwai  Tsing,葵青,1970-03-06,535,25633
KWAI WING ROAD,葵榮路,K&T,Kwai  Tsing,葵青,2001-07-13,4245,37085
KWAI WO STREET,葵和街,K&T,Kwai  Tsing,葵青,1991-06-28,2213,33417
KWAI YAN ROAD,葵仁路,K&T,Kwai  Tsing,葵青,1982-12-24,4036,30309
KWAI YAN ROAD,葵仁路,K&T,Kwai  Tsing,葵青,2010-06-18,3610,40347
KWAI YI ROAD,葵義路,K&T,Kwai  Tsing,葵青,1982-12-24,4036,30309
KWAI YIK ROAD,葵益道,K&T,Kwai  Tsing,葵青,2001-07-13,4245,37085
KWAI YIP STREET,葵葉街,K&T,Kwai  Tsing,葵青,1974-09-13,2352,27285
KWAI YUE LANE,葵裕里,K&T,Kwai  Tsing,葵青,1999-11-12,6951,36476
KWAI YUE STREET,葵裕街,K&T,Kwai  Tsing,葵青,1980-05-16,1503,29357
KWAN LOK LANE,鈞樂里,YL,Yuen Long,元朗,2002-07-26,4596,37463
KWAN MUN HAU STREET,關門口街,TW,Tsuen  Wan,荃灣,1962-11-23,2378,22973
KWAN MUN HAU STREET,關門口街,TW,Tsuen  Wan,荃灣,2003-05-09,3137,37750
KWAN YICK STREET,均益街,C&W,Central  &  Western,中西區,1925-10-09,575,9414
KWEI CHOW STREET,貴州街,KC,Kowloon  City,九龍城,1935-04-26,334,12900
KWEI CHOW STREET,貴州街,KC,Kowloon  City,九龍城,1965-06-04,1392,23897
KWEI TEI SAN CHUEN ROAD,桂地新村路,ST,Sha Tin,沙田,1982-12-17,3954,30302
KWEI TEI SAN CHUEN ROAD,桂地新村路,ST,Sha Tin,沙田,1991-03-15,914,33312
KWEI TEI SAN CHUEN ROAD,桂地新村路,ST,Sha Tin,沙田,1991-03-28,1090,33325
KWEI TEI STREET,桂地街,ST,Sha Tin,沙田,1981-06-12,1685,29749
KWO LO WAN ROAD,過路灣路,Is,Islands,離島,1998-01-02,73,35797
KWO LO WAN ROAD,過路灣路,Is,Islands,離島,2019-07-26,4781,43672
KWOK MAN ROAD,國民路,Is,Islands,離島,1984-01-20,204,30701
KWOK SHUI ROAD,國瑞路,K&T-TW,Kwai  Tsing / Tsuen  Wan,葵青 / 荃灣,1970-03-06,535,25633
KWOK SHUI ROAD,國瑞路,K&T-TW,Kwai  Tsing / Tsuen  Wan,葵青 / 荃灣,2004-07-09,4431,38177
KWONG CHEUNG STREET,光昌街,SSP,Sham  Shui  Po,深水埗,1935-05-03,351,12907
KWONG CHUN STREET,廣進街,TP,Tai  Po,大埔,2001-03-30,2132,36980
KWONG FAI CIRCUIT,光輝圍,K&T,Kwai  Tsing,葵青,1975-09-19,2061,27656
KWONG FAI LANE,光輝里,K&T,Kwai  Tsing,葵青,1975-09-19,2061,27656
KWONG FUK LANE,廣福里,TP,Tai  Po,大埔,1972-05-05,1092,26424
KWONG FUK ROAD,廣福道,TP,Tai  Po,大埔,1957-08-02,1083,21034
KWONG FUK ROAD,廣福道,TP,Tai  Po,大埔,1968-10-04,2022,25115
KWONG FUK SQUARE,廣福坊,TP,Tai  Po,大埔,1972-05-05,1092,26424
KWONG HON TERRACE,光漢臺,C&W,Central  &  Western,中西區,1920-11-05,550,7615
KWONG LEE ROAD,廣利道,SSP,Sham  Shui  Po,深水埗,1934-02-09,91,12459
KWONG MING STREET,光明街,WC,Wan  Chai,灣仔,1925-06-12,340,9295
KWONG SHING STREET,廣成街,SSP,Sham  Shui  Po,深水埗,1935-05-03,351,12907
KWONG SIN STREET,廣善街,ST,Sha Tin,沙田,1987-02-06,416,31814
KWONG SIN STREET,廣善街,ST,Sha Tin,沙田,2000-05-19,3079,36665
KWONG SIN STREET,廣善街,ST,Sha Tin,沙田,2013-08-02,4532,41488
KWONG TIN STREET,廣田街,TM,Tuen  Mun,屯門,1997-01-24,426,35454
KWONG WA STREET,廣華街,YTM,Yau Tsim Mong,油尖旺,1923-09-28,411,8672
KWONG WANG STREET,廣宏街,TP,Tai  Po,大埔,1984-05-18,1451,30820
KWONG WING LANE,廣榮里,ST,Sha Tin,沙田,2000-07-21,4740,36728
KWONG YIP STREET,擴業街,YL,Yuen Long,元朗,2003-09-05,6123,37869
KWU CHUN STREET,古雋街,N,North,北區,2026-01-16,377,46038
KWU HANG ROAD,古坑道,TW,Tsuen  Wan,荃灣,1963-06-21,1134,23183
KWU HANG ROAD,古坑道,TW,Tsuen  Wan,荃灣,2003-05-09,3137,37750
KWU TUNG NORTH ROAD,古洞北路,N-YL,North / Yuen Long,北區 / 元朗,2026-01-16,377,46038
KWU TUNG ROAD,古洞路,YL-N,Yuen Long / North,元朗 / 北區,1993-12-03,4433,34306
KWU TUNG SOUTH ROAD,古洞南路,N,North,北區,2003-03-28,2187,37708
KWU UK LANE,古屋里,TW,Tsuen  Wan,荃灣,1983-11-04,3497,30624
KWUN CHUI ROAD,管翠路,TM,Tuen  Mun,屯門,2003-05-16,3287,37757
KWUN CHUNG STREET,官涌街,YTM,Yau Tsim Mong,油尖旺,1932-03-18,173,11766
KWUN FAT STREET,冠發街,TM,Tuen  Mun,屯門,1991-07-19,2515,33438
KWUN FUNG STREET,冠峰街,TM,Tuen  Mun,屯門,1991-07-19,2515,33438
KWUN HOI PATH,觀海徑,S,Southern,南區,2001-01-19,362,36910
KWUN PING ROAD,觀坪路,ST,Sha Tin,沙田,1986-01-17,245,31429
KWUN SHA PATH,觀沙徑,ST,Sha Tin,沙田,2023-06-09,3522,45086
KWUN TONG BYPASS,觀塘繞道,KT,Kwun Tong,觀塘,2020-11-20,6775,44155
KWUN TONG ROAD,觀塘道,KT,Kwun Tong,觀塘,1947-07-04,543,17352
KWUN TONG ROAD,觀塘道,KT,Kwun Tong,觀塘,1957-02-22,264,20873
KWUN TONG ROAD,觀塘道,KT,Kwun Tong,觀塘,1967-12-08,2628,24814
KWUN TSING ROAD,管青路,TM,Tuen  Mun,屯門,2001-10-26,6694,37190
KWUN YAM WAN ROAD,觀音灣路,Is,Islands,離島,1984-01-20,204,30701
KWUN YIP STREET,冠業街,E,Eastern,東區,2012-10-26,7021,41208
LA SALLE ROAD,喇沙利道,KC,Kowloon  City,九龍城,1935-03-01,165,12844
LA SALLE ROAD,喇沙利道,KC,Kowloon  City,九龍城,1951-05-18,522,18766
LADY CLEMENTI'S RIDE,金夫人馳馬徑,S-WC,Southern / Wan  Chai,南區 / 灣仔,1930-04-11,227,11059
LAGUNA STREET,麗港街,KT,Kwun Tong,觀塘,1996-12-06,5679,35405
LAGUNA VERDE AVENUE,海逸道,KC,Kowloon  City,九龍城,1999-03-05,1117,36224
LAI CHEUNG ROAD,麗翔道,YTM,Yau Tsim Mong,油尖旺,1998-11-13,5530,36112
LAI CHI KOK ROAD,荔枝角道,YTM-SSP,Yau Tsim Mong / Sham  Shui  Po,油尖旺 / 深水埗,1978-10-13,2641,28776
LAI CHI KOK ROAD,荔枝角道,YTM-SSP,Yau Tsim Mong / Sham  Shui  Po,油尖旺 / 深水埗,2017-04-07,1921,42832
LAI CHI LING ROAD,荔枝嶺路,K&T,Kwai  Tsing,葵青,1980-05-16,1503,29357
LAI CHI LING ROAD,荔枝嶺路,K&T,Kwai  Tsing,葵青,1990-07-06,2395,33060
LAI CHI ROAD,麗志路,TW,Tsuen  Wan,荃灣,1994-08-12,3052,34558
LAI CHO ROAD,麗祖路,K&T,Kwai  Tsing,葵青,1977-11-25,2859,28454
LAI CHUI PATH,麗翠徑,KT,Kwun Tong,觀塘,2020-08-07,4508,44050
LAI FAT STREET,荔發街,SSP,Sham  Shui  Po,深水埗,1988-11-18,3945,32465
LAI FONG STREET,禮芳街,K&T,Kwai  Tsing,葵青,1974-04-19,1023,27138
LAI FUNG STREET,荔峰街,K&T,Kwai  Tsing,葵青,1980-05-16,1503,29357
LAI HONG STREET,荔康街,SSP,Sham  Shui  Po,深水埗,1988-11-18,3945,32465
LAI HONG STREET,荔康街,SSP,Sham  Shui  Po,深水埗,1999-03-12,1362,36231
LAI KING HILL ROAD,荔景山路,K&T,Kwai  Tsing,葵青,1975-01-10,112,27404
LAI KING HILL ROAD,荔景山路,K&T,Kwai  Tsing,葵青,1982-03-26,1028,30036
LAI KING HILL ROAD,荔景山路,K&T,Kwai  Tsing,葵青,1991-03-15,913,33312
LAI KONG STREET,荔崗街,K&T,Kwai  Tsing,葵青,1980-05-16,1503,29357
LAI LEI FA STREET,麗梨花街,K&T,Kwai  Tsing,葵青,1993-05-21,1712,34110
LAI ON LANE,荔安里,C&W,Central  &  Western,中西區,1901-10-05,584,644
LAI PAN PATH,麗濱徑,Is,Islands,離島,1986-11-21,4035,31737
LAI PING ROAD,麗坪路,ST,Sha Tin,沙田,1984-11-30,3532,31016
LAI PING ROAD,麗坪路,ST,Sha Tin,沙田,2009-12-18,7994,40165
LAI PO ROAD,荔寶路,SSP,Sham  Shui  Po,深水埗,1999-03-12,1362,36231
LAI PO ROAD,荔寶路,SSP,Sham  Shui  Po,深水埗,2004-07-09,4433,38177
LAI PO ROAD,荔寶路,SSP,Sham  Shui  Po,深水埗,2018-11-30,8969,43434
LAI PO ROAD,荔寶路,SSP,Sham  Shui  Po,深水埗,2018-12-14,9290,43448
LAI SHUN ROAD,麗順路,TW,Tsuen  Wan,荃灣,1994-08-12,3052,34558
LAI TAK TSUEN ROAD,勵德邨道,WC,Wan  Chai,灣仔,1973-01-12,98,26676
LAI WA STREET,麗華街,KC,Kowloon  City,九龍城,1960-07-08,1060,22105
LAI WAN ROAD,荔灣道,SSP,Sham  Shui  Po,深水埗,1967-02-24,430,24527
LAI WO LANE,麗禾里,ST,Sha Tin,沙田,1984-01-27,285,30708
LAI YAN LANE,禮仁里,ST,Sha Tin,沙田,1985-07-12,2271,31240
LAI YIN LANE,禮賢里,WC,Wan  Chai,灣仔,1973-08-24,2175,26900
LAI YIN STREET,禮賢街,WC,Wan  Chai,灣仔,1962-10-26,2200,22945
LAI YING STREET,荔盈街,SSP,Sham  Shui  Po,深水埗,2017-12-22,9865,43091
LAI YIP STREET,勵業街,KT,Kwun Tong,觀塘,1957-02-22,264,20873
LAI YIU STREET,麗瑤街,K&T,Kwai  Tsing,葵青,1977-11-25,2859,28454
LAKESIDE PATH,環湖徑,YL,Yuen Long,元朗,1985-08-02,2525,31261
LAM CHAK STREET,臨澤街,KT,Kwun Tong,觀塘,1984-10-26,3135,30981
LAM CHUNG AVENUE,藍鐘路,WTS,Wong Tai Sin,黃大仙,1970-03-06,536,25633
LAM FOOK STREET,臨福街,KT,Kwun Tong,觀塘,1984-10-26,3135,30981
LAM FUNG STREET,臨豐街,KT,Kwun Tong,觀塘,1985-12-13,4098,31394
LAM HA ROAD,嵐霞路,SK,Sai  Kung,西貢,1992-04-10,1271,33704
LAM HAU TSUEN ROAD,欖口村路,YL,Yuen Long,元朗,2006-03-03,1464,38779
LAM HAU TSUEN ROAD,欖口村路,YL,Yuen Long,元朗,2007-09-21,6233,39346
LAM HI ROAD,欖喜路,YL,Yuen Long,元朗,2007-09-21,6233,39346
LAM HING STREET,臨興街,KT,Kwun Tong,觀塘,1984-10-26,3135,30981
LAM KAM ROAD,林錦公路,YL-TP,Yuen Long / Tai  Po,元朗 / 大埔,1978-09-29,2481,28762
LAM KAM ROAD INTERCHANGE,林錦公路交匯處,TP,Tai  Po,大埔,1987-02-06,417,31814
LAM LEE STREET,臨利街,KT,Kwun Tong,觀塘,1984-10-26,3135,30981
LAM LOK STREET,臨樂街,KT,Kwun Tong,觀塘,1985-05-31,1768,31198
LAM SHING ROAD,林盛路,SK,Sai  Kung,西貢,1990-12-21,4576,33228
LAM TAI EAST ROAD,欖堤東路,YL,Yuen Long,元朗,2007-09-21,6233,39346
LAM TAI WEST ROAD,欖堤西路,YL,Yuen Long,元朗,2007-09-21,6233,39346
LAM TEI INTERCHANGE,藍地交匯處,TM,Tuen  Mun,屯門,1994-10-28,4079,34635
LAM TEI INTERCHANGE,藍地交匯處,TM,Tuen  Mun,屯門,1997-06-27,3222,35608
LAM TEI MAIN STREET,藍地大街,TM,Tuen  Mun,屯門,1990-11-30,4333,33207
LAM TIN INTERCHANGE,藍田交匯處,KT,Kwun Tong,觀塘,2022-11-25,6835,44890
LAM TIN STREET,藍田街,K&T,Kwai  Tsing,葵青,1964-05-29,1346,23526
LAM TSUEN HEUNG KUNG SHO ROAD,林村鄉公所路,TP,Tai  Po,大埔,2008-05-02,2894,39570
LAM TSUEN HEUNG KUNG SHO ROAD,林村鄉公所路,TP,Tai  Po,大埔,2015-01-30,1456,42034
LAM WAH STREET,臨華街,KT,Kwun Tong,觀塘,1985-12-13,4098,31394
LAM YU ROAD,欖裕路,YL,Yuen Long,元朗,2008-08-29,6060,39689
LAMBETH WALK,琳寶徑,C&W,Central  &  Western,中西區,1975-03-14,586,27467
LAN FONG ROAD,蘭芳道,WC,Wan  Chai,灣仔,1953-05-22,667,19501
LANCASHIRE ROAD,蘭開夏道,KC,Kowloon  City,九龍城,1939-04-28,341,14363
LANTAU LINK,青嶼幹線,TW-K&T,Tsuen  Wan / Kwai  Tsing,荃灣 / 葵青,1998-01-09,174,35804
LAP TAK LANE,立德里,WC,Wan  Chai,灣仔,1979-12-07,3192,29196
LARCH STREET,洋松街,YTM,Yau Tsim Mong,油尖旺,1927-11-25,699,10191
LAU FAU SHAN ROAD,流浮山道,YL,Yuen Long,元朗,1973-05-18,1252,26802
LAU LI STREET,琉璃街,WC,Wan  Chai,灣仔,1926-06-11,318,9659
LAU SHUI HEUNG ROAD,流水響道,N,North,北區,1972-10-06,2529,26578
LAU SIN STREET,留仙街,E,Eastern,東區,1926-06-11,318,9659
LAU YIP STREET,流業街,YL,Yuen Long,元朗,2015-03-13,2182,42076
LEE CHI ROAD,利枝道,S,Southern,南區,1981-02-20,593,29637
LEE CHUNG STREET,利眾街,E,Eastern,東區,1966-07-08,1759,24296
LEE FAT PATH,利發徑,TM,Tuen  Mun,屯門,1983-01-28,326,30344
LEE GARDEN ROAD,利園山道,WC,Wan  Chai,灣仔,1953-05-22,667,19501
LEE HING STREET,利興街,S,Southern,南區,1991-05-31,1870,33389
LEE KING STREET,利景街,S,Southern,南區,1991-05-31,1870,33389
LEE KUNG STREET,利工街,KC,Kowloon  City,九龍城,1963-12-20,2488,23365
LEE LOK STREET,利樂街,S,Southern,南區,1991-05-31,1870,33389
LEE MAN ROAD,利民道,S,Southern,南區,1987-04-24,1368,31891
LEE NAM ROAD,利南道,S,Southern,南區,1986-05-23,1765,31555
LEE NAM ROAD,利南道,S,Southern,南區,1991-03-28,1086,33325
LEE ON LANE,利安里,KT,Kwun Tong,觀塘,2002-09-13,5733,37512
LEE ON LANE,利安里,KT,Kwun Tong,觀塘,2003-10-24,7667,37918
LEE ON ROAD,利安道,KT,Kwun Tong,觀塘,1979-04-20,1001,28965
LEE TUNG STREET,利東街,WC,Wan  Chai,灣仔,1923-12-28,567,8763
LEE WING STREET,利榮街,S,Southern,南區,1992-04-24,1411,33718
LEE YIP STREET,利業街,YTM,Yau Tsim Mong,油尖旺,1971-05-21,1093,26074
LEGISLATIVE COUNCIL ROAD,立法會道,C&W,Central  &  Western,中西區,2011-02-25,1313,40599
LEI KING ROAD,鯉景道,E,Eastern,東區,1987-09-25,3208,32045
LEI MUK ROAD,梨木道,K&T,Kwai  Tsing,葵青,1964-05-29,1346,23526
LEI PUI STREET,梨貝街,K&T,Kwai  Tsing,葵青,1970-03-06,535,25633
LEI PUI STREET,梨貝街,K&T,Kwai  Tsing,葵青,1977-07-15,1655,28321
LEI PUI STREET,梨貝街,K&T,Kwai  Tsing,葵青,1985-08-16,2680,31275
LEI SHU ROAD,梨樹路,TW,Tsuen  Wan,荃灣,1970-03-06,535,25633
LEI TUNG ESTATE ROAD,利東邨道,S,Southern,南區,1989-11-10,3971,32822
LEI YUE MUN PATH,鯉魚門徑,KT,Kwun Tong,觀塘,1991-01-18,230,33256
LEI YUE MUN PRAYA ROAD,鯉魚門海傍道,KT,Kwun Tong,觀塘,1997-09-19,1405,35692
LEI YUE MUN ROAD,鯉魚門道,KT,Kwun Tong,觀塘,1963-08-02,1479,23225
LEIGHTON LANE,禮頓里,WC,Wan  Chai,灣仔,1968-07-19,1506,25038
LEIGHTON ROAD,禮頓道,WC,Wan  Chai,灣仔,1951-04-27,445,18745
LEK YUEN STREET,瀝源街,ST,Sha Tin,沙田,1985-07-12,2271,31240
LEUNG CHOI LANE,良才里,TM,Tuen  Mun,屯門,1994-10-14,3891,34621
LEUNG FAI TERRACE,梁輝臺,C&W,Central  &  Western,中西區,1976-03-12,580,27831
LEUNG FAI TIN LOWER ROAD,兩塊田下路,SK,Sai  Kung,西貢,1991-10-11,3622,33522
LEUNG FAI TIN UPPER ROAD,兩塊田上路,SK,Sai  Kung,西貢,1991-10-11,3622,33522
LEUNG HONG LANE,良康里,TM,Tuen  Mun,屯門,1990-11-02,3965,33179
LEUNG SHING ROAD,梁盛路,YL,Yuen Long,元朗,2020-04-03,1669,43924
LEUNG SHUN STREET,良信街,TM,Tuen  Mun,屯門,1990-11-02,3965,33179
LEUNG TAI LANE,良泰里,TM,Tuen  Mun,屯門,1990-11-02,3965,33179
LEUNG TAK STREET,良德街,TM,Tuen  Mun,屯門,1990-11-02,3965,33179
LEUNG WAN STREET,良運街,TM,Tuen  Mun,屯門,1990-11-02,3965,33179
LEUNG YIP STREET,良業街,YL,Yuen Long,元朗,1983-01-28,325,30344
LI CHIT STREET,李節街,WC,Wan  Chai,灣仔,1920-04-01,194,7397
LI KWAN AVENUE,利群道,WC,Wan  Chai,灣仔,1931-02-13,86,11367
LI SING STREET,李陞街,C&W,Central  &  Western,中西區,1958-06-27,865,21363
LI TAK STREET,利得街,YTM,Yau Tsim Mong,油尖旺,1963-09-06,1736,23260
LILY STREET,蓮花街,WC,Wan  Chai,灣仔,1935-10-04,768,13061
LIM CHO STREET,念祖街,K&T,Kwai  Tsing,葵青,1977-11-25,2859,28454
LIME STREET,菩提街,YTM,Yau Tsim Mong,油尖旺,1927-11-25,699,10191
LIN CHEUNG ROAD,連翔道,SSP-YTM,Sham  Shui  Po / Yau Tsim Mong,深水埗 / 油尖旺,1998-11-13,5529,36112
LIN CHEUNG ROAD,連翔道,SSP-YTM,Sham  Shui  Po / Yau Tsim Mong,深水埗 / 油尖旺,2004-07-09,4433,38177
LIN CHEUNG ROAD,連翔道,SSP-YTM,Sham  Shui  Po / Yau Tsim Mong,深水埗 / 油尖旺,2018-11-30,8969,43434
LIN CHUK ROAD,蓮竹路,N,North,北區,2023-02-17,1075,44974
LIN FA KUNG STREET EAST,蓮花宮東街,WC,Wan  Chai,灣仔,1935-10-04,768,13061
LIN FA KUNG STREET WEST,蓮花宮西街,WC,Wan  Chai,灣仔,1935-10-04,768,13061
LIN PING DRIVE,蓮坪路,Is,Islands,離島,2006-02-17,1051,38765
LIN SHING ROAD,連城道,E,Eastern,東區,1964-08-21,2339,23610
LIN TAK ROAD,連德道,KT,Kwun Tong,觀塘,1987-07-31,2478,31989
LIN TAK ROAD,連德道,KT,Kwun Tong,觀塘,2020-11-20,6776,44155
LINCOLN ROAD,林肯道,KC,Kowloon  City,九龍城,1929-08-23,427,10828
LING HONG ROAD,靈康路,SK,Sai  Kung,西貢,1998-04-09,1766,35894
LING KWONG STREET,嶺光街,SK,Sai  Kung,西貢,2004-10-15,6704,38275
LING SHAN ROAD,靈山路,N,North,北區,1998-06-12,2852,35958
LINK ROAD,連道,WC,Wan  Chai,灣仔,1959-02-27,315,21608
LION ROCK ROAD,獅子石道,KC,Kowloon  City,九龍城,1933-05-12,340,12186
LION ROCK TUNNEL ROAD,獅子山隧道公路,ST-KC,Sha Tin / Kowloon  City,沙田 / 九龍城,1969-03-28,594,25290
LIU POK ROAD,料壆路,N,North,北區,2010-06-25,4011,40354
LIU TO ROAD,寮肚路,K&T,Kwai  Tsing,葵青,1989-08-11,2752,32731
LLOYD PATH,雷丹彌徑,C&W,Central  &  Western,中西區,1935-04-12,302,12886
LO FAI ROAD,露輝路,TP,Tai  Po,大埔,1992-05-01,1505,33725
LO LUNG HANG STREET,老龍坑街,KC,Kowloon  City,九龍城,1923-09-28,411,8672
LO PENG STREET,露坪街,Is,Islands,離島,1993-01-15,136,33984
LO PING ROAD,露屏路,TP,Tai  Po,大埔,1992-05-01,1505,33725
LO TAK COURT,路德圍,TW,Tsuen  Wan,荃灣,1972-09-15,2305,26557
LO WAI ROAD,老圍路,TW,Tsuen  Wan,荃灣,1975-11-07,2448,27705
LO WAI ROAD,老圍路,TW,Tsuen  Wan,荃灣,1981-04-16,1146,29692
LO WAI ROAD,老圍路,TW,Tsuen  Wan,荃灣,2003-06-20,4170,37792
LO WU STATION ROAD,羅湖道,N,North,北區,1972-09-15,2306,26557
LOCK ROAD,樂道,YTM,Yau Tsim Mong,油尖旺,1931-01-09,21,11332
LOCKHART ROAD,駱克道,WC,Wan  Chai,灣仔,1929-06-14,312,10758
LOCKHART ROAD,駱克道,WC,Wan  Chai,灣仔,1953-07-24,912,19564
LOHAS PARK ROAD,康城路,SK,Sai  Kung,西貢,2009-04-09,2232,39912
LOK CHUI STREET,樂翠街,TM,Tuen  Mun,屯門,1991-07-19,2515,33438
LOK FUNG PATH,樂楓徑,ST,Sha Tin,沙田,1981-05-29,1559,29735
LOK HA SQUARE,樂霞坊,ST,Sha Tin,沙田,1981-05-29,1559,29735
LOK KING STREET,樂景街,ST,Sha Tin,沙田,1985-08-16,2682,31275
LOK KU ROAD,樂古道,C&W,Central  &  Western,中西區,1977-04-15,857,28230
LOK KWAI PATH,樂葵徑,ST,Sha Tin,沙田,1981-05-29,1559,29735
LOK KWAI PATH,樂葵徑,ST,Sha Tin,沙田,1987-03-06,786,31842
LOK KWAI PATH,樂葵徑,ST,Sha Tin,沙田,2008-05-02,2895,39570
LOK KWAN STREET,樂群街,YTM,Yau Tsim Mong,油尖旺,1958-05-30,732,21335
LOK KWAN STREET,樂群街,YTM,Yau Tsim Mong,油尖旺,1965-11-12,2673,24058
LOK LAM ROAD,樂林路,ST,Sha Tin,沙田,1979-12-07,3194,29196
LOK LIN PATH,樂蓮徑,ST,Sha Tin,沙田,1981-05-29,1559,29735
LOK MA CHAU PATH,落馬洲徑,YL,Yuen Long,元朗,2015-01-02,165,42006
LOK MA CHAU ROAD,落馬洲路,YL,Yuen Long,元朗,1982-03-05,755,30015
LOK MA CHAU ROAD,落馬洲路,YL,Yuen Long,元朗,2015-01-02,165,42006
LOK MA CHAU ROAD,落馬洲路,YL,Yuen Long,元朗,2015-12-24,9966,42362
LOK MAN ROAD,樂民道,E,Eastern,東區,1973-10-19,2719,26956
LOK MING STREET,樂鳴街,N,North,北區,1987-08-28,2857,32017
LOK MING STREET,樂鳴街,N,North,北區,1989-06-16,2059,32675
LOK PENG STREET,樂坪街,Is,Islands,離島,1993-10-15,3762,34257
LOK SHAN ROAD,落山道,KC,Kowloon  City,九龍城,1931-02-13,86,11367
LOK SHAN ROAD,落山道,KC,Kowloon  City,九龍城,1935-04-26,334,12900
LOK SHAN ROAD,落山道,KC,Kowloon  City,九龍城,1965-06-04,1392,23897
LOK SHING STREET,樂城街,ST,Sha Tin,沙田,1986-01-17,245,31429
LOK SHUN PATH,樂信徑,ST,Sha Tin,沙田,1984-06-15,1737,30848
LOK SIN ROAD,樂善道,KC-WTS,Kowloon  City / Wong Tai Sin,九龍城 / 黃大仙,1968-09-13,1853,25094
LOK TIN STREET,樂天街,N,North,北區,1987-08-28,2857,32017
LOK TO STREET,樂濤街,TM,Tuen  Mun,屯門,1991-07-19,2515,33438
LOK TUNG STREET,樂東街,N,North,北區,1989-06-16,2059,32675
LOK WAH STREET,樂華街,WTS,Wong Tai Sin,黃大仙,1966-06-30,1684,24288
LOK WO SHA LANE,落禾沙里,ST,Sha Tin,沙田,1989-08-25,2923,32745
LOK WO SHA LANE,落禾沙里,ST,Sha Tin,沙田,2013-03-01,1160,41334
LOK WO STREET,樂和街,N,North,北區,1987-08-28,2857,32017
LOK YEUNG STREET,洛陽街,S,Southern,南區,1941-10-24,1261,15273
LOK YI STREET,樂怡街,TM,Tuen  Mun,屯門,1991-07-19,2515,33438
LOK YIP ROAD,樂業路,N,North,北區,1987-08-28,2857,32017
LOK YIP ROAD,樂業路,N,North,北區,1987-10-16,3465,32066
LOK YUEN PATH,樂園徑,ST,Sha Tin,沙田,1981-05-29,1559,29735
LOMOND ROAD,露明道,KC,Kowloon  City,九龍城,1953-03-27,419,19445
LONDON LANE,倫敦里,S,Southern,南區,1970-02-13,373,25612
LONG FAI ROAD,朗暉路,YL,Yuen Long,元朗,2007-02-23,1407,39136
LONG FUNG STREET,朗風街,YL,Yuen Long,元朗,2025-01-24,565,45681
LONG HO ROAD,朗河路,YL,Yuen Long,元朗,2006-03-03,1463,38779
LONG LOK ROAD,朗樂路,YL,Yuen Long,元朗,1992-11-20,4153,33928
LONG MING STREET,朗明街,YL,Yuen Long,元朗,2002-07-26,4596,37463
LONG NGAI PATH,朗藝徑,YL,Yuen Long,元朗,2017-11-10,8364,43049
LONG PING ROAD,朗屏路,YL,Yuen Long,元朗,1987-08-28,2856,32017
LONG PING ROAD,朗屏路,YL,Yuen Long,元朗,1991-06-28,2214,33417
LONG SHING ROAD,朗成路,YL,Yuen Long,元朗,2007-02-23,1407,39136
LONG TIN ROAD,朗天路,YL,Yuen Long,元朗,1991-06-28,2214,33417
LONG TUNG ROAD,朗東路,Is,Islands,離島,2025-07-25,4611,45863
LONG WO ROAD,朗和路,YL,Yuen Long,元朗,2002-07-26,4596,37463
LONG WO ROAD,朗和路,YL,Yuen Long,元朗,2012-11-02,7159,41215
LONG YAN ROAD,朗欣路,TW,Tsuen  Wan,荃灣,2004-12-17,8104,38338
LONG YAT ROAD,朗日路,YL,Yuen Long,元朗,1991-11-15,4114,33557
LONG YAT ROAD,朗日路,YL,Yuen Long,元朗,2002-07-26,4595,37463
LONG YIP STREET,朗業街,YL,Yuen Long,元朗,1983-01-28,325,30344
LONG YIP STREET,朗業街,YL,Yuen Long,元朗,1984-06-22,1827,30855
LONG YUET STREET,朗月街,KC,Kowloon  City,九龍城,1965-06-04,1392,23897
LOOKOUT LINK,瞭望里,TP,Tai  Po,大埔,1983-05-27,1664,30463
LOTUS ROAD,紅荷路,YL,Yuen Long,元朗,1984-08-31,2609,30925
LOWER LASCAR ROW,摩羅下街,C&W,Central  &  Western,中西區,1977-04-15,857,28230
LOWER SHING MUN ROAD,下城門道,ST,Sha Tin,沙田,1973-01-05,21,26669
LUARD ROAD,盧押道,WC,Wan  Chai,灣仔,1929-06-14,312,10758
LUARD ROAD,盧押道,WC,Wan  Chai,灣仔,1990-10-25,3808,33171
LUEN CHEONG STREET,聯昌街,N,North,北區,1970-03-06,534,25633
LUEN CHIT STREET,聯捷街,N,North,北區,1995-01-13,154,34712
LUEN FAT STREET,聯發街,N,North,北區,1970-03-06,534,25633
LUEN FU STREET,聯富街,N,North,北區,1970-05-08,966,25696
LUEN HING STREET,聯興街,N,North,北區,1970-03-06,534,25633
LUEN HING STREET,聯興街,N,North,北區,1995-01-13,154,34712
LUEN HONG LANE,聯康里,TM,Tuen  Mun,屯門,1992-05-29,1862,33753
LUEN ON STREET,聯安街,KT,Kwun Tong,觀塘,1957-02-22,264,20873
LUEN ON STREET,聯安街,N,North,北區,1970-03-06,534,25633
LUEN ON STREET,聯安街,N,North,北區,1995-01-13,154,34712
LUEN SHING STREET,聯盛街,N,North,北區,1970-03-06,534,25633
LUEN TAI STREET,聯泰街,TM,Tuen  Mun,屯門,1992-05-29,1862,33753
LUEN WAN STREET,聯運街,YTM,Yau Tsim Mong,油尖旺,1949-03-18,266,17975
LUEN WO ROAD,聯和道,N,North,北區,1970-03-06,534,25633
LUEN YAN STREET,聯仁街,TW,Tsuen  Wan,荃灣,1963-06-21,1134,23183
LUEN YAN STREET,聯仁街,TW,Tsuen  Wan,荃灣,2003-05-09,3137,37750
LUEN YICK STREET,聯益街,N,North,北區,1970-03-06,534,25633
LUGARD ROAD,盧吉道,C&W,Central  &  Western,中西區,1915-05-28,244,5627
LUI MING ROAD,雷鳴路,N,North,北區,1992-03-06,833,33669
LUK CHEUNG ROAD,鹿祥路,SK,Sai  Kung,西貢,1991-05-24,1786,33382
LUK HEUNG LANE,陸鄉里,TP,Tai  Po,大埔,1966-03-11,688,24177
LUK HOP STREET,六合街,WTS,Wong Tai Sin,黃大仙,1961-09-08,1577,22532
LUK HOP STREET,六合街,WTS,Wong Tai Sin,黃大仙,2018-02-02,649,43133
LUK LAU AVENUE,綠柳路,WTS,Wong Tai Sin,黃大仙,1970-03-06,536,25633
LUK MEI LANE,鹿尾里,SK,Sai  Kung,西貢,1991-05-24,1786,33382
LUK MEI TSUEN ROAD,鹿尾村路,SK,Sai  Kung,西貢,1991-05-24,1786,33382
LUK MEI TSUEN ROAD,鹿尾村路,SK,Sai  Kung,西貢,2020-06-12,3237,43994
LUK MING STREET,鹿鳴街,KC,Kowloon  City,九龍城,1959-04-17,548,21657
LUK YUEN STREET,鹿苑街,TM,Tuen  Mun,屯門,1983-01-28,326,30344
LUN CHEUNG STREET,麟祥街,KC,Kowloon  City,九龍城,1959-04-17,548,21657
LUN HING STREET,聯興街,WC,Wan  Chai,灣仔,1930-03-07,138,11024
LUNG CHAK ROAD,龍澤路,TM,Tuen  Mun,屯門,2013-08-02,4533,41488
LUNG CHEUNG ROAD,龍翔道,KT-WTS-KC-SSP,Kwun Tong / Wong Tai Sin / Kowloon  City / Sham  Shui  Po,觀塘 / 黃大仙 / 九龍城 / 深水埗,1960-11-11,1713,22231
LUNG CHEUNG ROAD,龍翔道,KT-WTS-KC-SSP,Kwun Tong / Wong Tai Sin / Kowloon  City / Sham  Shui  Po,觀塘 / 黃大仙 / 九龍城 / 深水埗,2017-04-21,2427,42846
LUNG CHEUNG ROAD,龍翔道,KT-WTS-KC-SSP,Kwun Tong / Wong Tai Sin / Kowloon  City / Sham  Shui  Po,觀塘 / 黃大仙 / 九龍城 / 深水埗,2018-08-10,6060,43322
LUNG CHI PATH,龍池徑,WTS,Wong Tai Sin,黃大仙,1983-04-22,1265,30428
LUNG CHU STREET,龍珠街,SSP,Sham  Shui  Po,深水埗,1964-01-10,77,23386
LUNG CHUN ROAD,龍峻路,N,North,北區,2021-02-26,1088,44253
LUNG FAI STREET,龍輝街,TM,Tuen  Mun,屯門,1992-05-29,1862,33753
LUNG FAT STREET,龍發街,TM,Tuen  Mun,屯門,2001-09-21,5851,37155
LUNG FU ROAD,龍富路,TM,Tuen  Mun,屯門,2002-01-25,611,37281
LUNG FUNG STREET,龍鳳街,WTS,Wong Tai Sin,黃大仙,1963-11-08,2197,23323
LUNG HA WAN ROAD,龍蝦灣路,SK,Sai  Kung,西貢,1986-11-21,4036,31737
LUNG HONG STREET,龍康街,TM,Tuen  Mun,屯門,2001-09-21,5851,37155
LUNG HONG STREET,龍康街,TM,Tuen  Mun,屯門,2010-11-19,7264,40501
LUNG HOP STREET,龍合街,WC,Wan  Chai,灣仔,2019-03-15,1970,43539
LUNG KING STREET,龍景街,WC,Wan  Chai,灣仔,1974-05-31,1382,27180
LUNG KING STREET,龍景街,WC,Wan  Chai,灣仔,2023-06-23,3741,45100
LUNG KONG ROAD,龍崗道,KC,Kowloon  City,九龍城,1933-05-12,340,12186
LUNG KUI ROAD,龍駒道,SSP,Sham  Shui  Po,深水埗,2016-07-08,3864,42559
LUNG KWU TAN ROAD,龍鼓灘路,TM,Tuen  Mun,屯門,1991-02-08,504,33277
LUNG KWU TAN ROAD,龍鼓灘路,TM,Tuen  Mun,屯門,1993-02-12,480,34012
LUNG KWU TAN ROAD,龍鼓灘路,TM,Tuen  Mun,屯門,1995-06-09,2107,34859
LUNG MA ROAD,龍馬路,N,North,北區,1995-09-01,3544,34943
LUNG MA ROAD,龍馬路,N,North,北區,2019-05-31,3587,43616
LUNG MEI TSUEN ROAD,龍尾村路,SK,Sai  Kung,西貢,1991-10-11,3622,33522
LUNG MUN ROAD,龍門路,TM,Tuen  Mun,屯門,1977-12-23,3134,28482
LUNG MUN ROAD,龍門路,TM,Tuen  Mun,屯門,1991-02-08,504,33277
LUNG MUN ROAD,龍門路,TM,Tuen  Mun,屯門,1995-06-09,2052,34859
LUNG MUN ROAD,龍門路,TM,Tuen  Mun,屯門,2000-03-03,1352,36588
LUNG MUN ROAD,龍門路,TM,Tuen  Mun,屯門,2000-06-09,3695,36686
LUNG MUN ROAD,龍門路,TM,Tuen  Mun,屯門,2000-08-11,5316,36749
LUNG MUN ROAD,龍門路,TM,Tuen  Mun,屯門,2009-06-12,3680,39976
LUNG PAK STREET,龍柏街,ST,Sha Tin,沙田,1982-03-05,754,30015
LUNG PING ROAD,龍坪道,SSP,Sham  Shui  Po,深水埗,1985-11-15,3803,31366
LUNG PING ROAD,龍坪道,SSP,Sham  Shui  Po,深水埗,2016-03-18,1597,42447
LUNG POON STREET,龍蟠街,WTS,Wong Tai Sin,黃大仙,1988-03-31,1053,32233
LUNG SHING STREET,龍盛街,Is,Islands,離島,2014-03-14,1563,41712
LUNG SUM AVENUE,龍琛路,N,North,北區,1965-02-26,481,23799
LUNG SUM AVENUE,龍琛路,N,North,北區,1994-01-28,337,34362
LUNG SUM LANE,龍琛里,N,North,北區,1999-07-09,3891,36350
LUNG TAK STREET,龍德街,TW,Tsuen  Wan,荃灣,1970-03-06,535,25633
LUNG TAK STREET,隆德街,KC,Kowloon  City,九龍城,1974-06-28,1626,27208
LUNG TANG ROAD,龍騰路,TW,Tsuen  Wan,荃灣,1977-11-25,2859,28454
LUNG TAT PATH,龍達徑,WC,Wan  Chai,灣仔,2023-06-23,3740,45100
LUNG TIN STREET,龍田街,Is,Islands,離島,2014-03-14,1563,41712
LUNG TING LANE,龍庭里,KC,Kowloon  City,九龍城,2024-03-08,1335,45359
LUNG TO STREET,龍圖街,KC,Kowloon  City,九龍城,1959-04-17,548,21657
LUNG WAH STREET,龍華街,C&W,Central  &  Western,中西區,1966-11-25,2982,24436
LUNG WAH STREET,龍華街,C&W,Central  &  Western,中西區,2010-08-20,5350,40410
LUNG WAN STREET,龍運街,N,North,北區,1994-01-28,337,34362
LUNG WO ROAD,龍和道,C&W-WC,Central  &  Western / Wan  Chai,中西區 / 灣仔,2009-12-04,7642,40151
LUNG WO ROAD,龍和道,C&W-WC,Central  &  Western / Wan  Chai,中西區 / 灣仔,2011-02-25,1314,40599
LUNG WO ROAD,龍和道,C&W-WC,Central  &  Western / Wan  Chai,中西區 / 灣仔,2019-03-15,1971,43539
LUNG WO ROAD,龍和道,C&W-WC,Central  &  Western / Wan  Chai,中西區 / 灣仔,2019-03-29,2321,43553
LUNG WUI ROAD,龍匯道,C&W-WC,Central  &  Western / Wan  Chai,中西區 / 灣仔,1997-10-17,1882,35720
LUNG WUI ROAD,龍匯道,C&W-WC,Central  &  Western / Wan  Chai,中西區 / 灣仔,2010-01-15,296,40193
LUNG YAN ROAD,龍欣道,ST-SSP,Sha Tin / Sham  Shui  Po,沙田 / 深水埗,2001-06-15,3632,37057
LUNG YIN ROAD,龍涎道,WTS,Wong Tai Sin,黃大仙,1989-04-21,1309,32619
LUNG YIU STREET,龍耀街,TM,Tuen  Mun,屯門,1992-05-29,1862,33753
LUNG YUE ROAD,龍如路,TW,Tsuen  Wan,荃灣,1977-11-25,2859,28454
LUNG YUET ROAD,龍悅道,SSP,Sham  Shui  Po,深水埗,2016-03-18,1596,42447
LYCHEE ROAD EAST,荔枝東路,YL,Yuen Long,元朗,1984-08-31,2609,30925
LYCHEE ROAD NORTH,荔枝北路,YL,Yuen Long,元朗,1984-08-31,2609,30925
LYCHEE ROAD SOUTH,荔枝南路,YL,Yuen Long,元朗,1984-08-31,2609,30925
LYCHEE ROAD WEST,荔枝西路,YL,Yuen Long,元朗,1984-08-31,2609,30925
LYTTELTON ROAD,列堤頓道,C&W,Central  &  Western,中西區,1904-01-29,59,1490
MA CHAI HANG ROAD,馬仔坑道,WTS,Wong Tai Sin,黃大仙,1976-02-06,288,27796
MA CHAI HANG ROAD,馬仔坑道,WTS,Wong Tai Sin,黃大仙,1986-01-24,327,31436
MA CHAI HANG ROAD,馬仔坑道,WTS,Wong Tai Sin,黃大仙,2018-08-10,6060,43322
MA CHUNG ROAD,馬聰路,TP,Tai  Po,大埔,1991-08-23,2969,33473
MA FUK ROAD,馬福路,N,North,北區,2024-03-01,1176,45352
MA FUNG LING ROAD,孖峰嶺路,YL,Yuen Long,元朗,1985-09-13,3022,31303
MA HANG CHUNG ROAD,馬坑涌道,KC,Kowloon  City,九龍城,1926-02-12,68,9540
MA HANG CHUNG ROAD,馬坑涌道,KC,Kowloon  City,九龍城,1926-04-16,202,9603
MA KAM STREET,馬錦街,ST,Sha Tin,沙田,1997-11-07,2357,35741
MA KOK LANE,馬角里,TW,Tsuen  Wan,荃灣,1983-11-04,3497,30624
MA KOK STREET,馬角街,TW,Tsuen  Wan,荃灣,1966-02-18,470,24156
MA LING PATH,馬鈴徑,ST,Sha Tin,沙田,1981-03-27,958,29672
MA LOK PATH,馬樂徑,ST,Sha Tin,沙田,1981-03-27,958,29672
MA MIU ROAD,媽廟路,YL,Yuen Long,元朗,1977-12-02,2944,28461
MA ON PATH,馬鞍徑,ST,Sha Tin,沙田,1981-03-27,958,29672
MA ON SHAN BYPASS,馬鞍山繞道,ST-TP,Sha Tin / Tai  Po,沙田 / 大埔,2005-08-05,3796,38569
MA ON SHAN ROAD,馬鞍山路,ST,Sha Tin,沙田,1987-01-02,40,31779
MA ON SHAN ROAD,馬鞍山路,ST,Sha Tin,沙田,1988-10-21,3586,32437
MA ON SHAN ROAD,馬鞍山路,ST,Sha Tin,沙田,1992-01-31,412,33634
MA ON SHAN ROAD,馬鞍山路,ST,Sha Tin,沙田,2015-11-13,8863,42321
MA ON SHAN TSUEN ROAD,馬鞍山村路,ST,Sha Tin,沙田,2006-08-11,4997,38940
MA PO PING ROAD,蔴埔坪道,Is,Islands,離島,1970-06-05,1156,25724
MA SHING PATH,馬成徑,TP,Tai  Po,大埔,2010-06-18,3608,40347
MA SIK ROAD,馬適路,N,North,北區,1995-01-13,154,34712
MA SIM PAI ROAD,馬閃排路,TW,Tsuen  Wan,荃灣,1984-01-27,287,30708
MA SIM PAI ROAD,馬閃排路,TW,Tsuen  Wan,荃灣,1999-09-03,5148,36406
MA TAK ROAD,馬得路,N,North,北區,2024-03-01,1176,45352
MA TAU CHUNG ROAD,馬頭涌道,KC,Kowloon  City,九龍城,1926-02-12,68,9540
MA TAU CHUNG ROAD,馬頭涌道,KC,Kowloon  City,九龍城,1926-04-16,202,9603
MA TAU KOK ROAD,馬頭角道,KC,Kowloon  City,九龍城,1926-02-12,68,9540
MA TAU KOK ROAD,馬頭角道,KC,Kowloon  City,九龍城,1926-04-16,202,9603
MA TAU PA ROAD,馬頭壩道,TW,Tsuen  Wan,荃灣,1963-06-21,1134,23183
MA TAU WAI ROAD,馬頭圍道,KC,Kowloon  City,九龍城,1926-02-12,68,9540
MA TAU WAI ROAD,馬頭圍道,KC,Kowloon  City,九龍城,1926-04-16,202,9603
MA TAU WAI ROAD,馬頭圍道,KC,Kowloon  City,九龍城,1926-06-25,342,9673
MA TAU WAI ROAD,馬頭圍道,KC,Kowloon  City,九龍城,1976-03-12,580,27831
MA TIN ROAD,馬田路,YL,Yuen Long,元朗,1978-09-29,2481,28762
MA TIN ROAD,馬田路,YL,Yuen Long,元朗,1984-06-15,1738,30848
MA TIN ROAD,馬田路,YL,Yuen Long,元朗,2015-07-03,4864,42188
MA TONG ROAD,馬棠路,YL,Yuen Long,元朗,1991-06-28,2215,33417
MA TONG ROAD,馬棠路,YL,Yuen Long,元朗,2005-05-27,2493,38499
MA TONG ROAD,馬棠路,YL,Yuen Long,元朗,2015-07-03,4864,42188
MA TSO LUNG ROAD,馬草壟路,N,North,北區,1998-01-23,406,35818
MA WAN ROAD,馬灣路,TW,Tsuen  Wan,荃灣,2002-08-16,5033,37484
MA WAN RURAL COMMITTEE ROAD,馬灣鄉事會路,TW,Tsuen  Wan,荃灣,2002-09-27,6118,37526
MA WAN RURAL COMMITTEE ROAD,馬灣鄉事會路,TW,Tsuen  Wan,荃灣,2006-10-13,6513,39003
MA WANG ROAD,媽橫路,YL,Yuen Long,元朗,1978-09-29,2481,28762
MA WANG ROAD,媽橫路,YL,Yuen Long,元朗,1983-06-03,1752,30470
MA WANG ROAD,媽橫路,YL,Yuen Long,元朗,1984-08-31,2608,30925
MA WO ROAD,馬窩路,TP,Tai  Po,大埔,1991-08-23,2969,33473
MA YAU TONG ROAD,馬游塘路,SK,Sai  Kung,西貢,1991-09-20,3343,33501
MA YEUNG PATH,馬鞅徑,ST,Sha Tin,沙田,1981-03-27,958,29672
MA YING PATH,馬影徑,ST,Sha Tin,沙田,1981-03-27,958,29672
MACDONNELL ROAD,麥當勞道,C&W,Central  &  Western,中西區,1958-06-27,865,21363
MAGAZINE GAP ROAD,馬己仙峽道,C&W-WC,Central  &  Western / Wan  Chai,中西區 / 灣仔,1908-02-07,80,2960
MAGAZINE GAP ROAD,馬己仙峽道,C&W-WC,Central  &  Western / Wan  Chai,中西區 / 灣仔,1957-11-22,1553,21146
MAGAZINE GAP ROAD,馬己仙峽道,C&W-WC,Central  &  Western / Wan  Chai,中西區 / 灣仔,1958-01-03,16,21188
MAGIC ROAD,神奇道,Is-TW,Islands / Tsuen  Wan,離島 / 荃灣,2004-12-17,8104,38338
MAGNOLIA ROAD,玉蘭路,SSP,Sham  Shui  Po,深水埗,1953-11-20,1420,19683
MAI PO LUNG ROAD,米埔隴路,YL,Yuen Long,元朗,1993-12-03,4433,34306
MAI PO ROAD,米埔路,YL,Yuen Long,元朗,2006-08-04,4859,38933
MAI PO SOUTH ROAD,米埔南路,YL,Yuen Long,元朗,2020-04-03,1669,43924
MAIDSTONE LANE,美善同里,KC,Kowloon  City,九龍城,1954-06-11,713,19886
MAIDSTONE ROAD,美善同道,KC,Kowloon  City,九龍城,1954-06-11,713,19886
"MAIN STREET, AP LEI CHAU",鴨脷洲大街,S,Southern,南區,1976-03-12,580,27831
"MAIN STREET, AP LEI CHAU",鴨脷洲大街,S,Southern,南區,1998-06-26,3111,35972
MAK YUEN WAI ROAD,麥園圍路,TM,Tuen  Mun,屯門,2014-05-09,2737,41768
MALACCA STREET,馬來街,KC,Kowloon  City,九龍城,1929-05-31,283,10744
MAN CHAT ROAD,文質路,TM,Tuen  Mun,屯門,2015-03-13,2183,42076
MAN CHEONG STREET,文昌街,YTM,Yau Tsim Mong,油尖旺,1965-10-15,2461,24030
MAN CHEONG STREET,文昌街,YTM,Yau Tsim Mong,油尖旺,1974-07-12,1739,27222
MAN CHEUNG STREET,民祥街,C&W,Central  &  Western,中西區,1998-05-29,2630,35944
MAN CHIU STREET,民照街,C&W,Central  &  Western,中西區,1998-05-29,2630,35944
MAN FAI STREET,民輝街,C&W,Central  &  Western,中西區,1998-05-29,2630,35944
MAN FAT STREET,文發街,SSP,Sham  Shui  Po,深水埗,1977-12-16,3094,28475
MAN FUK ROAD,文福道,KC,Kowloon  City,九龍城,1963-12-20,2488,23365
MAN FUK ROAD,文福道,KC,Kowloon  City,九龍城,1969-04-11,667,25304
MAN FUNG PATH,民豐徑,KC,Kowloon  City,九龍城,1999-03-05,1117,36224
MAN HANG STREET,文恆街,ST,Sha Tin,沙田,1981-06-12,1685,29749
MAN HONG STREET,民康街,E,Eastern,東區,1984-11-30,3529,31016
MAN HOP PATH,民合徑,YL,Yuen Long,元朗,1983-06-03,1752,30470
MAN KAM TO ROAD,文錦渡路,N,North,北區,1972-09-15,2306,26557
MAN KAT STREET,民吉街,C&W,Central  &  Western,中西區,1998-05-29,2630,35944
MAN KUK LANE,文曲里,SK,Sai  Kung,西貢,1999-11-12,6953,36476
MAN KWONG STREET,民光街,C&W,Central  &  Western,中西區,1998-05-29,2630,35944
MAN KWONG STREET,民光街,C&W,Central  &  Western,中西區,2012-10-19,6891,41201
MAN LAI ROAD,文禮路,ST,Sha Tin,沙田,1980-09-26,3083,29490
MAN LAI ROAD,文禮路,ST,Sha Tin,沙田,1983-07-01,2023,30498
MAN LAM ROAD,文林路,ST,Sha Tin,沙田,1980-09-26,3083,29490
MAN LAM ROAD,文林路,ST,Sha Tin,沙田,1981-02-20,595,29637
MAN LAM ROAD,文林路,ST,Sha Tin,沙田,1983-07-01,2023,30498
MAN LOK STREET,民樂街,KC,Kowloon  City,九龍城,1974-06-21,1570,27201
MAN NIN STREET,萬年街,SK,Sai  Kung,西貢,1973-12-07,3147,27005
MAN ON STREET,萬安街,YTM,Yau Tsim Mong,油尖旺,1958-05-30,732,21335
MAN PO STREET,民寶街,C&W,Central  &  Western,中西區,1998-05-29,2630,35944
MAN SHE LANE,文社里,C&W,Central  &  Western,中西區,2012-10-19,6891,41201
MAN SHUN LANE,文順巷,Is,Islands,離島,1984-01-20,204,30701
MAN SING STREET,文成街,YTM,Yau Tsim Mong,油尖旺,1963-05-17,867,23148
MAN SIU STREET,民兆街,KC,Kowloon  City,九龍城,1976-06-25,1367,27936
MAN TAI STREET,民泰街,KC,Kowloon  City,九龍城,1976-06-25,1367,27936
MAN TAK ROAD,民德路,YL,Yuen Long,元朗,2001-05-11,2971,37022
MAN TUNG ROAD,文東路,Is,Islands,離島,1998-06-19,2978,35965
MAN WAI STREET,文蔚街,YTM,Yau Tsim Mong,油尖旺,1963-05-17,867,23148
MAN WAN ROAD,文運道,KC,Kowloon  City,九龍城,1963-12-20,2488,23365
MAN WAN ROAD,文運道,KC,Kowloon  City,九龍城,1969-04-11,667,25304
MAN WUI STREET,文匯街,YTM,Yau Tsim Mong,油尖旺,1965-10-15,2461,24030
MAN YEE LANE,萬宜里,C&W,Central  &  Western,中西區,1971-07-23,1639,26137
MAN YING STREET,文英街,YTM,Yau Tsim Mong,油尖旺,1963-05-17,867,23148
MAN YIU STREET,民耀街,C&W,Central  &  Western,中西區,1998-05-29,2630,35944
MAN YUE STREET,民裕街,KC,Kowloon  City,九龍城,1974-06-21,1570,27201
MAN YUEN STREET,文苑街,YTM,Yau Tsim Mong,油尖旺,1963-05-17,867,23148
MANG KUNG UK ROAD,孟公屋路,SK,Sai  Kung,西貢,1991-09-20,3343,33501
MANG KUNG WO ROAD,孟公窩路,SK,Sai  Kung,西貢,1991-03-28,1087,33325
MANSFIELD ROAD,文輝道,C&W,Central  &  Western,中西區,1964-12-24,3484,23735
MANSION STREET,民新街,E,Eastern,東區,1959-04-10,507,21650
MAPLE GARDENS 1ST STREET,碧豪苑第一街,YL,Yuen Long,元朗,1998-01-09,173,35804
MAPLE GARDENS 2ND STREET,碧豪苑第二街,YL,Yuen Long,元朗,1998-01-09,173,35804
MAPLE GARDENS 3RD STREET,碧豪苑第三街,YL,Yuen Long,元朗,1998-01-09,173,35804
MAPLE GARDENS 4TH STREET,碧豪苑第四街,YL,Yuen Long,元朗,1998-01-09,173,35804
MAPLE GARDENS 5TH STREET,碧豪苑第五街,YL,Yuen Long,元朗,1998-01-09,173,35804
MAPLE GARDENS 6TH STREET,碧豪苑第六街,YL,Yuen Long,元朗,1998-01-09,173,35804
MAPLE GARDENS 7TH STREET,碧豪苑第七街,YL,Yuen Long,元朗,1998-01-09,173,35804
MAPLE STREET,楓樹街,YTM-SSP,Yau Tsim Mong / Sham  Shui  Po,油尖旺 / 深水埗,1927-11-25,699,10191
MARBLE ROAD,馬寶道,E,Eastern,東區,1937-09-24,682,13782
MARBLE ROAD,馬寶道,E,Eastern,東區,1954-07-16,877,19921
MARCONI ROAD,馬可尼道,KC,Kowloon  City,九龍城,1968-01-05,26,24842
MARIGOLD ROAD,壽菊路,SSP,Sham  Shui  Po,深水埗,1953-11-20,1420,19683
MARINA DRIVE,遊艇徑,Is,Islands,離島,2000-09-15,6058,36784
MARSH ROAD,馬師道,WC,Wan  Chai,灣仔,1929-06-14,312,10758
MARSH ROAD,馬師道,WC,Wan  Chai,灣仔,1972-07-07,1666,26487
MASON'S LANE,美臣里,C&W,Central  &  Western,中西區,1887-09-03,356,3/9/1887
MAU LAM STREET,茂林街,YTM,Yau Tsim Mong,油尖旺,1922-07-28,335,8245
MAU PO ROAD,茅莆路,SK,Sai  Kung,西貢,2012-05-11,3325,41040
MAU TAI ROAD,貿泰路,SK,Sai  Kung,西貢,1993-07-09,2388,34159
MAU TAN STREET,牡丹街,YL,Yuen Long,元朗,1977-12-02,2944,28461
MAU TIN LANE,茂田里,SK,Sai  Kung,西貢,1991-07-05,2294,33424
MAU YIP ROAD,貿業路,SK,Sai  Kung,西貢,1993-07-09,2388,34159
MAY ROAD,梅道,C&W,Central  &  Western,中西區,1907-04-12,250,2659
MAY ROAD,梅道,C&W,Central  &  Western,中西區,1967-10-27,2313,24772
MCGREGOR STREET,麥加力歌街,WC,Wan  Chai,灣仔,2014-07-25,4345,41845
MEI CHING ROAD,美青路,K&T,Kwai  Tsing,葵青,1998-07-03,3230,35979
MEI FAI STREET,美輝街,ST,Sha Tin,沙田,2011-05-13,2996,40676
MEI FONG STREET,美芳街,K&T,Kwai  Tsing,葵青,1974-04-19,1023,27138
MEI FUK STREET,美福街,SK,Sai  Kung,西貢,2004-12-17,8101,38338
MEI FUNG ROAD,尾逢路,YL,Yuen Long,元朗,2021-02-05,708,44232
MEI KING STREET,美景街,KC,Kowloon  City,九龍城,1959-01-23,131,21573
MEI KING STREET,美景街,KC,Kowloon  City,九龍城,1973-10-12,2656,26949
MEI KING STREET,美景街,KC,Kowloon  City,九龍城,1977-02-17,420,28173
MEI KWONG STREET,美光街,KC,Kowloon  City,九龍城,1973-10-12,2656,26949
MEI LAI ROAD,美荔道,SSP,Sham  Shui  Po,深水埗,1975-03-21,641,27474
MEI LAI ROAD,美荔道,SSP,Sham  Shui  Po,深水埗,1978-10-13,2641,28776
MEI LOK LANE,美樂里,TM,Tuen  Mun,屯門,1993-02-12,479,34012
MEI MUN LANE,美滿里,ST,Sha Tin,沙田,2000-01-14,275,36539
MEI ON STREET,美安街,YTM,Yau Tsim Mong,油尖旺,1965-11-12,2673,24058
MEI SUN LANE,美新里,TP,Tai  Po,大埔,1993-07-23,2596,34173
MEI SUN LANE,美新里,TP,Tai  Po,大埔,1993-07-23,2594,34173
MEI TAK STREET,美德街,SK,Sai  Kung,西貢,2004-12-17,8101,38338
MEI TIN ROAD,美田路,ST,Sha Tin,沙田,1984-06-15,1737,30848
MEI TIN ROAD,美田路,ST,Sha Tin,沙田,2009-09-04,5553,40060
MEI TUNG STREET,美東街,Is,Islands,離島,1997-04-25,2008,35545
MEI WAN STREET,美環街,TW,Tsuen  Wan,荃灣,1972-09-15,2305,26557
MEI WAN STREET,美環街,TW,Tsuen  Wan,荃灣,1999-01-08,116,36168
MEI WO CIRCUIT,美禾圍,ST,Sha Tin,沙田,1984-01-27,285,30708
MEI WU ROAD,美湖路,TP,Tai  Po,大埔,1993-02-19,555,34019
MEI YU STREET,美裕街,SK,Sai  Kung,西貢,2004-12-17,8101,38338
MEI YUEN STREET,美源街,SK,Sai  Kung,西貢,2004-12-17,8101,38338
MERCURY STREET,水星街,WC,Wan  Chai,灣仔,1952-08-15,972,19221
MERLIN STREET,麥連街,E,Eastern,東區,1952-08-15,972,19221
METROPOLIS DRIVE,都會道,YTM,Yau Tsim Mong,油尖旺,2001-03-30,2134,36980
MIDDLE GAP ROAD,中峽道,WC,Wan  Chai,灣仔,1925-03-27,172,9218
MIDDLE LANE,畔山徑,Is,Islands,離島,1994-11-18,4386,34656
MIDDLE ROAD,中間道,YTM,Yau Tsim Mong,油尖旺,1929-05-31,284,10744
MIDDLE ROAD,中間道,YTM,Yau Tsim Mong,油尖旺,1987-08-07,2562,31996
MIN FAT STREET,綿發街,WC,Wan  Chai,灣仔,1930-03-07,138,11024
MIN FONG LANE,麵房里,ST,Sha Tin,沙田,1999-11-12,6952,36476
MIN FONG STREET,麵房街,ST,Sha Tin,沙田,1981-06-12,1685,29749
MIN STREET,閩街,YTM,Yau Tsim Mong,油尖旺,1930-01-17,39,10975
MIN STREET,閩街,YTM,Yau Tsim Mong,油尖旺,1941-10-31,1282,15280
MINDEN AVENUE,棉登徑,YTM,Yau Tsim Mong,油尖旺,1923-09-28,411,8672
MING CHI STREET,明智街,KT,Kwun Tong,觀塘,1968-08-02,1598,25052
MING FAI ROAD,明暉路,Is,Islands,離島,1985-12-27,4230,31408
MING FUNG STREET,鳴鳳街,WTS,Wong Tai Sin,黃大仙,1963-11-08,2197,23323
MING KUM ROAD,鳴琴路,TM,Tuen  Mun,屯門,1977-12-23,3134,28482
MING KUM ROAD,鳴琴路,TM,Tuen  Mun,屯門,1990-11-02,3965,33179
MING LUN STREET,明倫街,KC,Kowloon  City,九龍城,1959-05-15,670,21685
MING NGAI STREET,明藝街,TM,Tuen  Mun,屯門,1975-08-01,1693,27607
MING ON STREET,明安街,KC,Kowloon  City,九龍城,1967-11-24,2521,24800
MING SHING STREET,名成街,SK,Sai  Kung,西貢,2003-01-10,228,37631
MING TSUI STREET,明趣街,E,Eastern,東區,1990-03-02,779,32934
MING YIN ROAD,銘賢路,N,North,北區,1995-01-13,156,34712
MIU KONG STREET,廟崗街,TW,Tsuen  Wan,荃灣,1983-11-04,3497,30624
MIU TUNG STREET,廟東街,E,Eastern,東區,1959-02-27,315,21608
MO YING ROAD,武英路,SK,Sai  Kung,西貢,1986-08-15,2817,31639
MODEL LANE,模範里,E,Eastern,東區,1969-10-17,2053,25493
MODY LANE,麼地里,YTM,Yau Tsim Mong,油尖旺,1982-02-19,564,30001
MODY ROAD,麼地道,YTM,Yau Tsim Mong,油尖旺,1982-02-19,564,30001
MODY SQUARE,麼地廣場,YTM,Yau Tsim Mong,油尖旺,1985-12-13,4096,31394
MOK CHEONG STREET,木廠街,KC,Kowloon  City,九龍城,1926-02-12,68,9540
MOK CHEONG STREET,木廠街,KC,Kowloon  City,九龍城,1926-04-16,202,9603
MOK TSE CHE ROAD,莫遮輋路,SK,Sai  Kung,西貢,2003-05-16,3285,37757
MONG FAT STREET,望發街,TM,Tuen  Mun,屯門,1992-05-29,1862,33753
MONG KOK ROAD,旺角道,YTM,Yau Tsim Mong,油尖旺,1923-09-28,411,8672
MONG LUNG STREET,望隆街,E,Eastern,東區,1931-05-15,300,11458
MONG LUNG STREET,望隆街,E,Eastern,東區,1931-07-10,436,11514
MONG LUNG STREET,望隆街,E,Eastern,東區,1960-07-08,1060,22105
MONG LUNG STREET,望隆街,E,Eastern,東區,1986-03-07,786,31478
MONG TAT STREET,望達街,TM,Tuen  Mun,屯門,2001-09-21,5851,37155
MONG WING STREET,望榮街,TM,Tuen  Mun,屯門,2001-09-21,5851,37155
MONMOUTH PATH,萬茂里,C&W-WC,Central  &  Western / Wan  Chai,中西區 / 灣仔,1956-09-14,1176,20712
MONMOUTH TERRACE,萬茂臺,WC,Wan  Chai,灣仔,1949-10-28,1044,18199
MONTE PATH,綠怡徑,ST,Sha Tin,沙田,1991-11-22,4198,33564
MOON TIN LANE,滿田里,TM,Tuen  Mun,屯門,2023-05-19,3075,45065
MOORSOM DRIVE,睦誠徑,WC,Wan  Chai,灣仔,1974-10-04,2524,27306
MOORSOM ROAD,睦誠道,WC,Wan  Chai,灣仔,1968-07-19,1504,25038
MOORSOM ROAD,睦誠道,WC,Wan  Chai,灣仔,1973-06-15,1541,26830
MOORSOM ROAD,睦誠道,WC,Wan  Chai,灣仔,1976-04-09,784,27859
MOORSOM ROAD,睦誠道,WC,Wan  Chai,灣仔,1986-06-13,2016,31576
MORAY ROAD,慕禮道,KC,Kowloon  City,九龍城,1951-05-18,522,18766
MOSQUE JUNCTION,摩羅廟交加街,C&W,Central  &  Western,中西區,1958-06-27,865,21363
MOSQUE STREET,摩羅廟街,C&W,Central  &  Western,中西區,1958-06-27,865,21363
MOUNT AUSTIN ROAD,柯士甸山道,C&W,Central  &  Western,中西區,1960-07-29,1174,22126
MOUNT BUTLER DRIVE,畢拉山徑,WC,Wan  Chai,灣仔,1970-04-24,867,25682
MOUNT BUTLER ROAD,畢拉山道,WC,Wan  Chai,灣仔,1962-03-30,694,22735
MOUNT CAMERON ROAD,金馬麟山道,WC,Wan  Chai,灣仔,1926-01-29,46,9526
MOUNT DAVIS PATH,摩星嶺徑,C&W,Central  &  Western,中西區,1983-07-15,2232,30512
MOUNT DAVIS ROAD,摩星嶺道,C&W-S,Central  &  Western / Southern,中西區 / 南區,1924-01-18,29,8784
MOUNT DAVIS ROAD,摩星嶺道,C&W-S,Central  &  Western / Southern,中西區 / 南區,2006-11-03,7031,39024
MOUNT NICHOLSON ROAD,聶歌信山道,WC,Wan  Chai,灣仔,1957-11-08,1495,21132
MOUNT PARKER ROAD,柏架山道,E-S,Eastern / Southern,東區 / 南區,1970-03-20,642,25647
MOUNT STERLING MALL,萬事達廣場,SSP,Sham  Shui  Po,深水埗,1975-07-04,1485,27579
MOUNT STERLING MALL,萬事達廣場,SSP,Sham  Shui  Po,深水埗,1976-01-23,192,27782
MUI FONG STREET,梅芳街,C&W,Central  &  Western,中西區,1919-09-26,450,7209
MUI HING STREET,梅馨街,WC,Wan  Chai,灣仔,1930-03-07,138,11024
MUI SHU HANG ROAD,梅樹坑路,TP,Tai  Po,大埔,1988-09-02,2937,32388
MUI TSZ LAM ROAD,梅子林路,ST,Sha Tin,沙田,1995-12-08,5099,35041
MUI WO CHUNG HAU STREET,梅窩涌口街,Is,Islands,離島,1983-11-04,3496,30624
MUI WO FERRY PIER ROAD,梅窩碼頭路,Is,Islands,離島,1983-11-04,3496,30624
MUI WO RURAL COMMITTEE ROAD,梅窩鄉事會路,Is,Islands,離島,1983-11-04,3496,30624
MUK CHUI STREET,沐翠街,KC,Kowloon  City,九龍城,2012-09-28,6493,41180
MUK CHUN STREET,沐縉街,KC,Kowloon  City,九龍城,2012-09-28,6493,41180
MUK HUNG STREET,沐虹街,KC,Kowloon  City,九龍城,2012-09-28,6493,41180
MUK LAI STREET,沐禮街,KC,Kowloon  City,九龍城,2021-07-23,4522,44400
MUK LONG STREET,沐朗街,KC,Kowloon  City,九龍城,2017-08-04,5710,42951
MUK LUN STREET,睦鄰街,WTS,Wong Tai Sin,黃大仙,1967-06-02,1195,24625
MUK MIN SHAN ROAD,木棉山路,SK,Sai  Kung,西貢,1991-02-22,649,33291
MUK NING STREET,沐寧街,KC,Kowloon  City,九龍城,2014-02-14,930,41684
MUK ON STREET,沐安街,KC,Kowloon  City,九龍城,2012-09-28,6493,41180
MUK TAI STREET,沐泰街,KC,Kowloon  City,九龍城,2017-03-03,1160,42797
MUK WO STREET,沐和街,KC,Kowloon  City,九龍城,2023-04-28,2593,45044
MUK YUEN STREET,沐元街,KC,Kowloon  City,九龍城,2017-03-03,1160,42797
MUN FAT LANE,滿發里,TM,Tuen  Mun,屯門,1989-06-09,1978,32668
MUSEUM DRIVE,博物館道,YTM,Yau Tsim Mong,油尖旺,2019-05-31,3588,43616
MUT WAH STREET,物華街,KT,Kwun Tong,觀塘,1957-02-22,264,20873
MUT WAH STREET,物華街,KT,Kwun Tong,觀塘,1963-08-02,1479,23225
NAM CHEONG STREET,南昌街,SSP,Sham  Shui  Po,深水埗,1961-04-14,616,22385
NAM CHEONG STREET,南昌街,SSP,Sham  Shui  Po,深水埗,1970-07-17,1480,25766
NAM CHEONG STREET,南昌街,SSP,Sham  Shui  Po,深水埗,2016-03-18,1597,42447
NAM FUNG PATH,南風徑,S,Southern,南區,1998-08-07,3857,36014
NAM FUNG ROAD,南風道,S,Southern,南區,1973-06-01,1420,26816
NAM HANG TSUEN ROAD,南坑村路,YL,Yuen Long,元朗,2006-12-22,8050,39073
NAM HING EAST ROAD,南慶東路,YL,Yuen Long,元朗,2003-05-16,3286,37757
NAM HING WEST ROAD,南慶西路,YL,Yuen Long,元朗,2003-05-16,3286,37757
NAM HING WEST ROAD,南慶西路,YL,Yuen Long,元朗,2020-04-03,1670,43924
NAM HONG STREET,南康街,E,Eastern,東區,1965-07-09,1700,23932
NAM KOK ROAD,南角道,KC,Kowloon  City,九龍城,1933-05-12,340,12186
NAM LONG SHAN ROAD,南朗山道,S,Southern,南區,1969-09-26,1915,25472
NAM NING STREET,南寧街,S,Southern,南區,1979-03-16,713,28930
NAM ON LANE,南安里,E,Eastern,東區,1957-01-25,119,20845
NAM ON LANE,南安里,E,Eastern,東區,1986-03-07,786,31478
NAM ON STREET,南安街,E,Eastern,東區,1930-11-14,686,11276
NAM PIN WAI ROAD,南邊圍路,SK,Sai  Kung,西貢,1990-12-21,4576,33228
NAM SANG WAI ROAD,南生圍路,YL,Yuen Long,元朗,1999-09-17,5409,36420
NAM SHAN CHUEN ROAD,南山邨道,SSP,Sham  Shui  Po,深水埗,1988-11-25,4046,32472
NAM SHAN LANE,南山里,SK,Sai  Kung,西貢,1991-07-05,2294,33424
NAM SHAN ROAD,南山路,Is,Islands,離島,1985-10-18,3454,31338
NAM SHAN SAN TSUEN ROAD,南山新村路,SK,Sai  Kung,西貢,1991-07-05,2294,33424
NAM SHING STREET,南盛街,TP,Tai  Po,大埔,1930-05-02,262,11080
NAM SHING STREET,南盛街,TP,Tai  Po,大埔,1961-11-10,1975,22595
NAM WAI ROAD,南圍路,SK,Sai  Kung,西貢,1991-03-28,1087,33325
NAM WAN ROAD,南運路,TP,Tai  Po,大埔,1983-12-23,3976,30673
NAM WAN ROAD,南運路,TP,Tai  Po,大埔,1990-05-04,1618,32997
NANKING STREET,南京街,YTM,Yau Tsim Mong,油尖旺,1909-03-19,184,3366
NASSAU STREET,蘭秀道,SSP,Sham  Shui  Po,深水埗,2005-06-30,3128,38533
NATHAN ROAD,彌敦道,YTM,Yau Tsim Mong,油尖旺,1909-03-19,184,3366
NATHAN ROAD,彌敦道,YTM,Yau Tsim Mong,油尖旺,1926-01-29,46,9526
NEW CLEAR WATER BAY ROAD,新清水灣道,KT-WTS,Kwun Tong / Wong Tai Sin,觀塘 / 黃大仙,1979-04-20,1001,28965
NEW HIRAM'S HIGHWAY,新西貢公路,SK,Sai  Kung,西貢,2001-08-24,5238,37127
NEW STREET,新街,C&W,Central  &  Western,中西區,1887-07-16,296,16/7/1887
NG CHOW ROAD,五洲路,N,North,北區,1997-07-04,73,35615
NG CHOW SOUTH ROAD,五洲南路,N,North,北區,1997-07-04,73,35615
NG CHOW SOUTH ROAD,五洲南路,N,North,北區,1998-06-12,2853,35958
NG FONG STREET,五芳街,WTS,Wong Tai Sin,黃大仙,1961-09-08,1577,22532
NG LAU ROAD,五柳路,TM,Tuen  Mun,屯門,1993-02-12,479,34012
NG LAU ROAD,五柳路,TM,Tuen  Mun,屯門,1996-02-16,807,35111
NG LAU ROAD,五柳路,TM,Tuen  Mun,屯門,1997-06-27,3222,35608
NGA CHEUNG ROAD,雅翔道,YTM,Yau Tsim Mong,油尖旺,1998-05-22,2488,35937
NGA CHEUNG ROAD,雅翔道,YTM,Yau Tsim Mong,油尖旺,2017-06-30,4524,42916
NGA CHEUNG ROAD,雅翔道,YTM,Yau Tsim Mong,油尖旺,2018-10-05,7463,43378
NGA CHUK STREET,雅竹街,WTS,Wong Tai Sin,黃大仙,1986-01-24,327,31436
NGA TSIN LONG ROAD,衙前塱道,KC,Kowloon  City,九龍城,1933-05-12,340,12186
NGA TSIN WAI ROAD,衙前圍道,KC,Kowloon  City,九龍城,1926-06-25,342,9673
NGA TSIN WAI ROAD,衙前圍道,KC,Kowloon  City,九龍城,1958-02-07,184,21223
NGA WAN ROAD,雅運路,TP,Tai  Po,大埔,2001-03-09,1564,36959
NGA YING CHAU STREET,牙鷹洲街,K&T,Kwai  Tsing,葵青,1989-08-11,2752,32731
NGA YING CHAU STREET,牙鷹洲街,K&T,Kwai  Tsing,葵青,2001-11-30,7499,37225
NGAN CHI PATH,銀池徑,WTS,Wong Tai Sin,黃大仙,1983-04-22,1265,30428
NGAN CHUK LANE,銀竹里,WTS,Wong Tai Sin,黃大仙,1986-01-24,327,31436
NGAN FUNG STREET,銀鳳街,WTS,Wong Tai Sin,黃大仙,1968-04-11,726,24939
NGAN HO PATH,銀河徑,WTS,Wong Tai Sin,黃大仙,1983-05-27,1665,30463
NGAN HON STREET,銀漢街,KC,Kowloon  City,九龍城,1957-07-26,1050,21027
NGAN KWONG WAN ROAD,銀鑛灣路,Is,Islands,離島,1986-10-10,3516,31695
NGAN MOK STREET,銀幕街,WC,Wan  Chai,灣仔,1926-06-11,318,9659
NGAN O ROAD,銀澳路,SK,Sai  Kung,西貢,1992-01-31,411,33634
NGAN SHEK STREET,銀石街,Is,Islands,離島,1993-08-27,3112,34208
NGAN SHEK STREET,銀石街,Is,Islands,離島,2005-03-11,1150,38422
NGAN SHEK STREET,銀石街,Is,Islands,離島,2005-03-18,1295,38429
NGAN SHING STREET,銀城街,ST,Sha Tin,沙田,1981-11-13,3369,29903
NGAN SHING STREET,銀城街,ST,Sha Tin,沙田,1982-12-17,3954,30302
NGAN SHU STREET,銀樹街,Is,Islands,離島,1993-08-27,3112,34208
NGAN WAN ROAD,銀運路,Is,Islands,離島,1986-10-10,3516,31695
NGAN YUET LANE,銀月里,KT,Kwun Tong,觀塘,1974-05-31,1384,27180
NGAU CHI WAN STREET,牛池灣街,WTS,Wong Tai Sin,黃大仙,1979-11-09,2897,29168
NGAU KWU LENG PATH,牛牯嶺徑,TP,Tai  Po,大埔,2008-05-02,2894,39570
NGAU PEI SHA STREET,牛皮沙街,ST,Sha Tin,沙田,1984-03-09,708,30750
NGAU PEI SHA STREET,牛皮沙街,ST,Sha Tin,沙田,2000-12-15,8237,36875
NGAU PEI SHA STREET,牛皮沙街,ST,Sha Tin,沙田,2013-08-02,4532,41488
NGAU TAM MEI ROAD,牛潭尾路,YL,Yuen Long,元朗,1994-09-16,3497,34593
NGAU TAU KOK ROAD,牛頭角道,KT,Kwun Tong,觀塘,1957-02-22,264,20873
NGAU WU TOK STREET,牛湖托街,ST,Sha Tin,沙田,1981-06-12,1685,29749
NGOI MAN STREET,愛民街,E,Eastern,東區,1973-04-06,885,26760
NGONG HOM ROAD,昂磡路,TW,Tsuen  Wan,荃灣,1970-03-06,535,25633
NGONG PING ROAD,昂平路,Is,Islands,離島,1984-09-07,2659,30932
NGONG SHUNG ROAD,昂船路,SSP,Sham  Shui  Po,深水埗,1998-07-03,3230,35979
NGONG WAN ROAD,昂運路,K&T,Kwai  Tsing,葵青,1998-03-27,1527,35881
NIGHTINGALE ROAD,南丁格爾路,YTM,Yau Tsim Mong,油尖旺,2008-10-10,7003,39731
NIM WAN ROAD,稔灣路,TM-YL,Tuen  Mun / Yuen Long,屯門 / 元朗,1993-02-12,479,34012
NIM WAN ROAD,稔灣路,TM-YL,Tuen  Mun / Yuen Long,屯門 / 元朗,1995-06-09,2107,34859
NIN CHUN STREET,年春街,SK,Sai  Kung,西貢,1990-12-21,4576,33228
NIN FUNG ROAD,年豐路,TP,Tai  Po,大埔,1998-08-28,4205,36035
NIN MING ROAD,年明路,TP,Tai  Po,大埔,1999-02-12,747,36203
NIN WAH ROAD,年華路,TP,Tai  Po,大埔,1998-08-28,4205,36035
NING FOO STREET,寧富街,E,Eastern,東區,1966-07-08,1759,24296
NING PO STREET,寧波街,YTM,Yau Tsim Mong,油尖旺,1909-03-19,184,3366
NING TAI ROAD,寧泰路,ST,Sha Tin,沙田,2000-01-21,378,36546
NING WAH STREET,寧華街,WTS,Wong Tai Sin,黃大仙,1966-06-30,1684,24288
NING YUEN STREET,寧遠街,WTS,Wong Tai Sin,黃大仙,1961-09-08,1577,22532
NORFOLK ROAD,羅福道,KC,Kowloon  City,九龍城,1929-08-23,427,10828
NORTH LANTAU HIGHWAY,北大嶼山公路,Is-TW,Islands / Tsuen  Wan,離島 / 荃灣,1997-04-11,1738,35531
NORTH LANTAU HIGHWAY,北大嶼山公路,Is-TW,Islands / Tsuen  Wan,離島 / 荃灣,1998-01-09,174,35804
NORTH PERIMETER ROAD,北環路,Is-TM,Islands / Tuen  Mun,離島 / 屯門,1998-01-02,73,35797
NORTH PERIMETER ROAD,北環路,Is-TM,Islands / Tuen  Mun,離島 / 屯門,2026-05-22,2981,46164
NORTH POINT ESTATE LANE,北角邨里,E,Eastern,東區,1992-01-10,160,33613
NORTH POINT ROAD,北角道,E,Eastern,東區,1933-07-28,511,12263
NORTH STREET,北街,C&W,Central  &  Western,中西區,1927-02-11,81,9904
NORTH VIEW STREET,北景街,E,Eastern,東區,1933-07-28,511,12263
NORTH WEST TSING YI INTERCHANGE,青衣西北交匯處,K&T,Kwai  Tsing,葵青,1997-08-29,1008,35671
NORTHCOTE CLOSE,羅富國徑,S,Southern,南區,1962-02-16,336,22693
NULLAH ROAD,水渠道,YTM,Yau Tsim Mong,油尖旺,1930-01-17,39,10975
O KING ROAD,澳景路,SK-KT,Sai  Kung / Kwun Tong,西貢 / 觀塘,2001-01-19,360,36910
O PUI TONG PATH,澳背塘徑,N,North,北區,2004-01-16,529,38002
OAK STREET,橡樹街,YTM,Yau Tsim Mong,油尖旺,1928-06-15,337,10394
OAKLANDS AVENUE,屋蘭士街,C&W,Central  &  Western,中西區,1964-01-10,78,23386
OAKLANDS PATH,屋蘭士里,C&W,Central  &  Western,中西區,1958-06-27,865,21363
O'BRIEN ROAD,柯布連道,WC,Wan  Chai,灣仔,1929-06-14,312,10758
OBSERVATORY COURT,天文臺圍,YTM,Yau Tsim Mong,油尖旺,1950-09-29,1135,18535
OCEAN DRIVE,海洋徑,S,Southern,南區,2021-04-30,2547,44316
OCEAN PARK ROAD,海洋公園道,S,Southern,南區,1975-02-07,351,27432
OCEAN PARK ROAD,海洋公園道,S,Southern,南區,2012-10-26,7022,41208
OI KAN ROAD,愛勤道,E,Eastern,東區,2000-03-31,2029,36616
OI KING STREET,愛景街,KC,Kowloon  City,九龍城,1999-03-26,1723,36245
OI KWAN ROAD,愛群道,WC,Wan  Chai,灣仔,1968-12-13,2540,25185
OI KWAN ROAD,愛群道,WC,Wan  Chai,灣仔,1969-06-27,1255,25381
OI LAI LANE,愛禮里,TM,Tuen  Mun,屯門,1992-05-29,1862,33753
OI LAI STREET,愛禮街,E,Eastern,東區,2000-03-31,2029,36616
OI MING LANE,愛明里,TM,Tuen  Mun,屯門,1992-05-29,1862,33753
OI SEN PATH,愛晨徑,KC,Kowloon  City,九龍城,1987-11-20,3908,32101
OI SHUN ROAD,愛信道,E,Eastern,東區,2000-03-31,2029,36616
OI TAK LANE,愛德里,TM,Tuen  Mun,屯門,1992-05-29,1862,33753
OI TAK STREET,愛德街,E,Eastern,東區,2000-03-31,2029,36616
OI YEE STREET,愛義街,E,Eastern,東區,2000-03-31,2029,36616
OI YIN STREET,愛賢街,E,Eastern,東區,2000-03-31,2029,36616
OI YUNG STREET,愛勇街,TM,Tuen  Mun,屯門,1992-05-29,1862,33753
OIL STREET,油街,E,Eastern,東區,1931-05-15,300,11458
OIL STREET,油街,E,Eastern,東區,1931-07-10,436,11514
OIL STREET,油街,E,Eastern,東區,1967-02-17,362,24520
"OLD MAIN STREET, ABERDEEN",香港仔舊大街,S,Southern,南區,1958-05-02,607,21307
OLD PEAK ROAD,舊山頂道,C&W,Central  &  Western,中西區,1960-07-29,1174,22126
OLYMPIC AVENUE,世運道,KC,Kowloon  City,九龍城,1964-09-11,2548,23631
OLYMPIC AVENUE,世運道,KC,Kowloon  City,九龍城,2021-07-23,4521,44400
ON CHEE ROAD,安慈路,TP,Tai  Po,大埔,1982-12-17,3955,30302
ON CHEUNG ROAD,安祥路,TP,Tai  Po,大埔,1982-12-17,3955,30302
ON CHEUNG ROAD,安祥路,TP,Tai  Po,大埔,1999-11-26,7269,36490
ON CHING ROAD,安靜道,KC,Kowloon  City,九龍城,1975-07-11,1541,27586
ON CHIT LANE,安捷里,K&T,Kwai  Tsing,葵青,1993-06-18,2100,34138
ON CHIT STREET,安捷街,K&T,Kwai  Tsing,葵青,1982-02-19,563,30001
ON CHIU STREET,鞍超街,ST,Sha Tin,沙田,1994-04-15,1351,34439
ON CHUEN STREET,安全街,N,North,北區,1987-08-28,2857,32017
ON CHUI STREET,安翠街,KT,Kwun Tong,觀塘,2015-08-28,6516,42244
ON CHUK STREET,安足街,K&T,Kwai  Tsing,葵青,1993-06-18,2100,34138
ON CHUN LANE,安駿里,YL,Yuen Long,元朗,1993-04-30,1437,34089
ON CHUN STREET,鞍駿街,ST,Sha Tin,沙田,1994-04-15,1351,34439
ON CHUN STREET,鞍駿街,ST,Sha Tin,沙田,1997-11-07,2358,35741
ON FU ROAD,安富道,TP,Tai  Po,大埔,1930-05-02,262,11080
ON FU ROAD,安富道,TP,Tai  Po,大埔,1961-11-10,1975,22595
ON FUK STREET,安福街,N,North,北區,1987-08-28,2857,32017
ON HEI STREET,安禧街,SK,Sai  Kung,西貢,2021-05-28,3262,44344
ON HING LANE,安興里,ST,Sha Tin,沙田,1995-06-16,2199,34866
ON HO LANE,安浩里,TP,Tai  Po,大埔,1990-05-04,1618,32997
ON HONG ROAD,安康路,YL,Yuen Long,元朗,1977-12-02,2944,28461
ON KIN ROAD,安健道,SK-KT,Sai  Kung / Kwun Tong,西貢 / 觀塘,2021-05-28,3262,44344
ON KING STREET,安景街,ST,Sha Tin,沙田,1989-02-03,418,32542
ON KUI STREET,安居街,N,North,北區,1987-08-28,2857,32017
ON KWAN STREET,安群街,ST,Sha Tin,沙田,1984-09-07,2660,30932
ON KWAN STREET,安群街,ST,Sha Tin,沙田,2001-08-24,5237,37127
ON LAI STREET,安麗街,ST,Sha Tin,沙田,1984-09-07,2660,30932
ON LAI STREET,安麗街,ST,Sha Tin,沙田,2003-01-10,229,37631
ON LAI STREET,安麗街,ST,Sha Tin,沙田,2013-11-01,6569,41579
ON LEUNG LANE,安良里,YL,Yuen Long,元朗,1992-04-10,1270,33704
ON LOK LANE,安樂里,WC,Wan  Chai,灣仔,1930-10-24,652,11255
ON LOK MUN STREET,安樂門街,N,North,北區,1987-08-28,2857,32017
ON LUK STREET,鞍祿街,ST,Sha Tin,沙田,1990-03-02,777,32934
ON LUK STREET,鞍祿街,ST,Sha Tin,沙田,1997-11-07,2357,35741
ON MAN SQUARE,安民坊,TP,Tai  Po,大埔,1982-12-17,3955,30302
ON MING STREET,安明街,ST,Sha Tin,沙田,1984-09-07,2660,30932
ON MING STREET,安明街,ST,Sha Tin,沙田,2000-01-21,377,36546
ON MUK LANE,安睦里,ST,Sha Tin,沙田,2005-05-13,2265,38485
ON MUK STREET,安睦街,ST,Sha Tin,沙田,1984-09-07,2660,30932
ON MUK STREET,安睦街,ST,Sha Tin,沙田,2003-01-10,229,37631
ON MUK STREET,安睦街,ST,Sha Tin,沙田,2003-01-24,520,37645
ON PING STREET,安平街,ST,Sha Tin,沙田,1984-09-07,2660,30932
ON PO LANE,安埔里,TP,Tai  Po,大埔,1987-07-24,2386,31982
ON PO ROAD,安埔路,TP,Tai  Po,大埔,1987-07-24,2386,31982
ON PO ROAD,安埔路,TP,Tai  Po,大埔,1992-11-20,4154,33928
ON PONG ROAD,安邦路,TP,Tai  Po,大埔,1982-12-17,3955,30302
ON SAU ROAD,安秀道,KT,Kwun Tong,觀塘,2014-03-28,1857,41726
ON SHAN LANE,鞍山里,ST,Sha Tin,沙田,1990-03-02,777,32934
ON SHIN ROAD,安善道,KT,Kwun Tong,觀塘,1967-02-24,428,24527
ON SHING STREET,鞍誠街,ST,Sha Tin,沙田,1990-03-02,777,32934
ON SHUN PATH,安信徑,YL,Yuen Long,元朗,2017-10-13,7595,43021
ON SHUN STREET,安信街,YL,Yuen Long,元朗,1981-12-18,3742,29938
ON SUM STREET,安心街,ST,Sha Tin,沙田,1984-09-07,2660,30932
ON TAI ROAD,安泰路,TP,Tai  Po,大埔,1982-12-17,3955,30302
ON TAI ROAD,安泰路,TP,Tai  Po,大埔,1999-11-26,7269,36490
ON TAK ROAD,安德道,KT,Kwun Tong,觀塘,1967-02-24,428,24527
ON TAT SQUARE,安達坊,YL,Yuen Long,元朗,1983-06-03,1752,30470
ON TIN STREET,安田街,KT,Kwun Tong,觀塘,1967-01-13,88,24485
ON TIN STREET,安田街,KT,Kwun Tong,觀塘,2002-09-13,5734,37512
ON TIN STREET,安田街,KT,Kwun Tong,觀塘,2003-08-01,5248,37834
ON TING ROAD,安定道,WTS,Wong Tai Sin,黃大仙,1989-07-07,2313,32696
ON WAH STREET,安華街,KT,Kwun Tong,觀塘,1975-05-09,1043,27523
ON WAN ROAD,安運道,YTM,Yau Tsim Mong,油尖旺,1976-03-05,528,27824
ON WAN ROAD,安運道,YTM,Yau Tsim Mong,油尖旺,2001-03-09,1565,36959
ON WAN ROAD,安運道,YTM,Yau Tsim Mong,油尖旺,2015-11-13,8864,42321
ON WING STREET,安榮街,TW,Tsuen  Wan,荃灣,1973-03-16,704,26739
ON YAN STREET,安茵街,KT,Kwun Tong,觀塘,2015-08-28,6516,42244
ON YAT STREET,安逸街,TW,Tsuen  Wan,荃灣,1980-11-28,3731,29553
ON YIN STREET,安賢街,TW,Tsuen  Wan,荃灣,1980-11-28,3731,29553
ON YIP STREET,安業街,E,Eastern,東區,1974-05-31,1380,27180
ON YIU STREET,安耀街,ST,Sha Tin,沙田,1984-09-07,2660,30932
ON YIU STREET,安耀街,ST,Sha Tin,沙田,2003-01-10,229,37631
ON YU PATH,安愉徑,SK,Sai  Kung,西貢,2021-05-28,3262,44344
ON YU ROAD,安愉道,SK-KT,Sai  Kung / Kwun Tong,西貢 / 觀塘,2021-05-28,3262,44344
ON YUEN STREET,鞍源街,ST,Sha Tin,沙田,1994-04-15,1351,34439
ON YUK ROAD,安育路,TW,Tsuen  Wan,荃灣,1972-09-15,2305,26557
ON YUK ROAD,安育路,TW,Tsuen  Wan,荃灣,1977-01-07,40,28132
ON YUK ROAD,安育路,TW,Tsuen  Wan,荃灣,1987-11-27,3981,32108
ORMSBY STREET,安庶庇街,WC,Wan  Chai,灣仔,1941-07-18,870,15175
ORMSBY STREET,安庶庇街,WC,Wan  Chai,灣仔,1974-11-15,2866,27348
OSMANTHUS ROAD,丹桂路,SSP,Sham  Shui  Po,深水埗,1953-11-20,1420,19683
OXFORD ROAD,牛津道,KC,Kowloon  City,九龍城,1951-05-18,522,18766
OXFORD ROAD,牛津道,KC,Kowloon  City,九龍城,1961-06-16,1002,22448
PA MEI ROAD,壩尾路,Is,Islands,離島,1997-08-01,488,35643
PAI CHONG ROAD,排廠路,Is,Islands,離島,1985-08-09,2597,31268
PAI TAU STREET,排頭街,ST,Sha Tin,沙田,1984-06-15,1737,30848
PAK FA LAM ROAD,百花林路,SK,Sai  Kung,西貢,2003-11-28,8574,37953
PAK FUK ROAD,百福道,E,Eastern,東區,1964-10-30,2990,23680
PAK FUK ROAD,百福道,E,Eastern,東區,1985-05-10,1515,31177
PAK HOI STREET,北海街,YTM,Yau Tsim Mong,油尖旺,1909-03-19,184,3366
PAK HOK TING STREET,白鶴汀街,ST,Sha Tin,沙田,1982-03-12,827,30022
PAK KOK TSUI ROAD,北角咀路,Is,Islands,離島,1985-08-09,2597,31268
PAK KONG AU ROAD,北港㘭路,SK,Sai  Kung,西貢,1991-07-05,2294,33424
PAK KONG AU ROAD,北港㘭路,SK,Sai  Kung,西貢,2007-05-11,3078,39213
PAK KONG ROAD,北港路,SK,Sai  Kung,西貢,1987-02-06,419,31814
PAK KUNG STREET,北拱街,KC,Kowloon  City,九龍城,1926-06-25,342,9673
PAK LAI ROAD,珀麗路,TW,Tsuen  Wan,荃灣,2002-09-27,6118,37526
PAK LAM ROAD,珀林路,TW,Tsuen  Wan,荃灣,2002-09-27,6118,37526
PAK LEE STREET,百利街,ST,Sha Tin,沙田,1981-11-13,3369,29903
PAK LOK PATH,百樂徑,ST,Sha Tin,沙田,1995-12-08,5098,35041
PAK PAT SHAN ROAD,白筆山道,S,Southern,南區,1972-09-01,2180,26543
PAK PAT SHAN ROAD,白筆山道,S,Southern,南區,1978-08-18,2108,28720
PAK PAT SHAN ROAD,白筆山道,S,Southern,南區,1988-05-06,1452,32269
PAK PO STREET,白布街,YTM,Yau Tsim Mong,油尖旺,1932-07-15,465,11885
PAK SAU ROAD,柏壽路,N,North,北區,2022-12-30,7562,44925
PAK SHA ROAD,白沙道,WC,Wan  Chai,灣仔,1953-05-22,667,19501
PAK SHA SHAN ROAD,白沙山路,YL,Yuen Long,元朗,2012-01-13,230,40921
PAK SHA WAN STREET,白沙灣街,SK,Sai  Kung,西貢,2018-03-02,1472,43161
PAK SHE FIFTH LANE,北社五里,Is,Islands,離島,1985-08-09,2597,31268
PAK SHE FIRST LANE,北社壹里,Is,Islands,離島,1985-08-09,2597,31268
PAK SHE FOURTH LANE,北社四里,Is,Islands,離島,1985-08-09,2597,31268
PAK SHE PRAYA ROAD,北社海傍路,Is,Islands,離島,1985-08-09,2597,31268
PAK SHE SECOND LANE,北社二里,Is,Islands,離島,1985-08-09,2597,31268
PAK SHE SEVENTH LANE,北社七里,Is,Islands,離島,1985-08-09,2597,31268
PAK SHE SIXTH LANE,北社六里,Is,Islands,離島,1985-08-09,2597,31268
PAK SHE STREET,北社街,Is,Islands,離島,1983-08-12,2627,30540
PAK SHE THIRD LANE,北社三里,Is,Islands,離島,1985-08-09,2597,31268
PAK SHEK TOI ROAD,白石臺路,SK,Sai  Kung,西貢,1991-03-28,1087,33325
PAK SHEK WO SAN TSUEN ROAD,白石窩新村路,SK,Sai  Kung,西貢,1992-04-10,1271,33704
PAK SHING KOK ROAD,百勝角路,SK,Sai  Kung,西貢,2013-01-11,216,41285
PAK SHING KOK ROAD,百勝角路,SK,Sai  Kung,西貢,2015-07-03,4865,42188
PAK SHING KOK ROAD,百勝角路,SK,Sai  Kung,西貢,2015-07-24,5558,42209
PAK SHING STREET,北盛街,TP,Tai  Po,大埔,1930-05-02,262,11080
PAK SHING STREET,北盛街,TP,Tai  Po,大埔,1961-11-10,1975,22595
PAK TAI STREET,北帝街,KC,Kowloon  City,九龍城,1926-02-12,68,9540
PAK TAI STREET,北帝街,KC,Kowloon  City,九龍城,1926-04-16,202,9603
PAK TAK STREET,百得街,ST,Sha Tin,沙田,1981-11-13,3369,29903
PAK TAK STREET,百得街,ST,Sha Tin,沙田,1986-01-17,245,31429
PAK TAM ROAD,北潭路,SK-TP,Sai  Kung / Tai  Po,西貢 / 大埔,1980-12-24,4050,29579
PAK TIN PAR STREET,白田壩街,TW,Tsuen  Wan,荃灣,1962-11-23,2378,22973
PAK TIN STREET,白田街,SSP,Sham  Shui  Po,深水埗,1956-08-31,1108,20698
PAK TIN STREET,白田街,SSP,Sham  Shui  Po,深水埗,1977-07-29,1794,28335
PAK TO AVENUE,柏濤徑,SK,Sai  Kung,西貢,1998-05-22,2485,35937
PAK WAI LANE,柏蕙里,N,North,北區,2004-04-30,2812,38107
PAK WAN STREET,白雲街,SSP,Sham  Shui  Po,深水埗,1977-07-29,1794,28335
PAK WO ROAD,百和路,N,North,北區,1992-01-03,64,33606
PAK WO ROAD,百和路,N,North,北區,1992-03-06,833,33669
PAK WO ROAD,百和路,N,North,北區,1995-01-13,155,34712
PAK YAN ROAD,珀欣路,TW,Tsuen  Wan,荃灣,2002-09-27,6118,37526
PALM SPRINGS BOULEVARD,加州花園大道,YL,Yuen Long,元朗,1996-06-21,2738,35237
PALM STREET,棕樹街,YTM,Yau Tsim Mong,油尖旺,1954-11-05,1349,20033
PAN CHUNG ROAD,泮涌路,TP,Tai  Po,大埔,1991-08-23,2969,33473
PAN HOI STREET,濱海街,E,Eastern,東區,1958-12-19,1728,21538
PAN LONG WAN ROAD,檳榔灣路,SK,Sai  Kung,西貢,1991-09-20,3343,33501
PANG CHING STREET,鵬程街,KC,Kowloon  City,九龍城,1959-04-17,548,21657
PARC OASIS ROAD,又一居道,SSP,Sham  Shui  Po,深水埗,1997-06-20,3081,35601
PARK PROMENADE,迎樂路,Is-TW,Islands / Tsuen  Wan,離島 / 荃灣,2004-12-17,8104,38338
PARK ROAD,柏道,C&W,Central  &  Western,中西區,1904-01-29,59,1490
PARKLAND DRIVE,明蔚徑,Is,Islands,離島,1994-11-18,4386,34656
PARKRIDGE CRESCENT,明翠徑,Is,Islands,離島,1994-11-18,4386,34656
PARKVALE DRIVE,寶峰徑,Is,Islands,離島,1994-11-18,4386,34656
PAT HEUNG ROAD,八鄉路,YL,Yuen Long,元朗,1998-11-06,5414,36105
PAT HEUNG ROAD,八鄉路,YL,Yuen Long,元朗,2002-07-26,4592,37463
PAT TAT STREET,八達街,WTS,Wong Tai Sin,黃大仙,1961-09-08,1577,22532
PAT TSZ WO STREET,拔子窩街,ST,Sha Tin,沙田,1981-06-12,1685,29749
PATERSON STREET,百德新街,WC,Wan  Chai,灣仔,1957-03-08,339,20887
PAU CHUNG STREET,炮仗街,KC,Kowloon  City,九龍城,1926-02-12,68,9540
PAU CHUNG STREET,炮仗街,KC,Kowloon  City,九龍城,1926-04-16,202,9603
PEACOCK ROAD,孔雀道,E,Eastern,東區,1952-10-10,1173,19277
PEAK ROAD,山頂道,C&W-WC,Central  &  Western / Wan  Chai,中西區 / 灣仔,1960-07-29,1174,22126
PEDDER STREET,畢打街,C&W,Central  &  Western,中西區,1976-03-12,579,27831
PEEL RISE,貝璐道,C&W-S,Central  &  Western / Southern,中西區 / 南區,1960-07-29,1174,22126
PEKING ROAD,北京道,YTM,Yau Tsim Mong,油尖旺,1909-03-19,184,3366
PENG CHAU HO KING STREET,坪洲好景街,Is,Islands,離島,2016-09-23,5398,42636
PENG CHAU WING HING STREET,坪洲永興街,Is,Islands,離島,1987-05-22,1658,31919
PENG CHAU WING ON SIDE STREET,坪洲永安橫街,Is,Islands,離島,1987-05-22,1658,31919
PENG CHAU WING ON STREET,坪洲永安街,Is,Islands,離島,1987-05-22,1658,31919
PENG LEI ROAD,坪利路,Is,Islands,離島,1993-01-15,136,33984
PENG LEI ROAD,坪利路,Is,Islands,離島,1997-09-19,1404,35692
PENG YU PATH,坪愉徑,Is,Islands,離島,2008-05-02,2893,39570
PENNINGTON STREET,邊寧頓街,WC,Wan  Chai,灣仔,1959-01-30,168,21580
PENNY'S BAY HIGHWAY,竹篙灣公路,TW,Tsuen  Wan,荃灣,2004-12-17,8104,38338
PENTLAND STREET,品蘭街,KC,Kowloon  City,九龍城,1935-03-01,165,12844
PEONY ROAD,牡丹路,SSP,Sham  Shui  Po,深水埗,1953-11-20,1420,19683
PERCIVAL STREET,波斯富街,WC,Wan  Chai,灣仔,1929-06-14,312,10758
PERFORMING ARTS AVENUE,演藝道,WC,Wan  Chai,灣仔,1997-10-17,1882,35720
PERKINS ROAD,白建時道,WC,Wan  Chai,灣仔,1951-07-20,754,18829
PERTH STREET,巴富街,KC,Kowloon  City,九龍城,1950-09-15,1083,18521
PIER ROAD,統一碼頭道,C&W,Central  &  Western,中西區,1974-05-31,1381,27180
PIK FUNG ROAD,璧峰路,N,North,北區,1987-08-28,2857,32017
PIK FUNG ROAD,璧峰路,N,North,北區,1988-01-15,147,32157
PIK SHA ROAD,碧沙路,SK,Sai  Kung,西貢,1983-01-28,324,30344
PIK TIN STREET,碧田街,ST,Sha Tin,沙田,1986-10-10,3517,31695
PIK UK TSUEN ROAD,壁屋村路,SK,Sai  Kung,西貢,1991-07-05,2294,33424
PIK WAN ROAD,碧雲道,KT,Kwun Tong,觀塘,1986-07-25,2532,31618
PIK WAN ROAD,碧雲道,KT,Kwun Tong,觀塘,1991-01-25,303,33263
PILKEM STREET,庇利金街,YTM,Yau Tsim Mong,油尖旺,1923-09-28,411,8672
PINE STREET,杉樹街,YTM,Yau Tsim Mong,油尖旺,1927-11-25,699,10191
PINE STREET,杉樹街,YTM,Yau Tsim Mong,油尖旺,1928-06-15,337,10394
PINE TREE HILL ROAD,松山道,YTM,Yau Tsim Mong,油尖旺,1933-05-12,341,12186
PINERY ROAD EAST,松濤東路,YL,Yuen Long,元朗,1984-08-31,2609,30925
PING CHEONG PATH,屏昌徑,YL,Yuen Long,元朗,1983-06-03,1752,30470
PING CHI STREET,平治街,KC,Kowloon  City,九龍城,1965-04-09,914,23841
PING CHONG ROAD,冰廠路,Is,Islands,離島,1985-08-09,2597,31268
PING CHUK LANE,屏竹里,YL,Yuen Long,元朗,1993-03-19,944,34047
PING FAI PATH,屏輝徑,YL,Yuen Long,元朗,1983-06-03,1752,30470
PING FU PATH,屏富徑,K&T,Kwai  Tsing,葵青,1970-03-06,535,25633
PING FUK LANE,屏福里,YL,Yuen Long,元朗,1985-09-13,3022,31303
PING HA PATH,屏廈徑,YL,Yuen Long,元朗,2017-11-10,8364,43049
PING HA ROAD,屏廈路,YL,Yuen Long,元朗,1982-03-05,755,30015
PING HA ROAD,屏廈路,YL,Yuen Long,元朗,1991-12-13,4470,33585
PING HA ROAD,屏廈路,YL,Yuen Long,元朗,2013-05-10,2720,41404
PING HING LANE,屏興里,YL,Yuen Long,元朗,1989-05-26,1824,32654
PING HONG LANE,屏康里,YL,Yuen Long,元朗,1985-09-13,3022,31303
PING KIN LANE,屏健里,YL,Yuen Long,元朗,2017-09-29,7314,43007
PING KONG ROAD,丙岡路,N,North,北區,1999-03-26,1722,36245
PING KWAI ROAD,屏葵路,YL,Yuen Long,元朗,1993-03-19,944,34047
PING LAI PATH,屏麗徑,K&T,Kwai  Tsing,葵青,1974-09-13,2352,27285
PING LAN STREET,平瀾街,S,Southern,南區,1932-04-22,245,11801
PING LAN STREET,平瀾街,S,Southern,南區,1932-04-29,255,11808
PING LOK PATH,平樂徑,YL,Yuen Long,元朗,1983-06-03,1752,30470
PING LONG ROAD,坪朗路,TP,Tai  Po,大埔,2005-05-27,2492,38499
PING ON LANE,平安里,C&W,Central  &  Western,中西區,1967-07-14,1517,24667
PING ON LANE,平安里,C&W,Central  &  Western,中西區,1967-12-08,2628,24814
PING PAK LANE,屏柏里,YL,Yuen Long,元朗,1993-03-19,944,34047
PING SHAN LANE,屏山里,YL,Yuen Long,元朗,1985-09-13,3022,31303
PING SHAN LANE,屏山里,YL,Yuen Long,元朗,1991-12-13,4468,33585
PING SHAN NAM PAK ROAD,屏山南北路,YL,Yuen Long,元朗,1995-11-10,4654,35013
PING SHEK LANE,坪石里,KT,Kwun Tong,觀塘,2021-07-30,4715,44407
PING SHING LANE,平成里,KT,Kwun Tong,觀塘,1961-05-19,850,22420
PING SHUN STREET,屏信街,YL,Yuen Long,元朗,1981-12-18,3742,29938
PING TIN STREET,平田街,KT,Kwun Tong,觀塘,1967-01-13,88,24485
PING TING ROAD,平定道,WTS,Wong Tai Sin,黃大仙,1976-04-02,722,27852
PING TING ROAD,平定道,WTS,Wong Tai Sin,黃大仙,1976-04-30,922,27880
PING TING ROAD,平定道,WTS,Wong Tai Sin,黃大仙,1989-07-07,2313,32696
PING TING ROAD EAST,平定道東,WTS,Wong Tai Sin,黃大仙,2004-04-23,2629,38100
PING TONG STREET EAST,屏唐東街,YL,Yuen Long,元朗,1985-09-13,3022,31303
PING TONG STREET NORTH,屏唐北街,YL,Yuen Long,元朗,1985-09-13,3022,31303
PING TONG STREET SOUTH,屏唐南街,YL,Yuen Long,元朗,1985-09-13,3022,31303
PING TONG STREET WEST,屏唐西街,YL,Yuen Long,元朗,1985-09-13,3022,31303
PING WUI STREET,屏會街,YL,Yuen Long,元朗,1981-12-18,3742,29938
PING YEE ROAD,屏義路,YL,Yuen Long,元朗,1992-01-03,63,33606
PING YEUNG LANE,屏楊里,YL,Yuen Long,元朗,1993-03-19,944,34047
PING YIP STREET,屏業街,YL,Yuen Long,元朗,2026-04-24,2370,46136
PING YUEN ROAD,坪原路,N,North,北區,1997-05-02,2143,35552
PIPER'S HILL ROAD,琵琶山路,ST,Sha Tin,沙田,2004-12-10,7971,38331
PLAYING FIELD ROAD,運動場道,YTM,Yau Tsim Mong,油尖旺,1932-09-16,591,11948
PLAZA LANE,廣場徑,Is,Islands,離島,1994-11-18,4386,34656
PLOVER COVE ROAD,寶湖道,TP,Tai  Po,大埔,1966-03-11,688,24177
PLOVER COVE ROAD,寶湖道,TP,Tai  Po,大埔,1992-05-01,1505,33725
PLOVER COVE ROAD,寶湖道,TP,Tai  Po,大埔,1999-01-08,113,36168
PLUNKETT'S ROAD,賓吉道,C&W,Central  &  Western,中西區,1908-02-07,80,2960
PO CHIU ROAD,普照路,KT,Kwun Tong,觀塘,2000-06-16,3864,36693
PO FAI PATH,保輝徑,YL,Yuen Long,元朗,1983-06-03,1752,30470
PO FONG LANE,蒲芳里,WTS,Wong Tai Sin,黃大仙,1976-01-02,42,27761
PO FUNG ROAD,寶豐路,SK,Sai  Kung,西貢,1990-11-02,3967,33179
PO FUNG TERRACE,寶豐台,TW,Tsuen  Wan,荃灣,1984-01-27,287,30708
PO HANG LANE,蒲蘅里,WTS,Wong Tai Sin,黃大仙,1976-01-02,42,27761
PO HEUNG BRIDGE,寶鄉橋,TP,Tai  Po,大埔,1984-10-19,3074,30974
PO HEUNG LANE,寶鄉里,TP,Tai  Po,大埔,2001-03-09,1564,36959
PO HEUNG SQUARE,寶鄉坊,TP,Tai  Po,大埔,1972-05-05,1092,26424
PO HEUNG STREET,寶鄉街,TP,Tai  Po,大埔,1966-03-11,688,24177
PO HEUNG STREET,寶鄉街,TP,Tai  Po,大埔,1972-05-05,1092,26424
PO HEUNG STREET,寶鄉街,TP,Tai  Po,大埔,1984-10-19,3074,30974
PO HING FONG,普慶坊,C&W,Central  &  Western,中西區,1901-01-26,49,392
PO HING FONG,普慶坊,C&W,Central  &  Western,中西區,1901-02-09,74,406
PO HONG ROAD,寶康路,SK,Sai  Kung,西貢,1990-11-02,3967,33179
PO HONG ROAD,寶康路,SK,Sai  Kung,西貢,1991-10-11,3622,33522
PO HONG ROAD,寶康路,SK,Sai  Kung,西貢,1995-04-13,1315,34802
PO HONG ROAD,寶康路,SK,Sai  Kung,西貢,1998-06-26,3110,35972
PO HONG ROAD,寶康路,SK,Sai  Kung,西貢,2002-02-08,899,37295
PO KAK TSAI ROAD,布格仔路,N,North,北區,2003-03-28,2187,37708
PO KIN ROAD,保健路,N,North,北區,1992-05-08,1593,33732
PO KING LANE,蒲景里,WTS,Wong Tai Sin,黃大仙,1976-01-02,42,27761
PO KONG LANE,蒲崗里,WTS,Wong Tai Sin,黃大仙,1975-01-17,176,27411
PO KONG VILLAGE ROAD,蒲崗村道,WTS,Wong Tai Sin,黃大仙,1953-08-14,998,19585
PO KONG VILLAGE ROAD,蒲崗村道,WTS,Wong Tai Sin,黃大仙,1972-07-28,1872,26508
PO LAM LANE,寶琳里,SK,Sai  Kung,西貢,2000-02-03,718,36559
PO LAM ROAD,寶琳路,SK-KT,Sai  Kung / Kwun Tong,西貢 / 觀塘,1986-05-30,1866,31562
PO LAM ROAD,寶琳路,SK-KT,Sai  Kung / Kwun Tong,西貢 / 觀塘,1988-07-22,2355,32346
PO LAM ROAD NORTH,寶琳北路,SK,Sai  Kung,西貢,1988-07-22,2355,32346
PO LAM ROAD NORTH,寶琳北路,SK,Sai  Kung,西貢,1990-11-02,3960,33179
PO LAM ROAD SOUTH,寶琳南路,SK,Sai  Kung,西貢,1988-07-22,2355,32346
PO LAU ROAD,波樓路,N,North,北區,1998-01-23,406,35818
PO LEI STREET,寶梨街,K&T,Kwai  Tsing,葵青,1985-08-16,2680,31275
PO LEUNG LANE,蒲良里,WTS,Wong Tai Sin,黃大仙,1987-07-24,2385,31982
PO LO CHE PATH,菠蘿輋徑,SK,Sai  Kung,西貢,2012-07-27,5102,41117
PO LO CHE ROAD,菠蘿輋路,SK,Sai  Kung,西貢,1991-02-22,649,33291
PO LOI STREET,寶來街,KC,Kowloon  City,九龍城,1980-05-23,1581,29364
PO LOK SQUARE,寶樂坊,YL,Yuen Long,元朗,1983-06-03,1752,30470
PO LUEN PATH,寶聯徑,E,Eastern,東區,1984-02-10,413,30722
PO LUN STREET,寶輪街,SSP,Sham  Shui  Po,深水埗,1966-07-15,1808,24303
PO MAN STREET,寶文街,E,Eastern,東區,1957-01-25,119,20845
PO MIN PATH,坡面徑,TP,Tai  Po,大埔,2018-02-02,651,43133
PO MING LANE,蒲明里,WTS,Wong Tai Sin,黃大仙,1976-01-02,42,27761
PO NGA ROAD,寶雅路,TP,Tai  Po,大埔,1999-04-09,1943,36259
PO NGONG DRIVE,寶昂路,Is,Islands,離島,2005-12-23,6829,38709
PO NING LANE,寶寧里,SK,Sai  Kung,西貢,1991-03-28,1087,33325
PO NING ROAD,寶寧路,SK,Sai  Kung,西貢,1990-11-02,3967,33179
PO NING ROAD,寶寧路,SK,Sai  Kung,西貢,1994-03-25,1094,34418
PO ON ROAD,保安道,SSP,Sham  Shui  Po,深水埗,1934-02-09,91,12459
PO PENG STREET,寶坪街,Is,Islands,離島,1993-01-15,136,33984
PO PING ROAD,保平路,N,North,北區,1992-05-08,1593,33732
PO PUI STREET,寶珮街,KT,Kwun Tong,觀塘,1995-12-15,5184,35048
PO SHAN ROAD,寶珊道,C&W,Central  &  Western,中西區,1928-07-06,386,10415
PO SHEK WU ROAD,寶石湖路,N,North,北區,1992-01-03,64,33606
PO SHIN STREET,普善街,WC,Wan  Chai,灣仔,1930-03-07,138,11024
PO SHING STREET,寶城街,ST,Sha Tin,沙田,1986-01-17,245,31429
PO SHU LANE,寶樹里,YL,Yuen Long,元朗,1983-06-03,1752,30470
PO SHUN ROAD,寶順路,SK,Sai  Kung,西貢,1995-04-13,1315,34802
PO SHUN ROAD,寶順路,SK,Sai  Kung,西貢,1998-06-26,3110,35972
PO SHUN ROAD,寶順路,SK,Sai  Kung,西貢,2003-02-14,934,37666
PO SHUN ROAD,寶順路,SK,Sai  Kung,西貢,2005-09-30,4965,38625
PO TAI STREET,保泰街,ST,Sha Tin,沙田,2000-01-21,378,36546
PO TEI ROAD,波地路,YL,Yuen Long,元朗,1992-06-12,2021,33767
PO TIN LANE,蒲田里,WTS,Wong Tai Sin,黃大仙,1976-01-02,42,27761
PO TOI O CHUEN ROAD,布袋澳村路,SK,Sai  Kung,西貢,1990-12-28,4644,33235
PO TSZ LANE,蒲慈里,WTS,Wong Tai Sin,黃大仙,1986-05-09,1598,31541
PO TUNG ROAD,普通道,SK,Sai  Kung,西貢,1976-11-05,2462,28069
PO WAI LANE,蒲蕙里,WTS,Wong Tai Sin,黃大仙,1976-01-02,42,27761
PO WAN ROAD,寶運路,N,North,北區,1992-01-03,64,33606
PO WING ROAD,保榮路,N,North,北區,1995-01-13,155,34712
PO WU LANE,寶湖里,TP,Tai  Po,大埔,1987-05-08,1539,31905
PO YAN STREET,普仁街,C&W,Central  &  Western,中西區,1869-10-02,Page 477 of the Hong Kong Government Gazette,2/10/1869
PO YAP ROAD,寶邑路,SK,Sai  Kung,西貢,2002-02-08,899,37295
PO YEE STREET,普義街,C&W,Central  &  Western,中西區,1935-10-04,767,13061
PO YICK LANE,普益里,TP,Tai  Po,大埔,1990-05-04,1618,32997
PO YICK STREET,普益街,TP,Tai  Po,大埔,1954-04-09,435,19823
PO YING LANE,蒲英里,WTS,Wong Tai Sin,黃大仙,1976-01-02,42,27761
PO YIP STREET,寶業街,YL,Yuen Long,元朗,1983-01-28,325,30344
POK CHUEN PATH,博泉徑,ST,Sha Tin,沙田,2010-04-09,2046,40277
POK CHUEN STREET,博泉街,ST,Sha Tin,沙田,2010-04-09,2046,40277
POK FU LAM RESERVOIR ROAD,薄扶林水塘道,C&W-S,Central  &  Western / Southern,中西區 / 南區,1937-09-24,682,13782
POK FU LAM RESERVOIR ROAD,薄扶林水塘道,C&W-S,Central  &  Western / Southern,中西區 / 南區,1976-03-12,580,27831
POK FU LAM ROAD,薄扶林道,C&W-S,Central  &  Western / Southern,中西區 / 南區,1976-03-12,580,27831
POK FU LAM ROAD,薄扶林道,C&W-S,Central  &  Western / Southern,中西區 / 南區,1980-03-01,707,29281
POK HOK LANE,博學里,YTM,Yau Tsim Mong,油尖旺,1980-03-07,727,29287
POK MAN STREET,博文街,YTM,Yau Tsim Mong,油尖旺,1958-01-24,125,21209
POK MAN STREET,博文街,YTM,Yau Tsim Mong,油尖旺,1973-03-16,705,26739
POK OI INTERCHANGE,博愛交匯處,YL,Yuen Long,元朗,1994-10-14,3892,34621
POK WAI ROAD,壆圍路,YL,Yuen Long,元朗,2003-01-30,655,37651
POK WAI SOUTH ROAD,壆圍南路,YL,Yuen Long,元朗,2002-08-23,5146,37491
POK WAI WEST ROAD,壆圍西路,YL,Yuen Long,元朗,2004-07-09,4432,38177
POK YIN ROAD,博研路,TP,Tai  Po,大埔,2013-02-08,749,41313
POKFIELD PATH,蒲飛徑,C&W,Central  &  Western,中西區,1985-08-23,2770,31282
POKFIELD ROAD,蒲飛路,C&W,Central  &  Western,中西區,1961-08-04,1334,22497
POLICE SCHOOL ROAD,警校道,S,Southern,南區,1971-10-01,2254,26207
POLICE SCHOOL ROAD,警校道,S,Southern,南區,1997-09-19,1406,35692
POLICE STATION PATH,警署徑,Is,Islands,離島,1984-01-20,204,30701
POLLOCK'S PATH,普樂道,C&W,Central  &  Western,中西區,1960-07-29,1174,22126
POPLAR STREET,白楊街,YTM-SSP,Yau Tsim Mong / Sham  Shui  Po,油尖旺 / 深水埗,1927-11-25,699,10191
PORTLAND STREET,砵蘭街,YTM,Yau Tsim Mong,油尖旺,1909-03-19,184,3366
PORTLAND STREET,砵蘭街,YTM,Yau Tsim Mong,油尖旺,1927-11-25,699,10191
POSSESSION STREET,水坑口街,C&W,Central  &  Western,中西區,1887-09-03,356,3/9/1887
POWER STREET,大強街,E,Eastern,東區,1931-05-15,300,11458
POWER STREET,大強街,E,Eastern,東區,1931-07-10,436,11514
POWER STREET,大強街,E,Eastern,東區,1935-04-12,302,12886
POWER STREET,大強街,E,Eastern,東區,1993-05-21,1713,34110
PRAT AVENUE,寶勒巷,YTM,Yau Tsim Mong,油尖旺,1921-02-04,46,7706
PRATAS STREET,東沙島街,SSP,Sham  Shui  Po,深水埗,1934-02-09,91,12459
PRICE ROAD,裴樂士道,WC,Wan  Chai,灣仔,1971-10-08,2313,26214
PRINCE EDWARD ROAD EAST,太子道東,KC-WTS-KT,Kowloon  City / Wong Tai Sin / Kwun Tong,九龍城 / 黃大仙 / 觀塘,1979-01-12,111,28867
PRINCE EDWARD ROAD EAST,太子道東,KC-WTS-KT,Kowloon  City / Wong Tai Sin / Kwun Tong,九龍城 / 黃大仙 / 觀塘,2018-09-14,6972,43357
PRINCE EDWARD ROAD WEST,太子道西,YTM-KC,Yau Tsim Mong / Kowloon  City,油尖旺 / 九龍城,1979-01-12,111,28867
PRINCE'S TERRACE,太子台,C&W,Central  &  Western,中西區,1923-12-28,567,8763
PRINCESS MARGARET HOSPITAL ROAD,瑪嘉烈醫院路,K&T,Kwai  Tsing,葵青,1983-10-28,3424,30617
PRINCESS MARGARET ROAD,公主道,KC-YTM,Kowloon  City / Yau Tsim Mong,九龍城 / 油尖旺,1966-03-18,769,24184
PRINCESS MARGARET ROAD,公主道,KC-YTM,Kowloon  City / Yau Tsim Mong,九龍城 / 油尖旺,2018-10-05,7463,43378
PUBLIC SQUARE STREET,眾坊街,YTM,Yau Tsim Mong,油尖旺,1976-09-24,2120,28027
PUI CHING ROAD,培正道,KC,Kowloon  City,九龍城,1955-01-28,99,20117
PUI MAN STREET,培民街,WTS,Wong Tai Sin,黃大仙,1973-02-02,312,26697
PUI SHING LANE,培成里,SK,Sai  Kung,西貢,1999-04-23,2194,36273
PUI SHING ROAD,培成路,SK,Sai  Kung,西貢,1993-02-19,554,34019
PUI TAK STREET,培德街,SSP,Sham  Shui  Po,深水埗,1977-07-29,1794,28335
PUI TO ROAD,杯渡路,TM,Tuen  Mun,屯門,1975-08-01,1693,27607
PUI TO ROAD,杯渡路,TM,Tuen  Mun,屯門,1977-11-18,2817,28447
PUI TO ROAD,杯渡路,TM,Tuen  Mun,屯門,1991-03-15,915,33312
PUI WING LANE,沛榮里,TM,Tuen  Mun,屯門,1977-05-27,1189,28272
PUI YIN LANE,培賢里,TP,Tai  Po,大埔,2001-03-30,2132,36980
PUN CHUN YUEN ROAD,半春園路,TP,Tai  Po,大埔,2003-05-02,3018,37743
PUN SHAN STREET,半山街,TW,Tsuen  Wan,荃灣,1962-11-23,2378,22973
PUNG LOI AVENUE,蓬萊徑,SK,Sai  Kung,西貢,1999-05-28,2982,36308
PUNG LOI ROAD,蓬萊路,SK,Sai  Kung,西貢,1999-05-28,2982,36308
PURVES ROAD,包華士道,WC,Wan  Chai,灣仔,1954-06-25,765,19900
QUARRY BAY STREET,鰂魚涌街,E,Eastern,東區,1972-12-22,3261,26655
QUEEN ELIZABETH HOSPITAL PATH,伊利沙伯醫院徑,YTM,Yau Tsim Mong,油尖旺,2008-10-10,7003,39731
QUEEN ELIZABETH HOSPITAL ROAD,伊利沙伯醫院路,YTM,Yau Tsim Mong,油尖旺,2008-10-10,7003,39731
QUEEN'S ROAD EAST,皇后大道東,WC,Wan  Chai,灣仔,1949-03-25,297,17982
QUEEN'S ROAD EAST,皇后大道東,WC,Wan  Chai,灣仔,1968-01-26,185,24863
QUEEN'S ROAD WEST,皇后大道西,C&W,Central  &  Western,中西區,1887-07-16,296,16/7/1887
QUEEN'S ROAD WEST,皇后大道西,C&W,Central  &  Western,中西區,1887-07-16,296,16/7/1887
QUEEN'S ROAD WEST,皇后大道西,C&W,Central  &  Western,中西區,1887-07-16,296,16/7/1887
QUEENSWAY,金鐘道,C&W-WC,Central  &  Western / Wan  Chai,中西區 / 灣仔,1968-01-26,185,24863
RAILWAY APPROACH,順風道,YTM,Yau Tsim Mong,油尖旺,1976-03-05,528,27824
RAZOR HILL ROAD,碧翠路,SK,Sai  Kung,西貢,1984-08-31,2607,30925
RECLAMATION STREET,新填地街,YTM,Yau Tsim Mong,油尖旺,1930-01-17,39,10975
RED HILL ROAD,紅山道,S,Southern,南區,1964-08-21,2339,23610
REHAB PATH,復康徑,KT,Kwun Tong,觀塘,1981-12-11,3683,29931
REHAB PATH,復康徑,KT,Kwun Tong,觀塘,1993-05-28,1821,34117
RENFREW ROAD,聯福道,KC,Kowloon  City,九龍城,1966-07-15,1808,24303
REPULSE BAY ROAD,淺水灣道,S,Southern,南區,1932-10-07,635,11969
REPULSE BAY ROAD,淺水灣道,S,Southern,南區,1961-08-04,1335,22497
RESEARCH ROAD,研發路,N,North,北區,2025-02-28,1271,45716
RHONDDA ROAD,朗德道,KC,Kowloon  City,九龍城,1965-06-25,1572,23918
ROBINSON ROAD,羅便臣道,C&W,Central  &  Western,中西區,1904-01-29,59,1490
ROBINSON ROAD,羅便臣道,C&W,Central  &  Western,中西區,1958-01-03,16,21188
ROCK HILL STREET,石山街,C&W,Central  &  Western,中西區,1920-03-19,157,7384
ROCK HILL STREET,石山街,C&W,Central  &  Western,中西區,1999-03-12,1364,36231
RODNEY STREET,樂禮街,C&W,Central  &  Western,中西區,1980-11-28,3730,29553
ROSE STREET,玫瑰街,SSP,Sham  Shui  Po,深水埗,1964-01-10,77,23386
ROSE WOOD ROAD,紫檀路,YL,Yuen Long,元朗,1984-08-31,2609,30925
ROSE WOOD ROAD,紫檀路,YL,Yuen Long,元朗,1988-03-18,882,32220
ROSMEAD ROAD,樂善美道,C&W,Central  &  Western,中西區,1967-04-07,752,24569
ROUTE TWISK,荃錦公路,TW-YL,Tsuen  Wan / Yuen Long,荃灣 / 元朗,1977-11-25,2860,28454
ROUTE TWISK,荃錦公路,TW-YL,Tsuen  Wan / Yuen Long,荃灣 / 元朗,1981-02-20,572,29637
RUMSEY STREET,林士街,C&W,Central  &  Western,中西區,1958-06-27,865,21363
RUMSEY STREET,林士街,C&W,Central  &  Western,中西區,1970-12-11,2582,25913
RUNWAY ROAD EAST,跑道東路,Is-TM,Islands / Tuen  Mun,離島 / 屯門,2026-05-22,2980,46164
RUNWAY ROAD WEST,跑道西路,Is,Islands,離島,2026-05-22,2980,46164
RUTLAND QUADRANT,律倫街,KC,Kowloon  City,九龍城,1929-08-23,427,10828
SA PO ROAD,沙浦道,KC-WTS,Kowloon  City / Wong Tai Sin,九龍城 / 黃大仙,1926-06-25,342,9673
SA PO ROAD,沙浦道,KC-WTS,Kowloon  City / Wong Tai Sin,九龍城 / 黃大仙,1985-02-19,611,31097
SAI CHEUNG STREET,西祥街,C&W,Central  &  Western,中西區,1959-02-27,315,21608
SAI CHEUNG STREET NORTH,西祥街北,C&W,Central  &  Western,中西區,1999-01-15,235,36175
SAI CHING PATH,西菁徑,YL,Yuen Long,元朗,2017-10-13,7595,43021
SAI CHING STREET,西菁街,YL,Yuen Long,元朗,1981-12-18,3742,29938
SAI CHING STREET,西菁街,YL,Yuen Long,元朗,1984-05-18,1452,30820
SAI CHUEN ROAD,西邨路,SSP,Sham  Shui  Po,深水埗,2001-05-04,2841,37015
SAI HONG LANE,西康里,C&W,Central  &  Western,中西區,1967-07-28,1639,24681
SAI KUNG HOI PONG SQUARE,西貢海傍廣場,SK,Sai  Kung,西貢,1989-10-06,3496,32787
SAI KUNG HOI PONG SQUARE,西貢海傍廣場,SK,Sai  Kung,西貢,1989-10-20,3672,32801
SAI KUNG HOI PONG STREET,西貢海傍街,SK,Sai  Kung,西貢,1976-11-05,2462,28069
SAI KUNG MAIN STREET,西貢正街,SK,Sai  Kung,西貢,1976-11-05,2462,28069
SAI KUNG MAN YEE ROAD,西貢萬宜路,SK,Sai  Kung,西貢,1980-12-24,4050,29579
SAI KUNG RURAL COMMITTEE LANE,西貢鄉事會里,SK,Sai  Kung,西貢,1992-04-10,1271,33704
SAI KUNG RURAL COMMITTEE LANE,西貢鄉事會里,SK,Sai  Kung,西貢,2014-02-14,933,41684
SAI KUNG SAI WAN ROAD,西貢西灣路,SK,Sai  Kung,西貢,1980-12-24,4050,29579
SAI KUNG TAI STREET,西貢大街,SK,Sai  Kung,西貢,1976-11-05,2462,28069
SAI KUNG YEE KUK STREET,西貢醫局街,SK,Sai  Kung,西貢,1976-11-05,2462,28069
SAI KUNG YUEN CHAU STREET,西貢元洲街,SK,Sai  Kung,西貢,2000-10-13,6668,36812
SAI KWO ROAD,世歌路,YL,Yuen Long,元朗,2010-06-18,3609,40347
SAI LAU KOK ROAD,西樓角路,TW,Tsuen  Wan,荃灣,1981-04-16,1146,29692
SAI NING STREET,西寧街,C&W,Central  &  Western,中西區,1983-03-18,874,30393
SAI SEE STREET,西市街,C&W,Central  &  Western,中西區,1971-07-23,1640,26137
SAI SHA ROAD,西沙路,SK-TP-ST,Sai  Kung / Tai  Po / Sha Tin,西貢 / 大埔 / 沙田,1984-02-17,459,30729
SAI SHA ROAD,西沙路,SK-TP-ST,Sai  Kung / Tai  Po / Sha Tin,西貢 / 大埔 / 沙田,1988-10-21,3586,32437
SAI SHA ROAD,西沙路,SK-TP-ST,Sai  Kung / Tai  Po / Sha Tin,西貢 / 大埔 / 沙田,1994-06-03,2047,34488
SAI SHAN ROAD,細山路,K&T,Kwai  Tsing,葵青,1985-03-22,915,31128
SAI STREET,西街,C&W,Central  &  Western,中西區,1909-03-19,184,3366
SAI STREET,西街,C&W,Central  &  Western,中西區,1977-04-15,857,28230
SAI TAI STREET,西堤街,YL,Yuen Long,元朗,1935-02-15,124,12830
SAI TAI STREET,西堤街,YL,Yuen Long,元朗,1977-12-02,2944,28461
SAI TSO WAN ROAD,西草灣路,K&T,Kwai  Tsing,葵青,1983-12-02,3793,30652
SAI TSO WAN ROAD,西草灣路,K&T,Kwai  Tsing,葵青,1991-02-22,648,33291
SAI WAN HO STREET,西灣河街,E,Eastern,東區,1926-06-11,318,9659
SAI YEE STREET,洗衣街,YTM,Yau Tsim Mong,油尖旺,1924-08-29,492,9008
SAI YEUNG CHOI LANE,西洋菜里,SSP,Sham  Shui  Po,深水埗,1969-06-06,1102,25360
SAI YEUNG CHOI STREET NORTH,西洋菜北街,YTM-SSP,Yau Tsim Mong / Sham  Shui  Po,油尖旺 / 深水埗,1979-01-12,111,28867
SAI YEUNG CHOI STREET SOUTH,西洋菜南街,YTM,Yau Tsim Mong,油尖旺,1979-01-12,111,28867
SAI YU PATH,西裕徑,YL,Yuen Long,元朗,2017-11-10,8364,43049
SAI YU STREET,西裕街,YL,Yuen Long,元朗,1981-12-18,3742,29938
SAI YU STREET,西裕街,YL,Yuen Long,元朗,1984-05-18,1452,30820
SAIGON STREET,西貢街,YTM,Yau Tsim Mong,油尖旺,1909-03-19,184,3366
SAIGON STREET,西貢街,YTM,Yau Tsim Mong,油尖旺,1976-03-19,612,27838
SALISBURY ROAD,梳士巴利道,YTM,Yau Tsim Mong,油尖旺,1958-06-27,865,21363
SALISBURY ROAD,梳士巴利道,YTM,Yau Tsim Mong,油尖旺,1978-03-23,727,28572
SALISBURY ROAD,梳士巴利道,YTM,Yau Tsim Mong,油尖旺,1999-07-30,4363,36371
SALVATION ARMY STREET,救世軍街,WC,Wan  Chai,灣仔,1961-07-21,1211,22483
SAM CHUK STREET,三祝街,WTS,Wong Tai Sin,黃大仙,1961-09-08,1577,22532
SAM MUN TSAI ROAD,三門仔路,TP,Tai  Po,大埔,1985-03-22,914,31128
SAM PEI SQUARE,三陂坊,TW,Tsuen  Wan,荃灣,1963-06-21,1134,23183
SAM SHING STREET,三聖街,TM,Tuen  Mun,屯門,1984-11-30,3531,31016
SAM TUNG UK ROAD,三棟屋路,TW,Tsuen  Wan,荃灣,1981-04-16,1146,29692
SAM TUNG UK ROAD,三棟屋路,TW,Tsuen  Wan,荃灣,1990-11-02,3961,33179
SAM WO ROAD,三和路,TP,Tai  Po,大埔,2015-02-13,1690,42048
SAN CHEUNG STREET,新祥街,N,North,北區,1965-02-26,481,23799
SAN FAT STREET,新發街,N,North,北區,1958-06-06,770,21342
SAN FRANCISCO PATH,舊金山徑,KC,Kowloon  City,九龍城,1925-10-09,575,9414
SAN FUI STREET,新灰街,YL,Yuen Long,元朗,1985-09-13,3022,31303
SAN FUK ROAD,新福路,TM,Tuen  Mun,屯門,1990-11-30,4336,33207
SAN FUNG AVENUE,新豐路,N,North,北區,1958-06-06,770,21342
SAN FUNG AVENUE,新豐路,N,North,北區,1982-04-16,1223,30057
SAN HA STREET,新廈街,E,Eastern,東區,1966-07-08,1759,24296
SAN HA STREET,新廈街,E,Eastern,東區,1977-04-15,858,28230
SAN HI TSUEN STREET,新起村街,YL,Yuen Long,元朗,1985-09-13,3022,31303
SAN HING PRAYA STREET,新興海傍街,Is,Islands,離島,2004-09-30,6415,38260
SAN HING ROAD,新慶路,TM,Tuen  Mun,屯門,1993-12-10,4542,34313
SAN HING STREET,新興街,Is,Islands,離島,1983-08-12,2627,30540
SAN HONG STREET,新康街,N,North,北區,1958-06-06,770,21342
SAN HOP LANE,新合里,TM,Tuen  Mun,屯門,1975-08-01,1693,27607
SAN HUI PATH,新墟徑,TM,Tuen  Mun,屯門,1984-11-30,3531,31016
SAN KAI SHI LANE,新街市里,Is,Islands,離島,1985-12-27,4230,31408
SAN KAN STREET,新勤街,N,North,北區,1958-06-06,770,21342
SAN KAN STREET,新勤街,N,North,北區,1986-12-05,4195,31751
SAN KAN STREET,新勤街,N,North,北區,1988-03-31,1055,32233
SAN KIN STREET,新健街,N,North,北區,1958-06-06,770,21342
SAN KUNG STREET,新功街,N,North,北區,1958-06-06,770,21342
SAN KWAI STREET,新葵街,K&T,Kwai  Tsing,葵青,1982-12-24,4036,30309
SAN LAU STREET,新柳街,KC,Kowloon  City,九龍城,1926-06-25,342,9673
SAN LAU STREET,新柳街,KC,Kowloon  City,九龍城,1935-04-26,334,12900
SAN LEE STREET,新利街,KT,Kwun Tong,觀塘,1979-04-20,1001,28965
SAN LIK STREET,新力街,TM,Tuen  Mun,屯門,1975-08-01,1693,27607
SAN LOK STREET,新樂街,N,North,北區,1965-02-26,481,23799
SAN MA TAU STREET,新碼頭街,KC,Kowloon  City,九龍城,1958-09-19,1285,21447
SAN ON STREET,新安街,TM,Tuen  Mun,屯門,1975-08-01,1693,27607
SAN PAK SHE STREET,新北社街,Is,Islands,離島,1985-08-09,2597,31268
SAN PING CIRCUIT,新平街,TM,Tuen  Mun,屯門,1975-08-01,1693,27607
SAN PO STREET,新寶街,N,North,北區,1994-01-28,337,34362
SAN SAU STREET,新秀街,TM,Tuen  Mun,屯門,1989-06-09,1978,32668
SAN SHAM ROAD,新深路,YL,Yuen Long,元朗,1989-07-28,2554,32717
SAN SHAN ROAD,新山道,KC,Kowloon  City,九龍城,1926-02-12,68,9540
SAN SHAN ROAD,新山道,KC,Kowloon  City,九龍城,1926-04-16,202,9603
SAN SHEK WAN NORTH ROAD,散石灣北路,TM,Tuen  Mun,屯門,2006-04-21,2532,38828
SAN SHI STREET,新市街,S,Southern,南區,1932-04-22,245,11801
SAN SHING AVENUE,新成路,N,North,北區,1958-06-06,770,21342
SAN SHUN STREET,新順街,KT,Kwun Tong,觀塘,1979-04-20,1001,28965
SAN SIK ROAD,新錫路,YL,Yuen Long,元朗,1993-12-10,4541,34313
SAN TAK STREET,新德街,TM,Tuen  Mun,屯門,1999-10-15,5989,36448
SAN TAM ROAD,新潭路,YL,Yuen Long,元朗,1993-12-03,4433,34306
SAN TAT LANE,新達里,TM,Tuen  Mun,屯門,1993-02-12,479,34012
SAN TIN HIGHWAY,新田公路,YL,Yuen Long,元朗,1995-01-20,244,34719
SAN TIN INTERCHANGE,新田交匯處,YL,Yuen Long,元朗,1989-07-28,2554,32717
SAN TIN TSUEN ROAD,新田村路,YL,Yuen Long,元朗,1999-09-10,5279,36413
SAN TSING STREET,新青街,TM,Tuen  Mun,屯門,1983-01-28,326,30344
SAN TSING STREET,新青街,TM,Tuen  Mun,屯門,1990-11-02,3963,33179
SAN TSOI STREET,新財街,N,North,北區,1958-06-06,770,21342
SAN TSUEN STREET,新村街,TW,Tsuen  Wan,荃灣,1962-11-23,2378,22973
SAN TSUEN STREET,新村街,TW,Tsuen  Wan,荃灣,2004-12-17,8102,38338
SAN WA ON LANE,新華安里,TP,Tai  Po,大埔,1990-05-04,1618,32997
SAN WAH LANE,新華里,TM,Tuen  Mun,屯門,1989-06-09,1978,32668
SAN WAI STREET,新圍街,KC,Kowloon  City,九龍城,1926-06-25,342,9673
SAN WAI STREET,新圍街,KC,Kowloon  City,九龍城,1976-03-12,580,27831
SAN WAI TSAI ROAD,新圍仔路,TP,Tai  Po,大埔,2001-03-09,1564,36959
SAN WAN LANE,新運里,N,North,北區,1999-02-26,969,36217
SAN WAN ROAD,新運路,N,North,北區,1992-03-06,835,33669
SAN WAN ROAD,新運路,N,North,北區,1992-05-08,1593,33732
SAN WING STREET,新榮街,N,North,北區,1986-05-30,1867,31562
SAN WO LANE,新和里,TM,Tuen  Mun,屯門,1989-06-09,1978,32668
SAN YICK LANE,新益里,TM,Tuen  Mun,屯門,1975-08-01,1693,27607
SANDY BAY ROAD,大口環道,S,Southern,南區,1969-09-05,1765,25451
SAPPHIRE PATH,寶石徑,SK,Sai  Kung,西貢,1983-01-28,324,30344
SASSOON ROAD,沙宣道,S,Southern,南區,1924-04-04,187,8861
SAU CHUK YUEN ROAD,秀竹園道,KC,Kowloon  City,九龍城,1935-03-01,165,12844
SAU FU STREET,壽富街,YL,Yuen Long,元朗,1977-12-02,2944,28461
SAU FU STREET,壽富街,YL,Yuen Long,元朗,1983-06-03,1752,30470
SAU FUNG STREET,秀豐街,KT,Kwun Tong,觀塘,2001-11-30,7498,37225
SAU MAU PING ROAD,秀茂坪道,KT,Kwun Tong,觀塘,1967-03-10,537,24541
SAU MAU PING ROAD,秀茂坪道,KT,Kwun Tong,觀塘,1999-07-23,4196,36364
SAU MING ROAD,秀明道,KT,Kwun Tong,觀塘,1967-03-10,537,24541
SAU NGA ROAD,秀雅道,KT,Kwun Tong,觀塘,1970-01-23,225,25591
SAU YAN PATH,守仁徑,KT,Kwun Tong,觀塘,1967-02-24,428,24527
SCENEWAY ROAD,匯景道,KT,Kwun Tong,觀塘,1992-08-14,2899,33830
SCENIC ROAD,觀景路,Is,Islands,離島,1998-01-02,73,35797
SCENIC VILLA DRIVE,美景徑,S,Southern,南區,1974-10-11,2572,27313
SCHOOL ROAD,學校路,Is,Islands,離島,2011-10-14,6773,40830
SCHOONER STREET,捷船街,WC,Wan  Chai,灣仔,1916-02-05,50,5880
SCIENCE MUSEUM PATH,科學館徑,YTM,Yau Tsim Mong,油尖旺,1985-12-13,4097,31394
SCIENCE MUSEUM ROAD,科學館道,YTM,Yau Tsim Mong,油尖旺,1981-08-21,2511,29819
SCIENCE MUSEUM ROAD,科學館道,YTM,Yau Tsim Mong,油尖旺,1999-07-30,4363,36371
SCIENCE MUSEUM SQUARE,科學館廣場,YTM,Yau Tsim Mong,油尖旺,1985-12-13,4096,31394
SCIENCE PARK EAST AVENUE,科技大道東,TP-ST,Tai  Po / Sha Tin,大埔 / 沙田,2006-10-13,6511,39003
SCIENCE PARK EAST AVENUE,科技大道東,TP-ST,Tai  Po / Sha Tin,大埔 / 沙田,2008-05-09,3111,39577
SCIENCE PARK ROAD,科學園路,ST,Sha Tin,沙田,2002-01-11,251,37267
SCIENCE PARK ROAD,科學園路,ST,Sha Tin,沙田,2006-10-13,6511,39003
SCIENCE PARK ROAD,科學園路,ST,Sha Tin,沙田,2007-06-15,3924,39248
SCIENCE PARK WEST AVENUE,科技大道西,TP-ST,Tai  Po / Sha Tin,大埔 / 沙田,2006-10-13,6511,39003
SCIENCE PARK WEST AVENUE,科技大道西,TP-ST,Tai  Po / Sha Tin,大埔 / 沙田,2008-05-09,3112,39577
SCOUT PATH,童軍徑,YTM,Yau Tsim Mong,油尖旺,1998-12-24,6361,36153
SEA POINT ROAD,海鳴路,Is,Islands,離島,2004-12-17,8104,38338
SEABEE LANE,海蜂徑,Is,Islands,離島,1994-11-18,4386,34656
SEABIRD LANE,海燕徑,Is,Islands,離島,1994-11-18,4386,34656
SEAHORSE LANE,海馬徑,Is,Islands,離島,1994-11-18,4386,34656
SEAVIEW PROMENADE,麗海堤岸路,S,Southern,南區,1984-02-10,412,30722
SECOND SKY STREET,航天城第二街,Is,Islands,離島,2021-09-24,6003,44463
SEE CHEUNG STREET,市場街,SK,Sai  Kung,西貢,1976-11-05,2462,28069
SEE CHEUNG STREET,市場街,SK,Sai  Kung,西貢,1980-02-08,440,29259
SELKIRK ROAD,西谷道,KC,Kowloon  City,九龍城,1951-05-18,522,18766
SERENE AVENUE,海藍徑,Is,Islands,離島,1999-11-05,6832,36469
SERENITY PATH,安寧徑,SK,Sai  Kung,西貢,1991-08-30,3062,33480
SEVERN ROAD,施勳道,C&W,Central  &  Western,中西區,1921-06-17,271,7839
SHA CHAU LEI ROAD,沙洲里路,YL,Yuen Long,元朗,1994-04-15,1352,34439
SHA HA PATH,沙下徑,SK,Sai  Kung,西貢,2016-05-27,3021,42517
SHA HA ROAD,沙下路,SK,Sai  Kung,西貢,2004-12-17,8101,38338
SHA HO ROAD,沙河路,N,North,北區,1987-06-12,1898,31940
SHA KOK MEI ROAD,沙角尾路,SK,Sai  Kung,西貢,1991-05-24,1786,33382
SHA KOK MEI ROAD,沙角尾路,SK,Sai  Kung,西貢,2006-11-24,7495,39045
SHA KOK STREET,沙角街,ST,Sha Tin,沙田,1981-04-03,1022,29679
SHA KOK STREET,沙角街,ST,Sha Tin,沙田,1981-09-18,2794,29847
SHA LAN ROAD,沙欄路,TP,Tai  Po,大埔,1988-04-22,1283,32255
SHA LEK HIGHWAY,沙瀝公路,ST,Sha Tin,沙田,1998-02-27,996,35853
SHA LING ROAD,沙嶺道,N,North,北區,1972-09-15,2306,26557
SHA ON STREET,沙安街,ST,Sha Tin,沙田,1997-12-05,2960,35769
SHA ON STREET,沙安街,ST,Sha Tin,沙田,1999-10-08,5859,36441
SHA PO TSUEN ROAD,沙埔村路,YL,Yuen Long,元朗,1999-06-25,3547,36336
SHA TAU KOK ROAD - LUNG YEUK TAU,沙頭角公路 － 龍躍頭段,N,North,北區,1970-02-13,372,25612
SHA TAU KOK ROAD - LUNG YEUK TAU,沙頭角公路 － 龍躍頭段,N,North,北區,1992-03-06,835,33669
SHA TAU KOK ROAD - MA MEI HA,沙頭角公路 － 馬尾下段,N,North,北區,1970-02-13,372,25612
SHA TAU KOK ROAD - SHEK CHUNG AU,沙頭角公路 － 石涌凹段,N,North,北區,1970-02-13,372,25612
SHA TAU KOK ROAD - WO HANG,沙頭角公路 － 禾坑段,N,North,北區,1970-02-13,372,25612
SHA TIN CENTRE STREET,沙田正街,ST,Sha Tin,沙田,1982-03-12,827,30022
SHA TIN HEIGHTS ROAD,沙田嶺路,ST,Sha Tin,沙田,1983-07-01,2023,30498
SHA TIN ROAD,沙田路,ST,Sha Tin,沙田,1984-11-30,3532,31016
SHA TIN ROAD,沙田路,ST,Sha Tin,沙田,1986-08-15,2820,31639
SHA TIN RURAL COMMITTEE ROAD,沙田鄉事會路,ST,Sha Tin,沙田,1981-04-03,1022,29679
SHA TIN RURAL COMMITTEE ROAD,沙田鄉事會路,ST,Sha Tin,沙田,1984-06-15,1737,30848
SHA TIN RURAL COMMITTEE ROAD,沙田鄉事會路,ST,Sha Tin,沙田,1991-03-15,914,33312
SHA TIN STATION CIRCUIT,沙田車站圍,ST,Sha Tin,沙田,1984-06-15,1737,30848
SHA TIN TAU ROAD,沙田頭路,ST,Sha Tin,沙田,1981-09-18,2794,29847
SHA TIN TAU ROAD,沙田頭路,ST,Sha Tin,沙田,1984-11-30,3532,31016
SHA TIN TAU ROAD,沙田頭路,ST,Sha Tin,沙田,1991-03-15,914,33312
SHA TIN WAI ROAD,沙田圍路,ST,Sha Tin,沙田,1981-09-18,2794,29847
SHA TIN WAI ROAD,沙田圍路,ST,Sha Tin,沙田,1983-07-01,2023,30498
SHA TIN WAI ROAD,沙田圍路,ST,Sha Tin,沙田,1983-08-12,2628,30540
SHA TSENG ROAD,沙井路,YL,Yuen Long,元朗,1987-05-08,1540,31905
SHA TSUI PATH,沙咀街,SK,Sai  Kung,西貢,1973-12-07,3147,27005
SHA TSUI ROAD,沙嘴道,TW,Tsuen  Wan,荃灣,1962-11-23,2378,22973
SHA WAN DRIVE,沙灣徑,S,Southern,南區,1984-06-22,1825,30855
SHAM CHUNG ROAD,深涌路,YL,Yuen Long,元朗,2003-04-25,2850,37736
SHAM CHUNG ROAD,深涌路,YL,Yuen Long,元朗,2006-03-03,1463,38779
SHAM CHUNG TSUEN ROAD,深涌村路,YL,Yuen Long,元朗,1994-12-09,4723,34677
SHAM CHUNG TSUEN ROAD,深涌村路,YL,Yuen Long,元朗,2006-03-03,1462,38779
SHAM FUNG ROAD,深豐路,TW,Tsuen  Wan,荃灣,1998-04-24,1958,35909
SHAM HONG ROAD,深康路,TW,Tsuen  Wan,荃灣,1994-09-09,3385,34586
SHAM MONG ROAD,深旺道,SSP-YTM,Sham  Shui  Po / Yau Tsim Mong,深水埗 / 油尖旺,1998-07-03,3230,35979
SHAM MONG ROAD,深旺道,SSP-YTM,Sham  Shui  Po / Yau Tsim Mong,深水埗 / 油尖旺,2005-06-30,3129,38533
SHAM SHING ROAD,深盛路,SSP,Sham  Shui  Po,深水埗,1999-03-12,1362,36231
SHAM SHUI KOK DRIVE,深水角徑,TW,Tsuen  Wan,荃灣,1998-06-26,3112,35972
SHAM TSENG TSUEN ROAD,深井村路,TW,Tsuen  Wan,荃灣,1989-05-26,1823,32654
SHAM TSZ STREET,深慈街,TW,Tsuen  Wan,荃灣,1979-01-05,44,28860
SHAM TSZ STREET,深慈街,TW,Tsuen  Wan,荃灣,2005-08-19,4059,38583
SHAM WAT ROAD,深屈道,Is,Islands,離島,1970-06-05,1156,25724
SHAM WAT ROAD,深屈道,Is,Islands,離島,1991-03-15,912,33312
SHAN HA ROAD,山下路,YL,Yuen Long,元朗,1982-03-05,755,30015
SHAN HA ROAD,山下路,YL,Yuen Long,元朗,1982-09-17,3000,30211
SHAN KWONG ROAD,山光道,WC,Wan  Chai,灣仔,1930-03-07,138,11024
SHAN KWONG ROAD,山光道,WC,Wan  Chai,灣仔,1953-09-18,1143,19620
SHAN LIU ROAD,山寮路,TP,Tai  Po,大埔,1970-04-03,713,25661
SHAN LIU ROAD,山寮路,TP,Tai  Po,大埔,2009-03-06,1502,39878
SHAN MEI STREET,山尾街,ST,Sha Tin,沙田,1981-06-12,1685,29749
SHAN MING STREET,山明街,S,Southern,南區,1932-04-22,245,11801
SHAN MING STREET,山明街,S,Southern,南區,1932-04-29,255,11808
SHAN NAM ROAD,山南路,TP,Tai  Po,大埔,1997-04-18,1848,35538
SHAN PUI HO EAST ROAD,山貝河東路,YL,Yuen Long,元朗,2001-06-29,3947,37071
SHAN PUI ROAD,山貝路,YL,Yuen Long,元朗,2002-07-26,4596,37463
SHAN PUI ROAD,山貝路,YL,Yuen Long,元朗,2006-09-15,5891,38975
SHAN TONG ROAD,山塘路,TP,Tai  Po,大埔,1992-11-20,4154,33928
SHAN TONG ROAD,山塘路,TP,Tai  Po,大埔,1993-06-18,2101,34138
SHAN TONG ROAD,山塘路,TP,Tai  Po,大埔,1996-09-27,4430,35335
SHAN TSUI VILLAGE ROAD,山咀村路,N,North,北區,1999-03-12,1361,36231
SHAN YIN ROAD,山賢路,TP,Tai  Po,大埔,1997-04-18,1849,35538
SHANGHAI STREET,上海街,YTM,Yau Tsim Mong,油尖旺,1909-03-19,184,3366
SHANSI STREET,山西街,KC,Kowloon  City,九龍城,1935-04-26,334,12900
SHANTUNG STREET,山東街,YTM,Yau Tsim Mong,油尖旺,1909-05-28,323,3436
SHAP PAT HEUNG INTERCHANGE,十八鄉交匯處,YL,Yuen Long,元朗,1994-10-14,3892,34621
SHAP PAT HEUNG ROAD,十八鄉路,YL,Yuen Long,元朗,2006-03-03,1464,38779
SHATIN PASS ROAD,沙田㘭道,WTS,Wong Tai Sin,黃大仙,1957-05-24,730,20964
SHATIN PASS ROAD,沙田㘭道,WTS,Wong Tai Sin,黃大仙,1981-10-23,3160,29882
SHATIN PASS ROAD,沙田㘭道,WTS,Wong Tai Sin,黃大仙,1982-08-27,2759,30190
SHAU KEI WAN MAIN STREET EAST,筲箕灣東大街,E,Eastern,東區,1976-03-12,580,27831
SHAU KEI WAN ROAD,筲箕灣道,E,Eastern,東區,1940-07-26,845,14818
SHAU KEI WAN ROAD,筲箕灣道,E,Eastern,東區,1976-03-12,580,27831
SHE SHAN ROAD,社山路,TP,Tai  Po,大埔,1998-06-19,2979,35965
SHEK CHAN LANE,石棧里,C&W,Central  &  Western,中西區,1967-07-14,1517,24667
SHEK CHAN LANE,石棧里,C&W,Central  &  Western,中西區,1967-12-08,2628,24814
SHEK KIN STREET,石建街,K&T,Kwai  Tsing,葵青,1964-05-29,1346,23526
SHEK KIP MEI STREET,石硤尾街,SSP,Sham  Shui  Po,深水埗,1926-08-13,423,9722
SHEK KIP MEI STREET,石硤尾街,SSP,Sham  Shui  Po,深水埗,1980-04-18,1183,29329
SHEK KOK ROAD,石角路,SK,Sai  Kung,西貢,1990-12-21,4576,33228
SHEK KONG AIRFIELD ROAD,石崗機場路,YL,Yuen Long,元朗,1993-10-22,3876,34264
SHEK KU LUNG ROAD,石鼓壟道,KC,Kowloon  City,九龍城,1926-06-25,342,9673
SHEK KU STREET,石鼓街,KC,Kowloon  City,九龍城,1963-09-27,1893,23281
SHEK KWAI STREET,石貴街,TW,Tsuen  Wan,荃灣,1988-03-31,1054,32233
SHEK LAU TUNG STREET,石榴洞街,ST,Sha Tin,沙田,1981-06-12,1685,29749
SHEK LI STREET,石梨街,K&T,Kwai  Tsing,葵青,1964-05-29,1346,23526
SHEK LIN ROAD,石蓮路,TP,Tai  Po,大埔,1986-06-13,2017,31576
SHEK MAN PATH,石文徑,K&T,Kwai  Tsing,葵青,1974-04-19,1023,27138
SHEK MUN INTERCHANGE,石門交匯處,ST,Sha Tin,沙田,1993-09-24,3503,34236
SHEK MUN KAP ROAD,石門甲道,Is,Islands,離島,1970-06-05,1156,25724
SHEK O HEADLAND ROAD,石澳山仔路,S,Southern,南區,2004-09-24,6331,38254
SHEK O ROAD,石澳道,S,Southern,南區,1935-04-12,302,12886
SHEK O ROAD,石澳道,S,Southern,南區,1998-05-08,2277,35923
SHEK O VILLAGE ROAD,石澳村路,S,Southern,南區,2004-09-24,6331,38254
SHEK ON STREET,石安街,TW,Tsuen  Wan,荃灣,1988-03-31,1054,32233
SHEK PAI STREET,石排街,K&T,Kwai  Tsing,葵青,1964-05-29,1346,23526
SHEK PAI STREET,石排街,K&T,Kwai  Tsing,葵青,1985-08-09,2596,31268
SHEK PAI STREET,石排街,K&T,Kwai  Tsing,葵青,1993-06-18,2098,34138
SHEK PAI TAU PATH,石排頭徑,TM,Tuen  Mun,屯門,1998-04-24,1961,35909
SHEK PAI TAU ROAD,石排頭路,TM,Tuen  Mun,屯門,1977-12-23,3134,28482
SHEK PAI TAU ROAD,石排頭路,TM,Tuen  Mun,屯門,1998-04-24,1961,35909
SHEK PAI WAN ROAD,石排灣道,S,Southern,南區,1961-08-04,1335,22497
SHEK PIK RESERVOIR ROAD,石壁水塘路,Is,Islands,離島,1970-06-05,1156,25724
SHEK PO EAST ROAD,石埗東路,YL,Yuen Long,元朗,2020-05-22,2656,43973
SHEK PO ROAD,石埗路,YL,Yuen Long,元朗,1993-12-10,4541,34313
SHEK PUI STREET,石貝街,K&T,Kwai  Tsing,葵青,1970-03-06,535,25633
SHEK SHEUNG ROAD,石上路,YL,Yuen Long,元朗,2020-04-03,1669,43924
SHEK TAU STREET,石頭街,K&T,Kwai  Tsing,葵青,1964-08-07,2169,23596
SHEK TAU STREET,石頭街,K&T,Kwai  Tsing,葵青,2001-09-21,5854,37155
SHEK TIN ROAD,石田路,YL,Yuen Long,元朗,2014-02-14,931,41684
SHEK TONG STREET,石塘街,KC,Kowloon  City,九龍城,1926-06-25,342,9673
SHEK TSAI HA ROAD,石寨下路,N,North,北區,1995-09-15,3732,34957
SHEK TSAI PO STREET,石仔埗街,Is,Islands,離島,1983-12-02,3792,30652
SHEK WAI KOK ROAD,石圍角路,TW,Tsuen  Wan,荃灣,1983-11-04,3497,30624
SHEK WAI KOK ROAD,石圍角路,TW,Tsuen  Wan,荃灣,1990-11-02,3961,33179
SHEK WU WAI ROAD,石湖圍路,YL,Yuen Long,元朗,1993-12-03,4433,34306
SHEK YAM ROAD,石蔭路,K&T,Kwai  Tsing,葵青,1970-03-06,535,25633
SHEK YI ROAD,石宜路,K&T,Kwai  Tsing,葵青,1970-03-06,535,25633
SHEK YING PATH,石英徑,K&T,Kwai  Tsing,葵青,1974-04-19,1023,27138
SHELL STREET,蜆殼街,WC,Wan  Chai,灣仔,1952-08-15,972,19221
SHELTER STREET,信德街,WC,Wan  Chai,灣仔,1978-08-04,1958,28706
SHENZHEN BAY BRIDGE,深圳灣公路大橋,YL,Yuen Long,元朗,2007-08-24,5527,39318
SHEUNG FOO STREET,常富街,KC,Kowloon  City,九龍城,1967-04-07,751,24569
SHEUNG FOO STREET,常富街,KC,Kowloon  City,九龍城,2021-04-01,1945,44287
SHEUNG FUNG STREET,雙鳳街,WTS,Wong Tai Sin,黃大仙,1963-11-08,2197,23323
SHEUNG HEI STREET,雙喜街,WTS,Wong Tai Sin,黃大仙,1961-09-08,1577,22532
SHEUNG HEUNG ROAD,上鄉道,KC,Kowloon  City,九龍城,1926-02-12,68,9540
SHEUNG HEUNG ROAD,上鄉道,KC,Kowloon  City,九龍城,1926-04-16,202,9603
SHEUNG HEUNG ROAD,上鄉道,KC,Kowloon  City,九龍城,1935-04-26,334,12900
SHEUNG HING STREET,常興街,KC,Kowloon  City,九龍城,1967-04-07,751,24569
SHEUNG HO ROAD,上河路,N,North,北區,2026-03-27,1839,46108
SHEUNG HONG STREET,常康街,KC,Kowloon  City,九龍城,1967-04-07,751,24569
SHEUNG KIN STREET,常健街,KC,Kowloon  City,九龍城,2010-06-18,3611,40347
SHEUNG KO TAN STREET,上高灘街,K&T,Kwai  Tsing,葵青,1985-03-22,915,31128
SHEUNG KOK SHAN ROAD,上角山路,TW,Tsuen  Wan,荃灣,2010-08-06,5085,40396
SHEUNG KOK STREET,上角街,K&T,Kwai  Tsing,葵青,1966-02-18,470,24156
SHEUNG KOK STREET,上角街,K&T,Kwai  Tsing,葵青,2003-01-10,227,37631
SHEUNG KWAI CHUNG TSUEN ROAD,上葵涌村路,TW,Tsuen  Wan,荃灣,1998-08-14,3966,36021
SHEUNG LOK STREET,常樂街,KC,Kowloon  City,九龍城,1967-04-07,751,24569
SHEUNG MAU STREET,常茂街,E,Eastern,東區,2002-06-28,3966,37435
SHEUNG NING ROAD,常寧路,SK,Sai  Kung,西貢,1993-02-19,554,34019
SHEUNG ON STREET,常安街,E,Eastern,東區,1982-03-05,753,30015
SHEUNG ON STREET,常安街,E,Eastern,東區,1982-03-26,1031,30036
SHEUNG ON STREET,常安街,E,Eastern,東區,1983-05-13,1519,30449
SHEUNG ON STREET,常安街,E,Eastern,東區,2002-06-28,3966,37435
SHEUNG PING STREET,常平街,E,Eastern,東區,2002-06-28,3966,37435
SHEUNG SHING LANE,常盛里,KC,Kowloon  City,九龍城,2017-02-17,876,42783
SHEUNG SHING STREET,常盛街,KC,Kowloon  City,九龍城,1967-04-07,751,24569
SHEUNG SHUI TUNG HING ROAD,上水東慶路,N,North,北區,1995-07-28,2927,34908
SHEUNG SZE WAN ROAD,相思灣路,SK,Sai  Kung,西貢,1986-11-21,4036,31737
SHEUNG TAT STREET,常達街,E,Eastern,東區,2002-06-28,3966,37435
SHEUNG WAI LANE,上圍里,SK,Sai  Kung,西貢,1991-07-05,2294,33424
SHEUNG WO CHE ROAD,上禾輋路,ST,Sha Tin,沙田,1997-12-12,3081,35776
SHEUNG WO STREET,常和街,KC,Kowloon  City,九龍城,1967-04-07,751,24569
SHEUNG YEE ROAD,常怡道,KT,Kwun Tong,觀塘,1983-07-15,2233,30512
SHEUNG YIP STREET,尚業街,KT,Kwun Tong,觀塘,2026-02-13,995,46066
SHEUNG YUEN STREET,上元街,WTS,Wong Tai Sin,黃大仙,1991-11-22,4197,33564
SHEUNG YUET ROAD,常悅道,KT,Kwun Tong,觀塘,1983-07-15,2233,30512
SHIM LUEN STREET,蟬聯街,KC,Kowloon  City,九龍城,1959-04-17,548,21657
SHIN LUN LANE,善鄰里,KC,Kowloon  City,九龍城,2017-03-03,1160,42797
SHIN TUNG LANE,善東里,Is,Islands,離島,2025-07-25,4611,45863
SHING CHEONG ROAD,承昌道,KC,Kowloon  City,九龍城,2012-09-28,6493,41180
SHING CHEONG ROAD,承昌道,KC,Kowloon  City,九龍城,2021-06-25,3898,44372
SHING CHEONG ROAD,承昌道,KC,Kowloon  City,九龍城,2024-12-06,7370,45632
SHING CHUEN ROAD,成全路,ST,Sha Tin,沙田,1979-12-21,3311,29210
SHING FONG STREET,盛芳街,K&T,Kwai  Tsing,葵青,1974-04-19,1023,27138
SHING FU LANE,承富里,KC,Kowloon  City,九龍城,2021-06-25,3897,44372
SHING FUK STREET,盛福街,K&T,Kwai  Tsing,葵青,1974-04-19,1023,27138
SHING FUNG LANE,承豐里,KC,Kowloon  City,九龍城,2024-09-13,5451,45548
SHING FUNG ROAD,承豐道,KC,Kowloon  City,九龍城,2012-09-28,6493,41180
SHING FUNG ROAD,承豐道,KC,Kowloon  City,九龍城,2020-06-12,3235,43994
SHING FUNG ROAD,承豐道,KC,Kowloon  City,九龍城,2023-03-24,1790,45009
SHING HING STREET,成興街,ST,Sha Tin,沙田,1979-12-21,3311,29210
SHING HO ROAD,城河道,ST,Sha Tin,沙田,1969-12-24,2561,25561
SHING HO ROAD,城河道,ST,Sha Tin,沙田,1984-10-19,3072,30974
SHING HONG LANE,盛康里,E,Eastern,東區,1988-07-22,2354,32346
SHING KA ROAD,聖家路,Is,Islands,離島,1987-05-22,1658,31919
SHING KAI ROAD,承啟道,KC,Kowloon  City,九龍城,2012-09-28,6493,41180
SHING KAI ROAD,承啟道,KC,Kowloon  City,九龍城,2017-03-03,1160,42797
SHING KING STREET,承景街,KC,Kowloon  City,九龍城,2021-06-25,3897,44372
SHING MAN LANE,盛民里,E,Eastern,東區,1988-07-22,2354,32346
SHING MUN LANE,城門里,TW,Tsuen  Wan,荃灣,1991-03-08,816,33305
SHING MUN LANE,城門里,TW,Tsuen  Wan,荃灣,2005-02-04,623,38387
SHING MUN ROAD,城門道,K&T-TW,Kwai  Tsing / Tsuen  Wan,葵青 / 荃灣,1970-03-06,535,25633
SHING MUN ROAD,城門道,K&T-TW,Kwai  Tsing / Tsuen  Wan,葵青 / 荃灣,1975-11-07,2448,27705
SHING MUN ROAD,城門道,K&T-TW,Kwai  Tsing / Tsuen  Wan,葵青 / 荃灣,1991-03-08,817,33305
SHING MUN TUNNEL,城門隧道,ST-K&T,Sha Tin / Kwai  Tsing,沙田 / 葵青,1990-03-30,1166,32962
SHING MUN TUNNEL ROAD,城門隧道公路,ST,Sha Tin,沙田,1990-03-30,1166,32962
SHING ON LANE,成安里,E,Eastern,東區,1985-05-03,1441,31170
SHING PING STREET,昇平街,WC,Wan  Chai,灣仔,1930-03-07,138,11024
SHING SAI ROAD,城西道,C&W,Central  &  Western,中西區,1999-01-15,235,36175
SHING SAI ROAD,城西道,C&W,Central  &  Western,中西區,2006-12-15,7935,39066
SHING TAI ROAD,盛泰道,E,Eastern,東區,1987-04-16,1305,31883
SHING TAI ROAD,盛泰道,E,Eastern,東區,1991-06-07,1960,33396
SHING TAK STREET,盛德街,KC,Kowloon  City,九龍城,1958-08-22,1143,21419
SHING TIN STREET,盛田街,ST,Sha Tin,沙田,1987-02-06,416,31814
SHING WAN ROAD,成運路,ST,Sha Tin,沙田,1979-12-21,3311,29210
SHING YAN LANE,承恩里,KC,Kowloon  City,九龍城,2024-12-06,7369,45632
SHING YAU STREET,承佑街,KC,Kowloon  City,九龍城,2023-05-12,2908,45058
SHING YIP STREET,成業街,KT,Kwun Tong,觀塘,1957-02-22,264,20873
SHING YIP STREET,成業街,KT,Kwun Tong,觀塘,1991-08-02,2727,33452
SHING YIU STREET,勝耀街,K&T,Kwai  Tsing,葵青,1991-09-20,3344,33501
SHING YU LANE,承裕里,KC,Kowloon  City,九龍城,2021-06-25,3897,44372
SHIPYARD LANE,船塢里,E,Eastern,東區,1971-09-10,2049,26186
SHIU FAI TERRACE,肇輝臺,WC,Wan  Chai,灣仔,1957-03-01,307,20880
SHIU FAI TERRACE,肇輝臺,WC,Wan  Chai,灣仔,2012-10-19,6892,41201
SHIU KIN LANE,肇堅里,WC,Wan  Chai,灣仔,1987-02-06,418,31814
SHIU WO STREET,兆和街,TW,Tsuen  Wan,荃灣,1940-01-26,108,14636
SHIU WO STREET,兆和街,TW,Tsuen  Wan,荃灣,1962-11-23,2378,22973
SHORT STREET,述德街,KC,Kowloon  City,九龍城,1935-03-01,165,12844
SHOUSON HILL ROAD,壽山村道,S,Southern,南區,1930-04-11,227,11059
SHOUSON HILL ROAD EAST,壽臣山道東,S,Southern,南區,1940-04-26,479,14727
SHOUSON HILL ROAD WEST,壽臣山道西,S,Southern,南區,1940-04-26,479,14727
SHU KUK STREET,書局街,E,Eastern,東區,1937-09-24,682,13782
SHUI CHE KWUN LANE,水車館里,YL,Yuen Long,元朗,1992-02-14,535,33648
SHUI CHE KWUN LANE,水車館里,YL,Yuen Long,元朗,2017-10-13,7595,43021
SHUI CHE KWUN STREET,水車館街,YL,Yuen Long,元朗,1935-02-15,124,12830
SHUI CHE KWUN STREET,水車館街,YL,Yuen Long,元朗,1983-06-03,1752,30470
SHUI CHE KWUN STREET,水車館街,YL,Yuen Long,元朗,1986-10-10,3518,31695
SHUI CHONG STREET,水廠街,ST,Sha Tin,沙田,1985-07-26,2430,31254
SHUI CHUEN AU STREET,水泉坳街,ST,Sha Tin,沙田,1983-07-01,2023,30498
SHUI FU ROAD,水庫路,YL,Yuen Long,元朗,2009-09-18,5906,40074
SHUI MEI ROAD,水尾路,YL,Yuen Long,元朗,2021-02-05,708,44232
SHUI NING STREET,瑞寧街,KT,Kwun Tong,觀塘,1964-04-03,818,23470
SHUI PIN WAI INTERCHANGE,水邊圍交匯處,YL,Yuen Long,元朗,1991-06-28,2214,33417
SHUI PIN WAI INTERCHANGE,水邊圍交匯處,YL,Yuen Long,元朗,2017-10-13,7594,43021
SHUI PIN WAI ROAD,水邊圍路,YL,Yuen Long,元朗,1981-12-18,3742,29938
SHUI TAU ROAD,水頭路,YL,Yuen Long,元朗,2001-09-14,5746,37148
SHUI TSIU SAN TSUEN ROAD,水蕉新村路,YL,Yuen Long,元朗,2003-04-25,2850,37736
SHUI WO STREET,瑞和街,KT,Kwun Tong,觀塘,1964-04-03,818,23470
SHUM WAN PIER DRIVE,深灣碼頭徑,S,Southern,南區,1979-12-07,3193,29196
SHUM WAN ROAD,深灣道,S,Southern,南區,1969-09-26,1915,25472
SHUM WAN ROAD,深灣道,S,Southern,南區,2021-04-30,2548,44316
SHUN CHEONG STREET,順昌街,N,North,北區,1998-05-01,2181,35916
SHUN CHI STREET,順緻街,KT,Kwun Tong,觀塘,1979-04-20,1001,28965
SHUN CHING STREET,順清街,KT,Kwun Tong,觀塘,1979-04-20,1001,28965
SHUN CHIT ROAD,順捷路,Is,Islands,離島,2017-03-10,1273,42804
SHUN FAI ROAD,順暉路,Is,Islands,離島,2017-03-10,1273,42804
SHUN FONG STREET,信芳街,K&T,Kwai  Tsing,葵青,1974-04-19,1023,27138
SHUN FU STREET,順富街,E,Eastern,東區,1980-03-14,787,29294
SHUN FUNG STREET,順風街,KC,Kowloon  City,九龍城,1965-06-04,1392,23897
SHUN HANG ROAD,順行路,Is,Islands,離島,2017-03-10,1273,42804
SHUN HING STREET,順興街,N,North,北區,1983-04-29,1316,30435
SHUN HING STREET,順興街,N,North,北區,1995-05-05,1614,34824
SHUN KING STREET,順景街,KT,Kwun Tong,觀塘,1979-04-20,1001,28965
SHUN LEE TSUEN ROAD,順利邨道,KT,Kwun Tong,觀塘,1979-04-20,1001,28965
SHUN LIN ROAD,順連路,Is,Islands,離島,2017-03-10,1273,42804
SHUN LONG ROAD,順朗路,Is,Islands,離島,2017-03-10,1273,42804
SHUN LUI ROAD,順旅路,Is,Islands,離島,2017-03-10,1273,42804
SHUN LUNG STREET,順隆街,N,North,北區,1983-04-29,1316,30435
SHUN LUNG STREET,順隆街,N,North,北區,1995-05-05,1614,34824
SHUN MING ROAD,順明路,Is,Islands,離島,2017-03-10,1273,42804
SHUN NGON ROAD,順岸路,Is,Islands,離島,2017-03-10,1273,42804
SHUN NING ROAD,順寧道,SSP,Sham  Shui  Po,深水埗,1934-02-09,91,12459
SHUN ON ROAD,順安道,KT,Kwun Tong,觀塘,1979-04-20,1001,28965
SHUN PING STREET,順平街,N,North,北區,1995-05-05,1614,34824
SHUN TAI ROAD,順泰道,E,Eastern,東區,1984-11-30,3529,31016
SHUN TAT STREET,順達街,TM,Tuen  Mun,屯門,1992-05-29,1862,33753
SHUN TUNG ROAD,順東路,Is,Islands,離島,1997-05-16,2398,35566
SHUN WAN ROAD,順環路,Is,Islands,離島,2017-03-10,1273,42804
SHUN WUI ROAD,順匯路,Is,Islands,離島,2017-03-10,1273,42804
SHUN YEE STREET,信義街,YTM,Yau Tsim Mong,油尖旺,1968-07-19,1505,25038
SHUN YIP STREET,順業街,KT,Kwun Tong,觀塘,1976-12-24,2874,28118
SHUN YUNG STREET,信用街,KC,Kowloon  City,九龍城,1965-04-09,914,23841
SHUNG CHING ROAD,崇正路,YL,Yuen Long,元朗,2006-03-03,1463,38779
SHUNG KING STREET,船景街,KC,Kowloon  City,九龍城,1989-03-31,1053,32598
SHUNG LING STREET,崇齡街,WTS,Wong Tai Sin,黃大仙,1961-09-08,1577,22532
SHUNG SHAN STREET,崇山街,KT,Kwun Tong,觀塘,2018-05-04,3295,43224
SHUNG SHUN STREET,崇信街,KT,Kwun Tong,觀塘,1967-03-17,603,24548
SHUNG TAK STREET,崇德街,TP,Tai  Po,大埔,1930-05-02,262,11080
SHUNG TAK STREET,崇德街,TP,Tai  Po,大埔,1961-11-10,1975,22595
SHUNG TAK WAI,崇德圍,KT,Kwun Tong,觀塘,1967-03-17,603,24548
SHUNG WAH STREET,崇華街,WTS,Wong Tai Sin,黃大仙,1966-06-30,1684,24288
SHUNG WAH STREET,崇華街,WTS,Wong Tai Sin,黃大仙,2000-08-11,5315,36749
SHUNG WAH STREET,崇華街,WTS,Wong Tai Sin,黃大仙,2001-01-05,105,36896
SHUNG WO PATH,崇和徑,KT,Kwun Tong,觀塘,1967-03-17,603,24548
SHUNG YAN CIRCUIT,崇仁圍,KT,Kwun Tong,觀塘,1998-08-14,3967,36021
SHUNG YAN STREET,崇仁街,KT,Kwun Tong,觀塘,1964-04-03,818,23470
SHUNG YIU STREET,崇耀街,KT,Kwun Tong,觀塘,1980-04-03,1043,29314
SHUNG YIU STREET,崇耀街,KT,Kwun Tong,觀塘,2018-05-04,3296,43224
SIENA AVENUE,海澄湖畔路,Is,Islands,離島,2008-05-09,3114,39577
SIK KONG WAI ROAD,錫降圍路,YL,Yuen Long,元朗,1993-12-10,4541,34313
SIK KONG WAI ROAD,錫降圍路,YL,Yuen Long,元朗,1993-12-31,4815,34334
SIK ON STREET,適安街,WC,Wan  Chai,灣仔,1957-03-22,422,20901
SILVER CAPE ROAD,銀岬路,SK,Sai  Kung,西貢,1983-01-28,324,30344
SILVER CREST ROAD,銀巒路,SK,Sai  Kung,西貢,1991-08-30,3062,33480
SILVER LAKE ROAD,銀湖路,SK,Sai  Kung,西貢,1991-08-30,3062,33480
SILVER STAR PATH,銀星徑,SK,Sai  Kung,西貢,1991-08-30,3062,33480
SILVER STREAM PATH,銀泉徑,SK,Sai  Kung,西貢,1991-08-30,3062,33480
SILVER TERRACE ROAD,銀臺路,SK,Sai  Kung,西貢,1991-08-30,3062,33480
SILVERSTRAND BEACH ROAD,銀綫灣道,SK,Sai  Kung,西貢,1977-06-10,1311,28286
SIN FAT ROAD,茜發道,KT,Kwun Tong,觀塘,1989-05-05,1523,32633
SIN FAT ROAD,茜發道,KT,Kwun Tong,觀塘,2018-05-04,3296,43224
SING WOO CRESCENT,成和坊,WC,Wan  Chai,灣仔,1952-05-23,620,19137
SIR CECIL'S RIDE,金督馳馬徑,E-WC,Eastern / Wan  Chai,東區 / 灣仔,1930-04-11,227,11059
SIU CHEUNG FONG,兆祥坊,C&W,Central  &  Western,中西區,1924-01-25,41,8791
SIU CHEUNG FONG,兆祥坊,C&W,Central  &  Western,中西區,1958-06-27,865,21363
SIU HANG HAU ROAD,小坑口路,SK,Sai  Kung,西貢,1991-09-20,3343,33501
SIU HING LANE,兆興里,TM,Tuen  Mun,屯門,1992-05-29,1862,33753
SIU HONG ROAD,兆康路,TM,Tuen  Mun,屯門,1986-08-15,2819,31639
SIU LAM ROAD,小欖路,TM,Tuen  Mun,屯門,2000-02-25,1182,36581
SIU LAM TSUEN ROAD,小欖村路,TM,Tuen  Mun,屯門,1999-09-03,5149,36406
SIU LANG SHUI ROAD,小冷水路,TM,Tuen  Mun,屯門,2001-09-21,5851,37155
SIU LEK YUEN ROAD,小瀝源路,ST,Sha Tin,沙田,1981-10-30,3238,29889
SIU LEK YUEN ROAD,小瀝源路,ST,Sha Tin,沙田,1982-03-12,827,30022
SIU LEK YUEN ROAD,小瀝源路,ST,Sha Tin,沙田,1986-10-10,3517,31695
SIU LUN STREET,兆麟街,TM,Tuen  Mun,屯門,1992-05-29,1862,33753
SIU SAI WAN ROAD,小西灣道,E,Eastern,東區,1992-07-17,2505,33802
SIU SAI WAN ROAD,小西灣道,E,Eastern,東區,1998-05-01,2182,35916
SIU SHEUNG ROAD,小商路,YL,Yuen Long,元朗,2003-04-25,2851,37736
SIU SIK LANE,小食里,Is,Islands,離島,1985-12-27,4230,31408
SIU TUNG STREET,兆東街,Is,Islands,離島,2025-07-25,4611,45863
SIU YIP STREET,兆業街,KT,Kwun Tong,觀塘,1976-01-16,141,27775
SKY CITY INTERCHANGE,航天城交匯處,Is,Islands,離島,2005-11-11,5907,38667
SKY CITY ROAD,航天城路,Is,Islands,離島,2005-11-11,5907,38667
SKY CITY ROAD,航天城路,Is,Islands,離島,2021-09-24,6004,44463
SKY CITY ROAD EAST,航天城東路,Is,Islands,離島,2005-11-11,5907,38667
SKY CITY ROAD EAST,航天城東路,Is,Islands,離島,2021-09-24,6004,44463
SKY PLAZA DRIVE,翔天徑,Is,Islands,離島,2005-11-11,5907,38667
SKY PLAZA DRIVE,翔天徑,Is,Islands,離島,2026-05-22,2981,46164
SKY PLAZA ROAD,翔天路,Is,Islands,離島,2005-11-11,5907,38667
SKY PLAZA ROAD,翔天路,Is,Islands,離島,2026-05-22,2981,46164
SKY PLAZA ROAD CENTRAL,翔天中路,Is,Islands,離島,2005-11-11,5907,38667
SKY PLAZA ROAD CENTRAL,翔天中路,Is,Islands,離島,2026-05-22,2981,46164
SKY PLAZA ROAD NORTH,翔天北路,Is,Islands,離島,2005-11-11,5907,38667
SKY PLAZA ROAD NORTH,翔天北路,Is,Islands,離島,2026-05-22,2981,46164
SKY PLAZA ROAD SOUTH,翔天南路,Is,Islands,離島,2005-11-11,5907,38667
SKY PLAZA ROAD SOUTH,翔天南路,Is,Islands,離島,2026-05-22,2981,46164
SMITHFIELD,士美菲路,C&W,Central  &  Western,中西區,2007-12-14,8290,39430
SO KWUN PO ROAD,掃管埔路,N,North,北區,1992-01-03,64,33606
SO KWUN WAT ROAD,掃管笏路,TM,Tuen  Mun,屯門,1991-02-08,505,33277
SO KWUN WAT ROAD,掃管笏路,TM,Tuen  Mun,屯門,2003-03-14,1727,37694
SO KWUN WAT ROAD,掃管笏路,TM,Tuen  Mun,屯門,2003-05-16,3288,37757
SO KWUN WAT TSUEN ROAD,掃管笏村路,TM,Tuen  Mun,屯門,2003-03-14,1727,37694
SOARES AVENUE,梭椏道,KC,Kowloon  City,九龍城,1925-10-09,575,9414
SOK KWU WAN FIRST STREET,索罟灣第一街,Is,Islands,離島,1983-10-28,3425,30617
SOK KWU WAN SECOND STREET,索罟灣第二街,Is,Islands,離島,1983-10-28,3425,30617
SOK KWU WAN THIRD STREET,索罟灣第三街,Is,Islands,離島,1983-10-28,3425,30617
SOMERSET ROAD,森麻實道,KC,Kowloon  City,九龍城,1929-08-23,427,10828
SOUTH BAY CLOSE,南灣坊,S,Southern,南區,1968-04-19,766,24947
SOUTH BAY PATH,南灣徑,S,Southern,南區,1996-02-02,618,35097
SOUTH BAY ROAD,南灣道,S,Southern,南區,1935-04-12,302,12886
SOUTH BAY ROAD,南灣道,S,Southern,南區,1986-12-19,4362,31765
SOUTH HORIZON DRIVE,海怡路,S,Southern,南區,1994-01-14,176,34348
SOUTH LAGUNA STREET,麗港南街,KT,Kwun Tong,觀塘,1996-12-06,5679,35405
SOUTH LANE,南里,C&W,Central  &  Western,中西區,1936-11-20,918,13474
SOUTH LANTAU ROAD,嶼南道,Is,Islands,離島,1969-12-05,2429,25542
SOUTH PERIMETER ROAD,南環路,Is,Islands,離島,1998-01-02,73,35797
SOUTH RUNWAY ROAD,跑道南路,Is,Islands,離島,1998-01-02,73,35797
SOUTH WALL ROAD,城南道,KC,Kowloon  City,九龍城,1932-09-16,592,11948
SPORTS ROAD,體育道,WC,Wan  Chai,灣仔,1939-06-16,489,14412
SPORTS ROAD,體育道,WC,Wan  Chai,灣仔,1995-02-24,633,34754
ST FRANCIS STREET,聖佛蘭士街,WC,Wan  Chai,灣仔,1887-11-26,501,26/11/1887
ST FRANCIS YARD,進教圍,WC,Wan  Chai,灣仔,1887-11-26,501,26/11/1887
ST JOHN'S LANE,聖約翰里,KC,Kowloon  City,九龍城,1978-07-21,1853,28692
ST JOSEPH'S PATH,聖若瑟徑,C&W,Central  &  Western,中西區,1975-10-17,2273,27684
STADIUM PATH,大球場徑,WC,Wan  Chai,灣仔,1976-03-05,527,27824
STAFFORD ROAD,施他佛道,KC,Kowloon  City,九龍城,1929-08-23,427,10828
STANLEY BEACH ROAD,赤柱灘道,S,Southern,南區,1933-11-10,727,12368
STANLEY GAP ROAD,赤柱峽道,S,Southern,南區,1961-08-04,1335,22497
STANLEY LINK ROAD,赤柱連合道,S,Southern,南區,1968-06-21,1281,25010
STANLEY LINK ROAD,赤柱連合道,S,Southern,南區,1980-05-02,1356,29343
STANLEY MAIN STREET,赤柱大街,S,Southern,南區,1978-04-14,913,28594
STANLEY MARKET ROAD,赤柱市場道,S,Southern,南區,1961-06-16,1002,22448
STANLEY MOUND ROAD,赤柱崗道,S,Southern,南區,1956-09-21,1207,20719
STANLEY NEW STREET,赤柱新街,S,Southern,南區,1961-06-16,1002,22448
STANLEY VILLAGE ROAD,赤柱村道,S,Southern,南區,1933-11-10,727,12368
STAR STREET,星街,WC,Wan  Chai,灣仔,1991-01-11,138,33249
STEWART ROAD,史釗域道,WC,Wan  Chai,灣仔,1929-06-14,312,10758
STIRLING ROAD,士他令道,KC,Kowloon  City,九龍城,1933-12-22,823,12410
STUBBS ROAD,司徒拔道,WC,Wan  Chai,灣仔,1923-02-15,77,8447
STUBBS ROAD,司徒拔道,WC,Wan  Chai,灣仔,1960-07-29,1174,22126
SUFFOLK ROAD,沙福道,KC,Kowloon  City,九龍城,1929-08-23,427,10828
SUGAR STREET,糖街,WC,Wan  Chai,灣仔,1931-05-15,300,11458
SUGAR STREET,糖街,WC,Wan  Chai,灣仔,1931-07-10,436,11514
SUI CHEUNG STREET,瑞祥街,ST,Sha Tin,沙田,1998-04-24,1959,35909
SUI CHEUNG STREET,瑞祥街,ST,Sha Tin,沙田,2007-06-15,3926,39248
SUI FUNG LANE,穗豐里,ST,Sha Tin,沙田,1984-06-15,1737,30848
SUI MAN LANE,萃文里,E,Eastern,東區,1992-02-07,477,33641
SUI MAN ROAD,萃文道,E,Eastern,東區,1964-08-21,2339,23610
SUI ON STREET,瑞安街,TP,Tai  Po,大埔,1930-05-02,262,11080
SUI ON STREET,瑞安街,TP,Tai  Po,大埔,1961-11-10,1975,22595
SUI TAI ROAD,瑞泰路,ST,Sha Tin,沙田,2000-01-21,378,36546
SUI WAN ROAD,萃雲路,N,North,北區,1999-07-09,3892,36350
SUI WO ROAD,穗禾路,ST,Sha Tin,沙田,1981-04-03,1022,29679
SUI WO ROAD,穗禾路,ST,Sha Tin,沙田,1984-01-27,285,30708
SUI WO ROAD,穗禾路,ST,Sha Tin,沙田,1999-11-12,6952,36476
SUN KI STREET,新基街,Is,Islands,離島,1983-12-02,3792,30652
SUN ON STREET,新安街,E,Eastern,東區,1977-05-13,1087,28258
SUN SING STREET,新成街,E,Eastern,東區,1957-11-08,1495,21132
SUN SING STREET,新成街,E,Eastern,東區,1966-05-27,1388,24254
SUN SING STREET,新成街,E,Eastern,東區,1989-09-14,3187,32765
SUN WUI ROAD,新會道,WC,Wan  Chai,灣仔,1933-07-28,511,12263
SUN YIP STREET,新業街,E,Eastern,東區,1974-05-31,1380,27180
SUNG CHI STREET,崇志街,KC,Kowloon  City,九龍城,1973-10-26,2808,26963
SUNG KIT STREET,崇潔街,KC,Kowloon  City,九龍城,1973-10-26,2808,26963
SUNG ON STREET,崇安街,KC,Kowloon  City,九龍城,1987-07-17,2290,31975
SUNG ON STREET,崇安街,KC,Kowloon  City,九龍城,1997-06-20,3080,35601
SUNG PING STREET,崇平街,KC,Kowloon  City,九龍城,1987-07-17,2290,31975
SUNG TAK STREET,崇德街,WC,Wan  Chai,灣仔,1975-03-14,587,27467
SUNG WONG TOI ROAD,宋皇臺道,KC,Kowloon  City,九龍城,1926-02-12,68,9540
SUNG WONG TOI ROAD,宋皇臺道,KC,Kowloon  City,九龍城,1926-04-16,202,9603
SUNG WONG TOI ROAD,宋皇臺道,KC,Kowloon  City,九龍城,1965-04-02,835,23834
SUNG WONG TOI ROAD,宋皇臺道,KC,Kowloon  City,九龍城,2021-07-23,4521,44400
SUNG YIN LANE,崇賢里,WC,Wan  Chai,灣仔,1979-12-07,3192,29196
SUNNY BAY ROAD,欣澳道,TW,Tsuen  Wan,荃灣,2004-12-17,8104,38338
SUPREME COURT ROAD,法院道,C&W,Central  &  Western,中西區,1984-11-23,3473,31009
SURREY LANE,舒梨道,KC,Kowloon  City,九龍城,1929-08-23,427,10828
SWATOW STREET,汕頭街,WC,Wan  Chai,灣仔,1915-06-25,283,5655
SWEET GUM ROAD,楓香路,YL,Yuen Long,元朗,1984-08-31,2609,30925
SYCAMORE STREET,詩歌舞街,YTM,Yau Tsim Mong,油尖旺,1950-07-28,900,18472
SZE CHUEN STREET,四川街,KC,Kowloon  City,九龍城,1935-04-26,334,12900
SZE MEI STREET,四美街,WTS,Wong Tai Sin,黃大仙,1961-09-08,1577,22532
SZE MEI STREET,四美街,WTS,Wong Tai Sin,黃大仙,1991-05-10,1636,33368
SZE MEI STREET,四美街,WTS,Wong Tai Sin,黃大仙,2018-02-02,649,43133
SZE PEI SQUARE,四陂坊,TW,Tsuen  Wan,荃灣,1963-06-21,1134,23183
SZE SHAN STREET,四山街,KT,Kwun Tong,觀塘,1967-03-17,603,24548
TA CHUEN PING STREET,打磚坪街,K&T,Kwai  Tsing,葵青,1964-05-29,1346,23526
TA HO TUN ROAD,打蠔墩路,SK,Sai  Kung,西貢,1991-07-05,2294,33424
TA HO TUN ROAD,打蠔墩路,SK,Sai  Kung,西貢,2003-11-28,8575,37953
TAI AU MUN ROAD,大坳門路,SK,Sai  Kung,西貢,1990-12-28,4644,33235
TAI CHEONG STREET,太祥街,E,Eastern,東區,1961-08-18,1435,22511
TAI CHEONG STREET,太祥街,E,Eastern,東區,1964-08-14,2258,23603
TAI CHING CHEUNG ROAD,大蒸場路,K&T,Kwai  Tsing,葵青,2014-02-14,932,41684
TAI CHING STREET,大政街,YTM,Yau Tsim Mong,油尖旺,1974-04-26,1078,27145
TAI CHUNG HAU ROAD,大涌口路,SK,Sai  Kung,西貢,1990-12-21,4576,33228
TAI CHUNG KIU ROAD,大涌橋路,ST,Sha Tin,沙田,1981-04-03,1022,29679
TAI CHUNG KIU ROAD,大涌橋路,ST,Sha Tin,沙田,1984-03-09,708,30750
TAI CHUNG ROAD,大涌道,TW,Tsuen  Wan,荃灣,1962-11-23,2378,22973
TAI CHUNG ROAD,大涌道,TW,Tsuen  Wan,荃灣,1988-09-09,3036,32395
TAI FONG STREET,大方街,TM,Tuen  Mun,屯門,1983-01-28,326,30344
TAI FOO STREET,太富街,E,Eastern,東區,1961-08-18,1435,22511
TAI FOO STREET,太富街,E,Eastern,東區,1964-08-14,2258,23603
TAI FUNG AVENUE,太豐路,E,Eastern,東區,1978-04-14,934,28594
TAI FUNG AVENUE,太豐路,E,Eastern,東區,1980-12-12,3917,29567
TAI FUNG STREET,泰豐街,YL,Yuen Long,元朗,1935-02-15,124,12830
TAI FUNG STREET,泰豐街,YL,Yuen Long,元朗,1977-12-02,2944,28461
TAI HA STREET,大廈街,K&T,Kwai  Tsing,葵青,1964-08-07,2169,23596
TAI HA STREET,大廈街,K&T,Kwai  Tsing,葵青,1987-11-27,3982,32108
TAI HANG DRIVE,大坑徑,WC,Wan  Chai,灣仔,1968-08-30,1769,25080
TAI HANG DRIVE,大坑徑,WC,Wan  Chai,灣仔,1985-05-17,1589,31184
TAI HANG HAU ROAD,大坑口路,SK,Sai  Kung,西貢,1986-11-21,4036,31737
TAI HANG ROAD,大坑道,WC,Wan  Chai,灣仔,1931-02-13,86,11367
TAI HANG SAI STREET,大坑西街,SSP,Sham  Shui  Po,深水埗,1960-12-16,1932,22266
TAI HANG TUNG ROAD,大坑東道,SSP,Sham  Shui  Po,深水埗,1956-08-31,1108,20698
TAI HANG TUNG ROAD,大坑東道,SSP,Sham  Shui  Po,深水埗,1997-06-20,3081,35601
TAI HING STREET,大興街,TM,Tuen  Mun,屯門,1983-01-28,326,30344
TAI HING TAI ROAD,大興堤路,Is,Islands,離島,1985-12-27,4230,31408
TAI HING TAI ROAD,大興堤路,Is,Islands,離島,1990-12-07,4413,33214
TAI HO ROAD,大河道,TW,Tsuen  Wan,荃灣,1962-11-23,2378,22973
TAI HO ROAD,大河道,TW,Tsuen  Wan,荃灣,1987-11-27,3981,32108
TAI HO ROAD,大河道,TW,Tsuen  Wan,荃灣,2003-10-24,7668,37918
TAI HO ROAD,大河道,TW,Tsuen  Wan,荃灣,2019-03-01,1654,43525
TAI HO ROAD NORTH,大河道北,TW,Tsuen  Wan,荃灣,1985-07-26,2429,31254
TAI HOM ROAD,大磡道,WTS,Wong Tai Sin,黃大仙,1991-11-22,4197,33564
TAI HOM ROAD,大磡道,WTS,Wong Tai Sin,黃大仙,2018-08-10,6060,43322
TAI HONG STREET,太康街,E,Eastern,東區,1961-08-18,1435,22511
TAI HONG STREET,太康街,E,Eastern,東區,1987-09-25,3208,32045
TAI KEI LENG ROAD,大旗嶺路,YL,Yuen Long,元朗,1994-12-09,4723,34677
TAI KIU ROAD,大橋路,YL,Yuen Long,元朗,1977-12-02,2944,28461
TAI KOK TSUI ROAD,大角咀道,YTM,Yau Tsim Mong,油尖旺,1923-09-28,411,8672
TAI KWONG LANE,大光里,TP,Tai  Po,大埔,1972-05-05,1092,26424
TAI LAM CHUNG ROAD,大欖涌道,TM,Tuen  Mun,屯門,1990-03-02,776,32934
TAI LAM WU ROAD,大藍湖路,SK,Sai  Kung,西貢,1990-12-21,4576,33228
TAI LEE STREET,泰利街,YL,Yuen Long,元朗,1977-12-02,2944,28461
TAI LIN PAI ROAD,大連排道,K&T,Kwai  Tsing,葵青,1970-03-06,535,25633
TAI LOK STREET,太樂街,E,Eastern,東區,1960-05-20,789,22056
TAI LOONG STREET,大隴街,K&T,Kwai  Tsing,葵青,1964-05-29,1346,23526
TAI MAN STREET,泰民街,E,Eastern,東區,1986-01-17,244,31429
TAI MEI TUK ROAD,大美督路,TP,Tai  Po,大埔,1997-08-08,623,35650
TAI MEI TUK ROAD,大美督路,TP,Tai  Po,大埔,2006-09-29,6310,38989
TAI MING LANE,大明里,TP,Tai  Po,大埔,1972-05-05,1092,26424
TAI MO SHAN ROAD,大帽山道,TW-YL,Tsuen  Wan / Yuen Long,荃灣 / 元朗,1967-05-05,1002,24597
TAI MONG TSAI ROAD,大網仔路,SK,Sai  Kung,西貢,1980-12-24,4050,29579
TAI MOU AVENUE,太茂路,E,Eastern,東區,1979-12-07,3191,29196
TAI NAN STREET,大南街,YTM-SSP,Yau Tsim Mong / Sham  Shui  Po,油尖旺 / 深水埗,1927-11-25,699,10191
TAI NAN STREET,大南街,YTM-SSP,Yau Tsim Mong / Sham  Shui  Po,油尖旺 / 深水埗,1976-06-18,1301,27929
TAI NAN WEST STREET,大南西街,SSP,Sham  Shui  Po,深水埗,1976-06-18,1302,27929
TAI NAN WEST STREET,大南西街,SSP,Sham  Shui  Po,深水埗,1976-06-18,1301,27929
TAI NING STREET,太寧街,E,Eastern,東區,1961-08-18,1435,22511
TAI NING STREET,太寧街,E,Eastern,東區,1964-08-14,2258,23603
TAI O MARKET STREET,大澳街市街,Is,Islands,離島,1983-12-02,3792,30652
TAI O ROAD,大澳道,Is,Islands,離島,1970-06-05,1156,25724
TAI O TAI PING STREET,大澳太平街,Is,Islands,離島,1983-12-02,3792,30652
TAI O WING ON STREET,大澳永安街,Is,Islands,離島,1983-12-02,3792,30652
TAI OM ROAD,大菴路,TP,Tai  Po,大埔,2005-05-27,2492,38499
TAI ON STREET,太安街,E,Eastern,東區,1987-09-25,3208,32045
TAI PA STREET,大壩街,TW,Tsuen  Wan,荃灣,1963-06-21,1134,23183
TAI PAK TERRACE,太白台,C&W,Central  &  Western,中西區,1925-01-23,37,9155
TAI PAK TIN LANE,大白田里,K&T,Kwai  Tsing,葵青,1993-06-18,2100,34138
TAI PAK TIN PATH,大白田徑,K&T,Kwai  Tsing,葵青,2004-11-19,7436,38310
TAI PAK TIN STREET,大白田街,K&T,Kwai  Tsing,葵青,1964-05-29,1346,23526
TAI PAK TIN STREET,大白田街,K&T,Kwai  Tsing,葵青,1966-03-11,687,24177
TAI PAK TIN STREET,大白田街,K&T,Kwai  Tsing,葵青,1993-06-18,2099,34138
TAI PAK TIN STREET,大白田街,K&T,Kwai  Tsing,葵青,1993-07-23,2598,34173
TAI PAK TIN TSUEN ROAD,大白田村路,TW,Tsuen  Wan,荃灣,1998-08-14,3966,36021
TAI PEI SQUARE,大陂坊,TW,Tsuen  Wan,荃灣,1963-06-21,1134,23183
TAI PEI TAU PATH,大陂頭徑,YL,Yuen Long,元朗,1982-09-17,2970,30211
TAI PO LUNG MEI ROAD,大埔龍尾路,TP,Tai  Po,大埔,2008-04-25,2780,39563
TAI PO ROAD,大埔道,SSP,Sham  Shui  Po,深水埗,1927-04-29,250,9981
TAI PO ROAD,大埔道,SSP,Sham  Shui  Po,深水埗,1930-05-02,262,11080
TAI PO ROAD,大埔道,SSP,Sham  Shui  Po,深水埗,1980-04-18,1165,29329
TAI PO ROAD,大埔道,SSP,Sham  Shui  Po,深水埗,1980-08-22,2638,29455
TAI PO ROAD,大埔道,SSP,Sham  Shui  Po,深水埗,1981-04-03,1091,29679
TAI PO ROAD,大埔道,SSP,Sham  Shui  Po,深水埗,2018-06-01,4003,43252
TAI PO ROAD - MA LIU SHUI,大埔公路 － 馬料水段,ST-TP,Sha Tin / Tai  Po,沙田 / 大埔,1968-10-04,2022,25115
TAI PO ROAD - MA LIU SHUI,大埔公路 － 馬料水段,ST-TP,Sha Tin / Tai  Po,沙田 / 大埔,1981-09-11,2744,29840
TAI PO ROAD - MA LIU SHUI,大埔公路 － 馬料水段,ST-TP,Sha Tin / Tai  Po,沙田 / 大埔,1981-12-18,3741,29938
TAI PO ROAD - PIPER'S HILL,大埔公路 － 琵琶山段,ST-SSP,Sha Tin / Sham  Shui  Po,沙田 / 深水埗,1968-11-08,2268,25150
TAI PO ROAD - SHA TIN,大埔公路 － 沙田段,ST,Sha Tin,沙田,1981-12-18,3741,29938
TAI PO ROAD - SHA TIN HEIGHTS,大埔公路 － 沙田嶺段,ST,Sha Tin,沙田,1968-10-04,2022,25115
TAI PO ROAD - TAI PO KAU,大埔公路 － 大埔滘段,TP,Tai  Po,大埔,1968-10-04,2022,25115
TAI PO ROAD - TAI WAI,大埔公路 － 大圍段,ST,Sha Tin,沙田,1981-12-18,3741,29938
TAI PO ROAD - TAI WO,大埔公路 － 大窩段,TP,Tai  Po,大埔,1968-10-04,2022,25115
TAI PO ROAD - TAI WO,大埔公路 － 大窩段,TP,Tai  Po,大埔,1995-05-05,1615,34824
TAI PO ROAD - YUEN CHAU TSAI,大埔公路 － 元洲仔段,TP,Tai  Po,大埔,1968-10-04,2022,25115
TAI PO SHUI WO ROAD,大埔水窩路,TP,Tai  Po,大埔,2005-06-03,2640,38506
TAI PO TAI WO ROAD,大埔太和路,TP,Tai  Po,大埔,1983-12-23,3976,30673
TAI PO TAI WO ROAD,大埔太和路,TP,Tai  Po,大埔,1987-06-12,1899,31940
TAI PO TAI WO ROAD,大埔太和路,TP,Tai  Po,大埔,1987-07-17,2291,31975
TAI PO TAI WO ROAD,大埔太和路,TP,Tai  Po,大埔,1996-09-27,4429,35335
TAI PO TAU DRIVE,大埔頭徑,TP,Tai  Po,大埔,1990-08-03,2775,33088
TAI PO TAU ROAD,大埔頭路,TP,Tai  Po,大埔,1990-08-03,2775,33088
TAI PO TAU SHUI WAI ROAD,大埔頭水圍路,TP,Tai  Po,大埔,1988-09-02,2937,32388
TAI SAN BACK STREET,大新後街,Is,Islands,離島,2011-10-14,6773,40830
TAI SAN STREET,大新街,Is,Islands,離島,1983-08-12,2627,30540
TAI SHEK HAU ROAD,大石口路,Is,Islands,離島,1985-12-27,4230,31408
TAI SHEK STREET,大石街,E,Eastern,東區,1924-04-04,187,8861
TAI SHING STREET,大成街,WTS,Wong Tai Sin,黃大仙,1963-12-20,2489,23365
TAI SHU HA ROAD EAST,大樹下東路,YL,Yuen Long,元朗,1984-05-04,1313,30806
TAI SHU HA ROAD EAST,大樹下東路,YL,Yuen Long,元朗,1991-06-28,2215,33417
TAI SHU HA ROAD WEST,大樹下西路,YL,Yuen Long,元朗,1991-06-28,2215,33417
TAI SHU HA ROAD WEST,大樹下西路,YL,Yuen Long,元朗,2017-06-30,4525,42916
TAI SHUI HANG NORTH STREET,大水坑北街,ST,Sha Tin,沙田,2003-05-30,3667,37771
TAI SHUI HANG SOUTH STREET,大水坑南街,ST,Sha Tin,沙田,2003-05-30,3667,37771
TAI TAK STREET,大德街,E,Eastern,東區,1931-05-15,300,11458
TAI TAK STREET,大德街,E,Eastern,東區,1931-07-10,436,11514
TAI TAM RESERVOIR ROAD,大潭水塘道,S-E,Southern / Eastern,南區 / 東區,1976-03-12,580,27831
TAI TAM ROAD,大潭道,E-S,Eastern / Southern,東區 / 南區,1961-08-04,1335,22497
TAI TO TSUEN ROAD,大道村路,YL,Yuen Long,元朗,1994-09-16,3496,34593
TAI TONG ROAD,大棠路,YL,Yuen Long,元朗,1977-12-02,2944,28461
TAI TONG SHAN ROAD,大棠山道,YL-TM,Yuen Long / Tuen  Mun,元朗 / 屯門,1996-01-05,81,35069
TAI TSOI YUEN ROAD,大菜園路,Is,Islands,離島,2011-10-14,6773,40830
TAI TSUN STREET,大全街,YTM,Yau Tsim Mong,油尖旺,1974-04-26,1078,27145
TAI TUNG STREET,大同街,WTS,Wong Tai Sin,黃大仙,1967-06-02,1194,24625
TAI UK STREET,大屋街,TW,Tsuen  Wan,荃灣,1963-06-21,1134,23183
TAI WAI NEW VILLAGE ROAD,大圍新村路,ST,Sha Tin,沙田,2007-06-15,3925,39248
TAI WAI ROAD,大圍道,ST,Sha Tin,沙田,1969-12-24,2561,25561
TAI WAI ROAD,大圍道,ST,Sha Tin,沙田,1984-10-19,3072,30974
TAI WAI ROAD,大圍道,ST,Sha Tin,沙田,1985-07-26,2430,31254
TAI WAN ROAD,大環道,KC,Kowloon  City,九龍城,1922-06-02,251,8189
TAI WAN ROAD,大環道,KC,Kowloon  City,九龍城,1974-05-24,1319,27173
TAI WAN ROAD,大環道,KC,Kowloon  City,九龍城,2006-03-03,1465,38779
TAI WAN ROAD EAST,大環道東,KC,Kowloon  City,九龍城,2006-03-03,1465,38779
TAI WAN TAU ROAD,大環頭路,SK,Sai  Kung,西貢,1990-12-28,4644,33235
TAI WING AVENUE,太榮路,E,Eastern,東區,1979-11-30,3105,29189
TAI WING LANE,大榮里,TP,Tai  Po,大埔,1972-05-05,1092,26424
TAI WO BRIDGE,太和橋,TP,Tai  Po,大埔,1993-04-30,1436,34089
TAI WO HAU ROAD,大窩口道,K&T,Kwai  Tsing,葵青,1964-08-07,2169,23596
TAI WO HAU ROAD,大窩口道,K&T,Kwai  Tsing,葵青,1970-03-06,535,25633
TAI WO INTERCHANGE,大窩交匯處,K&T,Kwai  Tsing,葵青,1993-07-02,2317,34152
TAI WO SERVICE ROAD EAST,大窩東支路,N-TP,North / Tai  Po,北區 / 大埔,1987-02-06,417,31814
TAI WO SERVICE ROAD WEST,大窩西支路,N-TP,North / Tai  Po,北區 / 大埔,1987-02-06,417,31814
TAI WOH PING ROAD,大窩坪道,SSP,Sham  Shui  Po,深水埗,1957-04-05,509,20915
TAI WOH PING ROAD,大窩坪道,SSP,Sham  Shui  Po,深水埗,1960-11-11,1713,22231
TAI WONG STREET EAST,大王東街,WC,Wan  Chai,灣仔,1915-11-05,S_258,5788
TAI WONG STREET WEST,大王西街,WC,Wan  Chai,灣仔,1915-11-05,S_258,5788
TAI YAU STREET,大有街,WTS,Wong Tai Sin,黃大仙,1961-09-08,1577,22532
TAI YEUNG CHE ROAD,大陽輋路,TP,Tai  Po,大埔,2005-06-03,2640,38506
TAI YIP LANE,大業里,KT,Kwun Tong,觀塘,2001-05-11,2972,37022
TAI YIP STREET,大業街,KT,Kwun Tong,觀塘,1965-01-15,128,23757
TAI YIP STREET,大業街,KT,Kwun Tong,觀塘,1976-01-16,141,27775
TAI YIP STREET,大業街,KT,Kwun Tong,觀塘,1976-01-16,141,27775
TAI YIP STREET,大業街,KT,Kwun Tong,觀塘,1976-03-05,529,27824
TAI YUE AVENUE,太裕路,E,Eastern,東區,1979-12-07,3191,29196
TAI YUEN STREET,太原街,WC,Wan  Chai,灣仔,1909-03-19,184,3366
TAI YUEN STREET,大圓街,K&T,Kwai  Tsing,葵青,1970-03-06,535,25633
TAIKOO SHING ROAD,太古城道,E,Eastern,東區,1977-03-11,591,28195
TAIKOO SHING ROAD,太古城道,E,Eastern,東區,1977-12-16,3093,28475
TAIKOO SHING ROAD,太古城道,E,Eastern,東區,1978-04-14,934,28594
TAIKOO SHING ROAD,太古城道,E,Eastern,東區,1978-11-10,2918,28804
TAIKOO SHING ROAD,太古城道,E,Eastern,東區,1979-12-07,3191,29196
TAIKOO WAN ROAD,太古灣道,E,Eastern,東區,1979-11-30,3105,29189
TAK CHEONG LANE,德昌里,YTM,Yau Tsim Mong,油尖旺,1954-07-30,947,19935
TAK CHEONG STREET,德昌街,YTM,Yau Tsim Mong,油尖旺,1954-07-30,947,19935
TAK CHEONG STREET,德昌街,YTM,Yau Tsim Mong,油尖旺,1957-06-21,887,20992
TAK CHING COURT,德政圍,TM,Tuen  Mun,屯門,1975-08-01,1693,27607
TAK FUNG STREET,德豐街,KC,Kowloon  City,九龍城,1989-03-31,1053,32598
TAK HAU STREET,德厚街,ST,Sha Tin,沙田,1983-12-23,3977,30673
TAK HING STREET,德興街,YTM,Yau Tsim Mong,油尖旺,1933-07-14,481,12249
TAK HOI STREET,德海街,TW,Tsuen  Wan,荃灣,1998-02-13,704,35839
TAK HONG STREET,德康街,KC,Kowloon  City,九龍城,1989-08-18,2830,32738
TAK KEI STREET,得基街,ST,Sha Tin,沙田,1981-11-13,3369,29903
TAK KU LING ROAD,打鼓嶺道,KC,Kowloon  City,九龍城,1926-06-25,342,9673
TAK LEE STREET,得利街,ST,Sha Tin,沙田,1981-11-13,3369,29903
TAK LUNG BACK STREET,德隆後街,SK,Sai  Kung,西貢,1976-11-05,2462,28069
TAK LUNG FRONT STREET,德隆前街,SK,Sai  Kung,西貢,1976-11-05,2462,28069
TAK MAN STREET,德民街,KC,Kowloon  City,九龍城,1976-06-25,1367,27936
TAK ON STREET,德安街,KC,Kowloon  City,九龍城,1989-03-31,1053,32598
TAK PO STREET,得寶街,ST,Sha Tin,沙田,1986-01-17,245,31429
TAK SHING STREET,德成街,YTM,Yau Tsim Mong,油尖旺,1931-01-30,58,11353
TAK TAI PATH,德大徑,K&T,Kwai  Tsing,葵青,1972-09-15,2305,26557
TAK TIN STREET,德田街,KT,Kwun Tong,觀塘,1967-01-13,88,24485
TAK TING STREET,德定街,KC,Kowloon  City,九龍城,1989-03-31,1053,32598
TAK WAH STREET,德華街,TW,Tsuen  Wan,荃灣,1966-02-18,470,24156
TAK WING STREET,得榮街,ST,Sha Tin,沙田,1981-11-13,3369,29903
TAK YAN STREET,德仁街,WC,Wan  Chai,灣仔,1969-12-12,2481,25549
TAK YI STREET,得怡街,ST,Sha Tin,沙田,1986-01-17,245,31429
TAK YIP STREET,德業街,YL,Yuen Long,元朗,1984-01-27,286,30708
TAKU STREET,大沽街,KC,Kowloon  City,九龍城,1909-03-19,184,3366
TAM KON CHAU ROAD,担竿洲路,YL,Yuen Long,元朗,1992-01-10,162,33613
TAM KON PO STREET,担杆莆街,ST,Sha Tin,沙田,1982-03-12,827,30022
TAM KON SHAN INTERCHANGE,担杆山交匯處,K&T,Kwai  Tsing,葵青,1988-07-22,2353,32346
TAM KON SHAN ROAD,担杆山路,K&T,Kwai  Tsing,葵青,1988-07-22,2353,32346
TAM KON SHAN ROAD,担杆山路,K&T,Kwai  Tsing,葵青,1993-09-30,3575,34242
TAM KUNG ROAD,譚公道,KC,Kowloon  City,九龍城,1926-02-12,68,9540
TAM KUNG ROAD,譚公道,KC,Kowloon  City,九龍城,1926-04-16,202,9603
TAM KUNG TEMPLE ROAD,譚公廟道,E,Eastern,東區,1991-06-07,1960,33396
TAMAR STREET,添馬街,C&W,Central  &  Western,中西區,1980-11-28,3730,29553
TAN CHEUNG ROAD,躉場路,SK,Sai  Kung,西貢,1991-07-05,2294,33424
TAN KWAI TSUEN LANE,丹桂村里,YL,Yuen Long,元朗,2015-11-13,8862,42321
TAN KWAI TSUEN ROAD,丹桂村路,YL,Yuen Long,元朗,1973-06-29,1674,26844
TAN LAI STREET,丹荔街,SSP,Sham  Shui  Po,深水埗,2017-04-07,1920,42832
TAN SHAN ROAD,炭山路,SK,Sai  Kung,西貢,1991-05-24,1786,33382
TANG FUNG STREET,登豐街,S,Southern,南區,1956-07-06,849,20642
TANG LUNG STREET,登龍街,WC,Wan  Chai,灣仔,1926-06-11,318,9659
TANG UK STREET,鄧屋街,K&T,Kwai  Tsing,葵青,1982-12-24,4036,30309
TANNER ROAD,丹拿道,E,Eastern,東區,1948-07-16,670,17730
TAP MUN HOI PONG STREET,塔門海傍街,TP,Tai  Po,大埔,2002-04-04,2092,37350
TAT CHEE AVENUE,達之路,SSP,Sham  Shui  Po,深水埗,1953-11-20,1420,19683
TAT CHEE AVENUE,達之路,SSP,Sham  Shui  Po,深水埗,1985-04-26,1346,31163
TAT CHEE AVENUE,達之路,SSP,Sham  Shui  Po,深水埗,1988-11-25,4046,32472
TAT FAI PATH,達輝徑,YL,Yuen Long,元朗,1983-06-03,1752,30470
TAT FUK ROAD,達福路,TM,Tuen  Mun,屯門,2009-08-14,5125,40039
TAT HONG AVENUE,達康路,SSP,Sham  Shui  Po,深水埗,2003-12-19,9049,37974
TAT MEI ROAD,達美路,K&T,Kwai  Tsing,葵青,2011-02-18,1154,40592
TAT TUNG ROAD,達東路,Is,Islands,離島,1997-04-25,2008,35545
TAT WAN ROAD,達運道,TP,Tai  Po,大埔,1990-05-04,1618,32997
TAT WAN ROAD,達運道,TP,Tai  Po,大埔,1991-08-23,2969,33473
TAT WAN ROAD,達運道,TP,Tai  Po,大埔,1997-03-14,1257,35503
TAT YAN SQUARE,達仁坊,TM,Tuen  Mun,屯門,1975-08-01,1693,27607
TAT YEUNG ROAD,達洋路,SSP-K&T,Sham  Shui  Po / Kwai  Tsing,深水埗 / 葵青,1999-03-12,1362,36231
TAT YIP LANE,達業里,ST,Sha Tin,沙田,1984-11-30,3532,31016
TAT YIP LANE,達業里,ST,Sha Tin,沙田,1999-11-12,6952,36476
TATE'S CAIRN HIGHWAY,大老山公路,ST,Sha Tin,沙田,1992-01-31,410,33634
TATE'S CAIRN HIGHWAY,大老山公路,ST,Sha Tin,沙田,2015-11-13,8863,42321
TATE'S CAIRN TUNNEL,大老山隧道,ST-WTS,Sha Tin / Wong Tai Sin,沙田 / 黃大仙,1992-01-31,410,33634
TEMPLE STREET,廟街,YTM,Yau Tsim Mong,油尖旺,1909-03-19,184,3366
TEMPLE STREET,廟街,YTM,Yau Tsim Mong,油尖旺,1921-11-10,469,7985
TEXACO INTERCHANGE,德士古交匯處,TW-K&T,Tsuen  Wan / Kwai  Tsing,荃灣 / 葵青,1983-11-04,3497,30624
TEXACO ROAD,德士古道,K&T-TW,Kwai  Tsing / Tsuen  Wan,葵青 / 荃灣,1962-11-23,2378,22973
TEXACO ROAD NORTH,德士古道北,TW,Tsuen  Wan,荃灣,1985-07-26,2429,31254
THE GOVERNOR'S WALK,同樂徑,C&W,Central  &  Western,中西區,1972-01-21,164,26319
THE GOVERNOR'S WALK,同樂徑,C&W,Central  &  Western,中西區,1972-03-24,764,26382
THEATRE LANE,戲院里,C&W,Central  &  Western,中西區,1936-12-31,1027,13515
THIRD SKY STREET,航天城第三街,Is,Islands,離島,2021-09-24,6003,44463
THOMSON ROAD,譚臣道,WC,Wan  Chai,灣仔,1931-10-30,694,11626
TIM FUK ROAD,添福道,KC,Kowloon  City,九龍城,2001-06-08,3522,37050
TIM MEI AVENUE,添美道,C&W,Central  &  Western,中西區,1997-10-17,1882,35720
TIM WA AVENUE,添華道,C&W,Central  &  Western,中西區,1997-10-17,1882,35720
TIN CHAI LANE EAST,天際里東,KC,Kowloon  City,九龍城,2017-03-03,1160,42797
TIN CHAI LANE WEST,天際里西,KC,Kowloon  City,九龍城,2017-03-03,1160,42797
TIN CHAU ROAD,田洲路,SK,Sai  Kung,西貢,1994-03-25,1094,34418
TIN CHEUNG ROAD,天祥路,YL,Yuen Long,元朗,1992-02-28,697,33662
TIN CHING STREET,天靖街,YL,Yuen Long,元朗,1991-12-13,4467,33585
TIN CHIU STREET,電照街,E,Eastern,東區,1939-12-15,1179,14594
TIN CHONG STREET,電廠街,E,Eastern,東區,1959-11-20,1608,21874
TIN CHUK STREET,天竹街,YL,Yuen Long,元朗,1992-02-28,697,33662
TIN FAI ROAD,天暉路,YL,Yuen Long,元朗,2000-07-07,4391,36714
TIN FUK ROAD,天福路,YL,Yuen Long,元朗,1991-12-13,4467,33585
TIN HA ROAD,田廈路,YL,Yuen Long,元朗,1974-11-29,3036,27362
TIN HAU ROAD,天后路,TM,Tuen  Mun,屯門,1975-08-01,1693,27607
TIN HAU ROAD,天后路,TM,Tuen  Mun,屯門,1981-12-18,3759,29938
TIN HAU ROAD,天后路,TM,Tuen  Mun,屯門,1982-05-28,1683,30099
TIN HAU TEMPLE ROAD,天后廟道,E-WC,Eastern / Wan  Chai,東區 / 灣仔,1930-11-28,708,11290
TIN HAU TEMPLE ROAD,天后廟道,E-WC,Eastern / Wan  Chai,東區 / 灣仔,1960-05-13,745,22049
TIN HEI STREET,天喜街,YL,Yuen Long,元朗,1992-02-28,697,33662
TIN HEUNG STREET,天香街,KT,Kwun Tong,觀塘,1960-06-17,928,22084
TIN HO ROAD,天河路,YL,Yuen Long,元朗,1991-12-13,4467,33585
TIN KING ROAD,田景路,TM,Tuen  Mun,屯門,1990-11-02,3965,33179
TIN KWAI ROAD,天葵路,YL,Yuen Long,元朗,1992-02-28,697,33662
TIN KWAI ROAD,天葵路,YL,Yuen Long,元朗,2000-07-07,4391,36714
TIN KWONG ROAD,天光道,KC,Kowloon  City,九龍城,1933-12-22,823,12410
TIN KWONG ROAD,天光道,KC,Kowloon  City,九龍城,1960-03-04,368,21979
TIN LUNG ROAD,天龍路,YL,Yuen Long,元朗,1992-02-28,697,33662
TIN MEI STREET,天美街,YL,Yuen Long,元朗,1991-12-13,4467,33585
TIN PAK ROAD,天柏路,YL,Yuen Long,元朗,1992-02-28,697,33662
TIN PING LANE,天平里,N,North,北區,1999-10-29,6658,36462
TIN PING ROAD,天平路,N,North,北區,1992-01-03,64,33606
TIN SAM STREET,田心街,ST,Sha Tin,沙田,1983-12-23,3977,30673
TIN SAM STREET,田心街,ST,Sha Tin,沙田,2006-09-29,6309,38989
TIN SAU ROAD,天秀路,YL,Yuen Long,元朗,2000-07-07,4391,36714
TIN SHEK ROAD,田石路,SK,Sai  Kung,西貢,1991-07-05,2294,33424
TIN SHING ROAD,天城路,YL,Yuen Long,元朗,1991-12-13,4467,33585
TIN SHING ROAD,天城路,YL,Yuen Long,元朗,1992-02-28,697,33662
TIN SHUI PATH,天瑞徑,YL,Yuen Long,元朗,2017-11-10,8364,43049
TIN SHUI ROAD,天瑞路,YL,Yuen Long,元朗,1992-02-28,697,33662
TIN SHUI ROAD,天瑞路,YL,Yuen Long,元朗,2000-07-07,4391,36714
TIN SHUN LANE,天順里,YL,Yuen Long,元朗,1992-02-28,697,33662
TIN TAN STREET,天壇街,YL,Yuen Long,元朗,1992-02-28,697,33662
TIN TEI YAN ROAD,天地人路,TM,Tuen  Mun,屯門,1996-02-16,804,35111
TIN TO STREET,天桃街,YL,Yuen Long,元朗,1992-02-28,697,33662
TIN TSZ ROAD,天慈路,YL,Yuen Long,元朗,1992-02-28,697,33662
TIN WAH ROAD,天華路,YL,Yuen Long,元朗,1992-02-28,697,33662
TIN WAH ROAD,天華路,YL,Yuen Long,元朗,2003-01-30,655,37651
TIN WAH ROAD,天華路,YL,Yuen Long,元朗,2013-05-10,2719,41404
TIN WAN CLOSE,田灣徑,S,Southern,南區,1966-08-19,2126,24338
TIN WAN HILL ROAD,田灣山道,S,Southern,南區,1966-08-19,2126,24338
TIN WAN HILL ROAD,田灣山道,S,Southern,南區,1980-02-15,514,29266
TIN WAN PRAYA ROAD,田灣海旁道,S,Southern,南區,1980-02-15,514,29266
TIN WAN PRAYA ROAD,田灣海旁道,S,Southern,南區,1999-05-14,2686,36294
TIN WAN STREET,田灣街,S,Southern,南區,1956-07-06,849,20642
TIN WAN STREET,田灣街,S,Southern,南區,1966-08-19,2126,24338
TIN WAN STREET,田灣街,S,Southern,南區,2024-05-03,2573,45415
TIN WING ROAD,天榮路,YL,Yuen Long,元朗,1992-02-28,697,33662
TIN WO ROAD,田禾路,TP,Tai  Po,大埔,2022-10-07,5717,44841
TIN WU ROAD,天湖路,YL,Yuen Long,元朗,1991-12-13,4467,33585
TIN YAN ROAD,天恩路,YL,Yuen Long,元朗,1992-02-28,697,33662
TIN YAN ROAD,天恩路,YL,Yuen Long,元朗,1998-05-29,2632,35944
TIN YAN ROAD,天恩路,YL,Yuen Long,元朗,2016-09-23,5399,42636
TIN YING PATH,天影徑,YL,Yuen Long,元朗,2017-11-10,8364,43049
TIN YING ROAD,天影路,YL,Yuen Long,元朗,1992-02-28,697,33662
TIN YING ROAD,天影路,YL,Yuen Long,元朗,2003-01-30,655,37651
TIN YIP ROAD,天業路,YL,Yuen Long,元朗,2000-07-07,4391,36714
TIN YIU ROAD,天耀路,YL,Yuen Long,元朗,1991-12-13,4467,33585
TIN YUET ROAD,天月路,YL,Yuen Long,元朗,2003-01-30,655,37651
TING FU STREET,定富街,KT,Kwun Tong,觀塘,1968-11-22,2411,25164
TING FUNG STREET,定豐街,TW,Tsuen  Wan,荃灣,1970-03-06,535,25633
TING HING ROAD,汀慶路,TP,Tai  Po,大埔,2000-05-05,2807,36651
TING KOK ROAD,汀角路,TP,Tai  Po,大埔,1970-04-03,713,25661
TING KOK ROAD,汀角路,TP,Tai  Po,大埔,2009-03-06,1502,39878
TING KWAI FONG STREET,丁貴坊街,Is,Islands,離島,1983-06-03,1753,30470
TING KWOK STREET,定國街,TW,Tsuen  Wan,荃灣,1970-03-06,535,25633
TING LAI ROAD,汀麗路,TP,Tai  Po,大埔,1991-06-07,1959,33396
TING ON STREET,定安街,KT,Kwun Tong,觀塘,1968-11-22,2411,25164
TING TAI ROAD,汀太路,TP,Tai  Po,大埔,1990-08-03,2775,33088
TING WO LANE,庭和里,SK,Sai  Kung,西貢,1993-02-19,554,34019
TING YAT ROAD,汀逸路,TW,Tsuen  Wan,荃灣,2010-12-03,7631,40515
TING YIP STREET,定業街,KT,Kwun Tong,觀塘,1968-11-22,2411,25164
TING YUE SQUARE,定裕坊,KT,Kwun Tong,觀塘,1971-07-23,1641,26137
TIP KING ROAD,蝶景路,TM,Tuen  Mun,屯門,1994-07-29,2829,34544
TIT SHU STREET,鐵樹街,YTM,Yau Tsim Mong,油尖旺,1980-03-07,727,29287
TO FUK ROAD,多福道,KC,Kowloon  City,九龍城,1987-09-11,3005,32031
TO FUNG SHAN ROAD,道風山路,ST,Sha Tin,沙田,1994-07-29,2828,34544
TO KWA WAN ROAD,土瓜灣道,KC,Kowloon  City,九龍城,1926-02-12,68,9540
TO KWA WAN ROAD,土瓜灣道,KC,Kowloon  City,九龍城,1926-04-16,202,9603
TO LAI ROAD,桃勵路,TM,Tuen  Mun,屯門,2013-02-08,748,41313
TO LI TERRACE,桃李臺,C&W,Central  &  Western,中西區,1926-01-29,46,9526
TO LOK ROAD,陶樂路,SK,Sai  Kung,西貢,1993-07-09,2388,34159
TO SHEK PATH,多石徑,ST,Sha Tin,沙田,2010-04-09,2046,40277
TO SHEK STREET,多石街,ST,Sha Tin,沙田,1996-11-01,5063,35370
TO SHEK STREET,多石街,ST,Sha Tin,沙田,2010-04-09,2046,40277
TO WAH ROAD,渡華路,YTM,Yau Tsim Mong,油尖旺,1998-05-22,2488,35937
TO YUEN STREET,桃源街,SSP,Sham  Shui  Po,深水埗,1964-01-10,77,23386
TO YUEN STREET,桃源街,SSP,Sham  Shui  Po,深水埗,1988-11-25,4046,32472
TOLO HIGHWAY,吐露港公路,ST-TP,Sha Tin / Tai  Po,沙田 / 大埔,1985-08-30,2853,31289
TONG BIN LANE,塘邊徑,S,Southern,南區,1968-11-29,2445,25171
TONG CHONG STREET,糖廠街,E,Eastern,東區,1960-11-04,1673,22224
TONG CHUN STREET,唐俊街,SK,Sai  Kung,西貢,1998-06-26,3110,35972
TONG CHUN STREET,唐俊街,SK,Sai  Kung,西貢,2000-10-20,6852,36819
TONG CHUN STREET,唐俊街,SK,Sai  Kung,西貢,2003-02-14,934,37666
TONG CHUN STREET,唐俊街,SK,Sai  Kung,西貢,2012-04-20,2687,41019
TONG HANG ROAD,塘亨路,TM,Tuen  Mun,屯門,1990-11-30,4336,33207
TONG HANG ROAD,塘亨路,TM,Tuen  Mun,屯門,2020-10-23,6117,44127
TONG MI ROAD,塘尾道,YTM,Yau Tsim Mong,油尖旺,1923-09-28,411,8672
TONG MI ROAD,塘尾道,YTM,Yau Tsim Mong,油尖旺,1966-02-11,420,24149
TONG MING STREET,唐明街,SK,Sai  Kung,西貢,1998-06-26,3110,35972
TONG SHUI ROAD,糖水道,E,Eastern,東區,1933-07-28,511,12263
TONG TAI ROAD,唐泰路,YL,Yuen Long,元朗,1994-09-16,3496,34593
TONG TAK STREET,唐德街,SK,Sai  Kung,西貢,1998-06-26,3110,35972
TONG YAM STREET,棠蔭街,SSP,Sham  Shui  Po,深水埗,1964-01-10,77,23386
TONG YAN SAN TSUEN INTERCHANGE,唐人新村交匯處,YL,Yuen Long,元朗,1991-06-28,2214,33417
TONG YAN SAN TSUEN ROAD,唐人新村路,YL,Yuen Long,元朗,1985-09-13,3022,31303
TONG YAN SAN TSUEN ROAD,唐人新村路,YL,Yuen Long,元朗,1987-05-08,1540,31905
TONG YAN SAN TSUEN WEST ROAD,唐人新村西路,YL,Yuen Long,元朗,2012-12-14,8052,41257
TONG YIN LANE,唐賢里,SK,Sai  Kung,西貢,1999-04-30,2382,36280
TONG YIN STREET,唐賢街,SK,Sai  Kung,西貢,1998-06-26,3110,35972
TONG YIN STREET,唐賢街,SK,Sai  Kung,西貢,2003-02-14,934,37666
TONG YIN STREET,唐賢街,SK,Sai  Kung,西貢,2012-12-14,8051,41257
TONKIN STREET,東京街,SSP,Sham  Shui  Po,深水埗,1934-02-09,91,12459
TONKIN STREET WEST,東京街西,SSP,Sham  Shui  Po,深水埗,1998-07-03,3230,35979
TONNOCHY ROAD,杜老誌道,WC,Wan  Chai,灣仔,1929-06-14,312,10758
TONNOCHY ROAD,杜老誌道,WC,Wan  Chai,灣仔,1972-07-07,1666,26487
TOSCANA DRIVE,意濤徑,Is,Islands,離島,2024-04-26,2409,45408
TOWN PARK ROAD NORTH,公園北路,YL,Yuen Long,元朗,1987-07-24,2387,31982
TOWN PARK ROAD SOUTH,公園南路,YL,Yuen Long,元朗,1987-07-24,2387,31982
TRADEMART DRIVE,展貿徑,KT,Kwun Tong,觀塘,1996-04-12,1658,35167
TRAMWAY LANE,纜車里,C&W,Central  &  Western,中西區,2015-06-12,4274,42167
TRAMWAY PATH,纜車徑,C&W,Central  &  Western,中西區,1975-10-17,2273,27684
TREGUNTER PATH,地利根德里,C&W,Central  &  Western,中西區,1958-06-27,865,21363
TRUE LIGHT LANE,真光里,KC,Kowloon  City,九龍城,1960-11-18,1755,22238
TRUE LIGHT LANE,真光里,KC,Kowloon  City,九龍城,1980-04-18,1164,29329
TSAN TUEN ROAD,贊端路,Is,Islands,離島,1985-07-05,2166,31233
TSANG TSUI ROAD,曾嘴路,TM,Tuen  Mun,屯門,1993-02-12,479,34012
TSAP FAI STREET,集輝街,SSP,Sham  Shui  Po,深水埗,1935-05-03,351,12907
TSAP TSEUNG STREET,集祥街,WC,Wan  Chai,灣仔,1930-03-07,138,11024
TSAT PO STREET,七寶街,WTS,Wong Tai Sin,黃大仙,1961-09-08,1577,22532
TSAT TSZ MUI ROAD,七姊妹道,E,Eastern,東區,1939-12-15,1179,14594
TSAT TSZ MUI ROAD,七姊妹道,E,Eastern,東區,1976-03-12,580,27831
TSE WAI AVENUE,紫葳路,WTS,Wong Tai Sin,黃大仙,1970-03-06,536,25633
TSENG CHOI STREET,井財街,TM,Tuen  Mun,屯門,1984-11-30,3531,31016
TSEUK KIU STREET,雀橋街,SSP,Sham  Shui  Po,深水埗,1964-01-10,77,23386
TSEUK LUK STREET,爵祿街,WTS,Wong Tai Sin,黃大仙,1961-09-08,1577,22532
TSEUNG KWAN O ROAD,將軍澳道,KT,Kwun Tong,觀塘,1992-04-10,1269,33704
TSEUNG KWAN O ROAD,將軍澳道,KT,Kwun Tong,觀塘,2020-11-20,6776,44155
TSEUNG KWAN O TUNNEL ROAD,將軍澳隧道公路,SK-KT,Sai  Kung / Kwun Tong,西貢 / 觀塘,1990-10-19,3763,33165
TSEUNG KWAN O TUNNEL ROAD,將軍澳隧道公路,SK-KT,Sai  Kung / Kwun Tong,西貢 / 觀塘,1995-04-13,1315,34802
TSEUNG KWAN O TUNNEL ROAD,將軍澳隧道公路,SK-KT,Sai  Kung / Kwun Tong,西貢 / 觀塘,2005-09-30,4965,38625
TSEUNG LAM HIGHWAY,將藍公路,KT-SK,Kwun Tong / Sai  Kung,觀塘 / 西貢,2022-11-25,6835,44890
TSING BIK STREET,青碧街,TM,Tuen  Mun,屯門,1990-03-02,776,32934
TSING CHAU STREET,青州街,KC,Kowloon  City,九龍城,1926-06-25,342,9673
TSING CHAU STREET,青州街,KC,Kowloon  City,九龍城,1931-10-30,694,11626
TSING CHIN STREET,青芊街,K&T,Kwai  Tsing,葵青,1986-09-12,3157,31667
TSING CHUEN WAI ROAD,青磚圍路,TM,Tuen  Mun,屯門,1993-12-10,4542,34313
TSING CHUEN WAI ROAD,青磚圍路,TM,Tuen  Mun,屯門,1996-02-16,807,35111
TSING CHUI PATH,青翠徑,TM,Tuen  Mun,屯門,1986-08-15,2819,31639
TSING CHUNG KOON ROAD,青松觀路,TM,Tuen  Mun,屯門,1986-08-15,2819,31639
TSING CHUNG PATH,青松徑,TM,Tuen  Mun,屯門,1984-11-30,3531,31016
TSING FAT LANE,青發里,TM,Tuen  Mun,屯門,1999-08-13,4641,36385
TSING FAT STREET,青發街,TM,Tuen  Mun,屯門,1990-03-02,776,32934
TSING FAT STREET,青發街,TM,Tuen  Mun,屯門,2001-04-12,2402,36993
TSING FUK LANE,青福里,TM,Tuen  Mun,屯門,1992-05-29,1862,33753
TSING FUNG STREET,清風街,WC,Wan  Chai,灣仔,1926-06-11,318,9659
TSING HA LANE,青霞里,TM,Tuen  Mun,屯門,1990-03-02,776,32934
TSING HA LANE,青霞里,TM,Tuen  Mun,屯門,1994-07-29,2830,34544
TSING HANG PATH,青杏徑,TM,Tuen  Mun,屯門,1984-11-30,3531,31016
TSING HANG PATH,青杏徑,TM,Tuen  Mun,屯門,1986-08-15,2819,31639
TSING HO SQUARE,青河坊,TM,Tuen  Mun,屯門,1984-11-30,3531,31016
TSING HOI CIRCUIT,青海圍,TM,Tuen  Mun,屯門,1984-11-30,3531,31016
TSING HUNG ROAD,青鴻路,K&T,Kwai  Tsing,葵青,2003-08-29,5945,37862
TSING KEUNG STREET,青強街,K&T,Kwai  Tsing,葵青,1988-07-22,2353,32346
TSING KING ROAD,青敬路,K&T,Kwai  Tsing,葵青,1989-08-11,2752,32731
TSING KING ROAD,青敬路,K&T,Kwai  Tsing,葵青,1996-05-17,2188,35202
TSING KO ROAD,青高路,K&T,Kwai  Tsing,葵青,2004-12-17,8103,38338
TSING KWAI HIGHWAY,青葵公路,K&T-SSP,Kwai  Tsing / Sham  Shui  Po,葵青 / 深水埗,1997-08-29,1008,35671
TSING KWAI HIGHWAY,青葵公路,K&T-SSP,Kwai  Tsing / Sham  Shui  Po,葵青 / 深水埗,2001-08-03,4785,37106
TSING KWAI HIGHWAY,青葵公路,K&T-SSP,Kwai  Tsing / Sham  Shui  Po,葵青 / 深水埗,2002-02-22,1175,37309
TSING KWAI PATH,青葵徑,TM,Tuen  Mun,屯門,1984-11-30,3531,31016
TSING LAM ROAD,青欖路,TM,Tuen  Mun,屯門,1999-09-03,5149,36406
TSING LING PATH,青菱徑,TM,Tuen  Mun,屯門,1984-11-30,3531,31016
TSING LONG HIGHWAY,青朗公路,YL-TM-TW-K&T,Yuen Long / Tuen  Mun / Tsuen  Wan / Kwai  Tsing,元朗 / 屯門 / 荃灣 / 葵青,1998-11-06,5414,36105
TSING LUK STREET,青綠街,K&T,Kwai  Tsing,葵青,1986-09-12,3157,31667
TSING LUK STREET,青綠街,K&T,Kwai  Tsing,葵青,1991-02-22,648,33291
TSING LUN ROAD,青麟路,TM,Tuen  Mun,屯門,1986-08-15,2819,31639
TSING LUN ROAD,青麟路,TM,Tuen  Mun,屯門,1990-11-30,4336,33207
TSING LUN ROAD,青麟路,TM,Tuen  Mun,屯門,1997-06-27,3222,35608
TSING LUNG ROAD,青龍路,TM,Tuen  Mun,屯門,1984-11-30,3530,31016
TSING MIN PATH,青棉徑,TM,Tuen  Mun,屯門,1984-11-30,3531,31016
TSING MUI STREET,清梅街,K&T,Kwai  Tsing,葵青,1991-03-28,1088,33325
TSING NAM STREET,青南街,K&T,Kwai  Tsing,葵青,1986-09-12,3157,31667
TSING ON STREET,靜安街,WTS,Wong Tai Sin,黃大仙,1963-10-11,2014,23295
TSING PAK PATH,青柏徑,TM,Tuen  Mun,屯門,1984-11-30,3531,31016
TSING PAK PATH,青柏徑,TM,Tuen  Mun,屯門,1992-05-29,1862,33753
TSING SAN PATH,青新徑,TM,Tuen  Mun,屯門,1986-08-15,2819,31639
TSING SHA HIGHWAY,青沙公路,K&T-SSP-ST,Kwai  Tsing / Sham  Shui  Po / Sha Tin,葵青 / 深水埗 / 沙田,2008-02-01,756,39479
TSING SHA HIGHWAY,青沙公路,K&T-SSP-ST,Kwai  Tsing / Sham  Shui  Po / Sha Tin,葵青 / 深水埗 / 沙田,2009-12-18,7995,40165
TSING SHAN MONASTERY PATH,青山寺徑,TM,Tuen  Mun,屯門,2005-03-18,1294,38429
TSING SHAN SQUARE,青山坊,TM,Tuen  Mun,屯門,1984-11-30,3531,31016
TSING SHEUNG LANE,青尚里,K&T,Kwai  Tsing,葵青,2005-06-30,3130,38533
TSING SHEUNG ROAD,青尚路,K&T,Kwai  Tsing,葵青,1995-11-10,4653,35013
TSING SHEUNG ROAD,青尚路,K&T,Kwai  Tsing,葵青,2004-12-17,8103,38338
TSING SIN STREET,青善街,TM,Tuen  Mun,屯門,1984-11-30,3531,31016
TSING SUM STREET,清心街,K&T,Kwai  Tsing,葵青,1986-09-12,3157,31667
TSING TAI ROAD,青泰路,TM,Tuen  Mun,屯門,1984-11-30,3530,31016
TSING TAI ROAD,青泰路,TM,Tuen  Mun,屯門,1996-02-16,806,35111
TSING TAI ROAD,青泰路,TM,Tuen  Mun,屯門,1996-03-08,1157,35132
TSING TIM STREET,清甜街,K&T,Kwai  Tsing,葵青,1988-07-22,2353,32346
TSING TIN INTERCHANGE,青田交匯處,TM,Tuen  Mun,屯門,2020-12-31,7695,44196
TSING TIN ROAD,青田路,TM,Tuen  Mun,屯門,1990-11-30,4336,33207
TSING TO PATH,青桃徑,TM,Tuen  Mun,屯門,1986-08-15,2819,31639
TSING TSUEN ROAD,青荃路,K&T-TW,Kwai  Tsing / Tsuen  Wan,葵青 / 荃灣,1987-12-24,4315,32135
TSING WU SQUARE,青湖坊,TM,Tuen  Mun,屯門,1984-11-30,3531,31016
TSING WUI STREET,青匯街,TM,Tuen  Mun,屯門,1984-11-30,3531,31016
TSING WUN ROAD,青雲路,TM,Tuen  Mun,屯門,1977-12-23,3134,28482
TSING YAN STREET,青茵街,TM,Tuen  Mun,屯門,1991-02-08,503,33277
TSING YEUNG CIRCUIT,青楊街,TM,Tuen  Mun,屯門,1983-01-28,326,30344
TSING YI HEUNG SZE WUI ROAD,青衣鄉事會路,K&T,Kwai  Tsing,葵青,1979-07-06,1702,29042
TSING YI HEUNG SZE WUI ROAD,青衣鄉事會路,K&T,Kwai  Tsing,葵青,1986-09-12,3157,31667
TSING YI HEUNG SZE WUI ROAD,青衣鄉事會路,K&T,Kwai  Tsing,葵青,2002-02-22,1175,37309
TSING YI HONG WAN ROAD,青衣航運路,K&T,Kwai  Tsing,葵青,2003-12-05,8748,37960
TSING YI HONG WAN ROAD,青衣航運路,K&T,Kwai  Tsing,葵青,2009-12-18,7995,40165
TSING YI INTERCHANGE,青衣交匯處,K&T,Kwai  Tsing,葵青,2002-02-22,1175,37309
TSING YI NORTH COASTAL ROAD,青衣北岸公路,K&T,Kwai  Tsing,葵青,1999-06-25,3548,36336
TSING YI ROAD,青衣路,K&T,Kwai  Tsing,葵青,1979-07-06,1702,29042
TSING YI ROAD,青衣路,K&T,Kwai  Tsing,葵青,1983-12-02,3793,30652
TSING YI ROAD,青衣路,K&T,Kwai  Tsing,葵青,2003-08-29,5946,37862
TSING YI ROAD WEST,青衣西路,K&T,Kwai  Tsing,葵青,1988-07-22,2353,32346
TSING YICK ROAD,青亦路,TM,Tuen  Mun,屯門,2014-05-09,2737,41768
TSING YIN STREET,青賢街,TM,Tuen  Mun,屯門,1983-01-28,326,30344
TSING YIN STREET,青賢街,TM,Tuen  Mun,屯門,1989-06-09,1978,32668
TSING YING ROAD,青盈路,TM,Tuen  Mun,屯門,2013-03-01,1161,41334
TSING YIP STREET,青葉街,K&T,Kwai  Tsing,葵青,1986-09-12,3157,31667
TSING YU STREET,清譽街,K&T,Kwai  Tsing,葵青,1986-09-12,3157,31667
TSING YU STREET,清譽街,K&T,Kwai  Tsing,葵青,1991-02-22,648,33291
TSING YUEN STREET,靖遠街,TP,Tai  Po,大埔,1930-05-02,262,11080
TSING YUEN STREET,靖遠街,TP,Tai  Po,大埔,1961-11-10,1975,22595
TSING YUNG STREET,青榕街,TM,Tuen  Mun,屯門,1984-11-30,3531,31016
TSIU KENG ROAD,蕉徑路,N,North,北區,2008-05-02,2892,39570
TSO KUNG SQUARE,曹公坊,TW,Tsuen  Wan,荃灣,1963-06-21,1134,23183
TSO KUNG STREET,曹公街,TW,Tsuen  Wan,荃灣,1963-06-21,1134,23183
TSO WO ROAD,早禾路,SK,Sai  Kung,西貢,1994-04-22,1429,34446
TSOI TAK STREET,載德街,WC,Wan  Chai,灣仔,1930-03-07,138,11024
TSOK POK HANG ROAD,作壆坑路,ST,Sha Tin,沙田,1982-12-17,3954,30302
TSUEN FU STREET,荃富街,TW,Tsuen  Wan,荃灣,1980-11-28,3731,29553
TSUEN FU STREET,荃富街,TW,Tsuen  Wan,荃灣,1981-02-20,596,29637
TSUEN FU STREET,荃富街,TW,Tsuen  Wan,荃灣,1995-06-01,2020,34851
TSUEN HING PATH,荃興徑,TW,Tsuen  Wan,荃灣,1972-09-15,2305,26557
TSUEN KAM INTERCHANGE,荃錦交匯處,TW,Tsuen  Wan,荃灣,1983-11-04,3497,30624
TSUEN KAM INTERCHANGE,荃錦交匯處,TW,Tsuen  Wan,荃灣,1990-04-06,1265,32969
TSUEN KING CIRCUIT,荃景圍,TW,Tsuen  Wan,荃灣,1980-11-28,3731,29553
TSUEN KING CIRCUIT,荃景圍,TW,Tsuen  Wan,荃灣,1992-11-20,4151,33928
TSUEN KWAI STREET,荃貴街,TW,Tsuen  Wan,荃灣,1980-11-28,3731,29553
TSUEN KWAI STREET,荃貴街,TW,Tsuen  Wan,荃灣,1995-06-01,2020,34851
TSUEN LOK STREET,荃樂街,TW,Tsuen  Wan,荃灣,1973-03-16,704,26739
TSUEN NAM ROAD,村南道,ST,Sha Tin,沙田,1969-12-24,2561,25561
TSUEN NAM ROAD,村南道,ST,Sha Tin,沙田,1984-10-19,3072,30974
TSUEN NAM ROAD,村南道,ST,Sha Tin,沙田,1985-07-26,2430,31254
TSUEN TSING INTERCHANGE,荃青交匯處,K&T-TW,Kwai  Tsing / Tsuen  Wan,葵青 / 荃灣,2001-04-06,2270,36987
TSUEN WAH STREET,荃華街,TW,Tsuen  Wan,荃灣,1980-11-28,3731,29553
TSUEN WAH STREET,荃華街,TW,Tsuen  Wan,荃灣,1995-06-01,2020,34851
TSUEN WAN MARKET STREET,荃灣街市街,TW,Tsuen  Wan,荃灣,1938-04-14,299,13984
TSUEN WAN MARKET STREET,荃灣街市街,TW,Tsuen  Wan,荃灣,1962-11-23,2378,22973
TSUEN WAN MARKET STREET,荃灣街市街,TW,Tsuen  Wan,荃灣,1985-11-01,3646,31352
TSUEN WAN ROAD,荃灣路,K&T-TW,Kwai  Tsing / Tsuen  Wan,葵青 / 荃灣,1981-09-18,2793,29847
TSUEN WAN ROAD,荃灣路,K&T-TW,Kwai  Tsing / Tsuen  Wan,葵青 / 荃灣,1986-08-15,2818,31639
TSUEN WAN ROAD,荃灣路,K&T-TW,Kwai  Tsing / Tsuen  Wan,葵青 / 荃灣,2001-08-03,4785,37106
TSUEN WING STREET,荃榮街,TW,Tsuen  Wan,荃灣,1980-11-28,3731,29553
TSUEN WING STREET,荃榮街,TW,Tsuen  Wan,荃灣,2003-05-09,3137,37750
TSUEN YIP STREET,荃業街,TW,Tsuen  Wan,荃灣,1987-12-24,4316,32135
TSUI FUNG STREET,翠鳳街,WTS,Wong Tai Sin,黃大仙,1963-11-08,2197,23323
TSUI HING STREET,翠興街,KT,Kwun Tong,觀塘,1984-04-19,1193,30791
TSUI KING STREET,翠景街,E,Eastern,東區,1983-03-18,872,30393
TSUI LAM ROAD,翠琳路,SK,Sai  Kung,西貢,1988-07-22,2355,32346
TSUI MAN STREET,聚文街,WC,Wan  Chai,灣仔,1930-03-07,138,11024
TSUI PING ROAD,翠屏道,KT,Kwun Tong,觀塘,1957-02-22,264,20873
TSUI SING ROAD,聚星路,YL,Yuen Long,元朗,2003-05-30,3665,37771
TSUI WAN STREET,翠灣街,E,Eastern,東區,1991-06-07,1960,33396
TSUI WAN STREET,翠灣街,E,Eastern,東區,1996-11-22,5409,35391
TSUN FAT STREET,駿發街,KC,Kowloon  City,九龍城,1959-04-17,548,21657
TSUN FU STREET,巡撫街,N,North,北區,1958-06-06,770,21342
TSUN KING ROAD,駿景路,ST,Sha Tin,沙田,1995-07-28,2928,34908
TSUN KING ROAD,駿景路,ST,Sha Tin,沙田,2005-06-03,2641,38506
TSUN WEN ROAD,震寰路,TM,Tuen  Mun,屯門,1977-05-27,1189,28272
TSUN WEN ROAD,震寰路,TM,Tuen  Mun,屯門,1983-01-28,326,30344
TSUN WEN ROAD,震寰路,TM,Tuen  Mun,屯門,1984-11-30,3531,31016
TSUN WEN ROAD,震寰路,TM,Tuen  Mun,屯門,1990-11-02,3965,33179
TSUN YIP LANE,駿業里,KT,Kwun Tong,觀塘,1957-02-22,264,20873
TSUN YIP STREET,駿業街,KT,Kwun Tong,觀塘,1957-02-22,264,20873
TSUN YUEN STREET,晉源街,WC,Wan  Chai,灣仔,1930-03-07,138,11024
TSUNG MAN STREET,崇文街,S,Southern,南區,1956-06-29,805,20635
TSUNG TAU HA ROAD,松頭下路,ST,Sha Tin,沙田,1981-06-12,1685,29749
TSZ LOI LANE,紫來里,KT,Kwun Tong,觀塘,1961-05-19,850,22420
TSZ LUN ROAD,紫麟路,TM,Tuen  Mun,屯門,2024-08-23,4962,45527
TSZ MI ALLEY,紫薇街,C&W,Central  &  Western,中西區,1976-03-12,580,27831
TSZ TIN ROAD,紫田路,TM,Tuen  Mun,屯門,1990-11-30,4336,33207
TSZ TIN ROAD,紫田路,TM,Tuen  Mun,屯門,2020-10-23,6117,44127
TSZ WAH LANE,慈華里,WTS,Wong Tai Sin,黃大仙,1971-01-22,139,25955
TSZ WAN SHAN ROAD,慈雲山道,WTS,Wong Tai Sin,黃大仙,1966-06-30,1684,24288
TUEN FAT ROAD,屯發路,TM,Tuen  Mun,屯門,1984-11-30,3531,31016
TUEN FAT ROAD,屯發路,TM,Tuen  Mun,屯門,1990-11-02,3963,33179
TUEN FU ROAD,屯富路,TM,Tuen  Mun,屯門,1996-02-16,804,35111
TUEN FU ROAD,屯富路,TM,Tuen  Mun,屯門,1999-04-09,1946,36259
TUEN HI ROAD,屯喜路,TM,Tuen  Mun,屯門,1986-08-15,2819,31639
TUEN HING ROAD,屯興路,TM,Tuen  Mun,屯門,1986-08-15,2819,31639
TUEN HING ROAD,屯興路,TM,Tuen  Mun,屯門,1997-09-12,1252,35685
TUEN HOP STREET,屯合街,TM,Tuen  Mun,屯門,1989-06-09,1978,32668
TUEN KWAI ROAD,屯貴路,TM,Tuen  Mun,屯門,1999-04-09,1944,36259
TUEN KWAI ROAD,屯貴路,TM,Tuen  Mun,屯門,2002-01-25,611,37281
TUEN LEE STREET,屯利街,TM,Tuen  Mun,屯門,1984-11-30,3531,31016
TUEN LOK LANE,屯樂里,TM,Tuen  Mun,屯門,2021-12-03,7633,44533
TUEN LUNG STREET,屯隆街,TM,Tuen  Mun,屯門,1984-11-30,3531,31016
TUEN MUN CHEK LAP KOK TUNNEL ROAD,屯門赤鱲角隧道公路,TM-Is,Tuen  Mun / Islands,屯門 / 離島,2020-11-06,6474,44141
TUEN MUN HEUNG SZE WUI ROAD,屯門鄉事會路,TM,Tuen  Mun,屯門,1975-08-01,1693,27607
TUEN MUN HEUNG SZE WUI ROAD,屯門鄉事會路,TM,Tuen  Mun,屯門,1983-01-28,326,30344
TUEN MUN HEUNG SZE WUI ROAD,屯門鄉事會路,TM,Tuen  Mun,屯門,1990-11-02,3963,33179
TUEN MUN HEUNG SZE WUI ROAD,屯門鄉事會路,TM,Tuen  Mun,屯門,1991-07-19,2513,33438
TUEN MUN ROAD,屯門公路,TM-TW,Tuen  Mun / Tsuen  Wan,屯門 / 荃灣,1979-01-26,262,28881
TUEN MUN ROAD,屯門公路,TM-TW,Tuen  Mun / Tsuen  Wan,屯門 / 荃灣,1992-01-10,164,33613
TUEN MUN ROAD,屯門公路,TM-TW,Tuen  Mun / Tsuen  Wan,屯門 / 荃灣,1994-12-09,4724,34677
TUEN ON LANE,屯安里,TM,Tuen  Mun,屯門,1999-04-09,1944,36259
TUEN SHING STREET,屯盛街,TM,Tuen  Mun,屯門,1984-11-30,3531,31016
TUEN SHUN STREET,屯順街,TM,Tuen  Mun,屯門,1989-06-09,1978,32668
TUEN TSING LANE,屯青里,TM,Tuen  Mun,屯門,1991-07-19,2512,33438
TUEN WUI STREET,屯匯街,TM,Tuen  Mun,屯門,1989-06-09,1978,32668
TUEN YAN STREET,屯仁街,TM,Tuen  Mun,屯門,1990-11-02,3963,33179
TUEN YEE STREET,屯義街,TM,Tuen  Mun,屯門,1990-11-02,3962,33179
TUN YU ROAD,惇裕路,YL,Yuen Long,元朗,2006-07-14,4443,38912
TUNG CHAU STREET,通州街,YTM-SSP,Yau Tsim Mong / Sham  Shui  Po,油尖旺 / 深水埗,1927-11-25,699,10191
TUNG CHAU STREET,通州街,YTM-SSP,Yau Tsim Mong / Sham  Shui  Po,油尖旺 / 深水埗,1976-06-18,1301,27929
TUNG CHAU WEST STREET,通州西街,SSP,Sham  Shui  Po,深水埗,1976-06-18,1301,27929
TUNG CHEONG STREET,東昌街,TP,Tai  Po,大埔,1999-10-08,5858,36441
TUNG CHEONG STREET,東昌街,TP,Tai  Po,大埔,2020-08-07,4507,44050
TUNG CHI STREET,童子街,K&T,Kwai  Tsing,葵青,1964-05-29,1346,23526
TUNG CHI STREET,童子街,K&T,Kwai  Tsing,葵青,1966-03-11,687,24177
TUNG CHOI STREET,通菜街,YTM,Yau Tsim Mong,油尖旺,1924-08-29,492,9008
TUNG CHUNG EASTERN INTERCHANGE,東涌東交匯處,Is,Islands,離島,1997-04-25,2008,35545
TUNG CHUNG ROAD,東涌道,Is,Islands,離島,1969-12-05,2429,25542
TUNG CHUNG ROAD,東涌道,Is,Islands,離島,2008-07-11,4753,39640
TUNG CHUNG ROAD,東涌道,Is,Islands,離島,2009-01-30,683,39843
TUNG CHUNG ROAD NORTH,東涌道北,Is,Islands,離島,2008-07-11,4753,39640
TUNG CHUNG WATERFRONT ROAD,東涌海濱路,Is,Islands,離島,1997-04-25,2008,35545
TUNG CHUNG WATERFRONT ROAD,東涌海濱路,Is,Islands,離島,1998-06-19,2978,35965
TUNG FAI ROAD,東輝路,Is,Islands,離島,1998-12-18,6283,36147
TUNG FAI ROAD,東輝路,Is,Islands,離島,2019-07-26,4781,43672
TUNG FAT ROAD,東發道,WTS,Wong Tai Sin,黃大仙,1967-02-24,428,24527
TUNG FAT SQUARE,同發坊,TP,Tai  Po,大埔,1966-03-11,688,24177
TUNG FONG STREET,東方街,YTM,Yau Tsim Mong,油尖旺,1924-08-29,492,9008
TUNG FUK ROAD,同福路,TM,Tuen  Mun,屯門,2009-08-14,5125,40039
TUNG HEI ROAD,東喜道,E,Eastern,東區,1987-04-16,1306,31883
TUNG HEI ROAD,東喜道,E,Eastern,東區,1991-06-07,1960,33396
TUNG KIN ROAD,東健道,E,Eastern,東區,1997-07-25,385,35636
TUNG KWONG ROAD,東光道,WTS,Wong Tai Sin,黃大仙,1967-02-24,428,24527
TUNG LAM TERRACE,東林台,TW,Tsuen  Wan,荃灣,1998-05-29,2631,35944
TUNG LEI PATH,東籬徑,TM,Tuen  Mun,屯門,2019-04-26,2870,43581
TUNG LEI ROAD,東利道,WTS,Wong Tai Sin,黃大仙,1967-02-24,428,24527
TUNG LEUNG LANE,棟樑里,TP,Tai  Po,大埔,1993-04-30,1435,34089
TUNG LEUNG ROAD,棟樑路,TP,Tai  Po,大埔,1993-04-30,1435,34089
TUNG LO WAN DRIVE,銅鑼灣徑,WC,Wan  Chai,灣仔,1975-09-19,2060,27656
TUNG LO WAN HILL ROAD,銅鑼灣山路,ST,Sha Tin,沙田,1976-08-13,1741,27985
TUNG LO WAN HILL ROAD,銅鑼灣山路,ST,Sha Tin,沙田,1981-09-18,2794,29847
TUNG LO WAN ROAD,銅鑼灣道,WC,Wan  Chai,灣仔,1935-06-21,490,12956
TUNG LOK STREET,同樂街,YL,Yuen Long,元朗,1977-12-02,2944,28461
TUNG LUNG ROAD,東隆道,WTS,Wong Tai Sin,黃大仙,1967-02-24,428,24527
TUNG MAU SQUARE,同茂坊,TP,Tai  Po,大埔,1966-03-11,688,24177
TUNG MING STREET,通明街,KT,Kwun Tong,觀塘,1957-02-22,264,20873
TUNG MING STREET,通明街,KT,Kwun Tong,觀塘,1976-04-02,721,27852
TUNG ON STREET,東安街,YTM,Yau Tsim Mong,油尖旺,1926-02-12,68,9540
TUNG ON STREET,東安街,YTM,Yau Tsim Mong,油尖旺,1926-04-16,202,9603
TUNG SAU SQUARE,同秀坊,TP,Tai  Po,大埔,1966-03-11,688,24177
TUNG SHAN TERRACE,東山臺,WC,Wan  Chai,灣仔,1962-04-19,869,22755
TUNG SING ROAD,東勝道,S,Southern,南區,1925-10-23,608,9428
TUNG SING ROAD,東勝道,S,Southern,南區,1959-05-08,628,21678
TUNG STREET,東街,C&W,Central  &  Western,中西區,1909-03-19,184,3366
TUNG TAI LANE,東泰里,WTS,Wong Tai Sin,黃大仙,1967-02-24,428,24527
TUNG TAU TSUEN ROAD,東頭村道,KC-WTS,Kowloon  City / Wong Tai Sin,九龍城 / 黃大仙,1963-11-08,2197,23323
TUNG TAU WAN ROAD,東頭灣道,S,Southern,南區,1933-11-10,727,12368
TUNG TSING ROAD,東正道,KC-WTS,Kowloon  City / Wong Tai Sin,九龍城 / 黃大仙,1967-02-24,428,24527
TUNG TSZ ROAD,洞梓路,TP,Tai  Po,大埔,1970-04-03,713,25661
TUNG TSZ ROAD,洞梓路,TP,Tai  Po,大埔,2009-03-06,1502,39878
TUNG TSZ SHAN ROAD,洞梓山路,TP,Tai  Po,大埔,1997-01-24,424,35454
TUNG WAN ROAD,東灣路,Is,Islands,離島,1984-01-20,204,30701
TUNG WAN TAU ROAD,東灣頭路,Is,Islands,離島,1983-11-04,3496,30624
TUNG WING ROAD,東榮路,Is,Islands,離島,2017-03-10,1273,42804
TUNG WO STREET,同和街,TW,Tsuen  Wan,荃灣,1996-11-08,5164,35377
TUNG WONG ROAD,東旺道,E,Eastern,東區,1997-07-25,385,35636
TUNG WUI ROAD,東匯路,YL,Yuen Long,元朗,2002-11-15,7434,37575
TUNG YAN STREET,同仁街,KT,Kwun Tong,觀塘,1957-02-22,264,20873
TUNG YIU ROAD,東耀路,Is,Islands,離島,2019-07-26,4779,43672
TUNG YUEN STREET,東源街,KT,Kwun Tong,觀塘,1967-03-17,603,24548
TWEED ROAD,陶域道,KC,Kowloon  City,九龍城,1951-08-03,798,18843
U LAM TERRACE,儒林臺,C&W,Central  &  Western,中西區,2016-07-29,4332,42580
UN CHAU STREET,元州街,SSP,Sham  Shui  Po,深水埗,1923-09-28,411,8672
UN CHAU STREET,元州街,SSP,Sham  Shui  Po,深水埗,2007-05-11,3077,39213
UN CHAU STREET,元州街,SSP,Sham  Shui  Po,深水埗,2017-12-22,9867,43091
UN FUK LANE,元福里,C&W,Central  &  Western,中西區,1967-07-14,1517,24667
UN FUK LANE,元福里,C&W,Central  &  Western,中西區,1967-12-08,2628,24814
UNIVERSAL GATE ROAD,普門路,TP,Tai  Po,大埔,2013-08-23,4994,41509
UNIVERSITY ROAD,大學道,SK,Sai  Kung,西貢,1991-07-05,2295,33424
UPPER STATION STREET,差館上街,C&W,Central  &  Western,中西區,1887-09-03,356,3/9/1887
VALLEY ROAD,山谷道,KC,Kowloon  City,九龍城,1933-07-14,481,12249
VENTRIS ROAD,雲地利道,WC,Wan  Chai,灣仔,1926-01-29,46,9526
VERBENA ROAD,地錦路,SSP,Sham  Shui  Po,深水埗,1953-11-20,1420,19683
VICTORIA PARK ROAD,維園道,WC,Wan  Chai,灣仔,1972-12-29,3318,26662
VICTORIA ROAD,域多利道,C&W-S,Central  &  Western / Southern,中西區 / 南區,1981-01-09,188,29595
VILLAGE ROAD,山村道,WC,Wan  Chai,灣仔,1925-10-09,575,9414
VILLAGE ROAD,山村道,WC,Wan  Chai,灣仔,1930-03-07,138,11024
VILLAGE ROAD,山村道,WC,Wan  Chai,灣仔,1953-09-18,1143,19620
VISTA AVENUE,海寧徑,Is,Islands,離島,1994-11-18,4386,34656
WA FUK STREET,華福街,SK,Sai  Kung,西貢,1987-02-13,510,31821
WA FUN STREET,華歡街,SK,Sai  Kung,西貢,1987-02-13,510,31821
WA FUNG STREET,華豐街,KC,Kowloon  City,九龍城,1923-09-28,411,8672
WA LAI PATH,華荔徑,K&T,Kwai  Tsing,葵青,1982-12-10,3875,30295
WA MEI PATH,畫眉徑,N,North,北區,2000-07-21,4741,36728
WA SHUN STREET,華信街,KC,Kowloon  City,九龍城,1999-03-26,1723,36245
WA SHUN STREET,華信街,KC,Kowloon  City,九龍城,2002-08-09,4899,37477
WA TAI ROAD,華泰路,K&T,Kwai  Tsing,葵青,1982-12-24,4036,30309
WA YUNG ROAD,華容路,SK,Sai  Kung,西貢,1987-02-13,510,31821
WAH CHEUNG STREET,華昌街,S,Southern,南區,1977-05-13,1088,28258
WAH CHI PATH,華池徑,WTS,Wong Tai Sin,黃大仙,1983-04-22,1265,30428
WAH CHUI STREET,華翠街,S,Southern,南區,2002-08-09,4898,37477
WAH FAT STREET,華發街,TM,Tuen  Mun,屯門,1989-06-09,1978,32668
WAH FU ROAD,華富道,S,Southern,南區,1977-05-13,1088,28258
WAH HA STREET,華廈街,E,Eastern,東區,1966-07-08,1759,24296
WAH HONG STREET,華康街,S,Southern,南區,2002-08-09,4898,37477
WAH KING HILL ROAD,華景山路,K&T,Kwai  Tsing,葵青,1981-10-23,3161,29882
WAH KING HILL ROAD,華景山路,K&T,Kwai  Tsing,葵青,1990-03-23,1051,32955
WAH KING STREET,華景街,S,Southern,南區,1987-04-24,1366,31891
WAH KWAI ROAD,華貴道,S,Southern,南區,1999-05-14,2686,36294
WAH LAM PATH,華林徑,S,Southern,南區,1977-05-13,1088,28258
WAH LOK PATH,華樂徑,S,Southern,南區,1977-05-13,1088,28258
WAH LUNG PATH,華隆徑,S,Southern,南區,1994-01-14,177,34348
WAH MING LANE,華明里,N,North,北區,1999-02-26,968,36217
WAH MING ROAD,華明路,N,North,北區,1992-03-06,833,33669
WAH SING STREET,華星街,K&T,Kwai  Tsing,葵青,1974-04-19,1023,27138
WAH TING STREET,華庭街,S,Southern,南區,1998-06-26,3111,35972
WAH YIU ROAD,華瑤路,K&T,Kwai  Tsing,葵青,1979-05-04,1132,28979
WAH YUEN DRIVE,華員徑,K&T,Kwai  Tsing,葵青,1981-10-23,3161,29882
WAI CHI LANE,偉智里,SSP,Sham  Shui  Po,深水埗,1981-11-06,3328,29896
WAI CHI LANE,偉智里,SSP,Sham  Shui  Po,深水埗,1981-12-24,3868,29944
WAI CHI STREET,偉智街,SSP,Sham  Shui  Po,深水埗,1967-12-01,2575,24807
WAI CHI STREET,偉智街,SSP,Sham  Shui  Po,深水埗,1969-03-14,508,25276
WAI CHI STREET,偉智街,SSP,Sham  Shui  Po,深水埗,1981-11-06,3328,29896
WAI CHI STREET,偉智街,SSP,Sham  Shui  Po,深水埗,1981-12-24,3868,29944
WAI CHING STREET,偉晴街,YTM,Yau Tsim Mong,油尖旺,1924-11-07,621,9078
WAI FAT ROAD,偉發道,KT,Kwun Tong,觀塘,1993-08-20,3000,34201
WAI FUNG STREET,惠風街,S,Southern,南區,1932-04-22,245,11801
WAI FUNG STREET,惠風街,S,Southern,南區,1932-04-29,255,11808
WAI HANG STREET,惠亨街,E,Eastern,東區,1964-02-07,313,23414
WAI HON ROAD,維翰路,N,North,北區,1995-01-13,155,34712
WAI KEK STREET,圍乪街,K&T,Kwai  Tsing,葵青,1964-05-29,1346,23526
WAI KING STREET,偉景街,KC,Kowloon  City,九龍城,1977-02-17,420,28173
WAI LOK STREET,偉樂街,KT,Kwun Tong,觀塘,2000-06-09,3693,36686
WAI LUN STREET,偉倫街,SSP,Sham  Shui  Po,深水埗,2002-11-01,7043,37561
WAI MAN ROAD,惠民路,SK,Sai  Kung,西貢,1987-02-06,420,31814
WAI MAN ROAD,惠民路,SK,Sai  Kung,西貢,1995-12-08,5100,35041
WAI MAN ROAD,惠民路,SK,Sai  Kung,西貢,2004-10-15,6703,38275
WAI MING STREET,偉明街,N,North,北區,1992-03-06,833,33669
WAI ON STREET,惠安街,YTM,Yau Tsim Mong,油尖旺,1958-05-30,732,21335
WAI PING CLOSE,衞平坊,N,North,北區,1995-01-13,155,34712
WAI SHIN STREET,懷善街,TP,Tai  Po,大埔,2005-03-24,1412,38435
WAI TSAI FIFTH STREET,圍仔第五街,Is,Islands,離島,1983-06-03,1753,30470
WAI TSAI FIRST STREET,圍仔第一街,Is,Islands,離島,1983-06-03,1753,30470
WAI TSAI FOURTH STREET,圍仔第四街,Is,Islands,離島,1983-06-03,1753,30470
WAI TSAI SECOND STREET,圍仔第二街,Is,Islands,離島,1983-06-03,1753,30470
WAI TSAI STREET,圍仔街,Is,Islands,離島,1985-10-18,3454,31338
WAI TSAI THIRD STREET,圍仔第三街,Is,Islands,離島,1983-06-03,1753,30470
WAI TSUEN ROAD,蕙荃路,TW,Tsuen  Wan,荃灣,1983-11-04,3497,30624
WAI TSUI CRESCENT,慧翠道,E,Eastern,東區,1984-03-09,709,30750
WAI TUNG ROAD,惠東路,Is,Islands,離島,1998-06-19,2978,35965
WAI WAH STREET,惠華街,WTS,Wong Tai Sin,黃大仙,1966-06-30,1684,24288
WAI WAI ROAD,懷惠道,SSP,Sham  Shui  Po,深水埗,1934-02-09,91,12459
WAI WAN LANE,衞環里,KC,Kowloon  City,九龍城,1990-08-10,2868,33095
WAI WAN LANE,衞環里,KC,Kowloon  City,九龍城,1990-08-31,3104,33116
WAI WO STREET,衞和街,N,North,北區,1995-01-13,155,34712
WAI YAN STREET,懷仁街,TP,Tai  Po,大埔,1930-05-02,262,11080
WAI YAN STREET,懷仁街,TP,Tai  Po,大埔,1961-11-10,1975,22595
WAI YI STREET,懷義街,TP,Tai  Po,大埔,1930-05-02,262,11080
WAI YI STREET,懷義街,TP,Tai  Po,大埔,1961-11-10,1975,22595
WAI YIN PATH,薈然徑,KC,Kowloon  City,九龍城,2015-02-13,1691,42048
WAI YIP STREET,偉業街,KT,Kwun Tong,觀塘,1960-07-22,1138,22119
WAI YIP STREET,偉業街,KT,Kwun Tong,觀塘,1976-11-12,2519,28076
WAI YIP STREET,偉業街,KT,Kwun Tong,觀塘,1999-04-16,2058,36266
WALKER ROAD,獲嘉道,KC,Kowloon  City,九龍城,1950-07-21,869,18465
WALNUT STREET,合桃街,YTM,Yau Tsim Mong,油尖旺,1950-09-29,1135,18535
WALNUT STREET,合桃街,YTM,Yau Tsim Mong,油尖旺,1966-10-14,2633,24394
WAN CHAI GAP ROAD,灣仔峽道,WC,Wan  Chai,灣仔,1957-04-05,509,20915
WAN CHAI GAP ROAD,灣仔峽道,WC,Wan  Chai,灣仔,1976-03-12,580,27831
WAN CHAI ROAD,灣仔道,WC,Wan  Chai,灣仔,1976-03-12,580,27831
WAN FUNG STREET,環鳳街,WTS,Wong Tai Sin,黃大仙,1968-04-11,726,24939
WAN HANG ROAD,運亨路,SK,Sai  Kung,西貢,1993-07-09,2388,34159
WAN HOI STREET,環海街,KC,Kowloon  City,九龍城,1978-06-23,1569,28664
WAN HON LANE,雲漢里,KT,Kwun Tong,觀塘,1991-02-13,564,33282
WAN HON STREET,雲漢街,KT,Kwun Tong,觀塘,1964-04-03,818,23470
WAN KING PATH,灣景街,SK,Sai  Kung,西貢,1973-12-07,3147,27005
WAN LUNG ROAD,運隆路,SK,Sai  Kung,西貢,1993-07-09,2388,34159
WAN O ROAD,環澳路,SK,Sai  Kung,西貢,2003-02-14,935,37666
WAN O ROAD,環澳路,SK,Sai  Kung,西貢,2022-11-25,6836,44890
WAN ON STREET,環安街,KC,Kowloon  City,九龍城,1958-08-08,1068,21405
WAN PO ROAD,環保大道,SK,Sai  Kung,西貢,1992-01-31,411,33634
WAN PO ROAD,環保大道,SK,Sai  Kung,西貢,1995-04-13,1314,34802
WAN PO ROAD,環保大道,SK,Sai  Kung,西貢,1996-06-28,2859,35244
WAN PO ROAD,環保大道,SK,Sai  Kung,西貢,1998-08-21,4079,36028
WAN PO ROAD,環保大道,SK,Sai  Kung,西貢,2005-09-30,4965,38625
WAN POON PATH,灣畔徑,SK,Sai  Kung,西貢,2004-01-16,528,38002
WAN SHAN ROAD,環山路,TM,Tuen  Mun,屯門,1998-12-18,6282,36147
WAN SHING STREET,運盛街,WC,Wan  Chai,灣仔,1974-05-31,1382,27180
WAN TAU KOK LANE,運頭角里,TP,Tai  Po,大埔,1983-09-30,3133,30589
WAN TAU SQUARE,運頭坊,TP,Tai  Po,大埔,1972-05-05,1092,26424
WAN TAU STREET,運頭街,TP,Tai  Po,大埔,1972-05-05,1092,26424
WAN TIN PATH,雲天徑,E,Eastern,東區,1966-01-14,129,24121
WAN TIN PATH,雲天徑,E,Eastern,東區,1985-09-06,2936,31296
WAN TSUI LANE,環翠里,E,Eastern,東區,1980-05-23,1579,29364
WAN TSUI ROAD,環翠道,E,Eastern,東區,1964-08-21,2339,23610
WAN WAH STREET,雲華街,WTS,Wong Tai Sin,黃大仙,1966-06-30,1684,24288
WAN WAH STREET,雲華街,WTS,Wong Tai Sin,黃大仙,2001-01-05,105,36896
WAN YING STREET,運盈街,WC,Wan  Chai,灣仔,2003-02-28,1362,37680
WANG CHAU ROAD,橫洲路,YL,Yuen Long,元朗,1977-12-02,2944,28461
WANG CHIN STREET,宏展街,KT,Kwun Tong,觀塘,1985-11-08,3721,31359
WANG CHIU ROAD,宏照道,KT,Kwun Tong,觀塘,1983-07-15,2233,30512
WANG FAT PATH,宏發徑,YL,Yuen Long,元朗,1984-05-18,1452,30820
WANG FAT PATH,宏發徑,YL,Yuen Long,元朗,2017-10-13,7594,43021
WANG FU STREET,宏富街,YL,Yuen Long,元朗,1984-05-04,1312,30806
WANG HOI ROAD,宏開道,KT,Kwun Tong,觀塘,1983-07-15,2233,30512
WANG HOI ROAD,宏開道,KT,Kwun Tong,觀塘,1984-04-19,1193,30791
WANG KEE STREET,宏基街,KT,Kwun Tong,觀塘,1985-12-13,4098,31394
WANG KWONG ROAD,宏光道,KT,Kwun Tong,觀塘,1983-07-15,2233,30512
WANG KWUN ROAD,宏冠道,KT,Kwun Tong,觀塘,1984-04-19,1193,30791
WANG LEE STREET,宏利街,YL,Yuen Long,元朗,1984-05-04,1312,30806
WANG LOK STREET,宏樂街,YL,Yuen Long,元朗,1984-05-04,1312,30806
WANG LUNG STREET,橫龍街,TW,Tsuen  Wan,荃灣,1963-06-21,1134,23183
WANG MAU STREET,宏茂街,KT,Kwun Tong,觀塘,1983-07-15,2233,30512
WANG ON ROAD,宏安道,E,Eastern,東區,1954-07-30,947,19935
WANG PING SHAN SOUTH ROAD,橫平山南路,YL,Yuen Long,元朗,2010-06-25,4012,40354
WANG POK STREET,橫壆街,ST,Sha Tin,沙田,1982-03-12,827,30022
WANG PUI ROAD,宏貝道,Is,Islands,離島,1970-06-05,1156,25724
WANG STREET,橫街,SK,Sai  Kung,西貢,1976-11-05,2462,28069
WANG TAI ROAD,宏泰道,KT,Kwun Tong,觀塘,1984-04-19,1193,30791
WANG TAK STREET,宏德街,WC,Wan  Chai,灣仔,1930-03-07,138,11024
WANG TAT ROAD,宏達路,YL,Yuen Long,元朗,1984-06-22,1827,30855
WANG TAT ROAD,宏達路,YL,Yuen Long,元朗,2017-10-13,7594,43021
WANG TAU HOM CENTRAL ROAD,橫頭磡中道,WTS,Wong Tai Sin,黃大仙,1966-07-29,1951,24317
WANG TAU HOM EAST ROAD,橫頭磡東道,WTS,Wong Tai Sin,黃大仙,1966-07-29,1951,24317
WANG TAU HOM NORTH ROAD,橫頭磡北道,WTS,Wong Tai Sin,黃大仙,1966-07-29,1951,24317
WANG TAU HOM SOUTH ROAD,橫頭磡南道,WTS,Wong Tai Sin,黃大仙,1966-07-29,1951,24317
WANG TOI SHAN SHAN TSUEN ROAD,橫台山散村路,YL,Yuen Long,元朗,2005-04-22,1896,38464
WANG TUNG STREET,宏通街,KT,Kwun Tong,觀塘,1985-12-13,4098,31394
WANG WA STREET,宏華街,E,Eastern,東區,1960-07-08,1060,22105
WANG WO TSAI STREET,橫窩仔街,TW,Tsuen  Wan,荃灣,1963-06-21,1134,23183
WANG YIP STREET EAST,宏業東街,YL,Yuen Long,元朗,1983-01-28,325,30344
WANG YIP STREET SOUTH,宏業南街,YL,Yuen Long,元朗,1983-01-28,325,30344
WANG YIP STREET WEST,宏業西街,YL,Yuen Long,元朗,1983-01-28,325,30344
WANG YUEN STREET,宏遠街,KT,Kwun Tong,觀塘,1983-07-15,2233,30512
WANG YUEN STREET,宏遠街,KT,Kwun Tong,觀塘,1985-12-13,4098,31394
WARWICK ROAD,和域道,KC,Kowloon  City,九龍城,1957-04-05,509,20915
WATERFALL BAY ROAD,瀑布灣道,S,Southern,南區,1977-05-13,1088,28258
WATERLOO ROAD,窩打老道,KC-YTM,Kowloon  City / Yau Tsim Mong,九龍城 / 油尖旺,1929-06-21,331,10765
WATERLOO ROAD,窩打老道,KC-YTM,Kowloon  City / Yau Tsim Mong,九龍城 / 油尖旺,1929-08-23,427,10828
WATERLOO ROAD,窩打老道,KC-YTM,Kowloon  City / Yau Tsim Mong,九龍城 / 油尖旺,1965-06-25,1572,23918
WATFORD ROAD,和福道,C&W,Central  &  Western,中西區,1966-05-27,1388,24254
WELFARE ROAD,惠福道,S,Southern,南區,1969-09-26,1915,25472
WEST EMBANKMENT,西堤,E,Eastern,東區,1957-08-23,1179,21055
WEST KOWLOON CORRIDOR,西九龍走廊,YTM-SSP,Yau Tsim Mong / Sham  Shui  Po,油尖旺 / 深水埗,2007-04-27,2709,39199
WEST KOWLOON CORRIDOR WEST,西九龍走廊西,YTM-SSP,Yau Tsim Mong / Sham  Shui  Po,油尖旺 / 深水埗,2007-09-21,6231,39346
WEST KOWLOON HIGHWAY,西九龍公路,YTM-SSP,Yau Tsim Mong / Sham  Shui  Po,油尖旺 / 深水埗,1998-05-22,2489,35937
WEST KOWLOON HIGHWAY,西九龍公路,YTM-SSP,Yau Tsim Mong / Sham  Shui  Po,油尖旺 / 深水埗,2017-04-07,1921,42832
WESTERN FIRE SERVICES STREET,西消防街,C&W,Central  &  Western,中西區,1985-11-22,3875,31373
WESTERN FIRE SERVICES STREET,西消防街,C&W,Central  &  Western,中西區,1991-04-04,1168,33332
WESTERN STREET,西邊街,C&W,Central  &  Western,中西區,1888-02-25,81,25/2/1888
WESTLANDS ROAD,華蘭路,E,Eastern,東區,1957-08-16,1149,21048
WETLAND PARK ROAD,濕地公園路,YL,Yuen Long,元朗,2000-07-07,4391,36714
WETLAND PARK ROAD,濕地公園路,YL,Yuen Long,元朗,2003-01-30,655,37651
WHAMPOA STREET,黃埔街,KC,Kowloon  City,九龍城,1956-06-08,717,20614
WHARF ROAD,和富道,E,Eastern,東區,1951-03-09,264,18696
WHARF ROAD,和富道,E,Eastern,東區,1952-04-04,397,19088
WHOLESALE MARKET STREET,批發市場街,SSP,Sham  Shui  Po,深水埗,2011-11-11,7460,40858
WILLOW STREET,柳樹街,YTM,Yau Tsim Mong,油尖旺,1950-07-28,900,18472
WILSON ROAD,衞信道,WC,Wan  Chai,灣仔,1962-02-09,285,22686
WILTSHIRE ROAD,渭州道,KC,Kowloon  City,九龍城,1951-05-18,522,18766
WING CHEUNG STREET,永祥街,WC,Wan  Chai,灣仔,1939-11-10,1047,14559
WING CHEUNG STREET,永祥街,WC,Wan  Chai,灣仔,1969-12-12,2481,25549
WING CHI PATH,榮池徑,WTS,Wong Tai Sin,黃大仙,1983-04-22,1265,30428
WING CHO STREET,榮祖街,K&T,Kwai  Tsing,葵青,1977-11-25,2859,28454
WING CHONG STREET,永創街,K&T,Kwai  Tsing,葵青,1975-09-19,2061,27656
WING CHUK STREET,穎竹街,WTS,Wong Tai Sin,黃大仙,1986-01-24,327,31436
WING FAT LANE,榮發里,TM,Tuen  Mun,屯門,1989-06-09,1978,32668
WING FONG ROAD,榮芳路,K&T,Kwai  Tsing,葵青,1974-04-19,1023,27138
WING FOOK STREET,永福街,KT,Kwun Tong,觀塘,1974-08-02,1982,27243
WING FOOK STREET,永福街,KT,Kwun Tong,觀塘,2020-08-07,4509,44050
WING HAU STREET,永孝街,K&T,Kwai  Tsing,葵青,1980-05-16,1503,29357
WING HONG STREET,永康街,SSP,Sham  Shui  Po,深水埗,1934-02-09,91,12459
WING KEI ROAD,永基路,K&T,Kwai  Tsing,葵青,1975-09-19,2061,27656
WING KEI ROAD,永基路,K&T,Kwai  Tsing,葵青,1990-03-02,778,32934
WING KEI ROAD,永基路,K&T,Kwai  Tsing,葵青,1999-08-20,4817,36392
WING KIN ROAD,永建路,K&T,Kwai  Tsing,葵青,1975-09-19,2061,27656
WING KWONG STREET,榮光街,KC,Kowloon  City,九龍城,1957-07-26,1050,21027
WING LAI ROAD,穎禮路,SK,Sai  Kung,西貢,1990-12-28,4644,33235
WING LAP STREET,永立街,K&T,Kwai  Tsing,葵青,1975-09-19,2061,27656
WING LUNG STREET,永隆街,SSP,Sham  Shui  Po,深水埗,1934-02-09,91,12459
WING MING STREET,永明街,SSP,Sham  Shui  Po,深水埗,1970-07-10,1428,25759
WING NING STREET,永寧街,WC,Wan  Chai,灣仔,1939-11-10,1047,14559
WING PING STREET,永平街,E,Eastern,東區,1977-04-15,858,28230
WING SHUN STREET,永順街,TW-K&T,Tsuen  Wan / Kwai  Tsing,荃灣 / 葵青,1980-05-16,1503,29357
WING SHUN STREET,永順街,TW-K&T,Tsuen  Wan / Kwai  Tsing,荃灣 / 葵青,1990-05-18,1802,33011
WING TAI ROAD,永泰道,E,Eastern,東區,1982-03-05,753,30015
WING TAI ROAD,永泰道,E,Eastern,東區,1984-08-24,2562,30918
WING TAI ROAD,永泰道,E,Eastern,東區,1984-11-30,3533,31016
WING TAK STREET,永德街,TW,Tsuen  Wan,荃灣,1996-06-28,2858,35244
WING TING ROAD,永定道,WTS,Wong Tai Sin,黃大仙,1989-07-07,2313,32696
WING TING ROAD,永定道,WTS,Wong Tai Sin,黃大仙,1994-03-11,866,34404
WING TING ROAD,永定道,WTS,Wong Tai Sin,黃大仙,1996-04-26,1905,35181
WING TSUN STREET,永俊街,Is,Islands,離島,1983-06-03,1753,30470
WING TUNG STREET,永東街,Is,Islands,離島,1983-06-03,1753,30470
WING TUNG STREET,永東街,Is,Islands,離島,2017-09-29,7315,43007
WING WO STREET,永和街,C&W,Central  &  Western,中西區,1967-04-28,930,24590
WING WO STREET,永和街,C&W,Central  &  Western,中西區,1967-06-02,1196,24625
WING YAN ROAD,榮欣路,TW,Tsuen  Wan,荃灣,2004-12-17,8104,38338
WING YIN STREET,永賢街,K&T,Kwai  Tsing,葵青,1995-08-25,3407,34936
WING YIP STREET,榮業街,KT,Kwun Tong,觀塘,1973-03-09,621,26732
WING YIP STREET,永業街,K&T,Kwai  Tsing,葵青,1974-04-19,1023,27138
WING YIU STREET,永耀街,KC,Kowloon  City,九龍城,1958-10-31,1478,21489
WINSLOW STREET,溫思勞街,KC,Kowloon  City,九龍城,1923-09-28,411,8672
WISTARIA ROAD,紫藤路,SSP,Sham  Shui  Po,深水埗,1953-11-20,1420,19683
WO CHE STREET,禾輋街,ST,Sha Tin,沙田,1981-03-27,959,29672
WO CHUNG STREET,和衷街,KC,Kowloon  City,九龍城,1965-04-09,914,23841
WO FUNG STREET,和豐街,N,North,北區,1970-03-06,534,25633
WO HEUNG STREET,禾香街,ST,Sha Tin,沙田,1976-08-13,1741,27985
WO HEUNG STREET,禾香街,ST,Sha Tin,沙田,1983-01-28,323,30344
WO HING ROAD,和興路,N,North,北區,1992-03-06,833,33669
WO HONG PATH,和康徑,KT,Kwun Tong,觀塘,1986-06-27,2181,31590
WO KA LAU ROAD,和家樓路,N,North,北區,1999-02-26,972,36217
WO KENG SHAN ROAD,禾徑山路,N,North,北區,1995-02-10,449,34740
WO KENG SHAN ROAD,禾徑山路,N,North,北區,1995-09-15,3732,34957
WO KWAI LANE,禾葵里,K&T,Kwai  Tsing,葵青,2001-07-13,4245,37085
WO LIU HANG ROAD,禾寮坑路,ST,Sha Tin,沙田,1976-08-13,1741,27985
WO LIU HANG ROAD,禾寮坑路,ST,Sha Tin,沙田,1983-01-28,323,30344
WO LOK LANE,和樂里,N,North,北區,2024-03-01,1176,45352
WO LUNG STREET,和隆街,N,North,北區,1970-03-06,534,25633
WO MEI HUNG MIN ROAD,窩美紅棉路,SK,Sai  Kung,西貢,2003-05-16,3285,37757
WO MING LANE,和鳴里,N,North,北區,1999-02-26,971,36217
WO MUK ROAD,和睦路,N,North,北區,1995-01-13,154,34712
WO MUN STREET,和滿街,N,North,北區,1995-01-13,154,34712
WO PING PATH,和平徑,TM,Tuen  Mun,屯門,1983-01-28,326,30344
WO PING SAN TSUEN LANE,和平新村里,TM,Tuen  Mun,屯門,1993-02-12,479,34012
WO SHEUNG TUN STREET,禾上墩街,ST,Sha Tin,沙田,1981-06-12,1685,29749
WO SHING STREET,禾盛街,ST,Sha Tin,沙田,1976-08-13,1741,27985
WO SHUI STREET,禾穗街,ST,Sha Tin,沙田,1976-08-13,1741,27985
WO SHUN LANE,和順里,Is,Islands,離島,1993-12-03,4432,34306
WO SHUN LANE,和順里,Is,Islands,離島,2006-03-03,1461,38779
WO TAI STREET,和泰街,N,North,北區,1970-03-06,534,25633
WO TAI STREET,和泰街,N,North,北區,1995-01-13,154,34712
WO TIK STREET,禾笛街,TW,Tsuen  Wan,荃灣,1963-06-21,1134,23183
WO TONG TSUI STREET,禾塘咀街,K&T,Kwai  Tsing,葵青,1970-03-06,535,25633
WO YI HOP INTERCHANGE,和宜合交匯處,TW,Tsuen  Wan,荃灣,1990-11-02,3966,33179
WO YI HOP LANE,和宜合里,TW-K&T,Tsuen  Wan / Kwai  Tsing,荃灣 / 葵青,1991-03-08,816,33305
WO YI HOP ROAD,和宜合道,K&T-TW,Kwai  Tsing / Tsuen  Wan,葵青 / 荃灣,1964-05-29,1346,23526
WO YI HOP ROAD,和宜合道,K&T-TW,Kwai  Tsing / Tsuen  Wan,葵青 / 荃灣,1970-03-06,535,25633
WOH CHAI STREET,窩仔街,SSP,Sham  Shui  Po,深水埗,1956-08-31,1108,20698
WOH CHAI STREET,窩仔街,SSP,Sham  Shui  Po,深水埗,1963-12-06,2399,23351
WONG CHU ROAD,皇珠路,TM,Tuen  Mun,屯門,1984-11-30,3531,31016
WONG CHUK HANG PATH,黃竹坑徑,S,Southern,南區,1937-09-24,682,13782
WONG CHUK HANG PATH,黃竹坑徑,S,Southern,南區,1978-09-08,2274,28741
WONG CHUK HANG PATH,黃竹坑徑,S,Southern,南區,1980-08-22,2637,29455
WONG CHUK HANG ROAD,黃竹坑道,S,Southern,南區,1961-08-04,1335,22497
WONG CHUK HANG ROAD,黃竹坑道,S,Southern,南區,1978-09-08,2274,28741
WONG CHUK STREET,黃竹街,SSP,Sham  Shui  Po,深水埗,1927-11-25,699,10191
WONG CHUK STREET,黃竹街,SSP,Sham  Shui  Po,深水埗,1953-06-12,757,19522
WONG CHUK YEUNG STREET,黃竹洋街,ST,Sha Tin,沙田,1981-06-12,1685,29749
WONG CHUK YEUNG STREET,黃竹洋街,ST,Sha Tin,沙田,1991-03-15,914,33312
WONG CHUK YEUNG TSUEN PATH,黃竹洋村徑,ST,Sha Tin,沙田,1992-12-04,4337,33942
WONG HAU SHAN DRIVE,皇后山徑,N,North,北區,1995-09-01,3544,34943
WONG KONG WAI ROAD,黃崗圍路,TM,Tuen  Mun,屯門,2010-02-05,737,40214
WONG KUK AVENUE,黃菊路,WTS,Wong Tai Sin,黃大仙,1970-03-06,536,25633
WONG LUNG HANG ROAD,黃龍坑道,Is,Islands,離島,1970-06-05,1156,25724
WONG MA KOK PATH,黃麻角徑,S,Southern,南區,1997-07-25,386,35636
WONG MA KOK ROAD,黃麻角道,S,Southern,南區,1937-09-24,682,13782
WONG NAI CHUNG GAP ROAD,黃泥涌峽道,WC-S,Wan  Chai / Southern,灣仔 / 南區,1932-10-07,635,11969
WONG NAI CHUNG GAP ROAD,黃泥涌峽道,WC-S,Wan  Chai / Southern,灣仔 / 南區,1976-03-12,580,27831
WONG NAI CHUNG ROAD,黃泥涌道,WC,Wan  Chai,灣仔,1976-03-12,580,27831
WONG NAI TUN TSUEN ROAD,黃泥墩村路,YL,Yuen Long,元朗,2012-01-13,230,40921
WONG TAI SIN ROAD,黃大仙道,WTS,Wong Tai Sin,黃大仙,1976-02-06,288,27796
WONG TAI SIN ROAD,黃大仙道,WTS,Wong Tai Sin,黃大仙,1983-03-18,873,30393
WONG TAI STREET,旺堤街,YTM,Yau Tsim Mong,油尖旺,1963-09-06,1736,23260
WONG TAI STREET,旺堤街,YTM,Yau Tsim Mong,油尖旺,1970-01-30,290,25598
WONG TAI STREET,旺堤街,YTM,Yau Tsim Mong,油尖旺,1974-04-26,1078,27145
WONG UK LANE,王屋里,ST,Sha Tin,沙田,1994-07-08,2510,34523
WONG YI AU ROAD,黃宜坳路,TP,Tai  Po,大埔,2004-12-10,7972,38331
WONG YIN STREET,旺賢街,TM,Tuen  Mun,屯門,1989-06-09,1978,32668
WONG YIN STREET,旺賢街,TM,Tuen  Mun,屯門,1990-11-02,3965,33179
WOO HOP STREET,和合街,C&W,Central  &  Western,中西區,1925-10-23,608,9428
WOOSUNG STREET,吳松街,YTM,Yau Tsim Mong,油尖旺,1909-03-19,184,3366
WOOSUNG STREET,吳松街,YTM,Yau Tsim Mong,油尖旺,1921-11-10,469,7985
WORLD WIDE LANE,環球里,C&W,Central  &  Western,中西區,2007-05-11,3079,39213
WU CHEONG STREET,湖昌街,TM,Tuen  Mun,屯門,1994-07-29,2829,34544
WU CHUI ROAD,湖翠路,TM,Tuen  Mun,屯門,1990-03-02,776,32934
WU FAI STREET,湖暉街,TM,Tuen  Mun,屯門,1994-07-29,2829,34544
WU HONG STREET,湖康街,TM,Tuen  Mun,屯門,1990-03-02,776,32934
WU KAI SHA ROAD,烏溪沙路,ST,Sha Tin,沙田,2012-03-02,1335,40970
WU KAU TANG ROAD,烏蛟騰路,N,North,北區,1999-10-29,6660,36462
WU KING ROAD,湖景路,TM,Tuen  Mun,屯門,1984-11-30,3531,31016
WU KWONG STREET,湖光街,KC,Kowloon  City,九龍城,1971-10-08,2314,26214
WU ON STREET,湖安街,TM,Tuen  Mun,屯門,1991-07-19,2514,33438
WU POON STREET,湖畔街,TM,Tuen  Mun,屯門,1994-07-29,2829,34544
WU SAU STREET,湖秀街,TM,Tuen  Mun,屯門,1991-07-19,2514,33438
WU SHAN ROAD,湖山路,TM,Tuen  Mun,屯門,1984-11-30,3531,31016
WU SHAN ROAD,湖山路,TM,Tuen  Mun,屯門,1989-06-09,1978,32668
WU TIP SHAN ROAD,蝴蝶山路,N,North,北區,1996-06-21,2739,35237
WU YUET STREET,湖月街,TM,Tuen  Mun,屯門,1994-07-29,2829,34544
WUHU STREET,蕪湖街,KC,Kowloon  City,九龍城,1909-03-19,184,3366
WUI CHEUNG ROAD,匯翔道,YTM,Yau Tsim Mong,油尖旺,1998-11-13,5530,36112
WUI CHEUNG ROAD,匯翔道,YTM,Yau Tsim Mong,油尖旺,2018-06-01,4004,43252
WUI MAN ROAD,匯民道,YTM,Yau Tsim Mong,油尖旺,2009-06-05,3561,39969
WUI MAN ROAD,匯民道,YTM,Yau Tsim Mong,油尖旺,2018-06-01,4004,43252
WUI TUNG STREET,匯東街,Is,Islands,離島,2024-09-06,5323,45541
WUN SHA STREET,浣紗街,WC,Wan  Chai,灣仔,1932-08-19,542,11920
WUN TUNG STREET,運通街,TW,Tsuen  Wan,荃灣,1973-03-16,704,26739
WUN YIU ROAD,碗窰路,TP,Tai  Po,大埔,2011-11-11,7459,40858
WYLIE PATH,衞理徑,YTM,Yau Tsim Mong,油尖旺,1976-07-30,1667,27971
WYLIE PATH,衞理徑,YTM,Yau Tsim Mong,油尖旺,1981-08-14,2414,29812
WYLIE ROAD,衞理道,YTM,Yau Tsim Mong,油尖旺,1956-12-21,1650,20810
YACHT STREET,帆船街,WC,Wan  Chai,灣仔,1926-06-11,318,9659
YAN CHAI STREET,仁濟街,TW,Tsuen  Wan,荃灣,1966-02-18,470,24156
YAN CHAI STREET,仁濟街,TW,Tsuen  Wan,荃灣,1982-08-06,2500,30169
YAN CHEUNG ROAD,欣翔道,YTM,Yau Tsim Mong,油尖旺,1998-05-22,2488,35937
YAN CHING STREET,仁政街,TM,Tuen  Mun,屯門,1986-10-03,3416,31688
YAN CHING STREET,仁政街,TM,Tuen  Mun,屯門,1990-11-02,3963,33179
YAN FONG STREET,仁芳街,K&T,Kwai  Tsing,葵青,1974-04-19,1023,27138
YAN FUNG STREET,仁風街,KC,Kowloon  City,九龍城,1965-04-09,914,23841
YAN HING STREET,仁興街,TP,Tai  Po,大埔,1930-05-02,262,11080
YAN HING STREET,仁興街,TP,Tai  Po,大埔,1961-11-10,1975,22595
YAN KING ROAD,欣景路,SK,Sai  Kung,西貢,1993-12-24,4725,34327
YAN LOK SQUARE,仁樂坊,YL,Yuen Long,元朗,1983-06-03,1752,30470
YAN OI STREET,仁愛街,WTS,Wong Tai Sin,黃大仙,1961-09-08,1577,22532
YAN OI TONG CIRCUIT,仁愛堂街,TM,Tuen  Mun,屯門,1975-08-01,1693,27607
YAN PO ROAD,欣寶路,TM,Tuen  Mun,屯門,2020-10-23,6116,44127
YAN SHING LANE,欣盛里,N,North,北區,1995-01-20,245,34719
YAN TAK LANE,仁德里,WC,Wan  Chai,灣仔,1966-12-09,3091,24450
YAN TSUI STREET,茵翠街,E,Eastern,東區,1983-03-18,872,30393
YAN TUNG LANE,仁東里,Is,Islands,離島,2025-07-25,4611,45863
YAN WAH STREET,欣華街,WTS,Wong Tai Sin,黃大仙,1980-05-23,1580,29364
YAN WING STREET,欣榮街,KT,Kwun Tong,觀塘,1967-06-09,1244,24632
YAN WING STREET,欣榮街,KT,Kwun Tong,觀塘,1979-11-09,2899,29168
YAN WO LANE,人和里,TP,Tai  Po,大埔,1972-08-11,1983,26522
YAN YEE ROAD,仁義路,SK,Sai  Kung,西貢,1986-08-15,2817,31639
YAN YIP STREET,欣業街,KT,Kwun Tong,觀塘,1991-01-25,304,33263
YAN YUE WAI,仁宇圍,KT,Kwun Tong,觀塘,1967-03-17,603,24548
YAN YUE WAI,仁宇圍,KT,Kwun Tong,觀塘,1972-11-10,2866,26613
YAN YUNG STREET,仁勇街,KC,Kowloon  City,九龍城,1999-03-26,1723,36245
YAT CHEUNG STREET,逸祥街,ST,Sha Tin,沙田,2007-06-15,3924,39248
YAT MING ROAD,一鳴路,N,North,北區,1992-03-06,833,33669
YAT NGA LANE,逸雅里,TP,Tai  Po,大埔,1995-10-13,4259,34985
YAT SAN STREET,日新街,YL,Yuen Long,元朗,1935-02-15,124,12830
YAT SAN STREET,日新街,YL,Yuen Long,元朗,1992-02-14,535,33648
YAT SIN STREET,日善街,WC,Wan  Chai,灣仔,1979-12-07,3192,29196
YAT TAI STREET,逸泰街,ST,Sha Tin,沙田,2000-08-11,5314,36749
YAT TUNG STREET,逸東街,Is,Islands,離島,2004-03-12,1738,38058
YAT YIU AVENUE,逸遙路,TP,Tai  Po,大埔,2006-10-13,6512,39003
YAU CHEUNG ROAD,友翔道,YTM,Yau Tsim Mong,油尖旺,1998-05-22,2488,35937
YAU CHUEN STREET,友全街,YL,Yuen Long,元朗,1993-07-23,2597,34173
YAU HONG STREET,有康街,KT,Kwun Tong,觀塘,1985-12-20,4164,31401
YAU KING LANE,優景里,TP,Tai  Po,大埔,1992-01-10,161,33613
YAU KING LANE,優景里,TP,Tai  Po,大埔,1999-11-26,7268,36490
YAU KING LANE,優景里,TP,Tai  Po,大埔,2008-05-16,3267,39584
YAU KWONG STREET,友光街,Is,Islands,離島,1985-10-18,3454,31338
YAU LAI ROAD,悠麗路,TW,Tsuen  Wan,荃灣,1994-11-18,4385,34656
YAU LUNG PATH,游龍徑,WTS,Wong Tai Sin,黃大仙,1983-05-27,1665,30463
YAU MA HOM ROAD,油麻磡路,TW,Tsuen  Wan,荃灣,1970-03-06,535,25633
YAU MA PO STREET,油麻莆街,SK,Sai  Kung,西貢,2005-06-30,3131,38533
YAU MA TEI INTERCHANGE,油麻地交匯處,YTM,Yau Tsim Mong,油尖旺,2017-04-07,1920,42832
YAU MA TEI INTERCHANGE,油麻地交匯處,YTM,Yau Tsim Mong,油尖旺,2025-11-21,7382,45982
YAU MAN STREET,祐民街,E,Eastern,東區,1973-04-13,964,26767
YAU MAN STREET,祐民街,E,Eastern,東區,1990-01-05,62,32878
YAU MONG LANE,油旺里,YTM,Yau Tsim Mong,油尖旺,2024-06-21,3555,45464
YAU MOON STREET,祐滿街,KC,Kowloon  City,九龍城,1973-01-12,99,26676
YAU OI ROAD,友愛路,TM,Tuen  Mun,屯門,1990-11-02,3962,33179
YAU ON STREET,悠安街,ST,Sha Tin,沙田,1991-05-03,1538,33361
YAU POK ROAD,攸壆路,YL,Yuen Long,元朗,1999-09-17,5409,36420
YAU SAN STREET,又新街,YL,Yuen Long,元朗,1935-02-15,124,12830
YAU SAN STREET,又新街,YL,Yuen Long,元朗,1981-12-18,3742,29938
YAU SHIN STREET,友善街,YL,Yuen Long,元朗,1977-12-02,2944,28461
YAU SHUN STREET,有信街,KT,Kwun Tong,觀塘,1987-06-26,2040,31954
YAU TIN EAST ROAD,攸田東路,YL,Yuen Long,元朗,1992-11-20,4153,33928
YAU TIN EAST ROAD,攸田東路,YL,Yuen Long,元朗,1994-12-09,4723,34677
YAU TIN WEST ROAD,攸田西路,YL,Yuen Long,元朗,1992-11-20,4153,33928
YAU TIN WEST ROAD,攸田西路,YL,Yuen Long,元朗,1994-12-09,4723,34677
YAU TIN WEST ROAD,攸田西路,YL,Yuen Long,元朗,2014-07-11,4022,41831
YAU TING STREET,悠定街,ST,Sha Tin,沙田,1991-11-22,4198,33564
YAU TONG LANE,油塘里,KT,Kwun Tong,觀塘,2002-05-31,3295,37407
YAU TONG ROAD,油塘道,KT,Kwun Tong,觀塘,1963-08-02,1479,23225
YAU TONG ROAD,油塘道,KT,Kwun Tong,觀塘,2002-04-26,2560,37372
YAU WING STREET,友榮街,Is,Islands,離島,1985-10-18,3454,31338
YAU WING STREET,友榮街,Is,Islands,離島,2017-09-29,7315,43007
YAU YUE WAN VILLAGE ROAD,魷魚灣村道,SK,Sai  Kung,西貢,1989-10-06,3497,32787
YEE FUNG STREET,怡豐街,E,Eastern,東區,1981-07-31,2267,29798
YEE KING ROAD,怡景道,E-WC,Eastern / Wan  Chai,東區 / 灣仔,1973-12-28,3349,27026
YEE KUK STREET,醫局街,SSP,Sham  Shui  Po,深水埗,1927-11-25,699,10191
YEE KUK STREET,醫局街,SSP,Sham  Shui  Po,深水埗,1976-06-18,1301,27929
YEE KUK WEST STREET,醫局西街,SSP,Sham  Shui  Po,深水埗,1976-06-18,1301,27929
YEE MING PATH,怡明徑,SK,Sai  Kung,西貢,2017-09-29,7316,43007
YEE ON STREET,宜安街,KT,Kwun Tong,觀塘,1957-02-22,264,20873
YEE SHING LANE,怡盛里,E,Eastern,東區,1981-07-31,2267,29798
YEE SHING STREET,怡盛街,E,Eastern,東區,1981-07-31,2267,29798
YEE SHUN STREET,怡順街,E,Eastern,東區,1981-07-31,2267,29798
YEE TAI STREET,怡泰街,E,Eastern,東區,1981-07-31,2267,29798
YEE WAI PATH,義懷徑,TW,Tsuen  Wan,荃灣,2005-02-04,624,38387
YEN CHOW STREET WEST,欽州街西,SSP,Sham  Shui  Po,深水埗,1998-07-03,3230,35979
YEN MING ROAD,欽明路,SSP-YTM,Sham  Shui  Po / Yau Tsim Mong,深水埗 / 油尖旺,1999-03-12,1362,36231
YEN WAH STEPS,賢華街,WC,Wan  Chai,灣仔,1957-04-05,509,20915
YEUNG FAN LANE NORTH,揚帆里北,KC,Kowloon  City,九龍城,2017-03-03,1160,42797
YEUNG FAN LANE SOUTH,揚帆里南,KC,Kowloon  City,九龍城,2017-03-03,1160,42797
YEUNG KING ROAD,楊景路,TM,Tuen  Mun,屯門,1990-11-02,3964,33179
YEUNG KING ROAD,楊景路,TM,Tuen  Mun,屯門,1996-02-16,805,35111
YEUNG TSING ROAD,楊青路,TM,Tuen  Mun,屯門,1990-11-02,3964,33179
YEUNG UK ROAD,楊屋道,TW,Tsuen  Wan,荃灣,1962-11-23,2378,22973
YI CHING LANE,宜正里,ST,Sha Tin,沙田,1986-01-17,245,31429
YI CHUN STREET,宜春街,SK,Sai  Kung,西貢,1973-12-07,3147,27005
YI HONG STREET,怡康街,TW,Tsuen  Wan,荃灣,1990-05-18,1802,33011
YI LOK STREET,怡樂街,TW,Tsuen  Wan,荃灣,1990-05-18,1802,33011
YI LUN STREET,彝倫街,WTS,Wong Tai Sin,黃大仙,1961-09-08,1577,22532
YI LUN STREET,彝倫街,WTS,Wong Tai Sin,黃大仙,2018-02-02,649,43133
YI NAM ROAD,怡南路,S,Southern,南區,1994-01-14,176,34348
YI NGA DRIVE,怡雅路,S,Southern,南區,1994-01-14,176,34348
YI PEI CHUN ROAD,二陂圳路,TW,Tsuen  Wan,荃灣,1982-02-19,563,30001
YI PEI CHUN ROAD,二陂圳路,TW,Tsuen  Wan,荃灣,1990-11-02,3961,33179
YI PEI SQUARE,二陂坊,TW,Tsuen  Wan,荃灣,1963-06-21,1134,23183
YI SHING SQUARE,怡成坊,ST,Sha Tin,沙田,1984-01-27,285,30708
YI TUNG ROAD,怡東路,Is,Islands,離島,1998-06-19,2978,35965
YI TUNG ROAD,怡東路,Is,Islands,離島,2019-02-01,1095,43497
YICK YUEN ROAD,亦園路,TM-YL,Tuen  Mun / Yuen Long,屯門 / 元朗,2004-08-13,5281,38212
YIK KWAN AVENUE,益群道,WC,Wan  Chai,灣仔,1931-02-13,86,11367
YIK YAM STREET,奕蔭街,WC,Wan  Chai,灣仔,1930-03-07,138,11024
YIM PO FONG STREET,染布房街,YTM,Yau Tsim Mong,油尖旺,1924-08-29,492,9008
YIM PO FONG STREET,染布房街,YTM,Yau Tsim Mong,油尖旺,1958-06-27,865,21363
YIN CHONG STREET,煙廠街,YTM,Yau Tsim Mong,油尖旺,1951-05-18,522,18766
YIN CHONG STREET,煙廠街,YTM,Yau Tsim Mong,油尖旺,1955-01-14,52,20103
YIN HING STREET,衍慶街,WTS,Wong Tai Sin,黃大仙,1961-09-08,1577,22532
YIN KONG ROAD,燕崗路,N,North,北區,2010-12-03,7632,40515
YIN ON STREET,燕安街,KC,Kowloon  City,九龍城,1959-04-17,548,21657
YIN PING ROAD,延坪道,SSP,Sham  Shui  Po,深水埗,1998-06-26,3109,35972
YIN TSE LANE,燕子里,TP,Tai  Po,大埔,1983-05-27,1664,30463
YING CHOI PATH,英才徑,KC,Kowloon  City,九龍城,1974-11-22,2948,27355
YING FAI TERRACE,英輝台,C&W,Central  &  Western,中西區,1926-05-07,255,9624
YING FUK STREET,盈福街,YL,Yuen Long,元朗,2001-11-30,7500,37225
YING FUNG LANE,盈鳳里,WTS,Wong Tai Sin,黃大仙,1984-06-22,1826,30855
YING HEI ROAD,迎禧路,Is,Islands,離島,1999-12-24,8173,36518
YING HEI ROAD,迎禧路,Is,Islands,離島,2025-07-25,4610,45863
YING HO ROAD,映河路,YL,Yuen Long,元朗,2012-10-26,7020,41208
YING HONG STREET,迎康街,Is,Islands,離島,2014-05-30,3150,41789
YING TUNG ROAD,迎東路,Is,Islands,離島,2014-05-30,3150,41789
YING TUNG ROAD,迎東路,Is,Islands,離島,2016-11-11,6438,42685
YING TUNG ROAD,迎東路,Is,Islands,離島,2024-09-06,5324,45541
YING WA STREET,英華街,SSP,Sham  Shui  Po,深水埗,2003-02-07,829,37659
YING WAN LANE,迎運里,ST,Sha Tin,沙田,2011-05-13,2996,40676
YING YEUNG STREET,鷹揚街,KC,Kowloon  City,九龍城,1959-04-17,548,21657
YING YIP ROAD,影業路,SK,Sai  Kung,西貢,1991-03-28,1087,33325
YIP CHEONG STREET,業暢街,N,North,北區,1989-06-16,2059,32675
YIP FAT STREET,業發街,S,Southern,南區,1973-05-25,1354,26809
YIP FAT STREET,業發街,S,Southern,南區,1973-06-29,1675,26844
YIP FUNG STREET,業豐街,N,North,北區,1989-06-16,2059,32675
YIP HING STREET,業興街,S,Southern,南區,1986-05-23,1765,31555
YIP KAN STREET,業勤街,S,Southern,南區,1975-08-22,1865,27628
YIP SHING STREET,業成街,K&T,Kwai  Tsing,葵青,1970-03-06,535,25633
YIP WO STREET,業和街,N,North,北區,1989-06-16,2059,32675
YIP WONG ROAD,業旺路,TM,Tuen  Mun,屯門,1990-11-02,3964,33179
YIP WONG ROAD,業旺路,TM,Tuen  Mun,屯門,2009-03-20,1820,39892
YIU HING ROAD,耀興道,E,Eastern,東區,1992-09-18,3335,33865
YIU HING ROAD,耀興道,E,Eastern,東區,2001-11-09,7008,37204
YIU SHA ROAD,耀沙路,ST,Sha Tin,沙田,2012-03-02,1335,40970
YIU SHA ROAD,耀沙路,ST,Sha Tin,沙田,2019-04-26,2869,43581
YIU SING STREET,耀星街,C&W,Central  &  Western,中西區,2012-10-19,6891,41201
YIU SING STREET,耀星街,C&W,Central  &  Western,中西區,2016-03-18,1595,42447
YIU TUNG STREET,耀東街,SSP,Sham  Shui  Po,深水埗,1935-05-03,351,12907
YIU WAI STREET,窰圍街,ST,Sha Tin,沙田,1983-07-01,2023,30498
YIU WING LANE,耀榮里,K&T,Kwai  Tsing,葵青,1970-03-06,535,25633
YIU WING STREET,耀榮街,K&T,Kwai  Tsing,葵青,1970-03-06,535,25633
YORK ROAD,約道,KC,Kowloon  City,九龍城,1929-08-23,427,10828
YU CHAU STREET,汝州街,YTM-SSP,Yau Tsim Mong / Sham  Shui  Po,油尖旺 / 深水埗,1927-11-25,699,10191
YU CHAU STREET,汝州街,YTM-SSP,Yau Tsim Mong / Sham  Shui  Po,油尖旺 / 深水埗,1976-06-18,1301,27929
YU CHAU WEST STREET,汝州西街,SSP,Sham  Shui  Po,深水埗,1976-06-18,1301,27929
YU CHUI STREET,瑜翠街,TM,Tuen  Mun,屯門,1991-07-19,2515,33438
YU HING LANE,餘慶里,C&W,Central  &  Western,中西區,1967-07-14,1517,24667
YU HING LANE,餘慶里,C&W,Central  &  Western,中西區,1967-12-08,2628,24814
YU KING SQUARE,裕景坊,YL,Yuen Long,元朗,1983-06-03,1752,30470
YU KING SQUARE,裕景坊,YL,Yuen Long,元朗,2017-10-13,7594,43021
YU LOK LANE,餘樂里,C&W,Central  &  Western,中西區,1967-07-14,1517,24667
YU LOK LANE,餘樂里,C&W,Central  &  Western,中西區,1967-12-08,2628,24814
YU ON STREET,漁安街,TP,Tai  Po,大埔,1987-07-03,2124,31961
YU ON STREET,漁安街,TP,Tai  Po,大埔,2010-02-05,736,40214
YU TAI ROAD,裕泰路,N,North,北區,1995-01-13,155,34712
YU TUNG ROAD,裕東路,Is,Islands,離島,1997-04-25,2008,35545
YU TUNG ROAD,裕東路,Is,Islands,離島,1999-07-09,3890,36350
YU WING PATH,裕榮徑,YL,Yuen Long,元朗,1983-06-03,1752,30470
YU WING PATH,裕榮徑,YL,Yuen Long,元朗,2017-10-13,7595,43021
YUE FAI ROAD,漁暉道,S,Southern,南區,1986-05-23,1765,31555
YUE FUNG STREET,漁豐街,S,Southern,南區,1987-04-24,1367,31891
YUE KING STREET,愉景街,Is,Islands,離島,1985-10-18,3454,31338
YUE KO STREET,漁歌街,S,Southern,南區,1960-07-08,1060,22105
YUE KWONG ROAD,漁光道,S,Southern,南區,1967-10-27,2311,24772
YUE LEI STREET,漁利街,S,Southern,南區,1960-07-08,1060,22105
YUE MAN SQUARE,裕民坊,KT,Kwun Tong,觀塘,1957-02-22,264,20873
YUE ON COURT ROAD,漁安苑道,S,Southern,南區,1995-07-14,2630,34894
YUE ON LANE,寓安里,SK,Sai  Kung,西貢,1993-02-19,554,34019
YUE SHI CHEUNG ROAD,魚市場道,S,Southern,南區,1993-06-04,1913,34124
YUE WOK STREET,漁獲街,S,Southern,南區,1960-07-08,1060,22105
YUEN CHAU KOK ROAD,圓洲角路,ST,Sha Tin,沙田,1981-09-18,2794,29847
YUEN CHEONG LANE,源昌里,ST,Sha Tin,沙田,1984-11-30,3532,31016
YUEN CHING ROAD,元政路,YL,Yuen Long,元朗,2000-06-09,3694,36686
YUEN FAT PATH,元發徑,YL,Yuen Long,元朗,1983-06-03,1752,30470
YUEN HONG STREET,源康街,ST,Sha Tin,沙田,1984-03-09,708,30750
YUEN KONG AU STREET,鉛礦凹街,ST,Sha Tin,沙田,1981-06-12,1685,29749
YUEN KONG AU STREET,鉛礦凹街,ST,Sha Tin,沙田,1981-07-24,2184,29791
YUEN LONG HIGHWAY,元朗公路,YL-TM,Yuen Long / Tuen  Mun,元朗 / 屯門,1993-02-12,477,34012
YUEN LONG HIGHWAY,元朗公路,YL-TM,Yuen Long / Tuen  Mun,元朗 / 屯門,1994-10-14,3892,34621
YUEN LONG HIGHWAY,元朗公路,YL-TM,Yuen Long / Tuen  Mun,元朗 / 屯門,1998-11-06,5414,36105
YUEN LONG HONG LOK ROAD,元朗康樂路,YL,Yuen Long,元朗,1977-12-02,2944,28461
YUEN LONG KAU HUI ROAD,元朗舊墟路,YL,Yuen Long,元朗,2002-07-26,4596,37463
YUEN LONG NEW STREET,元朗新街,YL,Yuen Long,元朗,1977-12-02,2944,28461
YUEN LONG ON HING STREET,元朗安興街,YL,Yuen Long,元朗,1978-09-29,2481,28762
YUEN LONG ON LOK ROAD,元朗安樂路,YL,Yuen Long,元朗,1977-12-02,2944,28461
YUEN LONG ON LOK ROAD,元朗安樂路,YL,Yuen Long,元朗,1984-06-22,1827,30855
YUEN LONG ON NING ROAD,元朗安寧路,YL,Yuen Long,元朗,1977-12-02,2944,28461
YUEN LONG PAU CHEUNG SQUARE,元朗炮仗坊,YL,Yuen Long,元朗,1977-12-02,2944,28461
YUEN LONG PAU CHEUNG SQUARE,元朗炮仗坊,YL,Yuen Long,元朗,2021-10-08,6314,44477
YUEN LONG TAI CHEUNG STREET,元朗泰祥街,YL,Yuen Long,元朗,1977-12-02,2944,28461
YUEN LONG TAI HANG STREET,元朗泰衡街,YL,Yuen Long,元朗,1977-12-02,2944,28461
YUEN LONG TAI YUK ROAD,元朗體育路,YL,Yuen Long,元朗,1977-12-02,2944,28461
YUEN LONG TAI YUK ROAD,元朗體育路,YL,Yuen Long,元朗,1984-06-15,1738,30848
YUEN LONG TAI YUK ROAD,元朗體育路,YL,Yuen Long,元朗,2005-05-27,2493,38499
YUEN LONG TUNG SHING LEI ROAD,元朗東成里路,YL,Yuen Long,元朗,1999-02-26,973,36217
YUEN LONG TUNG TAI STREET,元朗東堤街,YL,Yuen Long,元朗,1977-12-02,2944,28461
YUEN LUNG STREET,元龍街,YL,Yuen Long,元朗,2000-06-09,3694,36686
YUEN NGAI STREET,園藝街,YTM,Yau Tsim Mong,油尖旺,1948-04-23,381,17646
YUEN ON STREET,源安街,ST,Sha Tin,沙田,1984-03-09,708,30750
YUEN PO STREET,園圃街,YTM,Yau Tsim Mong,油尖旺,1949-10-28,1043,18199
YUEN SHIN ROAD,完善路,TP,Tai  Po,大埔,1989-03-17,893,32584
YUEN SHUN CIRCUIT,源順圍,ST,Sha Tin,沙田,1984-03-09,708,30750
YUEN TAI ROAD,元大路,YL,Yuen Long,元朗,2013-01-11,215,41285
YUEN TUN CIRCUIT,圓墩圍,TW,Tsuen  Wan,荃灣,1963-06-21,1134,23183
YUEN WO ROAD,源禾路,ST,Sha Tin,沙田,1981-04-03,1022,29679
YUEN WO ROAD,源禾路,ST,Sha Tin,沙田,1982-03-12,827,30022
YUEN WO ROAD,源禾路,ST,Sha Tin,沙田,1998-11-20,5659,36119
YUEN YEUNG LANE NORTH,遠洋里北,KC,Kowloon  City,九龍城,2017-03-03,1160,42797
YUEN YEUNG LANE SOUTH,遠洋里南,KC,Kowloon  City,九龍城,2017-03-03,1160,42797
YUEN YUEN STREET,源遠街,WC,Wan  Chai,灣仔,1930-03-07,138,11024
YUET HOI STREET,悅海街,S,Southern,南區,1998-06-26,3111,35972
YUET LUN STREET,月輪街,SSP,Sham  Shui  Po,深水埗,1970-04-24,866,25682
YUET LUN STREET,月輪街,SSP,Sham  Shui  Po,深水埗,2005-06-30,3129,38533
YUET WAH STREET,月華街,KT,Kwun Tong,觀塘,1960-06-17,928,22084
YUET YUEN STREET,月園街,E,Eastern,東區,1954-10-29,1323,20026
YUK CHOI ROAD,育才道,YTM,Yau Tsim Mong,油尖旺,1969-03-21,554,25283
YUK CHOI ROAD,育才道,YTM,Yau Tsim Mong,油尖旺,1975-05-30,1206,27544
YUK HOK LANE,毓學里,WTS,Wong Tai Sin,黃大仙,1987-07-24,2385,31982
YUK HONG STREET,育康街,TM,Tuen  Mun,屯門,1990-11-02,3963,33179
YUK KWAN STREET,育群街,WTS,Wong Tai Sin,黃大仙,1968-05-17,1004,24975
YUK NGA LANE,毓雅里,SK,Sai  Kung,西貢,1993-12-24,4725,34327
YUK SAU STREET,毓秀街,WC,Wan  Chai,灣仔,1930-03-07,138,11024
YUK SAU STREET,毓秀街,WC,Wan  Chai,灣仔,1932-09-16,590,11948
YUK SHEK LANE,玉石里,SK,Sai  Kung,西貢,1991-07-05,2294,33424
YUK SHING STREET,玉成街,KC,Kowloon  City,九龍城,1957-07-26,1050,21027
YUK TAI STREET,沃泰街,ST,Sha Tin,沙田,2000-01-21,378,36546
YUK TONG PATH,沃塘徑,N,North,北區,2024-10-18,6215,45583
YUK TSING LANE,育青里,TM,Tuen  Mun,屯門,1991-07-19,2511,33438
YUK WAH CRESCENT,毓華里,WTS,Wong Tai Sin,黃大仙,1966-06-30,1684,24288
YUK WAH STREET,毓華街,WTS,Wong Tai Sin,黃大仙,1966-06-30,1684,24288
YUK WAH STREET,毓華街,WTS,Wong Tai Sin,黃大仙,1966-06-30,1684,24288
YUK YAT STREET,旭日街,KC,Kowloon  City,九龍城,1965-06-04,1392,23897
YUK YAT STREET,旭日街,KC,Kowloon  City,九龍城,1974-05-31,1386,27180
YUN PING ROAD,恩平道,WC,Wan  Chai,灣仔,1953-05-22,667,19501
YUN PING ROAD,恩平道,WC,Wan  Chai,灣仔,1959-01-30,168,21580
YUNG LONG ROAD,湧浪路,TM,Tuen  Mun,屯門,1999-04-30,2383,36280
YUNG PING PATH,雍坪徑,ST,Sha Tin,沙田,1992-12-04,4337,33942
YUNG PING PATH,雍坪徑,ST,Sha Tin,沙田,2009-12-18,7994,40165
YUNG SHUE WAN BACK STREET,榕樹灣後街,Is,Islands,離島,1983-10-28,3425,30617
YUNG SHUE WAN MAIN STREET,榕樹灣大街,Is,Islands,離島,1983-10-28,3425,30617
YUNG SHUE WAN PLAZA ROAD,榕樹灣廣場路,Is,Islands,離島,2014-03-14,1563,41712
YUNG YI ROAD,雍宜路,TP,Tai  Po,大埔,1998-07-31,3721,36007
YUNG YUEN ROAD,庸園路,YL,Yuen Long,元朗,1995-12-29,5380,35062
YUNNAN LANE,雲南里,YTM,Yau Tsim Mong,油尖旺,1909-03-19,184,3366
