road_key,street_code,english_name,chinese_name,street_type,naming_year,naming_date,government_notice_url_en,government_notice_url_zh,segment_count
code:10311,10311,CLEAR WATER BAY ROAD,清水灣道,Main Road,1947,1947-07-02,/egazette/en/1947-gn543.pdf,,103
code:52563,52563,,,Main Road,,,,,83
code:53119,53119,,,Secondary Road,,,,,77
code:14299,14299,TSING SHA HIGHWAY,青沙公路,Tunnel,,,,,77
code:13922,13922,LIN CHEUNG ROAD,連翔道,Main Road,1998,1998-11-13,/egazette/en/2018-22-48-8969.pdf,,76
code:49240,49240,,,Secondary Road,,,,,75
code:47351,47351,,,Secondary Road,,,,,65
code:11850,11850,SAI SHA ROAD,西沙路,Secondary Road,1984,1984-02-17,/egazette/en/1984-gn459.pdf,/egazette/zh/1984-gn459.pdf,64
code:10332,10332,CONTAINER PORT ROAD SOUTH,貨櫃碼頭南路,Secondary Road,,,,,62
code:40928,40928,,,Secondary Road,,,,,61
code:52890,52890,,,Main Road,,,,,61
code:11308,11308,LUNG CHEUNG ROAD,龍翔道,Main Road,1960,1960-11-11,/egazette/en/1960-gn1713.pdf,/egazette/zh/2018-22-32-6060.pdf,60
code:12690,12690,WATERLOO ROAD,窩打老道,Main Road,1929,1929-06-21,/egazette/en/1929-gn331.pdf,/egazette/zh/1929-gn331.pdf,59
code:10961,10961,KAM TIN ROAD,錦田公路,Main Road,1978,1978-09-29,/egazette/en/1978-gn2481.pdf,,57
code:11143,11143,KWUN TONG ROAD,觀塘道,Main Road,1947,1947-07-02,/egazette/en/1947-gn543.pdf,,57
code:51319,51319,,,Secondary Road,,,,,56
code:10959,10959,KAM SHEUNG ROAD,錦上路,Secondary Road,1982,1982-03-05,/egazette/en/1982-gn755.pdf,/egazette/zh/1982-gn755.pdf,56
code:12131,12131,SOUTH LANTAU ROAD,嶼南道,Main Road,,,,,51
code:11768,11768,POK FU LAM ROAD,薄扶林道,Main Road,,,/egazette/en/1975-gn2327.pdf,,50
code:10741,10741,HIRAM'S HIGHWAY,西貢公路,Main Road,1977,1977-06-10,/egazette/en/1977-gn1311.pdf,/egazette/zh/1977-gn1311.pdf,49
code:12373,12373,TING KOK ROAD,汀角路,Main Road,1970,1970-04-03,/egazette/en/2009-13-10-1502.pdf,/egazette/zh/2009-13-10-1502.pdf,49
code:10369,10369,DEEP BAY ROAD,深灣路,Secondary Road,,,,,47
code:11038,11038,KING'S ROAD,英皇道,Main Road,1935,1935-06-21,/egazette/en/1935-gn490.pdf,/egazette/zh/1935-gn490.pdf,46
code:10886,10886,ISLAND EASTERN CORRIDOR,東區走廊,Highway,1984,1984-08-24,/egazette/en/1984-gn2562.pdf,/egazette/zh/1984-gn2562.pdf,45
code:11149,11149,LAI CHI KOK ROAD,荔枝角道,Main Road,1978,1978-10-13,/egazette/en/2017-21-14-1921.pdf,/egazette/zh/2017-21-14-1921.pdf,45
code:52589,52589,,,Secondary Road,,,,,44
code:11788,11788,PRINCE EDWARD ROAD WEST,太子道西,Main Road,1923,1923-09-28,/egazette/en/1923-gn411.pdf,/egazette/zh/1923-gn411.pdf,43
code:11825,11825,ROUTE TWISK,荃錦公路,Main Road,1977,1977-11-25,/egazette/en/1977-gn2860.pdf,/egazette/zh/1977-gn2860.pdf,43
code:12237,12237,TAI MONG TSAI ROAD,大網仔路,Main Road,1980,1980-12-19,/egazette/en/1980-gn4050.pdf,,43
code:13912,13912,TSING LONG HIGHWAY,青朗公路,Main Road,,,,,42
code:10609,10609,GLOUCESTER ROAD,告士打道,Main Road,1929,1929-06-14,/egazette/en/1929-gn312.pdf,/egazette/zh/1929-gn312.pdf,41
code:12254,12254,TAI PO ROAD,大埔道,Main Road,1927,1927-04-29,/egazette/en/1927-gn250.pdf,/egazette/zh/1927-gn250.pdf,41
code:10468,10468,FAN KAM ROAD,粉錦公路,Main Road,,,/egazette/en/1979-gn2145.pdf,,40
code:14475,14475,HEUNG YUEN WAI HIGHWAY,香園圍公路,Main Road,2019,2019-02-01,https://www.landsd.gov.hk/doc/en/street-name/egazette/2019/egn201923051094.pdf,https://www.landsd.gov.hk/doc/tc/street-name/egazette/2019/cgn201923051094.pdf,40
code:11079,11079,KWAI CHUNG ROAD,葵涌道,Secondary Road,,,,,40
code:11236,11236,LIN MA HANG ROAD,蓮麻坑路,Secondary Road,,,,,40
code:11504,11504,NATHAN ROAD,彌敦道,Main Road,1909,1909-03-19,/egazette/en/1909-gn184.pdf,/egazette/zh/1909-gn184.pdf,40
code:10115,10115,CANTON ROAD,廣東道,Secondary Road,1909,1909-03-19,/egazette/en/1909-gn184.pdf,/egazette/zh/1909-gn184.pdf,39
code:10129,10129,CASTLE PEAK ROAD - CASTLE PEAK BAY,青山公路　－　青山灣段,Secondary Road,,,,,38
code:13798,13798,AIRPORT ROAD,機場路,Main Road,1998,1998-01-02,/egazette/en/2019-23-30-4781.pdf,/egazette/zh/2019-23-30-4781.pdf,37
code:10027,10027,ARGYLE STREET,亞皆老街,Main Road,1926,1926-04-16,/egazette/en/1926-gn202.pdf,/egazette/zh/1926-gn202.pdf,36
code:12570,12570,VICTORIA ROAD,域多利道,Secondary Road,,,,,36
code:53265,53265,,,Secondary Road,,,,,35
code:10145,10145,CASTLE PEAK ROAD - TSUEN WAN,青山公路　－　荃灣段,Secondary Road,,,,,35
code:10899,10899,JOCKEY CLUB ROAD,馬會道,Main Road,1958,1958-06-06,/egazette/en/1958-gn770.pdf,/egazette/zh/1958-gn770.pdf,35
code:11176,11176,LAM KAM ROAD,林錦公路,Main Road,1978,1978-09-29,/egazette/en/1978-gn2481.pdf,,35
code:13786,13786,NORTH WEST TSING YI INTERCHANGE,青衣西北交匯處,Highway,,,,,35
code:12624,12624,WAI YIP STREET,偉業街,Main Road,1957,1957-02-22,/egazette/en/1957-gn264.pdf,/egazette/zh/1957-gn264.pdf,35
code:10206,10206,CHEUNG SHA WAN ROAD,長沙灣道,Main Road,1923,1923-09-28,/egazette/en/1923-gn411.pdf,/egazette/zh/1923-gn411.pdf,34
code:10328,10328,CONNAUGHT ROAD CENTRAL,干諾道中,Main Road,,,,,34
code:10483,10483,FERRY STREET,渡船街,Main Road,1941,1941-10-24,/egazette/en/1941-gn1260.pdf,/egazette/zh/1941-gn1260.pdf,34
code:11958,11958,SHA TAU KOK ROAD - LUNG YEUK TAU,沙頭角公路　－　龍躍頭段,Main Road,,,,,34
code:13808,13808,SOUTH RUNWAY ROAD,跑道南路,Secondary Road,,,,,34
code:12504,12504,TUEN MUN ROAD,屯門公路,Highway,1979,1979-01-26,/egazette/en/1979-gn262.pdf,,34
code:10378,10378,DISCOVERY BAY ROAD,愉景灣道,Secondary Road,,,,,33
code:11487,11487,NAM CHEONG STREET,南昌街,Secondary Road,1925,1925-09-10,/egazette/en/1925-gn514.pdf,,33
code:11704,11704,PING HA ROAD,屏廈路,Secondary Road,,,/egazette/en/1982-gn755.pdf,/egazette/zh/1982-gn755.pdf,33
code:11787,11787,PRINCE EDWARD ROAD EAST,太子道東,Main Road,1923,1923-09-28,/egazette/en/1923-gn411.pdf,/egazette/zh/1923-gn411.pdf,33
code:14496,14496,TUEN MUN CHEK LAP KOK TUNNEL ROAD,屯門赤鱲角隧道公路,Main Road,2020,2020-11-06,/egazette/en/2020-24-45-6474.pdf,/egazette/zh/2020-24-45-6474.pdf,33
code:41961,41961,,,Secondary Road,,,,,32
code:44338,44338,,,Secondary Road,,,,,32
code:44979,44979,,,Secondary Road,,,,,32
code:42755,42755,,,Secondary Road,,,,,32
code:10144,10144,CASTLE PEAK ROAD - TSING LUNG TAU,青山公路　－　青龍頭段,Secondary Road,,,,,32
code:14477,14477,HUNG HOM BYPASS,紅磡繞道,Main Road,2019,2019-03-01,https://www.landsd.gov.hk/doc/en/street-name/egazette/2019/egn201923091656.pdf,https://www.landsd.gov.hk/doc/tc/street-name/egazette/2019/cgn201923091656.pdf,32
code:14365,14365,SHING FUNG ROAD,承豐道,Secondary Road,2012,2012-09-28,/egazette/en/2012-16-39-6493.pdf,/egazette/zh/2012-16-39-6493.pdf,32
code:12276,12276,TAI TONG ROAD,大棠路,Secondary Road,1977,1977-12-02,/egazette/en/1977-gn2944.pdf,/egazette/zh/1977-gn2944.pdf,32
code:12469,12469,TSUEN WAN ROAD,荃灣路,Highway,1981,1981-09-18,/egazette/en/1981-gn2793.pdf,/egazette/zh/1981-gn2793.pdf,32
code:53519,53519,,,Secondary Road,,,,,31
code:51826,51826,,,Secondary Road,,,,,31
code:11316,11316,LUNG MUN ROAD,龍門路,Main Road,1977,1977-12-23,/egazette/en/1977-gn3134.pdf,/egazette/zh/1977-gn3134.pdf,31
code:11869,11869,SALISBURY ROAD,梳士巴利道,Main Road,1958,1958-06-27,/egazette/en/1958-gn865.pdf,/egazette/zh/1958-gn865.pdf,31
code:10142,10142,CASTLE PEAK ROAD - TAM MI,青山公路　－　潭尾段,Secondary Road,,,,,30
code:10155,10155,CHAI WAN ROAD,柴灣道,Main Road,1984,1984-03-30,/egazette/en/1984-gn970.pdf,/egazette/zh/1984-gn970.pdf,30
code:13658,13658,LAM TEI INTERCHANGE,藍地交匯處,Secondary Road,,,,,30
code:11242,11242,LION ROCK TUNNEL ROAD,獅子山隧道公路,Main Road,,,,,30
code:13137,13137,TATE'S CAIRN HIGHWAY,大老山公路,Highway,1992,1992-01-31,/egazette/en/2015-19-46-8863.pdf,/egazette/zh/2015-19-46-8863.pdf,30
code:41200,41200,,,Secondary Road,,,,,29
code:52257,52257,,,Secondary Road,,,,,29
code:10075,10075,BOUNDARY STREET,界限街,Main Road,1926,1926-04-16,/egazette/en/1926-gn202.pdf,/egazette/zh/1926-gn202.pdf,29
code:10166,10166,CHATHAM ROAD NORTH,漆咸道北,Secondary Road,1909,1909-03-19,/egazette/en/1909-gn184.pdf,/egazette/zh/1909-gn184.pdf,29
code:10904,10904,JORDAN ROAD,佐敦道,Main Road,1909,1909-03-19,/egazette/en/1909-gn184.pdf,/egazette/zh/1909-gn184.pdf,29
code:11984,11984,SHANGHAI STREET,上海街,Main Road,1909,1909-03-19,/egazette/en/1909-gn184.pdf,/egazette/zh/1909-gn184.pdf,29
code:14528,14528,TSEUNG LAM HIGHWAY,將藍公路,Main Road,2022,2022-11-25,/egazette/en/2022-26-47-6835.pdf,/egazette/zh/2022-26-47-6835.pdf,29
code:13139,13139,WAN PO ROAD,環保大道,Main Road,,,,,29
code:41747,41747,,,Secondary Road,,,,,28
code:10128,10128,CASTLE PEAK ROAD,青山道,Main Road,,,,,28
code:10181,10181,CHERRY STREET,櫻桃街,Main Road,1954,1954-12-24,/egazette/en/1954-gn1562.pdf,/egazette/zh/1954-gn1562.pdf,28
code:10329,10329,CONNAUGHT ROAD WEST,干諾道西,Main Road,,,,,28
code:11260,11260,LOK MA CHAU ROAD,落馬洲路,Secondary Road,1982,1982-03-05,/egazette/en/1982-gn755.pdf,/egazette/zh/1982-gn755.pdf,28
code:11535,11535,NGAU TAU KOK ROAD,牛頭角道,Secondary Road,1957,1957-02-22,/egazette/en/1957-gn264.pdf,/egazette/zh/1957-gn264.pdf,28
code:11669,11669,PEAK ROAD,山頂道,Main Road,,,/egazette/en/1960-gn1174.pdf,,28
code:11697,11697,PING CHE ROAD,坪輋路,Secondary Road,,,,,28
code:11791,11791,PRINCESS MARGARET ROAD,公主道,Main Road,1966,1966-03-18,/egazette/en/2018-22-40-7463.pdf,,28
code:11817,11817,ROBINSON ROAD,羅便臣道,Secondary Road,1904,1904-01-29,/egazette/en/1904-gn59.pdf,/egazette/zh/1904-gn59.pdf,28
code:46142,46142,,,Secondary Road,,,,,27
code:51268,51268,,,Secondary Road,,,,,27
code:52275,52275,,,Secondary Road,,,,,27
code:13811,13811,CHEONG LIN ROAD,暢連路,Secondary Road,,,,,27
code:11373,11373,MAN KAM TO ROAD,文錦渡路,Main Road,,,,,27
code:13052,13052,SHUI PIN WAI INTERCHANGE,水邊圍交匯處,Main Road,1991,1991-06-28,/egazette/en/2017-21-41-7594.pdf,,27
code:12221,12221,TAI HO ROAD,大河道,Secondary Road,1987,1987-11-27,/egazette/en/2000-gn3981.pdf,/egazette/zh/2000-gn3981.pdf,27
code:12776,12776,WONG CHUK HANG ROAD,黃竹坑道,Main Road,,,/egazette/en/1961-gn1335.pdf,,27
code:53184,53184,,,Secondary Road,,,,,26
code:13926,13926,AUSTIN ROAD WEST,柯士甸道西,Main Road,1998,1998-11-13,/egazette/en/2018-22-47-8793.pdf,,26
code:11346,11346,MA ON SHAN ROAD,馬鞍山路,Main Road,1992,1992-01-31,/egazette/en/2015-19-46-8863.pdf,/egazette/zh/2015-19-46-8863.pdf,26
code:50208,50208,,,Secondary Road,,,,,25
code:10143,10143,CASTLE PEAK ROAD - TING KAU,青山公路　－　汀九段,Secondary Road,,,,,25
code:10153,10153,CHA KWO LING ROAD,茶果嶺道,Secondary Road,,,,,25
code:13785,13785,CHEUNG TSING HIGHWAY,長青公路,Highway,2009,2009-12-18,/egazette/en/2009-13-51-7995.pdf,/egazette/zh/2009-13-51-7995.pdf,25
code:13781,13781,CHEUNG TUNG ROAD,翔東路,Secondary Road,,,,,25
code:10342,10342,COTTON TREE DRIVE,紅棉路,Main Road,,,,,25
code:14499,14499,KWUN TONG BYPASS,觀塘繞道,Highway,2020,2020-11-20,/egazette/en/2020-24-47-6775.pdf,/egazette/zh/2020-24-47-6775.pdf,25
code:14527,14527,LAM TIN INTERCHANGE,藍田交匯處,Main Road,2022,2022-11-25,/egazette/en/2022-26-47-6835.pdf,/egazette/zh/2022-26-47-6835.pdf,25
code:11213,11213,LEI YUE MUN ROAD,鯉魚門道,Main Road,,,,,25
code:13605,13605,SAN TAM ROAD,新潭路,Secondary Road,,,,,25
code:12260,12260,TAI PO ROAD - TAI PO KAU,大埔公路　－　大埔滘段,Secondary Road,,,,,25
code:13536,13536,YUEN LONG HIGHWAY,元朗公路,Highway,,,,,25
code:50120,50120,,,Secondary Road,,,,,24
code:49057,49057,,,Secondary Road,,,,,24
code:10132,10132,CASTLE PEAK ROAD - KWAI CHUNG,青山公路　－　葵涌段,Main Road,,,,,24
code:10146,10146,CASTLE PEAK ROAD - YUEN LONG,青山公路　－　元朗段,Main Road,,,,,24
code:14434,14434,CHEK LAP KOK ROAD,赤鱲角路,Main Road,2017,2017-03-10,https://www.landsd.gov.hk/doc/en/street-name/egazette/2017/egn201721101273.pdf,https://www.landsd.gov.hk/doc/tc/street-name/egazette/2017/cgn201721101273.pdf,24
code:13180,13180,SAN WAN ROAD,新運路,Secondary Road,,,,,24
code:12449,12449,TSING YI ROAD,青衣路,Main Road,1979,1979-07-06,/egazette/en/1979-gn1702.pdf,,24
code:12509,12509,TUNG CHAU STREET,通州街,Secondary Road,1927,1927-11-25,/egazette/en/1927-gn699.pdf,/egazette/zh/1927-gn699.pdf,24
code:42031,42031,,,Secondary Road,,,,,23
code:42063,42063,,,Secondary Road,,,,,23
code:53310,53310,,,Secondary Road,,,,,23
code:10141,10141,CASTLE PEAK ROAD - TAI LAM,青山公路　－　大欖段,Secondary Road,,,,,23
code:14567,14567,CENTRAL KOWLOON BYPASS,中九龍繞道,Main Road,2025,2025-11-21,/egazette/en/2025-29-47-7381.pdf,/egazette/zh/2025-29-47-7381.pdf,23
code:10663,10663,HARCOURT ROAD,夏慤道,Main Road,1961,1961-04-07,/egazette/en/1961-gn575.pdf,,23
code:10875,10875,HUNG TIN ROAD,洪天路,Main Road,,,,,23
code:11737,11737,PO KONG VILLAGE ROAD,蒲崗村道,Secondary Road,1953,1953-08-14,/egazette/en/1953-gn998.pdf,/egazette/zh/1953-gn998.pdf,23
code:11805,11805,QUEEN'S ROAD EAST,皇后大道東,Main Road,1842,1842-02-01,/egazette/en/1949-gn297.pdf,,23
code:11815,11815,REPULSE BAY ROAD,淺水灣道,Main Road,1932,1932-10-07,/egazette/en/1932-gn635.pdf,/egazette/zh/1932-gn635.pdf,23
code:12165,12165,STUBBS ROAD,司徒拔道,Main Road,1923,1923-02-15,/egazette/en/1923-gn77.pdf,/egazette/zh/1923-gn77.pdf,23
code:40750,40750,,,Secondary Road,,,,,22
code:43667,43667,,,Secondary Road,,,,,22
code:41299,41299,,,Secondary Road,,,,,22
code:45319,45319,,,Secondary Road,,,,,22
code:42069,42069,,,Secondary Road,,,,,22
code:45313,45313,,,Secondary Road,,,,,22
code:40774,40774,,,Secondary Road,,,,,22
code:52926,52926,,,Secondary Road,,,,,22
code:13700,13700,FANLING HIGHWAY,粉嶺公路,Highway,,,,,22
code:10599,10599,GASCOIGNE ROAD,加士居道,Main Road,1905,1905-03-17,/egazette/en/1905-gn158.pdf,/egazette/zh/1905-gn158.pdf,22
code:10611,10611,GOLDEN BAMBOO ROAD NORTH,金竹北路,Secondary Road,1984,1984-08-31,/egazette/en/1984-gn2609.pdf,/egazette/zh/1984-gn2609.pdf,22
code:10698,10698,HEUNG YIP ROAD,香葉道,Secondary Road,1972,1972-09-29,/egazette/en/2025-29-17-2547.pdf,/egazette/zh/2025-29-17-2547.pdf,22
code:11352,11352,MA TAU WAI ROAD,馬頭圍道,Main Road,1926,1926-04-16,/egazette/en/1926-gn202.pdf,/egazette/zh/1926-gn202.pdf,22
code:13128,13128,PAK WO ROAD,百和路,Main Road,,,,,22
code:11804,11804,QUEEN'S ROAD CENTRAL,皇后大道中,Main Road,1842,1842-02-01,,,22
code:11906,11906,SAN SHAM ROAD,新深路,Main Road,,,,,22
code:12387,12387,TOLO HIGHWAY,吐露港公路,Highway,,,,,22
code:12556,12556,UN CHAU STREET,元州街,Secondary Road,1923,1923-09-28,/egazette/en/1923-gn411.pdf,/egazette/zh/1923-gn411.pdf,22
code:12591,12591,WAH FU ROAD,華富道,Secondary Road,,,,,22
code:13692,13692,WO KENG SHAN ROAD,禾徑山路,Secondary Road,,,,,22
code:44487,44487,,,Secondary Road,,,,,21
code:46437,46437,,,Secondary Road,,,,,21
code:10247,10247,CHING CHEUNG ROAD,呈祥道,Main Road,1976,1976-11-19,/egazette/en/1976-gn2580.pdf,,21
code:10375,10375,DES VOEUX ROAD WEST,德輔道西,Main Road,,,,,21
code:13805,13805,EAST COAST ROAD,東岸路,Secondary Road,2007,2007-08-31,/egazette/en/2019-23-30-4781.pdf,/egazette/zh/2019-23-30-4781.pdf,21
code:10900,10900,JOHNSTON ROAD,莊士敦道,Main Road,1929,1929-06-14,/egazette/en/1929-gn312.pdf,/egazette/zh/1929-gn312.pdf,21
code:11095,11095,KWAI SHING CIRCUIT,葵盛圍,Secondary Road,1974,1974-04-19,/egazette/en/1974-gn1023.pdf,/egazette/zh/1974-gn1023.pdf,21
code:13601,13601,KWU TUNG ROAD,古洞路,Secondary Road,,,,,21
code:11350,11350,MA TAU KOK ROAD,馬頭角道,Secondary Road,1926,1926-04-16,/egazette/en/1926-gn202.pdf,/egazette/zh/1926-gn202.pdf,21
code:11810,11810,RECLAMATION STREET,新填地街,Secondary Road,1930,1930-01-17,/egazette/en/1930-gn39.pdf,/egazette/zh/1930-gn39.pdf,21
code:11971,11971,SHA TSUI ROAD,沙咀道,Secondary Road,,,,,21
code:13892,13892,SHAM MONG ROAD,深旺道,Secondary Road,,,,,21
code:11989,11989,SHATIN PASS ROAD,沙田㘭道,Secondary Road,1957,1957-05-24,/egazette/en/1981-gn3160.pdf,/egazette/zh/1981-gn3160.pdf,21
code:12052,12052,SHING MUN ROAD,城門道,Restricted Road,,,,,21
code:12258,12258,TAI PO ROAD - SHA TIN,大埔公路　－　沙田段,Highway,,,,,21
code:13174,13174,TSEUNG KWAN O ROAD,將軍澳道,Main Road,1992,1992-04-10,/egazette/en/2020-24-47-6776.pdf,/egazette/zh/2020-24-47-6776.pdf,21
code:13885,13885,WEST KOWLOON HIGHWAY,西九龍公路,Main Road,1998,1998-05-22,/egazette/en/2017-21-14-1921.pdf,/egazette/zh/2017-21-14-1921.pdf,21
code:44823,44823,,,Secondary Road,,,,,20
code:43245,43245,,,Secondary Road,,,,,20
code:52093,52093,,,Secondary Road,,,,,20
code:52545,52545,,,Secondary Road,,,,,20
code:52291,52291,,,Secondary Road,,,,,20
code:10169,10169,CHE KUNG MIU ROAD,車公廟路,Main Road,1981,1981-09-18,/egazette/en/1981-gn2794.pdf,/egazette/zh/1981-gn2794.pdf,20
code:10263,10263,CHOI HUNG ROAD,彩虹道,Main Road,1959,1959-05-29,/egazette/en/1959-gn738.pdf,/egazette/zh/1959-gn738.pdf,20
code:14435,14435,HONG KONG-ZHUHAI-MACAO BRIDGE HONG KONG LINK ROAD,港珠澳大橋香港連接路,Highway,2017,2017-03-10,https://www.landsd.gov.hk/doc/en/street-name/egazette/2017/egn201721101273.pdf,https://www.landsd.gov.hk/doc/tc/street-name/egazette/2017/cgn201721101273.pdf,20
code:14412,14412,LUNG YUET ROAD,龍悅道,Main Road,2016,2016-03-18,https://www.landsd.gov.hk/doc/en/street-name/egazette/2016/egn201620111596.pdf,https://www.landsd.gov.hk/doc/tc/street-name/egazette/2016/cgn201620111596.pdf,20
code:13835,13835,MA TSO LUNG ROAD,馬草壟路,Secondary Road,,,,,20
code:11959,11959,SHA TAU KOK ROAD - MA MEI HA,沙頭角公路　－　馬尾下段,Main Road,,,,,20
code:12216,12216,TAI HANG ROAD,大坑道,Main Road,1931,1931-02-13,/egazette/en/1931-gn86.pdf,/egazette/zh/1931-gn86.pdf,20
code:13151,13151,TIN SHUI ROAD,天瑞路,Secondary Road,2000,2000-07-07,/egazette/en/2000-gn4391.pdf,/egazette/zh/2000-gn4391.pdf,20
code:41616,41616,,,Secondary Road,,,,,19
code:40011,40011,,,Secondary Road,,,,,19
code:51320,51320,,,Secondary Road,,,,,19
code:52760,52760,,,Secondary Road,,,,,19
code:53209,53209,,,Secondary Road,,,,,19
code:48704,48704,,,Secondary Road,,,,,19
code:52973,52973,,,Secondary Road,,,,,19
code:10138,10138,CASTLE PEAK ROAD - SAN TIN,青山公路　－　新田段,Secondary Road,,,,,19
code:10226,10226,CHI FU ROAD,置富道,Secondary Road,1979,1979-05-11,/egazette/en/1979-gn1195.pdf,,19
code:10325,10325,CONCORDE ROAD,協調道,Secondary Road,1981,1981-12-11,/egazette/en/1981-gn3682.pdf,/egazette/zh/1981-gn3682.pdf,19
code:39004,39004,EASTERN HARBOUR CROSSING,東區海底隧道,Tunnel,,,,,19
code:13951,13951,LAI PO ROAD,荔寶路,Secondary Road,1999,1999-03-12,/egazette/en/2018-22-48-8969.pdf,,19
code:14201,14201,MAGIC ROAD,神奇道,Secondary Road,2004,2004-12-17,/egazette/en/2004-08-51-8104.pdf,/egazette/zh/2004-08-51-8104.pdf,19
code:14126,14126,PAK LAM ROAD,珀林路,Secondary Road,,,,,19
code:13736,13736,PALM SPRINGS BOULEVARD,加州花園大道,Secondary Road,,,,,19
code:14326,14326,POK CHUEN STREET,博泉街,Secondary Road,2010,2010-04-09,/egazette/en/2010-14-14-2046.pdf,/egazette/zh/2010-14-14-2046.pdf,19
code:14272,14272,SCIENCE PARK WEST AVENUE,科技大道西,Secondary Road,,,,,19
code:14437,14437,SHUN FAI ROAD,順暉路,Secondary Road,2017,2017-03-10,https://www.landsd.gov.hk/doc/en/street-name/egazette/2017/egn201721101273.pdf,https://www.landsd.gov.hk/doc/tc/street-name/egazette/2017/cgn201721101273.pdf,19
code:14444,14444,SHUN WAN ROAD,順環路,Secondary Road,2017,2017-03-10,https://www.landsd.gov.hk/doc/en/street-name/egazette/2017/egn201721101273.pdf,https://www.landsd.gov.hk/doc/tc/street-name/egazette/2017/cgn201721101273.pdf,19
code:12113,12113,SING WOO ROAD,成和道,Main Road,,,,,19
code:12225,12225,TAI KOK TSUI ROAD,大角咀道,Secondary Road,1923,1923-09-28,/egazette/en/1923-gn411.pdf,/egazette/zh/1923-gn411.pdf,19
code:13158,13158,TIN YAN ROAD,天恩路,Secondary Road,1992,1992-02-28,/egazette/en/2016-20-38-5399.pdf,/egazette/zh/2016-20-38-5399.pdf,19
code:13783,13783,TSING KWAI HIGHWAY,青葵公路,Highway,,,,,19
code:14171,14171,TSING YI HONG WAN ROAD,青衣航運路,Secondary Road,,,,,19
code:40649,40649,,,Secondary Road,,,,,18
code:41273,41273,,,Secondary Road,,,,,18
code:40137,40137,,,Secondary Road,,,,,18
code:45367,45367,,,Secondary Road,,,,,18
code:46968,46968,,,Secondary Road,,,,,18
code:45302,45302,,,Secondary Road,,,,,18
code:53018,53018,,,Secondary Road,,,,,18
code:44357,44357,,,Secondary Road,,,,,18
code:52160,52160,,,Secondary Road,,,,,18
code:53420,53420,,,Secondary Road,,,,,18
code:52353,52353,,,Secondary Road,,,,,18
code:53470,53470,,,Secondary Road,,,,,18
code:51787,51787,,,Secondary Road,,,,,18
code:10131,10131,CASTLE PEAK ROAD - HUNG SHUI KIU,青山公路　－　洪水橋段,Main Road,,,,,18
code:13810,13810,CHEONG TAT ROAD,暢達路,Secondary Road,2005,2005-08-05,/egazette/en/2022-26-19-2362.pdf,,18
code:14509,14509,DISCOVERY PEAK ROAD,愉峰道,Secondary Road,2021,2021-06-11,https://www.landsd.gov.hk/doc/en/street-name/egazette/2021/egn202125233565.pdf,https://www.landsd.gov.hk/doc/tc/street-name/egazette/2021/cgn202125233565.pdf,18
code:10495,10495,FLEMING ROAD,菲林明道,Secondary Road,1929,1929-06-14,/egazette/en/1929-gn312.pdf,/egazette/zh/1929-gn312.pdf,18
code:14287,14287,KONG SHAM WESTERN HIGHWAY,港深西部公路,Highway,,,,,18
code:11156,11156,LAI KING HILL ROAD,荔景山路,Secondary Road,1975,1975-01-17,/egazette/en/1975-gn176.pdf,,18
code:11359,11359,MAGAZINE GAP ROAD,馬己仙峽道,Main Road,1958,1958-01-03,/egazette/en/1958-gn16.pdf,/egazette/zh/1958-gn16.pdf,18
code:13752,13752,NORTH LANTAU HIGHWAY,北大嶼山公路,Highway,,,,,18
code:11806,11806,QUEEN'S ROAD WEST,皇后大道西,Main Road,1842,1842-02-01,,,18
code:11923,11923,SASSOON ROAD,沙宣道,Secondary Road,1924,1924-04-04,/egazette/en/1924-gn187.pdf,/egazette/zh/1924-gn187.pdf,18
code:11964,11964,SHA TIN ROAD,沙田路,Highway,1984,1984-11-30,/egazette/en/1984-gn3532.pdf,/egazette/zh/1984-gn3532.pdf,18
code:13594,13594,SHEK MUN INTERCHANGE,石門交匯處,Main Road,,,,,18
code:12070,12070,SHOUSON HILL ROAD,壽山村道,Secondary Road,,,,,18
code:12259,12259,TAI PO ROAD - SHA TIN HEIGHTS,大埔公路　－　沙田嶺段,Main Road,,,,,18
code:12275,12275,TAI TAM ROAD,大潭道,Main Road,,,/egazette/en/1961-gn1335.pdf,,18
code:12503,12503,TUEN MUN HEUNG SZE WUI ROAD,屯門鄉事會路,Secondary Road,1975,1975-08-01,/egazette/en/1975-gn1693.pdf,,18
code:42250,42250,,,Secondary Road,,,,,17
code:42268,42268,,,Secondary Road,,,,,17
code:45503,45503,,,Secondary Road,,,,,17
code:42579,42579,,,Secondary Road,,,,,17
code:41624,41624,,,Secondary Road,,,,,17
code:41550,41550,,,Secondary Road,,,,,17
code:53419,53419,,,Secondary Road,,,,,17
code:52134,52134,,,Secondary Road,,,,,17
code:39226,39226,BAUHINIA ROAD SOUTH,紫荊南路,Secondary Road,,,,,17
code:10133,10133,CASTLE PEAK ROAD - KWU TUNG,青山公路　－　古洞段,Secondary Road,,,,,17
code:10167,10167,CHATHAM ROAD SOUTH,漆咸道南,Main Road,1909,1909-03-19,/egazette/en/1909-gn184.pdf,/egazette/zh/1909-gn184.pdf,17
code:10371,10371,DEEP WATER BAY ROAD,深水灣道,Secondary Road,1937,1937-09-24,/egazette/en/1937-gn682.pdf,/egazette/zh/1937-gn682.pdf,17
code:10909,10909,JUNCTION ROAD,聯合道,Main Road,1933,1933-05-12,/egazette/en/1933-gn340.pdf,/egazette/zh/1933-gn340.pdf,17
code:14101,14101,KAM HO ROAD,錦河路,Secondary Road,,,,,17
code:14066,14066,KWAI CHUNG INTERCHANGE,葵涌交匯處,Secondary Road,,,,,17
code:11492,11492,NAM LONG SHAN ROAD,南朗山道,Secondary Road,,,,,17
code:13884,13884,NGA CHEUNG ROAD,雅翔道,Main Road,1998,1998-05-22,/egazette/en/2017-21-26-4524.pdf,,17
code:14393,14393,ON SAU ROAD,安秀道,Secondary Road,2014,2014-03-28,/egazette/en/2014-18-13-1857.pdf,/egazette/zh/2014-18-13-1857.pdf,17
code:11723,11723,PLANTATION ROAD,種植道,Secondary Road,,,,,17
code:13693,13693,PO SHUN ROAD,寶順路,Main Road,,,,,17
code:11991,11991,SHAU KEI WAN ROAD,筲箕灣道,Main Road,1940,1940-07-26,/egazette/en/1940-gn845.pdf,/egazette/zh/1940-gn845.pdf,17
code:12263,12263,TAI PO ROAD - YUEN CHAU TSAI,大埔公路　－　元洲仔段,Main Road,,,,,17
code:12287,12287,TAI WO SERVICE ROAD WEST,大窩西支路,Secondary Road,,,,,17
code:12345,12345,TEXACO ROAD,德士古道,Main Road,,,,,17
code:39507,39507,TRANSFORMER ROAD,變壓器路,Secondary Road,,,,,17
code:13015,13015,TSEUNG KWAN O TUNNEL ROAD,將軍澳隧道公路,Main Road,,,,,17
code:12772,12772,WO YI HOP ROAD,和宜合道,Secondary Road,,,,,17
code:13523,13523,YIU HING ROAD,耀興道,Secondary Road,,,,,17
code:48575,48575,,,Secondary Road,,,,,16
code:41715,41715,,,Secondary Road,,,,,16
code:40233,40233,,,Secondary Road,,,,,16
code:40892,40892,,,Secondary Road,,,,,16
code:49436,49436,,,Secondary Road,,,,,16
code:48728,48728,,,Secondary Road,,,,,16
code:49170,49170,,,Secondary Road,,,,,16
code:52020,52020,,,Secondary Road,,,,,16
code:51819,51819,,,Secondary Road,,,,,16
code:10005,10005,ABERDEEN MAIN ROAD,香港仔大道,Secondary Road,,,/egazette/en/1961-gn1335.pdf,,16
code:14241,14241,AIRPORT EXPO BOULEVARD,航展道,Secondary Road,,,,,16
code:10022,10022,AP LEI CHAU BRIDGE ROAD,鴨脷洲橋道,Main Road,1981,1981-02-20,/egazette/en/1981-gn593.pdf,/egazette/zh/1981-gn593.pdf,16
code:10139,10139,CASTLE PEAK ROAD - SHAM TSENG,青山公路　－　深井段,Secondary Road,,,,,16
code:13757,13757,CHEK LAP KOK SOUTH ROAD,赤鱲角南路,Secondary Road,,,,,16
code:14130,14130,CHUI LING ROAD,翠嶺路,Secondary Road,,,,,16
code:10473,10473,FAT KWONG STREET,佛光街,Main Road,1926,1926-06-25,/egazette/en/1926-gn342.pdf,/egazette/zh/1926-gn342.pdf,16
code:10689,10689,HENNESSY ROAD,軒尼詩道,Main Road,1929,1929-06-14,/egazette/en/1929-gn312.pdf,/egazette/zh/1929-gn312.pdf,16
code:10798,10798,HOLLYWOOD ROAD,荷李活道,Secondary Road,,,,,16
code:10926,10926,KAI CHEUNG ROAD,啓祥道,Main Road,1983,1983-07-15,/egazette/en/1983-gn2233.pdf,/egazette/zh/1983-gn2233.pdf,16
code:11101,11101,KWAI TSING ROAD,葵青路,Main Road,1979,1979-05-04,/egazette/en/1979-gn1132.pdf,,16
code:11481,11481,MUI WO FERRY PIER ROAD,梅窩碼頭路,Secondary Road,1983,1983-11-04,/egazette/en/1983-gn3496.pdf,/egazette/zh/1983-gn3496.pdf,16
code:11526,11526,NGAN SHING STREET,銀城街,Secondary Road,1981,1981-11-13,/egazette/en/1981-gn3369.pdf,/egazette/zh/1981-gn3369.pdf,16
code:11777,11777,PORTLAND STREET,砵蘭街,Secondary Road,1927,1927-11-25,/egazette/en/1927-gn699.pdf,/egazette/zh/1927-gn699.pdf,16
code:11961,11961,SHA TAU KOK ROAD - WO HANG,沙頭角公路　－　禾坑段,Main Road,,,,,16
code:14438,14438,SHUN HANG ROAD,順行路,Secondary Road,2017,2017-03-10,https://www.landsd.gov.hk/doc/en/street-name/egazette/2017/egn201721101273.pdf,https://www.landsd.gov.hk/doc/tc/street-name/egazette/2017/cgn201721101273.pdf,16
code:12121,12121,SMITHFIELD,士美菲路,Secondary Road,,,,,16
code:13156,13156,TIN WAH ROAD,天華路,Main Road,2013,2013-05-10,/egazette/en/2013-17-19-2719.pdf,/egazette/zh/2013-17-19-2719.pdf,16
code:12393,12393,TONG YAN SAN TSUEN ROAD,唐人新村路,Secondary Road,,,,,16
code:13874,13874,TONG YIN STREET,唐賢街,Secondary Road,,,,,16
code:12782,12782,WONG NAI CHUNG GAP ROAD,黃泥涌峽道,Main Road,1932,1932-10-07,/egazette/en/1932-gn635.pdf,/egazette/zh/1932-gn635.pdf,16
code:12852,12852,YEN CHOW STREET,欽州街,Main Road,,,,,16
code:46033,46033,,,Secondary Road,,,,,15
code:40105,40105,,,Secondary Road,,,,,15
code:40175,40175,,,Secondary Road,,,,,15
code:47751,47751,,,Secondary Road,,,,,15
code:41801,41801,,,Secondary Road,,,,,15
code:45361,45361,,,Secondary Road,,,,,15
code:42774,42774,,,Secondary Road,,,,,15
code:43384,43384,,,Secondary Road,,,,,15
code:45929,45929,,,Secondary Road,,,,,15
code:51465,51465,,,Secondary Road,,,,,15
code:52922,52922,,,Secondary Road,,,,,15
code:53033,53033,,,Secondary Road,,,,,15
code:53151,53151,,,Secondary Road,,,,,15
code:52551,52551,,,Secondary Road,,,,,15
code:42645,42645,,,Secondary Road,,,,,15
code:10270,10270,CHUI TIN STREET,翠田街,Secondary Road,1984,1984-03-09,/egazette/en/1984-gn708.pdf,/egazette/zh/1984-gn708.pdf,15
code:14572,14572,FANLING BYPASS,粉嶺繞道,Main Road,2026,2026-03-27,/egazette/en/2026-30-13-1839.pdf,/egazette/zh/2026-30-13-1839.pdf,15
code:10718,10718,HING FONG ROAD,興芳路,Secondary Road,1974,1974-04-19,/egazette/en/1974-gn1023.pdf,/egazette/zh/1974-gn1023.pdf,15
code:13889,13889,HOI FAI ROAD,海輝道,Secondary Road,,,,,15
code:10802,10802,HONG CHONG ROAD,康莊道,Main Road,1999,1999-07-30,/egazette/en/2018-22-40-7463.pdf,,15
code:14568,14568,KAI TAK INTERCHANGE,啟德交匯處,Main Road,2025,2025-11-21,/egazette/en/2025-29-47-7381.pdf,/egazette/zh/2025-29-47-7381.pdf,15
code:10982,10982,KENNEDY ROAD,堅尼地道,Secondary Road,1958,1958-06-27,/egazette/en/1958-gn865.pdf,/egazette/zh/1958-gn865.pdf,15
code:11040,11040,KIU HING ROAD,僑興路,Secondary Road,1978,1978-09-29,/egazette/en/1978-gn2481.pdf,,15
code:13652,13652,KONG TAI ROAD,江大路,Secondary Road,,,,,15
code:13112,13112,LONG YAT ROAD,朗日路,Secondary Road,,,,,15
code:14322,14322,LUNG WO ROAD,龍和道,Secondary Road,2009,2009-12-04,/egazette/en/2009-13-49-7642.pdf,/egazette/zh/2009-13-49-7642.pdf,15
code:13861,13861,MAN CHEUNG STREET,民祥街,Secondary Road,,,,,15
code:11415,11415,MEI TIN ROAD,美田路,Secondary Road,1984,1984-06-15,/egazette/en/1984-gn1737.pdf,/egazette/zh/1984-gn1737.pdf,15
code:11453,11453,MOK CHEONG STREET,木廠街,Secondary Road,1926,1926-04-16,/egazette/en/1926-gn202.pdf,/egazette/zh/1926-gn202.pdf,15
code:11473,11473,MOUNT KELLETT ROAD,加列山道,Secondary Road,,,,,15
code:11563,11563,OCEAN PARK ROAD,海洋公園道,Secondary Road,1975,1975-02-07,/egazette/en/1975-gn351.pdf,/egazette/zh/1975-gn351.pdf,15
code:11597,11597,ON PO ROAD,安埔路,Secondary Road,,,,,15
code:14253,14253,SHAP PAT HEUNG ROAD,十八鄉路,Secondary Road,,,,,15
code:12058,12058,SHING TAI ROAD,盛泰道,Secondary Road,,,,,15
code:12117,12117,SIU LEK YUEN ROAD,小瀝源路,Secondary Road,,,,,15
code:12174,12174,SUI WO ROAD,穗禾路,Secondary Road,1981,1981-04-03,/egazette/en/1981-gn1022.pdf,/egazette/zh/1981-gn1022.pdf,15
code:12274,12274,TAI TAM RESERVOIR ROAD,大潭水塘道,Secondary Road,,,/egazette/en/1975-gn2327.pdf,,15
code:12285,12285,TAI WO HAU ROAD,大窩口道,Secondary Road,,,,,15
code:12339,12339,TAT CHEE AVENUE,達之路,Secondary Road,1953,1953-11-20,/egazette/en/1953-gn1420.pdf,/egazette/zh/1953-gn1420.pdf,15
code:13759,13759,TAT TUNG ROAD,達東路,Secondary Road,,,,,15
code:13161,13161,WAH MING ROAD,華明路,Secondary Road,,,,,15
code:12628,12628,WAN CHAI ROAD,灣仔道,Secondary Road,,,/egazette/en/1975-gn2327.pdf,,15
code:14449,14449,YAU MA TEI INTERCHANGE,油麻地交匯處,Main Road,2017,2017-04-07,/egazette/en/2025-29-47-7382.pdf,/egazette/zh/2025-29-47-7382.pdf,15
code:42872,42872,,,Secondary Road,,,,,14
code:47505,47505,,,Restricted Road,,,,,14
code:43199,43199,,,Secondary Road,,,,,14
code:44101,44101,,,Secondary Road,,,,,14
code:41792,41792,,,Secondary Road,,,,,14
code:51271,51271,,,Secondary Road,,,,,14
code:44051,44051,,,Secondary Road,,,,,14
code:44990,44990,,,Secondary Road,,,,,14
code:46359,46359,,,Secondary Road,,,,,14
code:46533,46533,,,Secondary Road,,,,,14
code:46969,46969,,,Secondary Road,,,,,14
code:53555,53555,,,Secondary Road,,,,,14
code:40434,40434,,,Secondary Road,,,,,14
code:46386,46386,,,Secondary Road,,,,,14
code:47468,47468,,,Secondary Road,,,,,14
code:10136,10136,CASTLE PEAK ROAD - PING SHAN,青山公路　－　屏山段,Main Road,,,,,14
code:39626,39626,CENTRAL-WAN CHAI BYPASS TUNNEL,中環及灣仔繞道隧道,Tunnel,,,,,14
code:39501,39501,CHIMNEY ROAD,煙囱路,Secondary Road,,,,,14
code:14076,14076,CYBERPORT ROAD,數碼港道,Secondary Road,,,,,14
code:10374,10374,DES VOEUX ROAD CENTRAL,德輔道中,Main Road,,,,,14
code:10605,10605,GINKGO ROAD,銀杏路,Secondary Road,1984,1984-08-31,/egazette/en/1984-gn2609.pdf,/egazette/zh/1984-gn2609.pdf,14
code:13896,13896,HING WAH STREET WEST,興華街西,Secondary Road,,,,,14
code:10739,10739,HIP WO STREET,協和街,Secondary Road,1957,1957-02-22,/egazette/en/1957-gn264.pdf,/egazette/zh/1957-gn264.pdf,14
code:13909,13909,HO SHEUNG HEUNG ROAD,河上鄉路,Secondary Road,,,,,14
code:13957,13957,HUNG LUEN ROAD,紅鸞道,Secondary Road,,,,,14
code:10897,10897,JAVA ROAD,渣華道,Main Road,1933,1933-07-28,/egazette/en/1933-gn511.pdf,/egazette/zh/1933-gn511.pdf,14
code:10930,10930,KAI FUK ROAD,啓福道,Main Road,1983,1983-07-15,/egazette/en/1983-gn2233.pdf,/egazette/zh/1983-gn2233.pdf,14
code:10962,10962,KAM TSIN ROAD,金錢路,Secondary Road,1977,1977-05-10,/egazette/en/1977-gn1134.pdf,/egazette/zh/1977-gn1134.pdf,14
code:10986,10986,KEUNG SHAN ROAD,羗山道,Main Road,,,,,14
code:13914,13914,KIU HA ROAD,橋下路,Secondary Road,,,,,14
code:11194,11194,LAU SHUI HEUNG ROAD,流水響道,Secondary Road,,,,,14
code:11333,11333,LYCHEE ROAD SOUTH,荔枝南路,Secondary Road,1984,1984-08-31,/egazette/en/1984-gn2609.pdf,/egazette/zh/1984-gn2609.pdf,14
code:13865,13865,MAN TUNG ROAD,文東路,Secondary Road,,,,,14
code:11543,11543,NIM WAN ROAD,稔灣路,Secondary Road,,,,,14
code:39290,39290,PALM CANYON DRIVE,柏欣大道,Secondary Road,,,,,14
code:11691,11691,PIK WAN ROAD,碧雲道,Secondary Road,,,,,14
code:12988,12988,PO HONG ROAD,寶康路,Main Road,,,,,14
code:11739,11739,PO LAM ROAD NORTH,寶琳北路,Secondary Road,,,,,14
code:13026,13026,PO LO CHE ROAD,菠蘿輋路,Secondary Road,,,,,14
code:13825,13825,SCENIC ROAD,觀景路,Secondary Road,,,,,14
code:14271,14271,SCIENCE PARK EAST AVENUE,科技大道東,Secondary Road,,,,,14
code:11960,11960,SHA TAU KOK ROAD - SHEK CHUNG AU,沙頭角公路　－　石涌凹段,Secondary Road,,,,,14
code:12006,12006,SHEK O ROAD,石澳道,Main Road,1935,1935-04-12,/egazette/en/1935-gn302.pdf,/egazette/zh/1935-gn302.pdf,14
code:12011,12011,SHEK PAI WAN ROAD,石排灣道,Main Road,,,/egazette/en/1961-gn1335.pdf,,14
code:14363,14363,SHING KAI ROAD,承啟道,Secondary Road,2012,2012-09-28,/egazette/en/2012-16-39-6493.pdf,/egazette/zh/2012-16-39-6493.pdf,14
code:14445,14445,SHUN WUI ROAD,順匯路,Secondary Road,2017,2017-03-10,https://www.landsd.gov.hk/doc/en/street-name/egazette/2017/egn201721101273.pdf,https://www.landsd.gov.hk/doc/tc/street-name/egazette/2017/cgn201721101273.pdf,14
code:12122,12122,SO KWUN WAT ROAD,掃管笏路,Secondary Road,,,,,14
code:12390,12390,TONG MI ROAD,塘尾道,Main Road,1923,1923-09-28,/egazette/en/1923-gn411.pdf,/egazette/zh/1923-gn411.pdf,14
code:12518,12518,TUNG HEI ROAD,東喜道,Secondary Road,,,,,14
code:12525,12525,TUNG LO WAN ROAD,銅鑼灣道,Secondary Road,1935,1935-06-21,/egazette/en/1935-gn490.pdf,/egazette/zh/1935-gn490.pdf,14
code:12783,12783,WONG NAI CHUNG ROAD,黃泥涌道,Main Road,,,/egazette/en/1975-gn2327.pdf,,14
code:12930,12930,YUEN WO ROAD,源禾路,Secondary Road,1981,1981-04-03,/egazette/en/1981-gn1022.pdf,/egazette/zh/1981-gn1022.pdf,14
code:45846,45846,,,Secondary Road,,,,,13
code:44057,44057,,,Secondary Road,,,,,13
code:52778,52778,,,Secondary Road,,,,,13
code:50730,50730,,,Secondary Road,,,,,13
code:50206,50206,,,Secondary Road,,,,,13
code:43111,43111,,,Secondary Road,,,,,13
code:47392,47392,,,Secondary Road,,,,,13
code:40282,40282,,,Secondary Road,,,,,13
code:40625,40625,,,Secondary Road,,,,,13
code:41277,41277,,,Secondary Road,,,,,13
code:42032,42032,,,Secondary Road,,,,,13
code:53206,53206,,,Secondary Road,,,,,13
code:43314,43314,,,Secondary Road,,,,,13
code:42162,42162,,,Secondary Road,,,,,13
code:53207,53207,,,Secondary Road,,,,,13
code:44050,44050,,,Secondary Road,,,,,13
code:51772,51772,,,Secondary Road,,,,,13
code:49100,49100,,,Secondary Road,,,,,13
code:51439,51439,,,Secondary Road,,,,,13
code:44692,44692,,,Secondary Road,,,,,13
code:52262,52262,,,Secondary Road,,,,,13
code:10037,10037,AUSTIN ROAD,柯士甸道,Secondary Road,,,,,13
code:14041,14041,CHAK CHEUNG STREET,澤祥街,Secondary Road,,,,,13
code:10228,10228,CHI MA WAN ROAD,芝蔴灣道,Secondary Road,,,,,13
code:10248,10248,CHING HONG ROAD,青康路,Main Road,1979,1979-07-06,/egazette/en/1979-gn1702.pdf,,13
code:13124,13124,CHOI YUEN ROAD,彩園路,Secondary Road,1992,1992-01-03,/egazette/en/2024-28-46-6899.pdf,/egazette/zh/2024-28-46-6899.pdf,13
code:10276,10276,CHUK YUEN ROAD,竹園道,Secondary Road,1935,1935-05-03,/egazette/en/1935-gn351.pdf,/egazette/zh/1935-gn351.pdf,13
code:10406,10406,ELECTRIC ROAD,電氣道,Secondary Road,1935,1935-06-21,/egazette/en/1935-gn490.pdf,/egazette/zh/1935-gn490.pdf,13
code:14231,14231,FO CHUN ROAD,科進路,Secondary Road,2005,2005-10-21,/egazette/en/2005-09-42-5456.pdf,,13
code:10562,10562,FUK WING STREET,福榮街,Secondary Road,1923,1923-09-28,/egazette/en/1923-gn411.pdf,/egazette/zh/1923-gn411.pdf,13
code:10597,10597,GARDEN ROAD,花園道,Main Road,1958,1958-01-03,/egazette/en/1958-gn16.pdf,/egazette/zh/1958-gn16.pdf,13
code:14494,14494,GASCOIGNE ROAD FLYOVER,加士居道天橋,Main Road,,,/egazette/en/2020-24-42-5983.pdf,/egazette/zh/2020-24-42-5983.pdf,13
code:10765,10765,HOI BUN ROAD,海濱道,Secondary Road,1957,1957-02-22,/egazette/en/1957-gn264.pdf,/egazette/zh/1957-gn264.pdf,13
code:11050,11050,KO CHIU ROAD,高超道,Secondary Road,,,,,13
code:13055,13055,KUNG UM ROAD,公庵路,Secondary Road,1991,1991-06-28,/egazette/en/2015-19-27-4864.pdf,/egazette/zh/2015-19-27-4864.pdf,13
code:11124,11124,KWONG FUK ROAD,廣福道,Secondary Road,,,,,13
code:11160,11160,LAI PING ROAD,麗坪路,Secondary Road,1984,1984-11-30,/egazette/en/1984-gn3532.pdf,/egazette/zh/1984-gn3532.pdf,13
code:13707,13707,LUNG MA ROAD,龍馬路,Secondary Road,1995,1995-09-01,/egazette/en/2019-23-22-3587.pdf,/egazette/zh/2019-23-22-3587.pdf,13
code:13086,13086,MA WO ROAD,馬窩路,Secondary Road,,,,,13
code:13855,13855,MAN KWONG STREET,民光街,Secondary Road,,,,,13
code:14054,14054,METROPOLIS DRIVE,都會道,Main Road,,,,,13
code:11451,11451,MODY ROAD,麼地道,Secondary Road,,,,,13
code:11472,11472,MOUNT DAVIS ROAD,摩星嶺道,Secondary Road,1924,1924-01-18,/egazette/en/1924-gn29.pdf,/egazette/zh/1924-gn29.pdf,13
code:13547,13547,NG LAU ROAD,五柳路,Secondary Road,,,,,13
code:11517,11517,NGA TSIN WAI ROAD,衙前圍道,Secondary Road,1926,1926-06-25,/egazette/en/1926-gn342.pdf,/egazette/zh/1926-gn342.pdf,13
code:11649,11649,PAK TAM ROAD,北潭路,Secondary Road,1980,1980-12-19,/egazette/en/1980-gn4050.pdf,,13
code:11725,11725,PLOVER COVE ROAD,寶湖道,Secondary Road,,,,,13
code:13654,13654,POK OI INTERCHANGE,博愛交匯處,Main Road,,,,,13
code:11928,11928,SAU MAU PING ROAD,秀茂坪道,Secondary Road,,,,,13
code:13839,13839,SHA LEK HIGHWAY,沙瀝公路,Highway,,,,,13
code:11986,11986,SHANTUNG STREET,山東街,Secondary Road,1909,1909-05-28,/egazette/en/1909-gn323.pdf,/egazette/zh/1909-gn323.pdf,13
code:14364,14364,SHING CHEONG ROAD,承昌道,Secondary Road,2012,2012-09-28,/egazette/en/2012-16-39-6493.pdf,/egazette/zh/2012-16-39-6493.pdf,13
code:14149,14149,SHUI TSIU SAN TSUEN ROAD,水蕉新村路,Secondary Road,,,,,13
code:14439,14439,SHUN LIN ROAD,順連路,Secondary Road,2017,2017-03-10,https://www.landsd.gov.hk/doc/en/street-name/egazette/2017/egn201721101273.pdf,https://www.landsd.gov.hk/doc/tc/street-name/egazette/2017/cgn201721101273.pdf,13
code:12129,12129,SOUTH BAY ROAD,南灣道,Secondary Road,1935,1935-04-12,/egazette/en/1935-gn302.pdf,/egazette/zh/1935-gn302.pdf,13
code:12156,12156,STANLEY VILLAGE ROAD,赤柱村道,Secondary Road,1933,1933-11-10,/egazette/en/1933-gn727.pdf,/egazette/zh/1933-gn727.pdf,13
code:12189,12189,SUNG WONG TOI ROAD,宋皇臺道,Secondary Road,1926,1926-02-12,/egazette/en/2021-25-29-4521.pdf,/egazette/zh/2021-25-29-4521.pdf,13
code:12208,12208,TAI CHUNG ROAD,大涌道,Main Road,,,,,13
code:12231,12231,TAI LIN PAI ROAD,大連排道,Secondary Road,,,,,13
code:12261,12261,TAI PO ROAD - TAI WAI,大埔公路　－　大圍段,Main Road,,,,,13
code:12264,12264,TAI PO TAI WO ROAD,大埔太和路,Highway,1983,1983-12-23,/egazette/en/1983-gn3976.pdf,/egazette/zh/1983-gn3976.pdf,13
code:12271,12271,TAI SHU HA ROAD EAST,大樹下東路,Secondary Road,,,,,13
code:13057,13057,TAI SHU HA ROAD WEST,大樹下西路,Secondary Road,2017,2017-06-30,https://www.landsd.gov.hk/doc/en/street-name/egazette/2017/egn201721264525.pdf,https://www.landsd.gov.hk/doc/tc/street-name/egazette/2017/cgn201721264525.pdf,13
code:12333,12333,TAN KWAI TSUEN ROAD,丹桂村路,Secondary Road,,,,,13
code:12383,12383,TO KWA WAN ROAD,土瓜灣道,Main Road,1926,1926-04-16,/egazette/en/1926-gn202.pdf,/egazette/zh/1926-gn202.pdf,13
code:12394,12394,TONKIN STREET,東京街,Secondary Road,1934,1934-02-09,/egazette/en/1934-gn91.pdf,/egazette/zh/1934-gn91.pdf,13
code:12426,12426,TSING KING ROAD,青敬路,Main Road,,,,,13
code:12653,12653,WANG CHIU ROAD,宏照道,Secondary Road,1983,1983-07-15,/egazette/en/1983-gn2233.pdf,/egazette/zh/1983-gn2233.pdf,13
code:12792,12792,WU CHUI ROAD,湖翠路,Secondary Road,,,,,13
code:40795,40795,,,Secondary Road,,,,,12
code:48318,48318,,,Secondary Road,,,,,12
code:45244,45244,,,Secondary Road,,,,,12
code:44682,44682,,,Secondary Road,,,,,12
code:40466,40466,,,Secondary Road,,,,,12
code:42859,42859,,,Secondary Road,,,,,12
code:41326,41326,,,Secondary Road,,,,,12
code:47866,47866,,,Secondary Road,,,,,12
code:42569,42569,,,Secondary Road,,,,,12
code:40989,40989,,,Secondary Road,,,,,12
code:45430,45430,,,Secondary Road,,,,,12
code:47247,47247,,,Secondary Road,,,,,12
code:43361,43361,,,Secondary Road,,,,,12
code:41910,41910,,,Secondary Road,,,,,12
code:43737,43737,,,Secondary Road,,,,,12
code:41307,41307,,,Secondary Road,,,,,12
code:53150,53150,,,Secondary Road,,,,,12
code:42232,42232,,,Secondary Road,,,,,12
code:52917,52917,,,Secondary Road,,,,,12
code:45017,45017,,,Secondary Road,,,,,12
code:40866,40866,,,Secondary Road,,,,,12
code:40757,40757,,,Secondary Road,,,,,12
code:52671,52671,,,Secondary Road,,,,,12
code:51165,51165,,,Secondary Road,,,,,12
code:53288,53288,,,Secondary Road,,,,,12
code:50686,50686,,,Secondary Road,,,,,12
code:53529,53529,,,Secondary Road,,,,,12
code:40380,40380,,,Secondary Road,,,,,12
code:10066,10066,BLUE POOL ROAD,藍塘道,Main Road,1932,1932-10-07,/egazette/en/1932-gn635.pdf,/egazette/zh/1932-gn635.pdf,12
code:10081,10081,BRAEMAR HILL ROAD,寶馬山道,Secondary Road,,,,,12
code:10204,10204,CHEUNG PEI SHAN ROAD,象鼻山路,Main Road,1983,1983-11-04,/egazette/en/1983-gn3497.pdf,/egazette/zh/1983-gn3497.pdf,12
code:13806,13806,CHUNG CHEUNG ROAD,中翔路,Secondary Road,,,,,12
code:10289,10289,CHUNG HAU STREET,忠孝街,Secondary Road,,,,,12
code:10339,10339,CORNWALL STREET,歌和老街,Main Road,1929,1929-08-23,/egazette/en/1929-gn427.pdf,/egazette/zh/1929-gn427.pdf,12
code:13742,13742,EXPO DRIVE,博覽道,Secondary Road,,,,,12
code:10479,10479,FEI NGO SHAN ROAD,飛鵝山道,Secondary Road,,,,,12
code:12954,12954,FUK HANG TSUEN ROAD,福亨村路,Secondary Road,,,,,12
code:10627,10627,GREIG ROAD,基利路,Secondary Road,,,,,12
code:13037,13037,HANG KAM STREET,恆錦街,Secondary Road,,,,,12
code:13003,13003,HO CHUNG ROAD,蠔涌路,Secondary Road,,,,,12
code:10807,10807,HONG LOK ROAD EAST,康樂東路,Secondary Road,,,,,12
code:10808,10808,HONG LOK ROAD WEST,康樂西路,Secondary Road,,,,,12
code:10833,10833,HONG NING ROAD,康寧道,Secondary Road,1957,1957-02-22,/egazette/en/1957-gn264.pdf,/egazette/zh/1957-gn264.pdf,12
code:10847,10847,HONG YUE STREET,康愉街,Secondary Road,,,,,12
code:11078,11078,KWAI CHUNG HOSPITAL ROAD,葵涌醫院路,Secondary Road,1983,1983-10-28,/egazette/en/1983-gn3424.pdf,/egazette/zh/1983-gn3424.pdf,12
code:11215,11215,LEIGHTON ROAD,禮頓道,Main Road,1951,1951-04-27,/egazette/en/1951-gn445.pdf,/egazette/zh/1951-gn445.pdf,12
code:11247,11247,LO WAI ROAD,老圍路,Secondary Road,1981,1981-04-16,/egazette/en/1981-gn1146.pdf,/egazette/zh/1981-gn1146.pdf,12
code:11250,11250,LOCKHART ROAD,駱克道,Secondary Road,1929,1929-06-14,/egazette/en/1929-gn312.pdf,/egazette/zh/1929-gn312.pdf,12
code:11332,11332,LYCHEE ROAD NORTH,荔枝北路,Secondary Road,1984,1984-08-31,/egazette/en/1984-gn2609.pdf,/egazette/zh/1984-gn2609.pdf,12
code:11349,11349,MA TAU CHUNG ROAD,馬頭涌道,Main Road,1926,1926-04-16,/egazette/en/1926-gn202.pdf,/egazette/zh/1926-gn202.pdf,12
code:11395,11395,MAPLE STREET,楓樹街,Secondary Road,1927,1927-11-25,/egazette/en/1927-gn699.pdf,/egazette/zh/1927-gn699.pdf,12
code:13508,13508,OI MING LANE,愛明里,Secondary Road,,,,,12
code:11572,11572,ON CHEUNG ROAD,安祥路,Secondary Road,1982,1982-12-17,/egazette/en/1982-gn3955.pdf,/egazette/zh/1982-gn3955.pdf,12
code:13913,13913,PAT HEUNG ROAD,八鄉路,Main Road,,,,,12
code:39379,39379,RESIDENCE ROAD,士林路,Secondary Road,,,,,12
code:11939,11939,SCIENCE MUSEUM ROAD,科學館道,Secondary Road,1981,1981-08-14,/egazette/en/1981-gn2511.pdf,/egazette/zh/1981-gn2511.pdf,12
code:13653,13653,SHAP PAT HEUNG INTERCHANGE,十八鄉交匯處,Main Road,,,,,12
code:11995,11995,SHEK KIP MEI STREET,石硤尾街,Secondary Road,1926,1926-08-13,/egazette/en/1926-gn423.pdf,/egazette/zh/1926-gn423.pdf,12
code:14440,14440,SHUN LONG ROAD,順朗路,Main Road,2017,2017-03-10,https://www.landsd.gov.hk/doc/en/street-name/egazette/2017/egn201721101273.pdf,https://www.landsd.gov.hk/doc/tc/street-name/egazette/2017/cgn201721101273.pdf,12
code:14443,14443,SHUN NGON ROAD,順岸路,Secondary Road,2017,2017-03-10,https://www.landsd.gov.hk/doc/en/street-name/egazette/2017/egn201721101273.pdf,https://www.landsd.gov.hk/doc/tc/street-name/egazette/2017/cgn201721101273.pdf,12
code:13521,13521,SIU SAI WAN ROAD,小西灣道,Main Road,,,,,12
code:39377,39377,STATION ROAD,車站路,Secondary Road,,,,,12
code:12218,12218,TAI HANG TUNG ROAD,大坑東道,Secondary Road,1956,1956-08-31,/egazette/en/1956-gn1108.pdf,/egazette/zh/1956-gn1108.pdf,12
code:12256,12256,TAI PO ROAD - MA LIU SHUI,大埔公路　－　馬料水段,Secondary Road,,,,,12
code:12359,12359,TIN HA ROAD,田廈路,Secondary Road,1974,1974-11-29,/egazette/en/1974-gn3036.pdf,/egazette/zh/1974-gn3036.pdf,12
code:12448,12448,TSING YI HEUNG SZE WUI ROAD,青衣鄉事會路,Main Road,1979,1979-07-06,/egazette/en/1979-gn1702.pdf,,12
code:12463,12463,TSUEN KING CIRCUIT,荃景圍,Secondary Road,1980,1980-11-28,/egazette/en/1980-gn3731.pdf,,12
code:12483,12483,TSUN WEN ROAD,震寰路,Secondary Road,1977,1977-05-20,/egazette/en/1977-gn1189.pdf,/egazette/zh/1977-gn1189.pdf,12
code:12513,12513,TUNG CHOI STREET,通菜街,Secondary Road,1924,1924-08-29,/egazette/en/1924-gn492.pdf,/egazette/zh/1924-gn492.pdf,12
code:12514,12514,TUNG CHUNG ROAD,東涌道,Main Road,2009,2009-01-30,/egazette/en/2009-13-5-683.pdf,/egazette/zh/2009-13-5-683.pdf,12
code:12545,12545,TUNG TSZ ROAD,洞梓路,Secondary Road,1970,1970-04-03,/egazette/en/2009-13-10-1502.pdf,/egazette/zh/2009-13-10-1502.pdf,12
code:39375,39375,UNIVERSITY AVENUE,大學道,Secondary Road,,,,,12
code:39018,39018,WAN CHAI INTERCHANGE,灣仔交匯處,Main Road,,,,,12
code:12659,12659,WANG KWONG ROAD,宏光道,Secondary Road,1983,1983-07-15,/egazette/en/1983-gn2233.pdf,/egazette/zh/1983-gn2233.pdf,12
code:12661,12661,WANG LEE STREET,宏利街,Secondary Road,1984,1984-05-04,/egazette/en/1984-gn1312.pdf,/egazette/zh/1984-gn1312.pdf,12
code:12984,12984,WO YI HOP INTERCHANGE,和宜合交匯處,Main Road,,,,,12
code:12918,12918,YUEN LONG ON NING ROAD,元朗安寧路,Secondary Road,1977,1977-12-02,/egazette/en/1977-gn2944.pdf,/egazette/zh/1977-gn2944.pdf,12
code:42789,42789,,,Secondary Road,,,,,11
code:44075,44075,,,Secondary Road,,,,,11
code:41914,41914,,,Secondary Road,,,,,11
code:42102,42102,,,Secondary Road,,,,,11
code:40473,40473,,,Secondary Road,,,,,11
code:50975,50975,,,Secondary Road,,,,,11
code:41312,41312,,,Secondary Road,,,,,11
code:40800,40800,,,Secondary Road,,,,,11
code:41839,41839,,,Secondary Road,,,,,11
code:51034,51034,,,Secondary Road,,,,,11
code:50798,50798,,,Secondary Road,,,,,11
code:45468,45468,,,Secondary Road,,,,,11
code:40713,40713,,,Secondary Road,,,,,11
code:43256,43256,,,Secondary Road,,,,,11
code:51426,51426,,,Secondary Road,,,,,11
code:45515,45515,,,Secondary Road,,,,,11
code:44977,44977,,,Secondary Road,,,,,11
code:42165,42165,,,Secondary Road,,,,,11
code:42273,42273,,,Secondary Road,,,,,11
code:43197,43197,,,Secondary Road,,,,,11
code:51202,51202,,,Secondary Road,,,,,11
code:43402,43402,,,Secondary Road,,,,,11
code:46104,46104,,,Secondary Road,,,,,11
code:51764,51764,,,Secondary Road,,,,,11
code:43859,43859,,,Secondary Road,,,,,11
code:51011,51011,,,Secondary Road,,,,,11
code:52844,52844,,,Main Road,,,,,11
code:52470,52470,,,Secondary Road,,,,,11
code:48341,48341,,,Secondary Road,,,,,11
code:52022,52022,,,Secondary Road,,,,,11
code:52382,52382,,,Secondary Road,,,,,11
code:51685,51685,,,Secondary Road,,,,,11
code:51935,51935,,,Secondary Road,,,,,11
code:52703,52703,,,Main Road,,,,,11
code:47059,47059,,,Secondary Road,,,,,11
code:44110,44110,,,Secondary Road,,,,,11
code:52921,52921,,,Secondary Road,,,,,11
code:42602,42602,,,Secondary Road,,,,,11
code:10006,10006,ABERDEEN PRAYA ROAD,香港仔海傍道,Main Road,1980,1980-02-15,/egazette/en/1980-gn514.pdf,,11
code:39020,39020,ABERDEEN TUNNEL,香港仔隧道,Main Road,,,,,11
code:10100,10100,BUTE STREET,弼街,Secondary Road,1923,1923-09-28,/egazette/en/1923-gn411.pdf,/egazette/zh/1923-gn411.pdf,11
code:10112,10112,CANAL ROAD EAST,堅拿道東,Secondary Road,1929,1929-06-14,/egazette/en/1929-gn312.pdf,/egazette/zh/1929-gn312.pdf,11
code:10130,10130,CASTLE PEAK ROAD - CHAU TAU,青山公路　－　洲頭段,Secondary Road,,,,,11
code:10189,10189,CHEUNG FU STREET,長富街,Secondary Road,,,,,11
code:14165,14165,CHING SHING ROAD,清城路,Secondary Road,2003,2003-07-01,/egazette/en/2003-07-28-4729.pdf,/egazette/zh/2003-07-28-4729.pdf,11
code:10262,10262,CHOI HA ROAD,彩霞道,Secondary Road,1974,1974-12-06,/egazette/en/1974-gn3159.pdf,/egazette/zh/1974-gn3159.pdf,11
code:14415,14415,CHOI HUNG INTERCHANGE,彩虹交匯處,Secondary Road,,,,,11
code:14230,14230,CHONG SAN ROAD,創新路,Secondary Road,2005,2005-10-21,/egazette/en/2005-09-42-5456.pdf,,11
code:13638,13638,CHUI TONG ROAD,翠塘路,Secondary Road,,,,,11
code:10282,10282,CHUN WAH ROAD,振華道,Secondary Road,1984,1984-03-02,/egazette/en/1984-gn665.pdf,/egazette/zh/1984-gn665.pdf,11
code:13815,13815,CHUN WAN ROAD,駿運路,Secondary Road,,,,,11
code:10326,10326,CONDUIT ROAD,干德道,Secondary Road,1907,1907-04-12,/egazette/en/1907-gn250.pdf,/egazette/zh/1907-gn250.pdf,11
code:10392,10392,DUNDAS STREET,登打士街,Secondary Road,,,,,11
code:10419,10419,FA YUEN STREET,花園街,Secondary Road,1924,1924-08-29,/egazette/en/1924-gn492.pdf,/egazette/zh/1924-gn492.pdf,11
code:10475,10475,FAT TSEUNG STREET,發祥街,Secondary Road,1934,1934-02-09,/egazette/en/1934-gn91.pdf,/egazette/zh/1934-gn91.pdf,11
code:10560,10560,FUK WA STREET,福華街,Secondary Road,1923,1923-09-28,/egazette/en/1923-gn411.pdf,/egazette/zh/1923-gn411.pdf,11
code:10566,10566,FUNG CHEUNG ROAD,鳳翔路,Secondary Road,1977,1977-12-02,/egazette/en/1977-gn2944.pdf,/egazette/zh/1977-gn2944.pdf,11
code:10581,10581,FUNG SHING STREET,豐盛街,Secondary Road,1979,1979-11-09,/egazette/en/1979-gn2899.pdf,,11
code:10584,10584,FUNG TAK ROAD,鳳德道,Secondary Road,,,,,11
code:13999,13999,HANG TAI ROAD,恆泰路,Secondary Road,,,,,11
code:10717,10717,HING FAT STREET,興發街,Secondary Road,1921,1921-05-06,/egazette/en/1921-gn208.pdf,/egazette/zh/1921-gn208.pdf,11
code:13887,13887,HOI TING ROAD,海庭道,Secondary Road,,,,,11
code:13886,13886,HOI WANG ROAD,海泓道,Main Road,,,,,11
code:10892,10892,JAFFE ROAD,謝斐道,Secondary Road,1931,1931-10-30,/egazette/en/1931-gn694.pdf,/egazette/zh/1931-gn694.pdf,11
code:10924,10924,KADOORIE AVENUE,嘉道理道,Secondary Road,1936,1936-11-06,/egazette/en/1936-gn885.pdf,/egazette/zh/1936-gn885.pdf,11
code:14159,14159,KAM SHUI SOUTH ROAD,金水南路,Secondary Road,,,,,11
code:11063,11063,KOWLOON CITY ROAD,九龍城道,Secondary Road,1926,1926-04-16,/egazette/en/1926-gn202.pdf,/egazette/zh/1926-gn202.pdf,11
code:11083,11083,KWAI FUK ROAD,葵福路,Secondary Road,1977,1977-11-25,/egazette/en/1977-gn2860.pdf,/egazette/zh/1977-gn2860.pdf,11
code:11114,11114,KWEILIN STREET,桂林街,Secondary Road,,,,,11
code:14569,14569,KWU TUNG NORTH ROAD,古洞北路,Secondary Road,2026,2026-01-16,/egazette/en/2026-30-3-377.pdf,/egazette/zh/2026-30-3-377.pdf,11
code:13924,13924,LAI CHEUNG ROAD,麗翔道,Secondary Road,,,,,11
code:13178,13178,LO FAI ROAD,露輝路,Secondary Road,,,,,11
code:14249,14249,LONG HO ROAD,朗河路,Secondary Road,,,,,11
code:11322,11322,LUNG SUM AVENUE,龍琛路,Secondary Road,,,,,11
code:14225,14225,MA ON SHAN BYPASS,馬鞍山繞道,Tunnel,,,,,11
code:11454,11454,MONG KOK ROAD,旺角道,Secondary Road,1923,1923-09-28,/egazette/en/1923-gn411.pdf,/egazette/zh/1923-gn411.pdf,11
code:14155,14155,NAM HING WEST ROAD,南慶西路,Secondary Road,2003,2003-05-16,/egazette/en/2020-24-14-1670.pdf,/egazette/zh/2020-24-14-1670.pdf,11
code:11507,11507,NEW CLEAR WATER BAY ROAD,新清水灣道,Main Road,1979,1979-04-20,/egazette/en/1979-gn1002.pdf,,11
code:11569,11569,OLD PEAK ROAD,舊山頂道,Secondary Road,,,/egazette/en/1960-gn1174.pdf,,11
code:13631,13631,ON CHUN STREET,鞍駿街,Secondary Road,,,,,11
code:11608,11608,ON TIN STREET,安田街,Secondary Road,2003,2003-08-01,/egazette/en/2003-07-31-5248.pdf,/egazette/zh/2003-07-31-5248.pdf,11
code:11797,11797,PUI TO ROAD,杯渡路,Main Road,1975,1975-08-01,/egazette/en/1975-gn1693.pdf,,11
code:11856,11856,SAI WAN HO STREET,西灣河街,Secondary Road,1926,1926-06-11,/egazette/en/1926-gn318.pdf,/egazette/zh/1926-gn318.pdf,11
code:11861,11861,SAI YEE STREET,洗衣街,Secondary Road,1924,1924-08-29,/egazette/en/1924-gn492.pdf,/egazette/zh/1924-gn492.pdf,11
code:11864,11864,SAI YEUNG CHOI STREET SOUTH,西洋菜南街,Secondary Road,1924,1924-08-29,/egazette/en/1924-gn492.pdf,/egazette/zh/1924-gn492.pdf,11
code:13009,13009,SHEK KOK ROAD,石角路,Secondary Road,,,,,11
code:13598,13598,SHEK KONG AIRFIELD ROAD,石崗機場路,Secondary Road,,,,,11
code:12027,12027,SHEUNG FUNG STREET,雙鳳街,Secondary Road,,,,,11
code:14441,14441,SHUN LUI ROAD,順旅路,Secondary Road,2017,2017-03-10,https://www.landsd.gov.hk/doc/en/street-name/egazette/2017/egn201721101273.pdf,https://www.landsd.gov.hk/doc/tc/street-name/egazette/2017/cgn201721101273.pdf,11
code:12233,12233,TAI LOONG STREET,大隴街,Secondary Road,,,,,11
code:12956,12956,TAT WAN ROAD,達運道,Secondary Road,,,,,11
code:12343,12343,TEMPLE STREET,廟街,Secondary Road,1921,1921-11-10,/egazette/en/1921-gn469.pdf,/egazette/zh/1921-gn469.pdf,11
code:13125,13125,TIN PING ROAD,天平路,Secondary Road,,,,,11
code:13639,13639,TIP KING ROAD,蝶景路,Secondary Road,,,,,11
code:12416,12416,TSING CHUNG KOON ROAD,青松觀路,Secondary Road,,,,,11
code:12496,12496,TSZ WAN SHAN ROAD,慈雲山道,Secondary Road,,,,,11
code:39554,39554,VINEYARD BOULEVARD,酒莊大道,Secondary Road,,,,,11
code:12662,12662,WANG LOK STREET,宏樂街,Secondary Road,1984,1984-05-04,/egazette/en/1984-gn1312.pdf,/egazette/zh/1984-gn1312.pdf,11
code:13011,13011,WING LAI ROAD,穎禮路,Secondary Road,,,,,11
code:12741,12741,WING SHUN STREET,永順街,Secondary Road,1980,1980-05-16,/egazette/en/1980-gn1503.pdf,,11
code:14343,14343,WUN YIU ROAD,碗窰路,Secondary Road,2011,2011-11-11,/egazette/en/2011-15-45-7459.pdf,/egazette/zh/2011-15-45-7459.pdf,11
code:12969,12969,YAU OI ROAD,友愛路,Secondary Road,,,,,11
code:51321,51321,,,Secondary Road,,,,,10
code:41852,41852,,,Secondary Road,,,,,10
code:42177,42177,,,Secondary Road,,,,,10
code:42611,42611,,,Secondary Road,,,,,10
code:45176,45176,,,Secondary Road,,,,,10
code:42616,42616,,,Secondary Road,,,,,10
code:43834,43834,,,Secondary Road,,,,,10
code:41062,41062,,,Secondary Road,,,,,10
code:40299,40299,,,Secondary Road,,,,,10
code:41804,41804,,,Main Road,,,,,10
code:42558,42558,,,Secondary Road,,,,,10
code:41944,41944,,,Secondary Road,,,,,10
code:42638,42638,,,Secondary Road,,,,,10
code:50712,50712,,,Secondary Road,,,,,10
code:43917,43917,,,Secondary Road,,,,,10
code:42549,42549,,,Secondary Road,,,,,10
code:48602,48602,,,Secondary Road,,,,,10
code:40579,40579,,,Secondary Road,,,,,10
code:46621,46621,,,Secondary Road,,,,,10
code:45086,45086,,,Secondary Road,,,,,10
code:48253,48253,,,Secondary Road,,,,,10
code:43371,43371,,,Secondary Road,,,,,10
code:47787,47787,,,Secondary Road,,,,,10
code:44084,44084,,,Secondary Road,,,,,10
code:47473,47473,,,Secondary Road,,,,,10
code:42318,42318,,,Secondary Road,,,,,10
code:43522,43522,,,Secondary Road,,,,,10
code:40371,40371,,,Secondary Road,,,,,10
code:41181,41181,,,Secondary Road,,,,,10
code:48385,48385,,,Secondary Road,,,,,10
code:41525,41525,,,Secondary Road,,,,,10
code:52261,52261,,,Secondary Road,,,,,10
code:45657,45657,,,Secondary Road,,,,,10
code:50920,50920,,,Secondary Road,,,,,10
code:53422,53422,,,Secondary Road,,,,,10
code:51843,51843,,,Secondary Road,,,,,10
code:51784,51784,,,Secondary Road,,,,,10
code:51274,51274,,,Secondary Road,,,,,10
code:53078,53078,,,Secondary Road,,,,,10
code:43128,43128,,,Secondary Road,,,,,10
code:53143,53143,,,Secondary Road,,,,,10
code:52579,52579,,,Secondary Road,,,,,10
code:40035,40035,,,Restricted Road,,,,,10
code:53387,53387,,,Secondary Road,,,,,10
code:52593,52593,,,Secondary Road,,,,,10
code:51712,51712,,,Secondary Road,,,,,10
code:52812,52812,,,Secondary Road,,,,,10
code:10041,10041,BAKER STREET,必嘉街,Secondary Road,1923,1923-09-28,/egazette/en/1923-gn411.pdf,/egazette/zh/1923-gn411.pdf,10
code:14260,14260,BEL-AIR PEAK AVENUE,貝沙山道,Secondary Road,2009,2009-02-06,/egazette/en/2009-13-6-851.pdf,/egazette/zh/2009-13-6-851.pdf,10
code:10125,10125,CARPENTER ROAD,賈炳達道,Secondary Road,1933,1933-05-12,/egazette/en/1933-gn340.pdf,/egazette/zh/1933-gn340.pdf,10
code:10137,10137,CASTLE PEAK ROAD - SAN HUI,青山公路　－　新墟段,Main Road,,,,,10
code:39358,39358,CENTRAL AVENUE,中央道,Secondary Road,,,,,10
code:10180,10180,CHEONG WAN ROAD,暢運道,Main Road,2001,2001-03-09,/egazette/en/2015-19-46-8864.pdf,/egazette/zh/2015-19-46-8864.pdf,10
code:13684,13684,CHI FUK CIRCUIT,置福圍,Secondary Road,,,,,10
code:14141,14141,CHI SHIN STREET,至善街,Secondary Road,,,,,10
code:10275,10275,CHUK YEUNG ROAD,竹洋路,Secondary Road,1984,1984-02-17,/egazette/en/1984-gn459.pdf,/egazette/zh/1984-gn459.pdf,10
code:10331,10331,CONTAINER PORT ROAD,貨櫃碼頭路,Secondary Road,1974,1974-05-31,/egazette/en/1974-gn1377.pdf,/egazette/zh/1974-gn1377.pdf,10
code:10387,10387,DRAKE STREET,德立街,Secondary Road,1980,1980-11-28,/egazette/en/1980-gn3730.pdf,/egazette/zh/1980-gn3730.pdf,10
code:10482,10482,FENWICK STREET,分域街,Secondary Road,1929,1929-06-14,/egazette/en/1929-gn312.pdf,/egazette/zh/1929-gn312.pdf,10
code:10582,10582,FUNG SHUE WO ROAD,楓樹窩路,Main Road,,,,,10
code:14339,14339,GOLDEN BEACH PATH,黃金泳灘徑,Secondary Road,2011,2011-05-13,/egazette/en/2011-15-19-2995.pdf,/egazette/zh/2011-15-19-2995.pdf,10
code:10643,10643,HAMMER HILL ROAD,斧山道,Secondary Road,1956,1956-11-16,/egazette/en/1956-gn1468.pdf,/egazette/zh/1956-gn1468.pdf,10
code:10707,10707,HILLIER STREET,禧利街,Secondary Road,,,,,10
code:10731,10731,HING WAH STREET,興華街,Secondary Road,1934,1934-02-09,/egazette/en/1934-gn91.pdf,/egazette/zh/1934-gn91.pdf,10
code:10757,10757,HO PONG STREET,河傍街,Secondary Road,1975,1975-08-01,/egazette/en/1975-gn1693.pdf,,10
code:13910,13910,HO SHEUNG HEUNG PAI FUNG ROAD,河上鄉排峰路,Secondary Road,,,,,10
code:14497,14497,HO WO STREET,浩和街,Secondary Road,2020,2020-11-06,/egazette/en/2020-24-45-6474.pdf,/egazette/zh/2020-24-45-6474.pdf,10
code:13543,13543,KA WO LI HILL ROAD,嘉和里山路,Secondary Road,,,,,10
code:13721,13721,KAM POK ROAD,錦壆路,Secondary Road,,,,,10
code:10989,10989,KI LUNG STREET,基隆街,Secondary Road,1927,1927-11-25,/egazette/en/1927-gn699.pdf,/egazette/zh/1927-gn699.pdf,10
code:10998,10998,KIN FAT STREET,建發街,Secondary Road,1977,1977-05-20,/egazette/en/1977-gn1189.pdf,/egazette/zh/1977-gn1189.pdf,10
code:11117,11117,KWOK SHUI ROAD,國瑞路,Main Road,,,,,10
code:11142,11142,KWUN PING ROAD,觀坪路,Secondary Road,,,,,10
code:11197,11197,LEE CHUNG STREET,利眾街,Secondary Road,,,,,10
code:11203,11203,LEE ON ROAD,利安道,Secondary Road,1979,1979-04-20,/egazette/en/1979-gn1002.pdf,,10
code:11238,11238,LIN TAK ROAD,連德道,Secondary Road,1987,1987-07-31,/egazette/en/2020-24-47-6776.pdf,/egazette/zh/2020-24-47-6776.pdf,10
code:11254,11254,LOK KING STREET,樂景街,Secondary Road,,,,,10
code:11263,11263,LOK SHAN ROAD,落山道,Secondary Road,1931,1931-02-13,/egazette/en/1931-gn86.pdf,/egazette/zh/1931-gn86.pdf,10
code:14088,14088,LUNG FU ROAD,龍富路,Main Road,,,,,10
code:14062,14062,LUNG YAN ROAD,龍欣道,Secondary Road,,,,,10
code:13677,13677,MA SIK ROAD,馬適路,Secondary Road,,,,,10
code:11353,11353,MA TIN ROAD,馬田路,Secondary Road,1978,1978-09-29,/egazette/en/1978-gn2481.pdf,/egazette/zh/2015-19-27-4864.pdf,10
code:13858,13858,MAN YIU STREET,民耀街,Main Road,,,,,10
code:11475,11475,MOUNT PARKER ROAD,柏架山道,Secondary Road,,,,,10
code:11501,11501,NAM WAN ROAD,南運路,Secondary Road,1983,1983-12-23,/egazette/en/1983-gn3976.pdf,/egazette/zh/1983-gn3976.pdf,10
code:11530,11530,NGAU PEI SHA STREET,牛皮沙街,Secondary Road,1984,1984-03-09,/egazette/en/1984-gn708.pdf,/egazette/zh/1984-gn708.pdf,10
code:14002,14002,NING TAI ROAD,寧泰路,Secondary Road,,,,,10
code:11675,11675,PEI HO STREET,北河街,Secondary Road,,,,,10
code:11733,11733,PO HEUNG STREET,寶鄉街,Secondary Road,1984,1984-10-19,/egazette/en/1984-gn3074.pdf,/egazette/zh/1984-gn3074.pdf,10
code:12985,12985,PO NING ROAD,寶寧路,Secondary Road,,,,,10
code:11844,11844,SAI LAU KOK ROAD,西樓角路,Secondary Road,1981,1981-04-16,/egazette/en/1981-gn1146.pdf,/egazette/zh/1981-gn1146.pdf,10
code:14083,14083,SCIENCE PARK ROAD,科學園路,Secondary Road,,,,,10
code:13990,13990,SERENE AVENUE,海藍徑,Secondary Road,,,,,10
code:11980,11980,SHAN MEI STREET,山尾街,Secondary Road,1981,1981-06-12,/egazette/en/1981-gn1685.pdf,/egazette/zh/1981-gn1685.pdf,10
code:13524,13524,SHAN TONG ROAD,山塘路,Secondary Road,,,,,10
code:12009,12009,SHEK PAI STREET,石排街,Secondary Road,,,,,10
code:12037,12037,SHEUNG SZE WAN ROAD,相思灣路,Secondary Road,,,,,10
code:12040,12040,SHEUNG YEE ROAD,常怡道,Secondary Road,1983,1983-07-15,/egazette/en/1983-gn2233.pdf,/egazette/zh/1983-gn2233.pdf,10
code:12953,12953,SHING MUN TUNNEL ROAD,城門隧道公路,Main Road,,,,,10
code:14502,14502,SHUI MEI ROAD,水尾路,Secondary Road,2021,2021-02-05,/egazette/en/2021-25-5-708.pdf,/egazette/zh/2021-25-5-708.pdf,10
code:12089,12089,SHUN HING STREET,順興街,Secondary Road,1983,1983-04-29,/egazette/en/1983-gn1316.pdf,/egazette/zh/1983-gn1316.pdf,10
code:12092,12092,SHUN LUNG STREET,順隆街,Secondary Road,1983,1983-04-29,/egazette/en/1983-gn1316.pdf,/egazette/zh/1983-gn1316.pdf,10
code:12133,12133,SOY STREET,豉油街,Secondary Road,,,,,10
code:12207,12207,TAI CHUNG KIU ROAD,大涌橋路,Main Road,1981,1981-04-03,/egazette/en/1981-gn1022.pdf,/egazette/zh/1981-gn1022.pdf,10
code:12239,12239,TAI NAN STREET,大南街,Secondary Road,1927,1927-11-25,/egazette/en/1927-gn699.pdf,/egazette/zh/1927-gn699.pdf,10
code:12329,12329,TAM KON SHAN ROAD,担杆山路,Secondary Road,,,,,10
code:12361,12361,TIN HAU TEMPLE ROAD,天后廟道,Secondary Road,1930,1930-11-28,/egazette/en/1930-gn708.pdf,/egazette/zh/1930-gn708.pdf,10
code:12363,12363,TIN KWONG ROAD,天光道,Secondary Road,1933,1933-12-22,/egazette/en/1933-gn823.pdf,/egazette/zh/1933-gn823.pdf,10
code:13117,13117,TIN SHING ROAD,天城路,Secondary Road,,,,,10
code:13155,13155,TIN TSZ ROAD,天慈路,Main Road,,,,,10
code:12369,12369,TIN WAN PRAYA ROAD,田灣海旁道,Secondary Road,1980,1980-02-15,/egazette/en/1980-gn514.pdf,,10
code:12382,12382,TO FUNG SHAN ROAD,道風山路,Secondary Road,,,,,10
code:13739,13739,TO SHEK STREET,多石街,Secondary Road,2010,2010-04-09,/egazette/en/2010-14-14-2046.pdf,/egazette/zh/2010-14-14-2046.pdf,10
code:13873,13873,TONG CHUN STREET,唐俊街,Secondary Road,,,,,10
code:13053,13053,TONG YAN SAN TSUEN INTERCHANGE,唐人新村交匯處,Highway,,,,,10
code:12443,12443,TSING TSUEN ROAD,青荃路,Main Road,,,,,10
code:13964,13964,TSING YI NORTH COASTAL ROAD,青衣北岸公路,Main Road,,,,,10
code:12476,12476,TSUI LAM ROAD,翠琳路,Secondary Road,,,,,10
code:12480,12480,TSUI PING ROAD,翠屏道,Secondary Road,1957,1957-02-22,/egazette/en/1957-gn264.pdf,/egazette/zh/1957-gn264.pdf,10
code:13917,13917,TUNG FAI ROAD,東輝路,Secondary Road,1998,1998-12-18,/egazette/en/2019-23-30-4781.pdf,/egazette/zh/2019-23-30-4781.pdf,10
code:12543,12543,TUNG TAU WAN ROAD,東頭灣道,Secondary Road,1933,1933-11-10,/egazette/en/1933-gn727.pdf,/egazette/zh/1933-gn727.pdf,10
code:14134,14134,TUNG WUI ROAD,東匯路,Secondary Road,,,,,10
code:39511,39511,WESTERN ROAD,西路,Secondary Road,,,,,10
code:12777,12777,WONG CHUK STREET,黃竹街,Secondary Road,1927,1927-11-25,/egazette/en/1927-gn699.pdf,/egazette/zh/1927-gn699.pdf,10
code:12888,12888,YU CHAU STREET,汝州街,Secondary Road,1927,1927-11-25,/egazette/en/1927-gn699.pdf,/egazette/zh/1927-gn699.pdf,10
code:48273,48273,,,Secondary Road,,,,,9
code:51540,51540,,,Secondary Road,,,,,9
code:48630,48630,,,Secondary Road,,,,,9
code:44256,44256,,,Secondary Road,,,,,9
code:51294,51294,,,Secondary Road,,,,,9
code:49615,49615,,,Secondary Road,,,,,9
code:43553,43553,,,Secondary Road,,,,,9
code:46923,46923,,,Secondary Road,,,,,9
code:40771,40771,,,Secondary Road,,,,,9
code:40221,40221,,,Secondary Road,,,,,9
code:42632,42632,,,Secondary Road,,,,,9
code:41428,41428,,,Secondary Road,,,,,9
code:42572,42572,,,Secondary Road,,,,,9
code:53053,53053,,,Secondary Road,,,,,9
code:49442,49442,,,Secondary Road,,,,,9
code:43780,43780,,,Secondary Road,,,,,9
code:49608,49608,,,Secondary Road,,,,,9
code:40009,40009,,,Secondary Road,,,,,9
code:41996,41996,,,Secondary Road,,,,,9
code:45119,45119,,,Secondary Road,,,,,9
code:41006,41006,,,Secondary Road,,,,,9
code:47924,47924,,,Secondary Road,,,,,9
code:45193,45193,,,Secondary Road,,,,,9
code:50765,50765,,,Secondary Road,,,,,9
code:40498,40498,,,Secondary Road,,,,,9
code:47241,47241,,,Secondary Road,,,,,9
code:40635,40635,,,Secondary Road,,,,,9
code:43880,43880,,,Secondary Road,,,,,9
code:46115,46115,,,Secondary Road,,,,,9
code:41070,41070,,,Secondary Road,,,,,9
code:49007,49007,,,Secondary Road,,,,,9
code:40753,40753,,,Secondary Road,,,,,9
code:42635,42635,,,Secondary Road,,,,,9
code:46090,46090,,,Secondary Road,,,,,9
code:40788,40788,,,Secondary Road,,,,,9
code:40143,40143,,,Secondary Road,,,,,9
code:42306,42306,,,Secondary Road,,,,,9
code:40017,40017,,,Secondary Road,,,,,9
code:45517,45517,,,Secondary Road,,,,,9
code:51538,51538,,,Secondary Road,,,,,9
code:51782,51782,,,Secondary Road,,,,,9
code:42483,42483,,,Restricted Road,,,,,9
code:41311,41311,,,Secondary Road,,,,,9
code:41094,41094,,,Secondary Road,,,,,9
code:49591,49591,,,Secondary Road,,,,,9
code:51793,51793,,,Secondary Road,,,,,9
code:49008,49008,,,Secondary Road,,,,,9
code:50567,50567,,,Secondary Road,,,,,9
code:52550,52550,,,Secondary Road,,,,,9
code:51353,51353,,,Secondary Road,,,,,9
code:48838,48838,,,Secondary Road,,,,,9
code:40611,40611,,,Secondary Road,,,,,9
code:51877,51877,,,Secondary Road,,,,,9
code:49005,49005,,,Secondary Road,,,,,9
code:52302,52302,,,Secondary Road,,,,,9
code:51896,51896,,,Secondary Road,,,,,9
code:53225,53225,,,Secondary Road,,,,,9
code:52296,52296,,,Restricted Road,,,,,9
code:51315,51315,,,Secondary Road,,,,,9
code:43388,43388,,,Secondary Road,,,,,9
code:43123,43123,,,Secondary Road,,,,,9
code:53314,53314,,,Secondary Road,,,,,9
code:52878,52878,,,Secondary Road,,,,,9
code:53558,53558,,,Secondary Road,,,,,9
code:52701,52701,,,Secondary Road,,,,,9
code:52271,52271,,,Secondary Road,,,,,9
code:53192,53192,,,Secondary Road,,,,,9
code:42750,42750,,,Secondary Road,,,,,9
code:52369,52369,,,Secondary Road,,,,,9
code:10007,10007,ABERDEEN RESERVOIR ROAD,香港仔水塘道,Secondary Road,1956,1956-04-13,/egazette/en/1956-gn465.pdf,/egazette/zh/1956-gn465.pdf,9
code:10035,10035,AU PUI WAN STREET,㘭背灣街,Secondary Road,1981,1981-08-14,/egazette/en/1981-gn2405.pdf,/egazette/zh/1981-gn2405.pdf,9
code:10048,10048,BAUHINIA ROAD NORTH,紫荊北路,Secondary Road,,,,,9
code:10057,10057,BELCHER'S STREET,卑路乍街,Main Road,,,,,9
code:10092,10092,BROADWAY,百老匯街,Secondary Road,,,,,9
code:10116,10116,CAPE COLLINSON ROAD,歌連臣角道,Secondary Road,,,,,9
code:10134,10134,CASTLE PEAK ROAD - LAM TEI,青山公路　－　藍地段,Main Road,,,,,9
code:13822,13822,CATERING ROAD EAST,航膳東路,Secondary Road,,,,,9
code:10208,10208,CHEUNG SHAN ESTATE ROAD WEST,象山邨西路,Secondary Road,1984,1984-01-27,/egazette/en/1984-gn287.pdf,/egazette/zh/1984-gn287.pdf,9
code:10221,10221,CHEUNG YIP STREET,祥業街,Secondary Road,1979,1979-11-09,/egazette/en/1979-gn2899.pdf,/egazette/zh/2021-25-25-3898.pdf,9
code:10268,10268,CHUEN LUNG STREET,川龍街,Secondary Road,,,,,9
code:14137,14137,CHUN SHIN ROAD,真善路,Secondary Road,,,,,9
code:10403,10403,EDE ROAD,義德道,Secondary Road,,,,,9
code:10404,10404,EDINBURGH PLACE,愛丁堡廣場,Secondary Road,1961,1961-07-21,/egazette/en/1961-gn1211.pdf,,9
code:10424,10424,FAIRVIEW PARK ROAD SOUTH,錦綉大道南,Secondary Road,1984,1984-08-31,/egazette/en/1984-gn2609.pdf,/egazette/zh/1984-gn2609.pdf,9
code:10426,10426,"FAIRVIEW PARK SECTION C, 1ST STREET",錦綉花園Ｃ段第一街,Secondary Road,,,,,9
code:10552,10552,FUK MAN ROAD,福民路,Secondary Road,1985,1985-12-27,/egazette/en/2015-19-35-6517.pdf,/egazette/zh/2015-19-35-6517.pdf,9
code:10571,10571,FUNG KAT HEUNG ROAD,逢吉鄉路,Secondary Road,,,,,9
code:10575,10575,FUNG MO STREET,鳳舞街,Secondary Road,1963,1963-10-11,/egazette/en/2018-22-32-6060.pdf,/egazette/zh/2018-22-32-6060.pdf,9
code:13715,13715,HIU WAN ROAD,曉運路,Secondary Road,,,,,9
code:10784,10784,HOI TAI STREET,海堤街,Secondary Road,1960,1960-11-04,/egazette/en/1960-gn1673.pdf,,9
code:10804,10804,HONG KIN ROAD,康健路,Secondary Road,,,,,9
code:10810,10810,HONG LOK YUEN EIGHTEENTH STREET,康樂園第十八街,Secondary Road,,,,,9
code:10867,10867,HUNG HOM SOUTH ROAD,紅磡南道,Secondary Road,1989,1989-08-18,/egazette/en/2019-23-09-1655.pdf,,9
code:10872,10872,HUNG MUI KUK ROAD,紅梅谷路,Main Road,1982,1982-03-05,/egazette/en/1982-gn754.pdf,/egazette/zh/1982-gn754.pdf,9
code:10889,10889,IVY STREET,埃華街,Secondary Road,1974,1974-04-26,/egazette/en/1974-gn1078.pdf,/egazette/zh/1974-gn1078.pdf,9
code:10912,10912,JUSTICE DRIVE,正義道,Secondary Road,1978,1978-04-14,/egazette/en/1978-gn934.pdf,,9
code:14344,14344,KAI PAK LING ROAD,雞伯嶺路,Secondary Road,2011,2011-11-11,/egazette/en/2011-15-45-7461.pdf,/egazette/zh/2011-15-45-7461.pdf,9
code:14102,14102,KAM PO ROAD,錦莆路,Secondary Road,,,,,9
code:11092,11092,KWAI LUEN ROAD,葵聯路,Secondary Road,1977,1977-11-25,/egazette/en/1977-gn2860.pdf,/egazette/zh/1977-gn2860.pdf,9
code:11098,11098,KWAI TAI ROAD,葵泰路,Secondary Road,1977,1977-11-25,/egazette/en/1977-gn2860.pdf,/egazette/zh/1977-gn2860.pdf,9
code:11113,11113,KWEI TEI STREET,桂地街,Secondary Road,1981,1981-06-12,/egazette/en/1981-gn1685.pdf,/egazette/zh/1981-gn1685.pdf,9
code:14252,14252,LAM HAU TSUEN ROAD,欖口村路,Secondary Road,,,,,9
code:11202,11202,LEE NAM ROAD,利南道,Secondary Road,,,,,9
code:11258,11258,LOK LAM ROAD,樂林路,Secondary Road,1979,1979-12-07,/egazette/en/1979-gn3194.pdf,,9
code:13054,13054,LONG TIN ROAD,朗天路,Main Road,,,,,9
code:13041,13041,LUK MEI TSUEN ROAD,鹿尾村路,Secondary Road,1991,1991-05-24,/egazette/en/2020-24-24-3237.pdf,/egazette/zh/2020-24-24-3237.pdf,9
code:11337,11337,MA CHAI HANG ROAD,馬仔坑道,Secondary Road,1976,1976-02-06,/egazette/en/1976-gn288.pdf,/egazette/zh/2018-22-32-6060.pdf,9
code:13102,13102,MA YAU TONG ROAD,馬游塘路,Secondary Road,,,,,9
code:11363,11363,"MAIN STREET, AP LEI CHAU",鴨脷洲大街,Restricted Road,,,,,9
code:11467,11467,MOUNT AUSTIN ROAD,柯士甸山道,Secondary Road,,,/egazette/en/1960-gn1174.pdf,,9
code:11469,11469,MOUNT BUTLER ROAD,畢拉山道,Secondary Road,,,,,9
code:39233,39233,NAM PIN WAI EASTERN LANE,南邊圍東巷,Track,,,,,9
code:39232,39232,NAM PIN WAI WESTERN LANE,南邊圍西巷,Track,,,,,9
code:13771,13771,NG CHOW ROAD,五洲路,Secondary Road,,,,,9
code:14049,14049,NGA WAN ROAD,雅運路,Secondary Road,,,,,9
code:11593,11593,ON MUK STREET,安睦街,Secondary Road,1984,1984-09-07,/egazette/en/1984-gn2660.pdf,/egazette/zh/1984-gn2660.pdf,9
code:11604,11604,ON TAI ROAD,安泰路,Secondary Road,1982,1982-12-17,/egazette/en/1982-gn3955.pdf,/egazette/zh/1982-gn3955.pdf,9
code:14373,14373,PAK SHING KOK ROAD,百勝角路,Secondary Road,2015,2015-07-03,/egazette/en/2015-19-27-4865.pdf,/egazette/zh/2015-19-27-4865.pdf,9
code:11662,11662,PARKVALE DRIVE,寶峰徑,Secondary Road,,,,,9
code:11722,11722,PITT STREET,碧街,Secondary Road,,,,,9
code:11738,11738,PO LAM ROAD,寶琳路,Secondary Road,,,,,9
code:11807,11807,QUEENSWAY,金鐘道,Main Road,1968,1968-02-25,,,9
code:11868,11868,SAIGON STREET,西貢街,Secondary Road,1909,1909-03-19,/egazette/en/1909-gn184.pdf,/egazette/zh/1909-gn184.pdf,9
code:13690,13690,SAN TIN HIGHWAY,新田公路,Highway,,,,,9
code:14050,14050,SAN WAI TSAI ROAD,新圍仔路,Secondary Road,,,,,9
code:11951,11951,SEVERN ROAD,施勳道,Secondary Road,1921,1921-06-17,/egazette/en/1921-gn271.pdf,/egazette/zh/1921-gn271.pdf,9
code:11967,11967,SHA TIN TAU ROAD,沙田頭路,Secondary Road,1981,1981-09-18,/egazette/en/1981-gn2794.pdf,/egazette/zh/1981-gn2794.pdf,9
code:11968,11968,SHA TIN WAI ROAD,沙田圍路,Main Road,1981,1981-09-18,/egazette/en/1981-gn2794.pdf,/egazette/zh/1981-gn2794.pdf,9
code:12001,12001,SHEK LIN ROAD,石蓮路,Secondary Road,,,,,9
code:12041,12041,SHEUNG YUET ROAD,常悅道,Secondary Road,1983,1983-07-15,/egazette/en/1983-gn2233.pdf,/egazette/zh/1983-gn2233.pdf,9
code:13920,13920,SHING SAI ROAD,城西道,Main Road,,,,,9
code:12091,12091,SHUN LEE TSUEN ROAD,順利邨道,Secondary Road,1979,1979-04-20,/egazette/en/1979-gn1002.pdf,,9
code:14442,14442,SHUN MING ROAD,順明路,Secondary Road,2017,2017-03-10,https://www.landsd.gov.hk/doc/en/street-name/egazette/2017/egn201721101273.pdf,https://www.landsd.gov.hk/doc/tc/street-name/egazette/2017/cgn201721101273.pdf,9
code:12093,12093,SHUN NING ROAD,順寧道,Secondary Road,1934,1934-02-09,/egazette/en/1934-gn91.pdf,/egazette/zh/1934-gn91.pdf,9
code:13766,13766,SHUN TUNG ROAD,順東路,Main Road,,,,,9
code:13401,13401,SIU LAM ROAD,小欖路,Secondary Road,,,,,9
code:14242,14242,SKY CITY ROAD EAST,航天城東路,Secondary Road,2005,2005-11-11,/egazette/en/2021-25-38-6004.pdf,/egazette/zh/2021-25-38-6004.pdf,9
code:13127,13127,SO KWUN PO ROAD,掃管埔路,Secondary Road,,,,,9
code:13847,13847,SUI CHEUNG STREET,瑞祥街,Highway,,,,,9
code:12202,12202,SZE SHAN STREET,四山街,Secondary Road,,,,,9
code:12243,12243,TAI O ROAD,大澳道,Main Road,,,,,9
code:13722,13722,TAI TONG SHAN ROAD,大棠山道,Secondary Road,,,,,9
code:13791,13791,TIM WA AVENUE,添華道,Secondary Road,,,,,9
code:14378,14378,TSING YING ROAD,青盈路,Secondary Road,,,,,9
code:14055,14055,TSUEN TSING INTERCHANGE,荃青交匯處,Main Road,,,,,9
code:13724,13724,TUEN FU ROAD,屯富路,Secondary Road,,,,,9
code:12540,12540,TUNG TAU TSUEN ROAD,東頭村道,Secondary Road,,,,,9
code:12547,12547,TUNG WAN ROAD,東灣路,Track,,,,,9
code:12569,12569,VICTORIA PARK ROAD,維園道,Main Road,,,,,9
code:12674,12674,WANG TAU HOM EAST ROAD,橫頭磡東道,Secondary Road,,,,,9
code:12724,12724,WING HONG STREET,永康街,Secondary Road,1934,1934-02-09,/egazette/en/1934-gn91.pdf,/egazette/zh/1934-gn91.pdf,9
code:12744,12744,WING TAI ROAD,永泰道,Main Road,1982,1982-03-05,/egazette/en/1982-gn753.pdf,/egazette/zh/1982-gn753.pdf,9
code:12769,12769,WO TAI STREET,和泰街,Secondary Road,,,,,9
code:12773,12773,WOH CHAI STREET,窩仔街,Secondary Road,1956,1956-08-31,/egazette/en/1956-gn1108.pdf,/egazette/zh/1956-gn1108.pdf,9
code:12822,12822,YAN YEE ROAD,仁義路,Secondary Road,,,,,9
code:12855,12855,YEUNG UK ROAD,楊屋道,Secondary Road,,,,,9
code:13864,13864,YI TUNG ROAD,怡東路,Secondary Road,2019,2019-02-01,https://www.landsd.gov.hk/doc/en/street-name/egazette/2019/egn201923051095.pdf,https://www.landsd.gov.hk/doc/tc/street-name/egazette/2019/cgn201923051095.pdf,9
code:14351,14351,YIU SHA ROAD,耀沙路,Secondary Road,2019,2019-04-26,https://www.landsd.gov.hk/doc/en/street-name/egazette/2019/egn201923172869.pdf,https://www.landsd.gov.hk/doc/tc/street-name/egazette/2019/cgn201923172869.pdf,9
code:12917,12917,YUEN LONG ON LOK ROAD,元朗安樂路,Main Road,1977,1977-12-02,/egazette/en/1977-gn2944.pdf,/egazette/zh/1977-gn2944.pdf,9
code:46919,46919,,,Secondary Road,,,,,8
code:51564,51564,,,Restricted Road,,,,,8
code:49009,49009,,,Secondary Road,,,,,8
code:40617,40617,,,Secondary Road,,,,,8
code:43599,43599,,,Secondary Road,,,,,8
code:47079,47079,,,Secondary Road,,,,,8
code:40240,40240,,,Secondary Road,,,,,8
code:41516,41516,,,Secondary Road,,,,,8
code:49437,49437,,,Secondary Road,,,,,8
code:46063,46063,,,Secondary Road,,,,,8
code:42761,42761,,,Secondary Road,,,,,8
code:50587,50587,,,Secondary Road,,,,,8
code:40831,40831,,,Secondary Road,,,,,8
code:44878,44878,,,Secondary Road,,,,,8
code:47017,47017,,,Secondary Road,,,,,8
code:46978,46978,,,Secondary Road,,,,,8
code:45123,45123,,,Secondary Road,,,,,8
code:41998,41998,,,Secondary Road,,,,,8
code:40758,40758,,,Secondary Road,,,,,8
code:41896,41896,,,Secondary Road,,,,,8
code:40263,40263,,,Secondary Road,,,,,8
code:42204,42204,,,Secondary Road,,,,,8
code:41186,41186,,,Secondary Road,,,,,8
code:43482,43482,,,Secondary Road,,,,,8
code:41829,41829,,,Secondary Road,,,,,8
code:40193,40193,,,Secondary Road,,,,,8
code:41724,41724,,,Secondary Road,,,,,8
code:44725,44725,,,Secondary Road,,,,,8
code:51716,51716,,,Secondary Road,,,,,8
code:41770,41770,,,Secondary Road,,,,,8
code:40083,40083,,,Secondary Road,,,,,8
code:40305,40305,,,Secondary Road,,,,,8
code:46053,46053,,,Secondary Road,,,,,8
code:48441,48441,,,Secondary Road,,,,,8
code:45684,45684,,,Secondary Road,,,,,8
code:43216,43216,,,Secondary Road,,,,,8
code:42280,42280,,,Secondary Road,,,,,8
code:45354,45354,,,Secondary Road,,,,,8
code:47828,47828,,,Secondary Road,,,,,8
code:48133,48133,,,Secondary Road,,,,,8
code:47565,47565,,,Secondary Road,,,,,8
code:46931,46931,,,Secondary Road,,,,,8
code:45118,45118,,,Secondary Road,,,,,8
code:43532,43532,,,Secondary Road,,,,,8
code:40101,40101,,,Secondary Road,,,,,8
code:45712,45712,,,Secondary Road,,,,,8
code:42543,42543,,,Secondary Road,,,,,8
code:48626,48626,,,Secondary Road,,,,,8
code:40228,40228,,,Secondary Road,,,,,8
code:40765,40765,,,Secondary Road,,,,,8
code:45799,45799,,,Secondary Road,,,,,8
code:45074,45074,,,Secondary Road,,,,,8
code:51521,51521,,,Secondary Road,,,,,8
code:51700,51700,,,Secondary Road,,,,,8
code:42093,42093,,,Secondary Road,,,,,8
code:52449,52449,,,Secondary Road,,,,,8
code:51867,51867,,,Secondary Road,,,,,8
code:52850,52850,,,Secondary Road,,,,,8
code:51203,51203,,,Secondary Road,,,,,8
code:40975,40975,,,Secondary Road,,,,,8
code:51870,51870,,,Secondary Road,,,,,8
code:53203,53203,,,Secondary Road,,,,,8
code:46957,46957,,,Secondary Road,,,,,8
code:51977,51977,,,Secondary Road,,,,,8
code:44377,44377,,,Secondary Road,,,,,8
code:43221,43221,,,Secondary Road,,,,,8
code:53108,53108,,,Secondary Road,,,,,8
code:44759,44759,,,Secondary Road,,,,,8
code:44915,44915,,,Secondary Road,,,,,8
code:45644,45644,,,Secondary Road,,,,,8
code:49884,49884,,,Secondary Road,,,,,8
code:52957,52957,,,Secondary Road,,,,,8
code:51767,51767,,,Secondary Road,,,,,8
code:50655,50655,,,Track,,,,,8
code:51689,51689,,,Secondary Road,,,,,8
code:51788,51788,,,Secondary Road,,,,,8
code:53560,53560,,,Secondary Road,,,,,8
code:53527,53527,,,Secondary Road,,,,,8
code:45985,45985,,,Secondary Road,,,,,8
code:51962,51962,,,Secondary Road,,,,,8
code:10002,10002,A KUNG KOK SHAN ROAD,亞公角山路,Secondary Road,,,,,8
code:10018,10018,ANCHOR STREET,晏架街,Secondary Road,,,,,8
code:10043,10043,BARKER ROAD,白加道,Secondary Road,,,,,8
code:10069,10069,BONHAM ROAD,般咸道,Main Road,1958,1958-06-27,/egazette/en/1958-gn865.pdf,/egazette/zh/1958-gn865.pdf,8
code:10070,10070,BONHAM STRAND,文咸東街,Secondary Road,,,,,8
code:10088,10088,BRIDE'S POOL ROAD,新娘潭路,Main Road,,,,,8
code:10091,10091,BROADCAST DRIVE,廣播道,Secondary Road,,,,,8
code:10096,10096,BULKELEY STREET,寶其利街,Secondary Road,,,,,8
code:10121,10121,CARMEL ROAD,佳美道,Secondary Road,1953,1953-04-10,/egazette/en/1953-gn472.pdf,/egazette/zh/1953-gn472.pdf,8
code:10123,10123,CARNARVON ROAD,加拿分道,Secondary Road,1958,1958-06-27,/egazette/en/1958-gn865.pdf,/egazette/zh/1958-gn865.pdf,8
code:10150,10150,CAUSEWAY ROAD,高士威道,Main Road,,,,,8
code:10162,10162,CHAP WAI KON STREET,插桅杆街,Secondary Road,1982,1982-12-17,/egazette/en/1982-gn3954.pdf,/egazette/zh/1982-gn3954.pdf,8
code:14227,14227,CHEONG SHUN ROAD,暢順路,Secondary Road,,,,,8
code:10187,10187,CHEUNG FAI ROAD,長輝路,Secondary Road,1983,1983-12-02,/egazette/en/1983-gn3793.pdf,/egazette/zh/1983-gn3793.pdf,8
code:10227,10227,CHI KIANG STREET,浙江街,Secondary Road,1935,1935-04-26,/egazette/en/1935-gn334.pdf,/egazette/zh/1935-gn334.pdf,8
code:14520,14520,CHOI TIP STREET,彩蝶街,Secondary Road,2021,2021-09-30,https://www.landsd.gov.hk/doc/en/street-name/egazette/2021/egn202125396129.pdf,https://www.landsd.gov.hk/doc/tc/street-name/egazette/2021/cgn202125396129.pdf,8
code:13888,13888,CHUI YU ROAD,聚魚道,Secondary Road,1998,1998-05-29,/egazette/en/2018-22-13-2324.pdf,,8
code:13818,13818,CHUN YUE ROAD,駿裕路,Secondary Road,,,,,8
code:10294,10294,CHUNG HOM KOK ROAD,舂磡角道,Secondary Road,,,,,8
code:10296,10296,CHUNG MEI ROAD,涌美路,Secondary Road,1979,1979-07-06,/egazette/en/1979-gn1702.pdf,,8
code:14039,14039,COSTA AVENUE,海堤徑,Secondary Road,2000,2000-09-15,/egazette/en/2000-gn6058.pdf,/egazette/zh/2000-gn6058.pdf,8
code:10358,10358,DAI KWAI STREET,大貴街,Secondary Road,1979,1979-04-20,/egazette/en/1979-gn1002.pdf,,8
code:13845,13845,DAI WAH STREET,大華街,Secondary Road,,,,,8
code:10379,10379,DISCOVERY VALLEY ROAD,愉景山道,Secondary Road,,,,,8
code:10485,10485,FIFE STREET,快富街,Secondary Road,,,,,8
code:14100,14100,FINANCE STREET,金融街,Secondary Road,,,,,8
code:10498,10498,FO TAN ROAD,火炭路,Main Road,1981,1981-11-13,/egazette/en/1981-gn3369.pdf,/egazette/zh/1981-gn3369.pdf,8
code:10546,10546,FUK HI STREET,福喜街,Secondary Road,1984,1984-05-04,/egazette/en/1984-gn1312.pdf,/egazette/zh/1984-gn1312.pdf,8
code:10559,10559,FUK TSUN STREET,福全街,Secondary Road,1927,1927-11-25,/egazette/en/1927-gn699.pdf,/egazette/zh/1927-gn699.pdf,8
code:10579,10579,FUNG SHEK STREET,豐石街,Secondary Road,,,,,8
code:10602,10602,GILLIES AVENUE SOUTH,機利士南路,Main Road,1926,1926-06-25,/egazette/en/1926-gn342.pdf,/egazette/zh/1926-gn342.pdf,8
code:13607,13607,HA MEI ROAD,廈尾路,Secondary Road,2013,2013-05-10,/egazette/en/2013-17-19-2719.pdf,/egazette/zh/2013-17-19-2719.pdf,8
code:10677,10677,HEADLAND DRIVE,朝暉徑,Secondary Road,,,,,8
code:10704,10704,HILL ROAD,山道,Secondary Road,1936,1936-11-20,/egazette/en/1936-gn918.pdf,/egazette/zh/1936-gn918.pdf,8
code:13612,13612,HO HING CIRCUIT,河興街,Secondary Road,,,,,8
code:10763,10763,HO YEUNG STREET,浩洋街,Secondary Road,,,,,8
code:10772,10772,HOI HING ROAD,海興路,Secondary Road,,,,,8
code:10783,10783,HOI SHING ROAD,海盛路,Secondary Road,,,,,8
code:14532,14532,HOI YING ROAD,海映路,Secondary Road,2023,2023-02-03,/egazette/en/2023-27-5-839.pdf,/egazette/zh/2023-27-5-839.pdf,8
code:14111,14111,HUNG CHI ROAD,洪志路,Secondary Road,,,,,8
code:10865,10865,HUNG HING ROAD,鴻興道,Secondary Road,1974,1974-05-31,/egazette/en/1974-gn1382.pdf,/egazette/zh/1974-gn1382.pdf,8
code:10866,10866,HUNG HOM ROAD,紅磡道,Main Road,,,,,8
code:13956,13956,HUNG LAI ROAD,紅荔道,Secondary Road,1999,1999-03-26,/egazette/en/2019-23-09-1655.pdf,,8
code:14115,14115,HUNG SHUI KIU TIN SAM ROAD,洪水橋田心路,Secondary Road,,,,,8
code:14077,14077,INFORMATION CRESCENT,資訊道,Secondary Road,,,,,8
code:10888,10888,ISLAND ROAD,香島道,Main Road,1932,1932-10-07,/egazette/en/1932-gn635.pdf,/egazette/zh/1932-gn635.pdf,8
code:13604,13604,KA LUNG ROAD,嘉龍路,Secondary Road,,,,,8
code:13981,13981,KAM TAI ROAD,錦泰路,Secondary Road,,,,,8
code:14080,14080,KAM TSIN SOUTH ROAD,金錢南路,Secondary Road,,,,,8
code:10966,10966,KANSU STREET,甘肅街,Secondary Road,1909,1909-03-19,/egazette/en/1909-gn184.pdf,/egazette/zh/1909-gn184.pdf,8
code:11022,11022,KING FUK STREET,景福街,Secondary Road,1961,1961-09-08,/egazette/en/2018-22-05-649.pdf,,8
code:11041,11041,KIU KIANG STREET,九江街,Secondary Road,1932,1932-05-06,/egazette/en/1932-gn278.pdf,/egazette/zh/1932-gn278.pdf,8
code:11086,11086,KWAI HEI STREET,葵喜街,Secondary Road,1977,1977-11-25,/egazette/en/1977-gn2860.pdf,/egazette/zh/1977-gn2860.pdf,8
code:13824,13824,KWO LO WAN ROAD,過路灣路,Secondary Road,1998,1998-01-02,/egazette/en/2019-23-30-4781.pdf,/egazette/zh/2019-23-30-4781.pdf,8
code:14075,14075,KWUN TSING ROAD,管青路,Secondary Road,,,,,8
code:13939,13939,LAGUNA VERDE AVENUE,海逸道,Secondary Road,,,,,8
code:11177,11177,LAM KAM ROAD INTERCHANGE,林錦公路交匯處,Main Road,,,,,8
code:11243,11243,LIU TO ROAD,寮肚路,Secondary Road,,,,,8
code:14317,14317,LOHAS PARK ROAD,康城路,Secondary Road,2009,2009-04-09,/egazette/en/2009-13-15-2232.pdf,/egazette/zh/2009-13-15-2232.pdf,8
code:11273,11273,LOK YIP ROAD,樂業路,Secondary Road,,,,,8
code:11277,11277,LONG PING ROAD,朗屏路,Secondary Road,,,,,8
code:11290,11290,LUEN HING STREET,聯興街,Secondary Road,1930,1930-03-07,/egazette/en/1930-gn138.pdf,/egazette/zh/1930-gn138.pdf,8
code:14416,14416,LUNG KUI ROAD,龍駒道,Secondary Road,2016,2016-07-08,/egazette/en/2000-gn3864.pdf,/egazette/zh/2000-gn3864.pdf,8
code:39572,39572,LUZERN BOULEVARD,琉森大道,Secondary Road,,,,,8
code:11348,11348,MA SIM PAI ROAD,馬閃排路,Secondary Road,1984,1984-01-27,/egazette/en/1984-gn287.pdf,/egazette/zh/1984-gn287.pdf,8
code:14123,14123,MA WAN ROAD,馬灣路,Highway,,,,,8
code:13101,13101,MANG KUNG UK ROAD,孟公屋路,Secondary Road,,,,,8
code:13833,13833,MAPLE GARDENS 6TH STREET,碧豪苑第六街,Secondary Road,,,,,8
code:11401,11401,MARSH ROAD,馬師道,Secondary Road,1929,1929-06-14,/egazette/en/1929-gn312.pdf,/egazette/zh/1929-gn312.pdf,8
code:11424,11424,MIDDLE LANE,畔山徑,Secondary Road,,,,,8
code:11440,11440,MING TSUI STREET,明趣街,Secondary Road,,,,,8
code:14425,14425,MUK TAI STREET,沐泰街,Secondary Road,2017,2017-03-03,https://www.landsd.gov.hk/doc/en/street-name/egazette/2017/egn201721091160.pdf,https://www.landsd.gov.hk/doc/tc/street-name/egazette/2017/cgn201721091160.pdf,8
code:11506,11506,NELSON STREET,奶路臣街,Secondary Road,,,,,8
code:11531,11531,NGAU TAM MEI ROAD,牛潭尾路,Secondary Road,,,,,8
code:11541,11541,NGONG PING ROAD,昂平路,Secondary Road,1984,1984-09-07,/egazette/en/1984-gn2659.pdf,/egazette/zh/1984-gn2659.pdf,8
code:11575,11575,ON CHUEN STREET,安全街,Secondary Road,,,,,8
code:11596,11596,ON PO LANE,安埔里,Secondary Road,,,,,8
code:11633,11633,PAK PAT SHAN ROAD,白筆山道,Secondary Road,1978,1978-08-18,/egazette/en/1978-gn2108.pdf,,8
code:11651,11651,PAK TIN STREET,白田街,Secondary Road,1956,1956-08-31,/egazette/en/1956-gn1108.pdf,/egazette/zh/1956-gn1108.pdf,8
code:11674,11674,PEEL STREET,卑利街,Secondary Road,,,,,8
code:39231,39231,PINERY ROAD SOUTH,松濤南路,Secondary Road,,,,,8
code:13940,13940,PO NGA ROAD,寶雅路,Secondary Road,,,,,8
code:11749,11749,PO ON ROAD,保安道,Secondary Road,1934,1934-02-09,/egazette/en/1934-gn91.pdf,/egazette/zh/1934-gn91.pdf,8
code:11757,11757,PO TUNG ROAD,普通道,Main Road,1976,1976-11-05,/egazette/en/1976-gn2462.pdf,,8
code:11783,11783,PRATAS STREET,東沙島街,Secondary Road,1934,1934-02-09,/egazette/en/1934-gn91.pdf,/egazette/zh/1934-gn91.pdf,8
code:13556,13556,PUI SHING ROAD,培成路,Secondary Road,,,,,8
code:11873,11873,SAM MUN TSAI ROAD,三門仔路,Secondary Road,,,,,8
code:13522,13522,SCENEWAY ROAD,匯景道,Secondary Road,,,,,8
code:11943,11943,SEAHORSE LANE,海馬徑,Secondary Road,,,,,8
code:11978,11978,SHAN KWONG ROAD,山光道,Secondary Road,1930,1930-03-07,/egazette/en/1930-gn138.pdf,/egazette/zh/1930-gn138.pdf,8
code:12035,12035,SHEUNG ON STREET,常安街,Secondary Road,1982,1982-03-05,/egazette/en/1982-gn753.pdf,/egazette/zh/1982-gn753.pdf,8
code:12094,12094,SHUN ON ROAD,順安道,Secondary Road,1979,1979-04-20,/egazette/en/1979-gn1002.pdf,,8
code:12111,12111,SIN FAT ROAD,茜發道,Secondary Road,1989,1989-05-05,/egazette/en/2018-22-18-3296.pdf,,8
code:13803,13803,SOUTH PERIMETER ROAD,南環路,Secondary Road,,,,,8
code:12181,12181,SUN YIP STREET,新業街,Secondary Road,1974,1974-05-31,/egazette/en/1974-gn1380.pdf,/egazette/zh/1974-gn1380.pdf,8
code:14200,14200,SUNNY BAY ROAD,欣澳道,Secondary Road,2004,2004-12-17,/egazette/en/2004-08-51-8104.pdf,/egazette/zh/2004-08-51-8104.pdf,8
code:12200,12200,SZE MEI STREET,四美街,Secondary Road,1961,1961-09-08,/egazette/en/2018-22-05-649.pdf,,8
code:12209,12209,TAI FONG STREET,大方街,Secondary Road,1983,1983-01-28,/egazette/en/1983-gn326.pdf,/egazette/zh/1983-gn326.pdf,8
code:12223,12223,TAI HONG STREET,太康街,Secondary Road,1909,1909-07-23,/egazette/en/1909-gn459.pdf,/egazette/zh/1909-gn459.pdf,8
code:12250,12250,TAI PAK TIN STREET,大白田街,Secondary Road,,,,,8
code:12262,12262,TAI PO ROAD - TAI WO,大埔公路　－　大窩段,Secondary Road,,,,,8
code:12281,12281,TAI WAI ROAD,大圍道,Secondary Road,1969,1969-12-24,/egazette/en/1984-gn3072.pdf,/egazette/zh/1984-gn3072.pdf,8
code:13581,13581,TAI WO INTERCHANGE,大窩交匯處,Secondary Road,,,,,8
code:13145,13145,TIN CHEUNG ROAD,天祥路,Secondary Road,,,,,8
code:13150,13150,TIN PAK ROAD,天柏路,Secondary Road,,,,,8
code:12370,12370,TIN WAN STREET,田灣街,Secondary Road,1956,1956-07-06,/egazette/en/1956-gn849.pdf,/egazette/zh/1956-gn849.pdf,8
code:13515,13515,TSING FUK LANE,青福里,Secondary Road,,,,,8
code:12430,12430,TSING LUN ROAD,青麟路,Secondary Road,,,,,8
code:14092,14092,TSING YI INTERCHANGE,青衣交匯處,Main Road,,,,,8
code:12450,12450,TSING YI ROAD WEST,青衣西路,Main Road,,,,,8
code:12462,12462,TSUEN KAM INTERCHANGE,荃錦交匯處,Main Road,1983,1983-11-04,/egazette/en/1983-gn3497.pdf,/egazette/zh/1983-gn3497.pdf,8
code:14549,14549,TSZ LUN ROAD,紫麟路,Secondary Road,2024,2024-08-23,/egazette/en/2024-28-34-4962.pdf,/egazette/zh/2024-28-34-4962.pdf,8
code:12499,12499,TUEN HING ROAD,屯興路,Secondary Road,,,,,8
code:13758,13758,TUNG CHUNG WATERFRONT ROAD,東涌海濱路,Secondary Road,,,,,8
code:13590,13590,WAI FAT ROAD,偉發道,Main Road,,,,,8
code:12607,12607,WAI MAN ROAD,惠民路,Secondary Road,,,,,8
code:12649,12649,WAN WAH STREET,雲華街,Secondary Road,,,,,8
code:12689,12689,WATERFALL BAY ROAD,瀑布灣道,Secondary Road,,,,,8
code:12700,12700,WESTERN STREET,西邊街,Secondary Road,,,,,8
code:14027,14027,WETLAND PARK ROAD,濕地公園路,Secondary Road,2000,2000-07-07,/egazette/en/2000-gn4391.pdf,/egazette/zh/2000-gn4391.pdf,8
code:12778,12778,WONG CHUK YEUNG STREET,黃竹洋街,Secondary Road,1981,1981-06-12,/egazette/en/1981-gn1685.pdf,/egazette/zh/1981-gn1685.pdf,8
code:12798,12798,WU SHAN ROAD,湖山路,Secondary Road,1984,1984-11-30,/egazette/en/1984-gn3531.pdf,/egazette/zh/1984-gn3531.pdf,8
code:12803,12803,WYLIE ROAD,衛理道,Secondary Road,1956,1956-12-21,/egazette/en/1956-gn1650.pdf,/egazette/zh/1956-gn1650.pdf,8
code:13129,13129,YAU KING LANE,優景里,Secondary Road,,,,,8
code:12976,12976,YEUNG TSING ROAD,楊青路,Secondary Road,,,,,8
code:12922,12922,YUEN LONG TAI YUK ROAD,元朗體育路,Secondary Road,1977,1977-12-02,/egazette/en/1977-gn2944.pdf,/egazette/zh/1977-gn2944.pdf,8
code:12943,12943,YUK WAH STREET,毓華街,Secondary Road,,,,,8
code:44679,44679,,,Secondary Road,,,,,7
code:40817,40817,,,Secondary Road,,,,,7
code:44494,44494,,,Secondary Road,,,,,7
code:48023,48023,,,Secondary Road,,,,,7
code:47094,47094,,,Secondary Road,,,,,7
code:49168,49168,,,Secondary Road,,,,,7
code:41355,41355,,,Secondary Road,,,,,7
code:41559,41559,,,Secondary Road,,,,,7
code:41566,41566,,,Secondary Road,,,,,7
code:47039,47039,,,Secondary Road,,,,,7
code:43431,43431,,,Secondary Road,,,,,7
code:51144,51144,,,Secondary Road,,,,,7
code:51184,51184,,,Secondary Road,,,,,7
code:41882,41882,,,Secondary Road,,,,,7
code:51492,51492,,,Secondary Road,,,,,7
code:40707,40707,,,Secondary Road,,,,,7
code:49851,49851,,,Secondary Road,,,,,7
code:43652,43652,,,Secondary Road,,,,,7
code:41980,41980,,,Secondary Road,,,,,7
code:49382,49382,,,Secondary Road,,,,,7
code:41513,41513,,,Secondary Road,,,,,7
code:44368,44368,,,Secondary Road,,,,,7
code:44811,44811,,,Secondary Road,,,,,7
code:40763,40763,,,Secondary Road,,,,,7
code:48392,48392,,,Secondary Road,,,,,7
code:48557,48557,,,Secondary Road,,,,,7
code:43795,43795,,,Secondary Road,,,,,7
code:42538,42538,,,Secondary Road,,,,,7
code:47454,47454,,,Secondary Road,,,,,7
code:45096,45096,,,Secondary Road,,,,,7
code:40552,40552,,,Secondary Road,,,,,7
code:41128,41128,,,Secondary Road,,,,,7
code:40189,40189,,,Secondary Road,,,,,7
code:41272,41272,,,Secondary Road,,,,,7
code:49330,49330,,,Secondary Road,,,,,7
code:48705,48705,,,Secondary Road,,,,,7
code:40947,40947,,,Secondary Road,,,,,7
code:43419,43419,,,Secondary Road,,,,,7
code:50275,50275,,,Secondary Road,,,,,7
code:44981,44981,,,Secondary Road,,,,,7
code:42941,42941,,,Secondary Road,,,,,7
code:51365,51365,,,Secondary Road,,,,,7
code:42573,42573,,,Secondary Road,,,,,7
code:46571,46571,,,Secondary Road,,,,,7
code:41223,41223,,,Secondary Road,,,,,7
code:40112,40112,,,Secondary Road,,,,,7
code:46462,46462,,,Secondary Road,,,,,7
code:49849,49849,,,Secondary Road,,,,,7
code:49477,49477,,,Secondary Road,,,,,7
code:46120,46120,,,Secondary Road,,,,,7
code:51078,51078,,,Secondary Road,,,,,7
code:41047,41047,,,Secondary Road,,,,,7
code:47785,47785,,,Secondary Road,,,,,7
code:42181,42181,,,Secondary Road,,,,,7
code:41913,41913,,,Secondary Road,,,,,7
code:47453,47453,,,Secondary Road,,,,,7
code:43886,43886,,,Secondary Road,,,,,7
code:46039,46039,,,Secondary Road,,,,,7
code:44121,44121,,,Secondary Road,,,,,7
code:40079,40079,,,Secondary Road,,,,,7
code:47367,47367,,,Secondary Road,,,,,7
code:40031,40031,,,Secondary Road,,,,,7
code:46277,46277,,,Secondary Road,,,,,7
code:43108,43108,,,Secondary Road,,,,,7
code:50768,50768,,,Secondary Road,,,,,7
code:42710,42710,,,Secondary Road,,,,,7
code:40341,40341,,,Secondary Road,,,,,7
code:40634,40634,,,Secondary Road,,,,,7
code:45131,45131,,,Secondary Road,,,,,7
code:42244,42244,,,Secondary Road,,,,,7
code:42276,42276,,,Secondary Road,,,,,7
code:43381,43381,,,Secondary Road,,,,,7
code:43363,43363,,,Secondary Road,,,,,7
code:40227,40227,,,Secondary Road,,,,,7
code:51096,51096,,,Secondary Road,,,,,7
code:40386,40386,,,Secondary Road,,,,,7
code:50656,50656,,,Secondary Road,,,,,7
code:41705,41705,,,Secondary Road,,,,,7
code:42641,42641,,,Secondary Road,,,,,7
code:42982,42982,,,Secondary Road,,,,,7
code:43380,43380,,,Secondary Road,,,,,7
code:52853,52853,,,Secondary Road,,,,,7
code:52936,52936,,,Secondary Road,,,,,7
code:51625,51625,,,Secondary Road,,,,,7
code:42403,42403,,,Secondary Road,,,,,7
code:51893,51893,,,Secondary Road,,,,,7
code:47175,47175,,,Secondary Road,,,,,7
code:45310,45310,,,Main Road,,,,,7
code:52029,52029,,,Secondary Road,,,,,7
code:50207,50207,,,Secondary Road,,,,,7
code:52331,52331,,,Secondary Road,,,,,7
code:51768,51768,,,Secondary Road,,,,,7
code:42398,42398,,,Secondary Road,,,,,7
code:41579,41579,,,Secondary Road,,,,,7
code:52385,52385,,,Secondary Road,,,,,7
code:52813,52813,,,Secondary Road,,,,,7
code:50244,50244,,,Secondary Road,,,,,7
code:40430,40430,,,Secondary Road,,,,,7
code:48132,48132,,,Secondary Road,,,,,7
code:52496,52496,,,Secondary Road,,,,,7
code:45914,45914,,,Secondary Road,,,,,7
code:42158,42158,,,Secondary Road,,,,,7
code:47609,47609,,,Secondary Road,,,,,7
code:53182,53182,,,Secondary Road,,,,,7
code:51339,51339,,,Secondary Road,,,,,7
code:52614,52614,,,Secondary Road,,,,,7
code:49585,49585,,,Secondary Road,,,,,7
code:52789,52789,,,Secondary Road,,,,,7
code:53120,53120,,,Secondary Road,,,,,7
code:51626,51626,,,Secondary Road,,,,,7
code:52074,52074,,,Secondary Road,,,,,7
code:51818,51818,,,Secondary Road,,,,,7
code:51941,51941,,,Secondary Road,,,,,7
code:51490,51490,,,Secondary Road,,,,,7
code:47373,47373,,,Secondary Road,,,,,7
code:51760,51760,,,Secondary Road,,,,,7
code:52556,52556,,,Secondary Road,,,,,7
code:51733,51733,,,Secondary Road,,,,,7
code:52964,52964,,,Secondary Road,,,,,7
code:48533,48533,,,Secondary Road,,,,,7
code:53289,53289,,,Secondary Road,,,,,7
code:53564,53564,,,Secondary Road,,,,,7
code:52278,52278,,,Secondary Road,,,,,7
code:53211,53211,,,Secondary Road,,,,,7
code:52356,52356,,,Secondary Road,,,,,7
code:52625,52625,,,Secondary Road,,,,,7
code:52105,52105,,,Secondary Road,,,,,7
code:47264,47264,,,Secondary Road,,,,,7
code:51919,51919,,,Secondary Road,,,,,7
code:51751,51751,,,Secondary Road,,,,,7
code:40312,40312,,,Secondary Road,,,,,7
code:52612,52612,,,Secondary Road,,,,,7
code:45099,45099,,,Secondary Road,,,,,7
code:52187,52187,,,Secondary Road,,,,,7
code:13812,13812,AIRPORT NORTH INTERCHANGE,機場北交匯處,Secondary Road,,,,,7
code:13813,13813,AIRPORT SOUTH INTERCHANGE,機場南交匯處,Main Road,,,,,7
code:10024,10024,AP LEI CHAU PRAYA ROAD,鴨脷洲海旁道,Secondary Road,,,,,7
code:10049,10049,BAUHINIA ROAD WEST,紫荊西路,Secondary Road,,,,,7
code:10078,10078,BOWRING STREET,寶靈街,Secondary Road,1909,1909-03-19,/egazette/en/1909-gn184.pdf,/egazette/zh/1909-gn184.pdf,7
code:10113,10113,CANAL ROAD WEST,堅拿道西,Main Road,1929,1929-06-14,/egazette/en/1929-gn312.pdf,/egazette/zh/1929-gn312.pdf,7
code:10117,10117,CAPE D'AGUILAR ROAD,鶴咀道,Secondary Road,1935,1935-04-12,/egazette/en/1935-gn302.pdf,/egazette/zh/1935-gn302.pdf,7
code:10135,10135,CASTLE PEAK ROAD - MAI PO,青山公路　－　米埔段,Secondary Road,,,,,7
code:10140,10140,CASTLE PEAK ROAD - SO KWUN WAT,青山公路　－　掃管笏段,Secondary Road,,,,,7
code:13821,13821,CATERING ROAD WEST,航膳西路,Secondary Road,,,,,7
code:39514,39514,CENTRAL ROAD EAST,,Secondary Road,,,,,7
code:39515,39515,CENTRAL ROAD WEST,,Secondary Road,,,,,7
code:10152,10152,CENTRE STREET,正街,Secondary Road,,,,,7
code:13044,13044,CHE KENG TUK ROAD,輋徑篤路,Secondary Road,,,,,7
code:10179,10179,CHEONG TUNG ROAD,暢通道,Secondary Road,,,,,7
code:10190,10190,CHEUNG HANG ROAD,長坑路,Secondary Road,,,,,7
code:14164,14164,CHING HIU ROAD,清曉路,Secondary Road,2003,2003-07-11,/egazette/en/2003-07-28-4729.pdf,/egazette/zh/2003-07-28-4729.pdf,7
code:10253,10253,CHING TAK STREET,正德街,Secondary Road,,,,,7
code:14296,14296,CHOI HING ROAD,彩興路,Secondary Road,,,,,7
code:13528,13528,CHUEN ON ROAD,全安路,Secondary Road,,,,,7
code:13827,13827,CHUN WAN ROAD INTERCHANGE,駿運路交匯處,Secondary Road,,,,,7
code:13731,13731,CHUN WANG STREET,駿宏街,Secondary Road,,,,,7
code:13110,13110,CHUNG NGA ROAD,頌雅路,Secondary Road,,,,,7
code:10314,10314,CLEVERLY STREET,急庇利街,Secondary Road,,,,,7
code:10356,10356,DAI HEI STREET,大喜街,Secondary Road,,,,,7
code:39635,39635,EAST KOWLOON CORRIDOR,東九龍走廊,Secondary Road,,,,,7
code:10400,10400,EASTERN HOSPITAL ROAD,東院道,Secondary Road,1931,1931-05-15,/egazette/en/1931-gn300.pdf,/egazette/zh/1931-gn300.pdf,7
code:10402,10402,EASTERN STREET,東邊街,Secondary Road,,,,,7
code:10421,10421,FAIRVIEW PARK BOULEVARD,錦綉花園大道,Secondary Road,,,,,7
code:10425,10425,FAIRVIEW PARK ROAD WEST,錦綉大道西,Secondary Road,1984,1984-08-31,/egazette/en/1984-gn2609.pdf,/egazette/zh/1984-gn2609.pdf,7
code:10523,10523,FU MEI STREET,富美街,Secondary Road,,,,,7
code:13020,13020,FU TEI ROAD,富地路,Secondary Road,1991,1991-02-08,/egazette/en/2021-25-48-7634.pdf,/egazette/zh/2021-25-48-7634.pdf,7
code:13234,13234,FU YUNG SHAN ROAD,芙蓉山路,Secondary Road,,,,,7
code:14353,14353,FUK TO STREET,福淘街,Secondary Road,,,,,7
code:10583,10583,FUNG SHUN STREET,豐順街,Secondary Road,1983,1983-12-23,/egazette/en/1983-gn3977.pdf,/egazette/zh/1983-gn3977.pdf,7
code:10608,10608,GLENEALY,己連拿利,Secondary Road,,,,,7
code:10622,10622,GRANVILLE ROAD,加連威老道,Secondary Road,1981,1981-08-14,/egazette/en/1981-gn2511.pdf,/egazette/zh/1981-gn2511.pdf,7
code:13725,13725,HANG FU STREET,恆富街,Secondary Road,,,,,7
code:13838,13838,HAVEN OF HOPE ROAD,靈實路,Secondary Road,,,,,7
code:10692,10692,HEUNG FAN LIU STREET,香粉寮街,Secondary Road,1983,1983-12-23,/egazette/en/1983-gn3977.pdf,/egazette/zh/1983-gn3977.pdf,7
code:10712,10712,HIN KENG STREET,顯徑街,Secondary Road,1984,1984-06-15,/egazette/en/1984-gn1737.pdf,/egazette/zh/1984-gn1737.pdf,7
code:10742,10742,HIU KWONG STREET,曉光街,Secondary Road,,,,,7
code:10780,10780,HOI PA STREET,海壩街,Secondary Road,,,,,7
code:10860,10860,HOW MING STREET,巧明街,Secondary Road,1957,1957-02-22,/egazette/en/1957-gn264.pdf,/egazette/zh/1957-gn264.pdf,7
code:10874,10874,HUNG SHUI KIU MAIN STREET,洪水橋大街,Secondary Road,1982,1982-03-05,/egazette/en/1982-gn755.pdf,/egazette/zh/1982-gn755.pdf,7
code:14112,14112,HUNG YUEN ROAD,洪元路,Secondary Road,,,,,7
code:13669,13669,KA FU CLOSE,嘉富坊,Secondary Road,,,,,7
code:10976,10976,KAU YUK ROAD,教育路,Secondary Road,1977,1977-12-02,/egazette/en/1977-gn2944.pdf,/egazette/zh/1977-gn2944.pdf,7
code:11017,11017,KIN WING STREET,建榮街,Secondary Road,1977,1977-05-20,/egazette/en/1977-gn1189.pdf,/egazette/zh/1977-gn1189.pdf,7
code:11054,11054,KO SHAN ROAD,高山道,Secondary Road,1954,1954-08-06,/egazette/en/1954-gn977.pdf,/egazette/zh/1954-gn977.pdf,7
code:14488,14488,KO SHEUNG ROAD,高上路,Secondary Road,2020,2020-04-03,/egazette/en/2020-24-14-1669.pdf,/egazette/zh/2020-24-14-1669.pdf,7
code:11056,11056,KOK CHEUNG STREET,角祥街,Secondary Road,1974,1974-04-26,/egazette/en/1974-gn1078.pdf,/egazette/zh/1974-gn1078.pdf,7
code:13764,13764,KONG NGA PO ROAD,缸瓦甫路,Secondary Road,,,,,7
code:11109,11109,KWAN MUN HAU STREET,關門口街,Secondary Road,,,,,7
code:14468,14468,LAI YING STREET,荔盈街,Secondary Road,2017,2017-12-22,https://www.landsd.gov.hk/doc/en/street-name/egazette/2017/egn201721519865.pdf,https://www.landsd.gov.hk/doc/tc/street-name/egazette/2017/cgn201721519865.pdf,7
code:11175,11175,LAM HING STREET,臨興街,Secondary Road,1984,1984-10-26,/egazette/en/1984-gn3135.pdf,/egazette/zh/1984-gn3135.pdf,7
code:11210,11210,LEI PUI STREET,梨貝街,Secondary Road,,,,,7
code:11212,11212,LEI TUNG ESTATE ROAD,利東邨道,Secondary Road,,,,,7
code:11232,11232,LIM CHO STREET,念祖街,Secondary Road,1977,1977-11-25,/egazette/en/1977-gn2860.pdf,/egazette/zh/1977-gn2860.pdf,7
code:14105,14105,LONG WO ROAD,朗和路,Secondary Road,,,,,7
code:14206,14206,LONG YAN ROAD,朗欣路,Secondary Road,2004,2004-12-17,/egazette/en/2004-08-51-8104.pdf,/egazette/zh/2004-08-51-8104.pdf,7
code:11298,11298,LUGARD ROAD,盧吉道,Secondary Road,1915,1915-05-28,/egazette/en/1915-gn244.pdf,/egazette/zh/1915-gn244.pdf,7
code:13023,13023,LUNG KWU TAN ROAD,龍鼓灘路,Secondary Road,,,,,7
code:13619,13619,LUNG WAN STREET,龍運街,Secondary Road,,,,,7
code:11331,11331,LYCHEE ROAD EAST,荔枝東路,Secondary Road,1984,1984-08-31,/egazette/en/1984-gn2609.pdf,/egazette/zh/1984-gn2609.pdf,7
code:13056,13056,MA TONG ROAD,馬棠路,Secondary Road,1991,1991-06-28,/egazette/en/2015-19-27-4864.pdf,/egazette/zh/2015-19-27-4864.pdf,7
code:11355,11355,MA WANG ROAD,媽橫路,Main Road,1978,1978-09-29,/egazette/en/1978-gn2481.pdf,,7
code:11358,11358,MACDONNELL ROAD,麥當勞道,Secondary Road,1958,1958-06-27,/egazette/en/1958-gn865.pdf,/egazette/zh/1958-gn865.pdf,7
code:13034,13034,MANG KUNG WO ROAD,孟公窩路,Secondary Road,,,,,7
code:13687,13687,MING YIN ROAD,銘賢路,Secondary Road,,,,,7
code:11460,11460,MOORSOM ROAD,睦誠道,Secondary Road,1976,1976-04-09,/egazette/en/1976-gn784.pdf,,7
code:39568,39568,MORITZ AVENUE,莫里茲大道,Secondary Road,,,,,7
code:11463,11463,MORRISON HILL ROAD,摩理臣山道,Main Road,,,,,7
code:13977,13977,NAM SANG WAI ROAD,南生圍路,Secondary Road,,,,,7
code:11524,11524,NGAN KWONG WAN ROAD,銀鑛灣路,Secondary Road,,,,,7
code:11545,11545,NING PO STREET,寧波街,Secondary Road,1909,1909-03-19,/egazette/en/1909-gn184.pdf,/egazette/zh/1909-gn184.pdf,7
code:11570,11570,OLYMPIC AVENUE,世運道,Secondary Road,1964,1964-09-11,/egazette/en/2021-25-17-2548.pdf,/egazette/zh/2021-25-17-2548.pdf,7
code:12958,12958,ON HO LANE,安浩里,Secondary Road,,,,,7
code:11590,11590,ON LUK STREET,鞍祿街,Secondary Road,,,,,7
code:14505,14505,ON YU ROAD,安愉道,Secondary Road,2021,2021-05-28,/egazette/en/2021-25-21-3262.pdf,/egazette/zh/2021-25-21-3262.pdf,7
code:11620,11620,ORMSBY STREET,安庶庇街,Secondary Road,1941,1941-07-18,/egazette/en/1941-gn870.pdf,/egazette/zh/1941-gn870.pdf,7
code:11622,11622,OXFORD ROAD,牛津道,Secondary Road,1951,1951-05-18,/egazette/en/1951-gn522.pdf,/egazette/zh/1951-gn522.pdf,7
code:11624,11624,PAI TAU STREET,排頭街,Secondary Road,1984,1984-06-15,/egazette/en/1984-gn1737.pdf,/egazette/zh/1984-gn1737.pdf,7
code:11627,11627,PAK HOI STREET,北海街,Secondary Road,1909,1909-03-19,/egazette/en/1909-gn184.pdf,/egazette/zh/1909-gn184.pdf,7
code:11630,11630,PAK KONG ROAD,北港路,Secondary Road,,,,,7
code:11640,11640,PAK SHE PRAYA ROAD,北社海傍路,Track,,,,,7
code:14208,14208,PARK PROMENADE,迎樂路,Track,2004,2004-12-17,/egazette/en/2004-08-51-8104.pdf,/egazette/zh/2004-08-51-8104.pdf,7
code:14199,14199,PENNY'S BAY HIGHWAY,竹篙灣公路,Highway,2004,2004-12-17,/egazette/en/2004-08-51-8104.pdf,/egazette/zh/2004-08-51-8104.pdf,7
code:11683,11683,PERCIVAL STREET,波斯富街,Main Road,1929,1929-06-14,/egazette/en/1929-gn312.pdf,/egazette/zh/1929-gn312.pdf,7
code:11685,11685,PERKINS ROAD,白建時道,Secondary Road,1951,1951-07-20,/egazette/en/1951-gn754.pdf,/egazette/zh/1951-gn754.pdf,7
code:11689,11689,PIK SHA ROAD,碧沙路,Secondary Road,1983,1983-01-28,/egazette/en/1983-gn324.pdf,/egazette/zh/1983-gn324.pdf,7
code:11705,11705,PING HING LANE,屏興里,Secondary Road,,,,,7
code:14146,14146,PO KAK TSAI ROAD,布格仔路,Secondary Road,,,,,7
code:13182,13182,PO KIN ROAD,保健路,Secondary Road,,,,,7
code:14244,14244,PO NGONG DRIVE,寶昂路,Secondary Road,,,,,7
code:13126,13126,PO WAN ROAD,寶運路,Secondary Road,,,,,7
code:11776,11776,POPLAR STREET,白楊街,Secondary Road,1927,1927-11-25,/egazette/en/1927-gn699.pdf,/egazette/zh/1927-gn699.pdf,7
code:11793,11793,PUBLIC SQUARE STREET,眾坊街,Secondary Road,,,/egazette/en/1976-gn2119.pdf,,7
code:11839,11839,SAI KUNG MAN YEE ROAD,西貢萬宜路,Secondary Road,1980,1980-12-19,/egazette/en/1980-gn4050.pdf,,7
code:11854,11854,SAI TSO WAN ROAD,西草灣路,Secondary Road,1983,1983-12-02,/egazette/en/1983-gn3793.pdf,/egazette/zh/1983-gn3793.pdf,7
code:14464,14464,SAI YU PATH,西裕徑,Track,2017,2017-11-10,https://www.landsd.gov.hk/doc/en/street-name/egazette/2017/egn201721458364.pdf,https://www.landsd.gov.hk/doc/tc/street-name/egazette/2017/cgn201721458364.pdf,7
code:11883,11883,SAN FUNG AVENUE,新豐路,Secondary Road,1958,1958-06-06,/egazette/en/1958-gn770.pdf,/egazette/zh/1958-gn770.pdf,7
code:11901,11901,SAN MA TAU STREET,新碼頭街,Secondary Road,1958,1958-09-19,/egazette/en/1958-gn1285.pdf,/egazette/zh/1958-gn1285.pdf,7
code:11907,11907,SAN SHAN ROAD,新山道,Secondary Road,1926,1926-04-16,/egazette/en/1926-gn202.pdf,/egazette/zh/1926-gn202.pdf,7
code:39544,39544,SAN SHEK WAN ROAD,散石灣路,Secondary Road,,,,,7
code:11920,11920,SANDS STREET,山市街,Track,,,,,7
code:11942,11942,SEABIRD LANE,海燕徑,Secondary Road,,,,,7
code:11955,11955,SHA KOK STREET,沙角街,Secondary Road,1981,1981-04-03,/egazette/en/1981-gn1022.pdf,/egazette/zh/1981-gn1022.pdf,7
code:13963,13963,SHA PO TSUEN ROAD,沙埔村路,Secondary Road,,,,,7
code:11962,11962,SHA TIN CENTRE STREET,沙田正街,Secondary Road,,,,,7
code:11972,11972,SHA WAN DRIVE,沙灣徑,Secondary Road,1984,1984-06-22,/egazette/en/1984-gn1825.pdf,/egazette/zh/1984-gn1825.pdf,7
code:11977,11977,SHAN HA ROAD,山下路,Secondary Road,1982,1982-03-05,/egazette/en/1982-gn755.pdf,/egazette/zh/1982-gn755.pdf,7
code:14109,14109,SHAN PUI ROAD,山貝路,Secondary Road,,,,,7
code:12010,12010,SHEK PAI TAU ROAD,石排頭路,Secondary Road,1977,1977-12-23,/egazette/en/1977-gn3134.pdf,/egazette/zh/1977-gn3134.pdf,7
code:14491,14491,SHEK PO EAST ROAD,石埗東路,Secondary Road,2020,2020-05-22,https://www.landsd.gov.hk/doc/en/street-name/egazette/2020/egn202024212656.pdf,https://www.landsd.gov.hk/doc/tc/street-name/egazette/2020/cgn202024212656.pdf,7
code:12022,12022,SHELLEY STREET,些利街,Track,,,,,7
code:12077,12077,SHUI CHUEN AU STREET,水泉坳街,Secondary Road,1983,1983-07-01,/egazette/en/1983-gn2023.pdf,/egazette/zh/1983-gn2023.pdf,7
code:12107,12107,SHUNG YIU STREET,崇耀街,Secondary Road,1980,1980-04-03,/egazette/en/1980-gn1043.pdf,/egazette/zh/1980-gn1043.pdf,7
code:12114,12114,SIR CECIL'S RIDE,金督馳馬徑,Track,,,,,7
code:14240,14240,SKY CITY ROAD,航天城路,Secondary Road,2005,2005-11-11,/egazette/en/2021-25-38-6004.pdf,/egazette/zh/2021-25-38-6004.pdf,7
code:12175,12175,SUN CHUN STREET,新村街,Secondary Road,,,,,7
code:13014,13014,TAI AU MUN ROAD,大坳門路,Secondary Road,,,,,7
code:12220,12220,TAI HING TAI ROAD,大興堤路,Track,,,,,7
code:12246,12246,TAI ON STREET,太安街,Secondary Road,1909,1909-07-23,/egazette/en/1909-gn459.pdf,/egazette/zh/1909-gn459.pdf,7
code:12965,12965,TAI PO TAU ROAD,大埔頭路,Secondary Road,,,,,7
code:12298,12298,TAIKOO SHING ROAD,太古城道,Secondary Road,1979,1979-12-07,/egazette/en/1979-gn3194.pdf,,7
code:12299,12299,TAIKOO WAN ROAD,太古灣道,Secondary Road,1979,1979-11-30,/egazette/en/1979-gn3105.pdf,,7
code:12328,12328,TAM KON SHAN INTERCHANGE,担杆山交匯處,Main Road,,,,,7
code:12351,12351,THIRD STREET,第三街,Secondary Road,,,,,7
code:12983,12983,TIN KING ROAD,田景路,Secondary Road,,,,,7
code:12365,12365,TIN SAM STREET,田心街,Secondary Road,1983,1983-12-23,/egazette/en/1983-gn3977.pdf,/egazette/zh/1983-gn3977.pdf,7
code:13159,13159,TIN YING ROAD,天影路,Main Road,,,,,7
code:14212,14212,TSING SHAN MONASTERY PATH,青山寺徑,Secondary Road,,,,,7
code:12437,12437,TSING SHAN SQUARE,青山坊,Track,1984,1984-11-30,/egazette/en/1984-gn3531.pdf,/egazette/zh/1984-gn3531.pdf,7
code:13716,13716,TSING SHEUNG ROAD,青尚路,Secondary Road,,,,,7
code:14157,14157,TSUI SING ROAD,聚星路,Secondary Road,,,,,7
code:13941,13941,TUEN KWAI ROAD,屯貴路,Secondary Road,,,,,7
code:13740,13740,TUNG WO STREET,同和街,Secondary Road,,,,,7
code:12562,12562,UPPER ALBERT ROAD,上亞厘畢道,Secondary Road,,,,,7
code:12572,12572,VILLAGE ROAD,山村道,Secondary Road,1925,1925-10-09,/egazette/en/1925-gn575.pdf,/egazette/zh/1925-gn575.pdf,7
code:12593,12593,WAH KING HILL ROAD,華景山路,Secondary Road,1981,1981-10-23,/egazette/en/1981-gn3161.pdf,/egazette/zh/1981-gn3161.pdf,7
code:12648,12648,WAN TSUI ROAD,環翠道,Secondary Road,,,,,7
code:12663,12663,WANG LUNG STREET,橫龍街,Secondary Road,,,,,7
code:12694,12694,WELLINGTON STREET,威靈頓街,Secondary Road,,,,,7
code:14283,14283,WEST KOWLOON CORRIDOR,西九龍走廊,Main Road,,,,,7
code:12725,12725,WING KEI ROAD,永基路,Secondary Road,1975,1975-09-19,/egazette/en/1975-gn2061.pdf,,7
code:13600,13600,WO SHUN LANE,和順里,Track,,,,,7
code:12771,12771,WO TONG TSUI STREET,禾塘咀街,Secondary Road,,,,,7
code:12799,12799,WUHU STREET,蕪湖街,Main Road,1909,1909-03-19,/egazette/en/1909-gn184.pdf,/egazette/zh/1909-gn184.pdf,7
code:12837,12837,YAU TONG ROAD,油塘道,Secondary Road,,,,,7
code:12844,12844,YEE KUK STREET,醫局街,Secondary Road,1927,1927-11-25,/egazette/en/1927-gn699.pdf,/egazette/zh/1927-gn699.pdf,7
code:12919,12919,YUEN LONG PAU CHEUNG SQUARE,元朗炮仗坊,Track,1977,1977-12-02,/egazette/en/1977-gn2944.pdf,/egazette/zh/1977-gn2944.pdf,7
code:12933,12933,YUET WAH STREET,月華街,Secondary Road,1960,1960-06-17,/egazette/en/1960-gn928.pdf,,7
code:12948,12948,YUNG YUEN ROAD,庸園路,Secondary Road,,,,,7
code:42975,42975,,,Secondary Road,,,,,6
code:44043,44043,,,Secondary Road,,,,,6
code:41953,41953,,,Secondary Road,,,,,6
code:44769,44769,,,Secondary Road,,,,,6
code:41844,41844,,,Secondary Road,,,,,6
code:40744,40744,,,Secondary Road,,,,,6
code:40923,40923,,,Secondary Road,,,,,6
code:41952,41952,,,Secondary Road,,,,,6
code:49804,49804,,,Secondary Road,,,,,6
code:40086,40086,,,Secondary Road,,,,,6
code:44089,44089,,,Secondary Road,,,,,6
code:41968,41968,,,Secondary Road,,,,,6
code:41832,41832,,,Secondary Road,,,,,6
code:44108,44108,,,Secondary Road,,,,,6
code:44526,44526,,,Secondary Road,,,,,6
code:51638,51638,,,Secondary Road,,,,,6
code:45909,45909,,,Secondary Road,,,,,6
code:40359,40359,,,Secondary Road,,,,,6
code:40961,40961,,,Secondary Road,,,,,6
code:48137,48137,,,Secondary Road,,,,,6
code:41921,41921,,,Secondary Road,,,,,6
code:40168,40168,,,Secondary Road,,,,,6
code:44062,44062,,,Secondary Road,,,,,6
code:43773,43773,,,Secondary Road,,,,,6
code:43571,43571,,,Secondary Road,,,,,6
code:43814,43814,,,Secondary Road,,,,,6
code:44818,44818,,,Secondary Road,,,,,6
code:47804,47804,,,Secondary Road,,,,,6
code:49139,49139,,,Secondary Road,,,,,6
code:48457,48457,,,Secondary Road,,,,,6
code:43451,43451,,,Secondary Road,,,,,6
code:41226,41226,,,Secondary Road,,,,,6
code:41796,41796,,,Secondary Road,,,,,6
code:41250,41250,,,Secondary Road,,,,,6
code:40003,40003,,,Secondary Road,,,,,6
code:49223,49223,,,Secondary Road,,,,,6
code:44012,44012,,,Secondary Road,,,,,6
code:42090,42090,,,Secondary Road,,,,,6
code:41278,41278,,,Secondary Road,,,,,6
code:40444,40444,,,Secondary Road,,,,,6
code:47774,47774,,,Secondary Road,,,,,6
code:51275,51275,,,Secondary Road,,,,,6
code:40613,40613,,,Secondary Road,,,,,6
code:40451,40451,,,Secondary Road,,,,,6
code:53051,53051,,,Secondary Road,,,,,6
code:41756,41756,,,Secondary Road,,,,,6
code:43778,43778,,,Secondary Road,,,,,6
code:40662,40662,,,Secondary Road,,,,,6
code:41841,41841,,,Secondary Road,,,,,6
code:40280,40280,,,Secondary Road,,,,,6
code:40487,40487,,,Secondary Road,,,,,6
code:42559,42559,,,Secondary Road,,,,,6
code:42472,42472,,,Secondary Road,,,,,6
code:41172,41172,,,Secondary Road,,,,,6
code:41976,41976,,,Secondary Road,,,,,6
code:40131,40131,,,Secondary Road,,,,,6
code:42565,42565,,,Secondary Road,,,,,6
code:42294,42294,,,Secondary Road,,,,,6
code:42185,42185,,,Secondary Road,,,,,6
code:45527,45527,,,Secondary Road,,,,,6
code:40999,40999,,,Secondary Road,,,,,6
code:49060,49060,,,Secondary Road,,,,,6
code:41794,41794,,,Secondary Road,,,,,6
code:43636,43636,,,Secondary Road,,,,,6
code:46232,46232,,,Secondary Road,,,,,6
code:48354,48354,,,Secondary Road,,,,,6
code:40728,40728,,,Secondary Road,,,,,6
code:44618,44618,,,Secondary Road,,,,,6
code:42010,42010,,,Secondary Road,,,,,6
code:42174,42174,,,Secondary Road,,,,,6
code:45120,45120,,,Secondary Road,,,,,6
code:43011,43011,,,Secondary Road,,,,,6
code:47940,47940,,,Secondary Road,,,,,6
code:40756,40756,,,Secondary Road,,,,,6
code:42149,42149,,,Secondary Road,,,,,6
code:40668,40668,,,Secondary Road,,,,,6
code:43237,43237,,,Secondary Road,,,,,6
code:42001,42001,,,Secondary Road,,,,,6
code:47215,47215,,,Secondary Road,,,,,6
code:49028,49028,,,Secondary Road,,,,,6
code:46898,46898,,,Secondary Road,,,,,6
code:43196,43196,,,Secondary Road,,,,,6
code:45279,45279,,,Secondary Road,,,,,6
code:40500,40500,,,Secondary Road,,,,,6
code:41162,41162,,,Secondary Road,,,,,6
code:46168,46168,,,Secondary Road,,,,,6
code:45514,45514,,,Secondary Road,,,,,6
code:42442,42442,,,Track,,,,,6
code:51713,51713,,,Secondary Road,,,,,6
code:45347,45347,,,Secondary Road,,,,,6
code:42309,42309,,,Secondary Road,,,,,6
code:45685,45685,,,Secondary Road,,,,,6
code:51040,51040,,,Secondary Road,,,,,6
code:49444,49444,,,Secondary Road,,,,,6
code:41676,41676,,,Secondary Road,,,,,6
code:50566,50566,,,Secondary Road,,,,,6
code:45804,45804,,,Main Road,,,,,6
code:46938,46938,,,Secondary Road,,,,,6
code:41702,41702,,,Secondary Road,,,,,6
code:42555,42555,,,Secondary Road,,,,,6
code:43843,43843,,,Secondary Road,,,,,6
code:53035,53035,,,Secondary Road,,,,,6
code:52070,52070,,,Secondary Road,,,,,6
code:47267,47267,,,Secondary Road,,,,,6
code:51090,51090,,,Secondary Road,,,,,6
code:48197,48197,,,Main Road,,,,,6
code:47028,47028,,,Secondary Road,,,,,6
code:45020,45020,,,Secondary Road,,,,,6
code:43950,43950,,,Secondary Road,,,,,6
code:47031,47031,,,Secondary Road,,,,,6
code:41005,41005,,,Secondary Road,,,,,6
code:43277,43277,,,Secondary Road,,,,,6
code:52704,52704,,,Main Road,,,,,6
code:42617,42617,,,Secondary Road,,,,,6
code:41360,41360,,,Secondary Road,,,,,6
code:52641,52641,,,Secondary Road,,,,,6
code:45791,45791,,,Main Road,,,,,6
code:44938,44938,,,Secondary Road,,,,,6
code:43334,43334,,,Secondary Road,,,,,6
code:40410,40410,,,Secondary Road,,,,,6
code:42587,42587,,,Secondary Road,,,,,6
code:49863,49863,,,Secondary Road,,,,,6
code:52363,52363,,,Secondary Road,,,,,6
code:51980,51980,,,Secondary Road,,,,,6
code:52111,52111,,,Secondary Road,,,,,6
code:52664,52664,,,Secondary Road,,,,,6
code:51567,51567,,,Secondary Road,,,,,6
code:45922,45922,,,Secondary Road,,,,,6
code:52753,52753,,,Secondary Road,,,,,6
code:44528,44528,,,Secondary Road,,,,,6
code:45950,45950,,,Secondary Road,,,,,6
code:50565,50565,,,Secondary Road,,,,,6
code:40033,40033,,,Secondary Road,,,,,6
code:52533,52533,,,Restricted Road,,,,,6
code:44973,44973,,,Secondary Road,,,,,6
code:53517,53517,,,Secondary Road,,,,,6
code:47654,47654,,,Secondary Road,,,,,6
code:52907,52907,,,Secondary Road,,,,,6
code:51840,51840,,,Secondary Road,,,,,6
code:52348,52348,,,Secondary Road,,,,,6
code:52577,52577,,,Secondary Road,,,,,6
code:52560,52560,,,Secondary Road,,,,,6
code:53530,53530,,,Secondary Road,,,,,6
code:52097,52097,,,Secondary Road,,,,,6
code:52901,52901,,,Secondary Road,,,,,6
code:52659,52659,,,Secondary Road,,,,,6
code:52266,52266,,,Secondary Road,,,,,6
code:42345,42345,,,Secondary Road,,,,,6
code:51869,51869,,,Secondary Road,,,,,6
code:51969,51969,,,Restricted Road,,,,,6
code:52748,52748,,,Secondary Road,,,,,6
code:53423,53423,,,Secondary Road,,,,,6
code:42777,42777,,,Secondary Road,,,,,6
code:10008,10008,ABERDEEN STREET,鴨巴甸街,Secondary Road,,,,,6
code:39456,39456,ADMINISTRATION ROAD,行政道,Secondary Road,,,,,6
code:10025,10025,APLIU STREET,鴨寮街,Secondary Road,1927,1927-11-25,/egazette/en/1927-gn699.pdf,/egazette/zh/1927-gn699.pdf,6
code:10029,10029,ARRAN STREET,鴉蘭街,Secondary Road,1923,1923-09-28,/egazette/en/1923-gn411.pdf,/egazette/zh/1923-gn411.pdf,6
code:10031,10031,ARSENAL STREET,軍器廠街,Main Road,,,,,6
code:10046,10046,BATTERY STREET,炮台街,Secondary Road,1930,1930-01-17,/egazette/en/1930-gn39.pdf,/egazette/zh/1930-gn39.pdf,6
code:10062,10062,BIG WAVE BAY ROAD,大浪灣道,Secondary Road,1935,1935-04-12,/egazette/en/1935-gn302.pdf,/egazette/zh/1935-gn302.pdf,6
code:10063,10063,BISNEY ROAD,碧荔道,Secondary Road,,,,,6
code:10074,10074,BORRETT ROAD,波老道,Secondary Road,1936,1936-12-31,/egazette/en/1936-gn1027.pdf,/egazette/zh/1936-gn1027.pdf,6
code:10077,10077,BOWEN ROAD,寶雲道,Secondary Road,1958,1958-01-03,/egazette/en/1958-gn16.pdf,/egazette/zh/1958-gn16.pdf,6
code:10101,10101,BUTTERFLY VALLEY ROAD,蝴蝶谷道,Main Road,,,,,6
code:10106,10106,CALDECOTT ROAD,郝德傑道,Secondary Road,,,,,6
code:10108,10108,CAMBRIDGE ROAD,劍橋道,Secondary Road,1951,1951-05-18,/egazette/en/1951-gn522.pdf,/egazette/zh/1951-gn522.pdf,6
code:10111,10111,CAMP STREET,營盤街,Secondary Road,1934,1934-02-09,/egazette/en/1934-gn91.pdf,/egazette/zh/1934-gn91.pdf,6
code:39017,39017,CANAL ROAD FLYOVER,堅拿道天橋,Main Road,,,,,6
code:10163,10163,CHATER ROAD,遮打道,Main Road,1958,1958-06-27,/egazette/en/1958-gn865.pdf,/egazette/zh/1958-gn865.pdf,6
code:13801,13801,CHEONG HING ROAD,暢興路,Secondary Road,2005,2005-11-11,/egazette/en/2022-26-19-2362.pdf,,6
code:11670,11670,CHEUNG CHAU PEAK ROAD,長洲山頂道,Track,,,,,6
code:12997,12997,CHEUNG CHAU SAI TAI ROAD,長洲西堤道,Track,,,,,6
code:10188,10188,CHEUNG FAT STREET,長發街,Secondary Road,1934,1934-02-09,/egazette/en/1934-gn91.pdf,/egazette/zh/1934-gn91.pdf,6
code:10212,10212,CHEUNG SHUN STREET,長順街,Secondary Road,1976,1976-06-18,/egazette/en/1976-gn1302.pdf,,6
code:10215,10215,CHEUNG WAH STREET,昌華街,Secondary Road,1934,1934-02-09,/egazette/en/1934-gn91.pdf,/egazette/zh/1934-gn91.pdf,6
code:13980,13980,CHI HO ROAD,治河路,Secondary Road,,,,,6
code:14375,14375,CHING YAU ROAD,清攸路,Secondary Road,,,,,6
code:14043,14043,CHOI MING STREET,彩明街,Secondary Road,,,,,6
code:14308,14308,CHOI WING ROAD,彩榮路,Secondary Road,,,,,6
code:13696,13696,CHUN CHEONG STREET,駿昌街,Secondary Road,,,,,6
code:13694,13694,CHUN YAT STREET,駿日街,Secondary Road,,,,,6
code:10287,10287,CHUN YIN SQUARE,俊賢坊,Secondary Road,,,,,6
code:39384,39384,CHUNG CHI ROAD,崇基路,Secondary Road,,,,,6
code:10297,10297,CHUNG ON STREET,眾安街,Secondary Road,1938,1938-04-14,/egazette/en/1938-gn299.pdf,/egazette/zh/1938-gn299.pdf,6
code:10336,10336,COOMBE ROAD,甘道,Secondary Road,,,,,6
code:39066,39066,CYPRESS DRIVE,翠柏路,Secondary Road,,,,,6
code:10352,10352,D'AGUILAR STREET,德己立街,Secondary Road,,,,,6
code:10354,10354,DAI FAT STREET,大發街,Secondary Road,1980,1980-08-08,/egazette/en/1980-gn2486.pdf,,6
code:10357,10357,DAI KING STREET,大景街,Secondary Road,,,,,6
code:13741,13741,EXPO DRIVE EAST,博覽道東,Secondary Road,,,,,6
code:10418,10418,FA PO STREET,花圃街,Secondary Road,,,,,6
code:14189,14189,FAI KING ROAD,快景路,Secondary Road,,,,,6
code:13676,13676,FAN LENG LAU ROAD,粉嶺樓路,Secondary Road,,,,,6
code:13703,13703,FANLING STATION ROAD,粉嶺車站路,Secondary Road,,,,,6
code:14203,14203,FANTASY ROAD,幻想道,Secondary Road,2004,2004-12-17,/egazette/en/2004-08-51-8104.pdf,/egazette/zh/2004-08-51-8104.pdf,6
code:39343,39343,FOURTH STREET TAI WAI,大圍第四街,Track,,,,,6
code:10521,10521,FU KIN STREET,富健街,Secondary Road,1984,1984-06-15,/egazette/en/1984-gn1737.pdf,/egazette/zh/1984-gn1737.pdf,6
code:10556,10556,FUK SHUN STREET,福順街,Secondary Road,1984,1984-05-04,/egazette/en/1984-gn1312.pdf,/egazette/zh/1984-gn1312.pdf,6
code:13899,13899,HA MEI SAN TSUEN ROAD,蝦尾新村路,Secondary Road,,,,,6
code:10635,10635,HAI TAN STREET,海壇街,Secondary Road,1927,1927-11-25,/egazette/en/1927-gn699.pdf,/egazette/zh/1927-gn699.pdf,6
code:10661,10661,HARBOUR ROAD,港灣道,Secondary Road,,,,,6
code:10678,10678,HEADLAND ROAD,赫蘭道,Secondary Road,1949,1949-12-09,/egazette/en/1949-gn1189.pdf,/egazette/zh/1949-gn1189.pdf,6
code:10715,10715,HIN WO LANE,顯和里,Secondary Road,,,,,6
code:14169,14169,HING TIN STREET,慶田街,Secondary Road,,,,,6
code:13890,13890,HOI FAN ROAD,海帆道,Secondary Road,,,,,6
code:10788,10788,HOI YUEN ROAD,開源道,Main Road,1957,1957-02-22,/egazette/en/1957-gn264.pdf,,6
code:10794,10794,HOK YUEN STREET,鶴園街,Secondary Road,1926,1926-06-25,/egazette/en/1926-gn342.pdf,/egazette/zh/1926-gn342.pdf,6
code:10824,10824,HONG LOK YUEN TENTH STREET,康樂園第十街,Secondary Road,,,,,6
code:13575,13575,HONG LOK YUEN TWENTY-SEVENTH STREET,康樂園第二十七街,Secondary Road,,,,,6
code:10846,10846,HONG YIP STREET,康業街,Secondary Road,1984,1984-01-27,/egazette/en/1984-gn286.pdf,/egazette/zh/1984-gn286.pdf,6
code:10863,10863,HUNG CHEUNG ROAD,洪祥路,Secondary Road,1975,1975-08-01,/egazette/en/1975-gn1693.pdf,,6
code:13958,13958,HUNG LOK ROAD,紅樂道,Secondary Road,,,,,6
code:13720,13720,HUNG SHUN ROAD,洪順路,Secondary Road,,,,,6
code:10876,10876,HUNG TO ROAD,鴻圖道,Secondary Road,1957,1957-02-22,/egazette/en/1957-gn264.pdf,/egazette/zh/1957-gn264.pdf,6
code:10879,10879,HYSAN AVENUE,希慎道,Secondary Road,1934,1934-04-27,/egazette/en/1934-gn332.pdf,/egazette/zh/1934-gn332.pdf,6
code:14202,14202,INSPIRATION DRIVE,迪欣路,Secondary Road,2004,2004-12-17,/egazette/en/2004-08-51-8104.pdf,/egazette/zh/2004-08-51-8104.pdf,6
code:10938,10938,KAI SHING STREET,啓成街,Secondary Road,1983,1983-07-15,/egazette/en/1983-gn2233.pdf,/egazette/zh/1983-gn2233.pdf,6
code:10941,10941,KAI TIN ROAD,啟田道,Secondary Road,,,,,6
code:10945,10945,KAI YIP ROAD,啟業道,Secondary Road,1981,1981-12-11,/egazette/en/1981-gn3683.pdf,/egazette/zh/1981-gn3683.pdf,6
code:10955,10955,KAM HONG STREET,琴行街,Secondary Road,1937,1937-09-24,/egazette/en/1937-gn682.pdf,/egazette/zh/1937-gn682.pdf,6
code:14103,14103,KAM WUI ROAD,錦匯路,Secondary Road,,,,,6
code:10972,10972,KAU TO SHAN ROAD,九肚山路,Secondary Road,1981,1981-03-27,/egazette/en/1981-gn958.pdf,/egazette/zh/1981-gn958.pdf,6
code:11062,11062,KOTEWALL ROAD,旭龢道,Secondary Road,1928,1928-07-06,/egazette/en/1928-gn386.pdf,/egazette/zh/1928-gn386.pdf,6
code:11085,11085,KWAI HAU STREET,葵孝街,Secondary Road,1977,1977-11-25,/egazette/en/1977-gn2860.pdf,/egazette/zh/1977-gn2860.pdf,6
code:11106,11106,KWAI YI ROAD,葵義路,Secondary Road,1982,1982-12-24,/egazette/en/1982-gn4036.pdf,/egazette/zh/1982-gn4036.pdf,6
code:13747,13747,KWONG TIN STREET,廣田街,Secondary Road,,,,,6
code:14166,14166,KWONG YIP STREET,擴業街,Secondary Road,,,,,6
code:11145,11145,LA SALLE ROAD,喇沙利道,Secondary Road,1935,1935-03-01,/egazette/en/1935-gn165.pdf,/egazette/zh/1935-gn165.pdf,6
code:14304,14304,LAM TSUEN HEUNG KUNG SHO ROAD,林村鄉公所路,Secondary Road,2008,2008-05-02,/egazette/en/2015-19-5-1456.pdf,/egazette/zh/2015-19-5-1456.pdf,6
code:11209,11209,LEI MUK ROAD,梨木道,Secondary Road,,,,,6
code:11266,11266,LOK SIN ROAD,樂善道,Secondary Road,,,,,6
code:11278,11278,LONG YIP STREET,朗業街,Main Road,1983,1983-01-28,/egazette/en/1983-gn325.pdf,/egazette/zh/1983-gn325.pdf,6
code:13160,13160,LUI MING ROAD,雷鳴路,Secondary Road,,,,,6
code:11301,11301,LUK KENG ROAD,鹿頸路,Secondary Road,,,,,6
code:11312,11312,LUNG HA WAN ROAD,龍蝦灣路,Secondary Road,,,,,6
code:13109,13109,LUNG MEI TSUEN ROAD,龍尾村路,Secondary Road,,,,,6
code:11319,11319,LUNG PING ROAD,龍坪道,Secondary Road,1985,1985-11-15,/egazette/en/2016-20-11-1597.pdf,/egazette/zh/2016-20-11-1597.pdf,6
code:13790,13790,LUNG WUI ROAD,龍匯道,Secondary Road,1997,1997-10-17,/egazette/en/2010-14-2-296.pdf,/egazette/zh/2010-14-2-296.pdf,6
code:11342,11342,MA LING PATH,馬鈴徑,Secondary Road,1981,1981-03-27,/egazette/en/1981-gn958.pdf,/egazette/zh/1981-gn958.pdf,6
code:11347,11347,MA PO PING ROAD,蔴埔坪道,Secondary Road,,,,,6
code:39449,39449,MAIN ROAD,電廠大道,Secondary Road,,,,,6
code:39625,39625,MAIN ROAD,主路,Secondary Road,,,,,6
code:11369,11369,MAN HANG STREET,文恒街,Secondary Road,1981,1981-06-12,/egazette/en/1981-gn1685.pdf,/egazette/zh/1981-gn1685.pdf,6
code:13860,13860,MAN KAT STREET,民吉街,Secondary Road,,,,,6
code:11423,11423,MIDDLE GAP ROAD,中峽道,Restricted Road,1925,1925-03-27,/egazette/en/1925-gn172.pdf,/egazette/zh/1925-gn172.pdf,6
code:11435,11435,MING KUM ROAD,鳴琴路,Main Road,1977,1977-12-23,/egazette/en/1977-gn3134.pdf,/egazette/zh/1977-gn3134.pdf,6
code:13504,13504,MONG FAT STREET,望發街,Secondary Road,,,,,6
code:11485,11485,MURRAY ROAD,美利道,Main Road,,,,,6
code:14481,14481,MUSEUM DRIVE,博物館道,Secondary Road,2019,2019-05-31,https://www.landsd.gov.hk/doc/en/street-name/egazette/2019/egn201923223588.pdf,https://www.landsd.gov.hk/doc/tc/street-name/egazette/2019/cgn201923223588.pdf,6
code:11495,11495,NAM ON STREET,南安街,Secondary Road,1930,1930-11-14,/egazette/en/1930-gn686.pdf,/egazette/zh/1930-gn686.pdf,6
code:13006,13006,NAM PIN WAI ROAD,南邊圍路,Secondary Road,,,,,6
code:11503,11503,NASSAU STREET,蘭秀道,Secondary Road,,,,,6
code:13907,13907,NIN WAH ROAD,年華路,Secondary Road,,,,,6
code:11576,11576,ON FU ROAD,安富道,Secondary Road,1930,1930-05-02,/egazette/en/1930-gn262.pdf,/egazette/zh/1930-gn262.pdf,6
code:11606,11606,ON TAK ROAD,安德道,Secondary Road,,,,,6
code:14410,14410,ON YAN STREET,安茵街,Secondary Road,2015,2015-08-28,/egazette/en/2015-19-35-6516.pdf,/egazette/zh/2015-19-35-6516.pdf,6
code:11679,11679,PENG CHAU WING ON STREET,坪洲永安街,Track,,,,,6
code:13073,13073,PIK UK TSUEN ROAD,壁屋村路,Secondary Road,,,,,6
code:13935,13935,PING KONG ROAD,丙岡路,Secondary Road,,,,,6
code:13765,13765,PING YUEN ROAD,坪原路,Secondary Road,,,,,6
code:11740,11740,PO LAM ROAD SOUTH,寶琳南路,Secondary Road,,,,,6
code:13123,13123,PO SHEK WU ROAD,寶石湖路,Main Road,,,,,6
code:11761,11761,PO YAN STREET,普仁街,Secondary Road,,,,,6
code:14327,14327,POK CHUEN PATH,博泉徑,Secondary Road,2010,2010-04-09,/egazette/en/2010-14-14-2046.pdf,/egazette/zh/2010-14-14-2046.pdf,6
code:14138,14138,POK WAI ROAD,壆圍路,Secondary Road,,,,,6
code:11790,11790,PRINCESS MARGARET HOSPITAL ROAD,瑪嘉烈醫院路,Secondary Road,1983,1983-10-28,/egazette/en/1983-gn3424.pdf,/egazette/zh/1983-gn3424.pdf,6
code:13948,13948,PUNG LOI ROAD,蓬萊路,Secondary Road,,,,,6
code:11814,11814,RENFREW ROAD,聯福道,Secondary Road,,,,,6
code:11876,11876,SAM SHING STREET,三聖街,Secondary Road,1984,1984-11-30,/egazette/en/1984-gn3531.pdf,/egazette/zh/1984-gn3531.pdf,6
code:14402,14402,SAM WO ROAD,三和路,Secondary Road,2015,2015-02-13,/egazette/en/2015-19-7-1690.pdf,/egazette/zh/2015-19-7-1690.pdf,6
code:11965,11965,SHA TIN RURAL COMMITTEE ROAD,沙田鄉事會路,Secondary Road,1981,1981-04-03,/egazette/en/1981-gn1022.pdf,/egazette/zh/1981-gn1022.pdf,6
code:11990,11990,SHAU KEI WAN MAIN STREET EAST,筲箕灣東大街,Secondary Road,,,/egazette/en/1975-gn2327.pdf,,6
code:14185,14185,SHEK O HEADLAND ROAD,石澳山仔路,Secondary Road,,,,,6
code:12029,12029,SHEUNG HEUNG ROAD,上鄉道,Secondary Road,1926,1926-04-16,/egazette/en/1926-gn202.pdf,/egazette/zh/1926-gn202.pdf,6
code:12033,12033,SHEUNG KOK STREET,上角街,Secondary Road,,,,,6
code:13554,13554,SHEUNG NING ROAD,常寧路,Secondary Road,,,,,6
code:13028,13028,SHING MUN LANE,城門里,Secondary Road,,,,,6
code:12952,12952,SHING MUN TUNNEL,城門隧道,Tunnel,,,,,6
code:14068,14068,SHUI TAU ROAD,水頭路,Secondary Road,,,,,6
code:12083,12083,SHUM WAN ROAD,深灣道,Secondary Road,1969,1969-09-26,/egazette/en/2021-25-17-2548.pdf,/egazette/zh/2021-25-17-2548.pdf,6
code:12100,12100,SHUNG LING STREET,崇齡街,Secondary Road,,,,,6
code:12101,12101,SHUNG SHUN STREET,崇信街,Secondary Road,,,,,6
code:13090,13090,SILVER CREST ROAD,銀巒路,Secondary Road,,,,,6
code:14243,14243,SKY CITY INTERCHANGE,航天城交匯處,Secondary Road,,,,,6
code:12135,12135,SPRING GARDEN LANE,春園街,Secondary Road,,,,,6
code:12158,12158,STATION LANE,差館里,Secondary Road,,,,,6
code:13070,13070,TA HO TUN ROAD,打蠔墩路,Secondary Road,,,,,6
code:13141,13141,TAI HOM ROAD,大磡道,Secondary Road,1991,1991-11-22,/egazette/en/2018-22-32-6060.pdf,/egazette/zh/2018-22-32-6060.pdf,6
code:12240,12240,TAI NAN WEST STREET,大南西街,Secondary Road,1976,1976-06-18,/egazette/en/1976-gn1302.pdf,,6
code:12293,12293,TAI YAU STREET,大有街,Secondary Road,,,,,6
code:12303,12303,TAK FUNG STREET,德豐街,Secondary Road,,,,,6
code:12318,12318,TAK TIN STREET,德田街,Secondary Road,,,,,6
code:13062,13062,TAN CHEUNG ROAD,躉場路,Secondary Road,,,,,6
code:13136,13136,TATE'S CAIRN TUNNEL,大老山隧道,Tunnel,,,,,6
code:12357,12357,TIN CHIU STREET,電照街,Secondary Road,1939,1939-12-15,/egazette/en/1939-gn1179.pdf,/egazette/zh/1939-gn1179.pdf,6
code:13148,13148,TIN KWAI ROAD,天葵路,Secondary Road,2000,2000-07-07,/egazette/en/2000-gn4391.pdf,/egazette/zh/2000-gn4391.pdf,6
code:14029,14029,TIN SAU ROAD,天秀路,Secondary Road,2000,2000-07-07,/egazette/en/2000-gn4391.pdf,/egazette/zh/2000-gn4391.pdf,6
code:13119,13119,TIN WU ROAD,天湖路,Secondary Road,,,,,6
code:13048,13048,TING LAI ROAD,汀麗路,Secondary Road,,,,,6
code:12395,12395,TONNOCHY ROAD,杜老誌道,Secondary Road,1929,1929-06-14,/egazette/en/1929-gn312.pdf,/egazette/zh/1929-gn312.pdf,6
code:12397,12397,TOWN PARK ROAD SOUTH,公園南路,Secondary Road,,,,,6
code:13729,13729,TRADEMART DRIVE,展貿徑,Secondary Road,,,,,6
code:12407,12407,TSAT TSZ MUI ROAD,七姊妹道,Secondary Road,1939,1939-12-15,/egazette/en/1939-gn1179.pdf,/egazette/zh/1939-gn1179.pdf,6
code:12408,12408,TSE WAI AVENUE,紫葳路,Secondary Road,,,,,6
code:12409,12409,TSENG CHOI STREET,井財街,Secondary Road,1984,1984-11-30,/egazette/en/1984-gn3531.pdf,/egazette/zh/1984-gn3531.pdf,6
code:12418,12418,TSING FAT STREET,青發街,Secondary Road,,,,,6
code:12429,12429,TSING LUK STREET,青綠街,Secondary Road,,,,,6
code:12444,12444,TSING WU SQUARE,青湖坊,Secondary Road,1984,1984-11-30,/egazette/en/1984-gn3531.pdf,/egazette/zh/1984-gn3531.pdf,6
code:12468,12468,TSUEN WAN MARKET STREET,荃灣街市街,Secondary Road,1938,1938-04-14,/egazette/en/1938-gn299.pdf,/egazette/zh/1938-gn299.pdf,6
code:12498,12498,TUEN HI ROAD,屯喜路,Secondary Road,,,,,6
code:13997,13997,TUNG CHEONG STREET,東昌街,Secondary Road,1936,1936-04-17,/egazette/en/1936-gn360.pdf,/egazette/zh/1936-gn360.pdf,6
code:12528,12528,TUNG LUNG ROAD,東隆道,Secondary Road,,,,,6
code:13950,13950,WAH KWAI ROAD,華貴道,Secondary Road,,,,,6
code:12601,12601,WAI CHI STREET,偉智街,Secondary Road,1981,1981-11-06,/egazette/en/1981-gn3328.pdf,/egazette/zh/1981-gn3328.pdf,6
code:12634,12634,WAN HON STREET,雲漢街,Secondary Road,,,,,6
code:12645,12645,WAN TAU STREET,運頭街,Secondary Road,,,,,6
code:12657,12657,WANG HOI ROAD,宏開道,Secondary Road,1983,1983-07-15,/egazette/en/1983-gn2233.pdf,/egazette/zh/1983-gn2233.pdf,6
code:12683,12683,WANG YIP STREET WEST,宏業西街,Secondary Road,1983,1983-01-28,/egazette/en/1983-gn325.pdf,/egazette/zh/1983-gn325.pdf,6
code:39455,39455,WATERFRONT ROAD,海傍道,Secondary Road,,,,,6
code:39339,39339,WESTERN HARBOUR CROSSING,西區海底隧道,Tunnel,,,,,6
code:12733,12733,WING LOK STREET,永樂街,Secondary Road,,,,,6
code:12756,12756,WO CHE STREET,禾輋街,Secondary Road,1981,1981-03-27,/egazette/en/1981-gn959.pdf,/egazette/zh/1981-gn959.pdf,6
code:13163,13163,WO HING ROAD,和興路,Secondary Road,,,,,6
code:12774,12774,WONG CHU ROAD,皇珠路,Main Road,1984,1984-11-30,/egazette/en/1984-gn3531.pdf,/egazette/zh/1984-gn3531.pdf,6
code:14192,14192,WONG YI AU ROAD,黃宜坳路,Secondary Road,,,,,6
code:12791,12791,WOOSUNG STREET,吳松街,Secondary Road,1909,1909-03-19,/egazette/en/1909-gn184.pdf,/egazette/zh/1909-gn184.pdf,6
code:12800,12800,WUN SHA STREET,浣紗街,Secondary Road,1932,1932-08-19,/egazette/en/1932-gn542.pdf,/egazette/zh/1932-gn542.pdf,6
code:12807,12807,YAN CHING STREET,仁政街,Secondary Road,1975,1975-08-01,/egazette/en/1975-gn1693.pdf,,6
code:14495,14495,YAN PO ROAD,欣寶路,Secondary Road,2020,2020-10-23,https://www.landsd.gov.hk/doc/en/street-name/egazette/2020/egn202024436116.pdf,https://www.landsd.gov.hk/doc/tc/street-name/egazette/2020/cgn202024436116.pdf,6
code:12820,12820,YAN WING STREET,欣榮街,Secondary Road,1979,1979-11-09,/egazette/en/1979-gn2899.pdf,,6
code:13714,13714,YAT NGA LANE,逸雅里,Secondary Road,,,,,6
code:13979,13979,YAU POK ROAD,攸壆路,Secondary Road,,,,,6
code:12834,12834,YAU SHIN STREET,友善街,Secondary Road,1977,1977-12-02,/egazette/en/1977-gn2944.pdf,/egazette/zh/1977-gn2944.pdf,6
code:12840,12840,YAU YUE WAN VILLAGE ROAD,魷魚灣村道,Secondary Road,,,,,6
code:13893,13893,YEN CHOW STREET WEST,欽州街西,Secondary Road,,,,,6
code:12876,12876,YIP FAT STREET,業發街,Secondary Road,,,,,6
code:12977,12977,YIP WONG ROAD,業旺路,Secondary Road,2009,2009-03-20,/egazette/en/2009-13-12-1820.pdf,/egazette/zh/2009-13-12-1820.pdf,6
code:12899,12899,YUE FAI ROAD,漁暉道,Secondary Road,,,,,6
code:14107,14107,YUEN LONG KAU HUI ROAD,元朗舊墟路,Secondary Road,,,,,6
code:14552,14552,YUK TONG PATH,沃塘徑,Secondary Road,2024,2024-10-18,https://www.landsd.gov.hk/doc/en/street-name/egazette/2024/egn202428426215.pdf,https://www.landsd.gov.hk/doc/tc/street-name/egazette/2024/cgn202428426215.pdf,6
code:43775,43775,,,Secondary Road,,,,,5
code:42922,42922,,,Secondary Road,,,,,5
code:47034,47034,,,Secondary Road,,,,,5
code:41321,41321,,,Secondary Road,,,,,5
code:49123,49123,,,Highway,,,,,5
code:50142,50142,,,Secondary Road,,,,,5
code:49717,49717,,,Secondary Road,,,,,5
code:43686,43686,,,Secondary Road,,,,,5
code:43935,43935,,,Secondary Road,,,,,5
code:46992,46992,,,Secondary Road,,,,,5
code:41784,41784,,,Secondary Road,,,,,5
code:40905,40905,,,Secondary Road,,,,,5
code:40130,40130,,,Secondary Road,,,,,5
code:40787,40787,,,Secondary Road,,,,,5
code:44381,44381,,,Secondary Road,,,,,5
code:40523,40523,,,Secondary Road,,,,,5
code:48433,48433,,,Secondary Road,,,,,5
code:51018,51018,,,Secondary Road,,,,,5
code:42928,42928,,,Secondary Road,,,,,5
code:49380,49380,,,Secondary Road,,,,,5
code:41785,41785,,,Secondary Road,,,,,5
code:50399,50399,,,Secondary Road,,,,,5
code:43765,43765,,,Secondary Road,,,,,5
code:43586,43586,,,Secondary Road,,,,,5
code:41346,41346,,,Secondary Road,,,,,5
code:41761,41761,,,Secondary Road,,,,,5
code:41779,41779,,,Secondary Road,,,,,5
code:44036,44036,,,Secondary Road,,,,,5
code:46083,46083,,,Secondary Road,,,,,5
code:45062,45062,,,Secondary Road,,,,,5
code:40167,40167,,,Secondary Road,,,,,5
code:41954,41954,,,Secondary Road,,,,,5
code:44844,44844,,,Secondary Road,,,,,5
code:43941,43941,,,Secondary Road,,,,,5
code:40063,40063,,,Secondary Road,,,,,5
code:44350,44350,,,Secondary Road,,,,,5
code:42510,42510,,,Secondary Road,,,,,5
code:40472,40472,,,Secondary Road,,,,,5
code:40338,40338,,,Secondary Road,,,,,5
code:40463,40463,,,Secondary Road,,,,,5
code:46011,46011,,,Secondary Road,,,,,5
code:40797,40797,,,Secondary Road,,,,,5
code:50161,50161,,,Secondary Road,,,,,5
code:40784,40784,,,Secondary Road,,,,,5
code:46935,46935,,,Secondary Road,,,,,5
code:43424,43424,,,Secondary Road,,,,,5
code:42288,42288,,,Secondary Road,,,,,5
code:42255,42255,,,Secondary Road,,,,,5
code:44545,44545,,,Secondary Road,,,,,5
code:40526,40526,,,Secondary Road,,,,,5
code:48480,48480,,,Secondary Road,,,,,5
code:40914,40914,,,Secondary Road,,,,,5
code:45437,45437,,,Secondary Road,,,,,5
code:46037,46037,,,Secondary Road,,,,,5
code:41225,41225,,,Secondary Road,,,,,5
code:40272,40272,,,Secondary Road,,,,,5
code:46581,46581,,,Secondary Road,,,,,5
code:42578,42578,,,Secondary Road,,,,,5
code:40172,40172,,,Secondary Road,,,,,5
code:48805,48805,,,Secondary Road,,,,,5
code:40803,40803,,,Secondary Road,,,,,5
code:45165,45165,,,Secondary Road,,,,,5
code:44629,44629,,,Secondary Road,,,,,5
code:48145,48145,,,Secondary Road,,,,,5
code:46626,46626,,,Secondary Road,,,,,5
code:43764,43764,,,Secondary Road,,,,,5
code:40279,40279,,,Secondary Road,,,,,5
code:49678,49678,,,Secondary Road,,,,,5
code:45293,45293,,,Secondary Road,,,,,5
code:51715,51715,,,Secondary Road,,,,,5
code:40352,40352,,,Secondary Road,,,,,5
code:43510,43510,,,Secondary Road,,,,,5
code:42792,42792,,,Secondary Road,,,,,5
code:51376,51376,,,Secondary Road,,,,,5
code:41459,41459,,,Secondary Road,,,,,5
code:45551,45551,,,Secondary Road,,,,,5
code:42272,42272,,,Secondary Road,,,,,5
code:46133,46133,,,Secondary Road,,,,,5
code:46001,46001,,,Secondary Road,,,,,5
code:49741,49741,,,Secondary Road,,,,,5
code:41799,41799,,,Secondary Road,,,,,5
code:42099,42099,,,Secondary Road,,,,,5
code:49021,49021,,,Secondary Road,,,,,5
code:42637,42637,,,Secondary Road,,,,,5
code:48360,48360,,,Secondary Road,,,,,5
code:43871,43871,,,Secondary Road,,,,,5
code:42607,42607,,,Secondary Road,,,,,5
code:48220,48220,,,Highway,,,,,5
code:47969,47969,,,Secondary Road,,,,,5
code:45330,45330,,,Secondary Road,,,,,5
code:40644,40644,,,Secondary Road,,,,,5
code:46195,46195,,,Main Road,,,,,5
code:41499,41499,,,Secondary Road,,,,,5
code:48285,48285,,,Secondary Road,,,,,5
code:45520,45520,,,Secondary Road,,,,,5
code:43785,43785,,,Secondary Road,,,,,5
code:40826,40826,,,Secondary Road,,,,,5
code:43300,43300,,,Secondary Road,,,,,5
code:46376,46376,,,Secondary Road,,,,,5
code:40109,40109,,,Secondary Road,,,,,5
code:42038,42038,,,Secondary Road,,,,,5
code:50209,50209,,,Secondary Road,,,,,5
code:40624,40624,,,Secondary Road,,,,,5
code:51493,51493,,,Secondary Road,,,,,5
code:52461,52461,,,Secondary Road,,,,,5
code:42950,42950,,,Secondary Road,,,,,5
code:44622,44622,,,Secondary Road,,,,,5
code:44537,44537,,,Secondary Road,,,,,5
code:50070,50070,,,Secondary Road,,,,,5
code:49298,49298,,,Secondary Road,,,,,5
code:47277,47277,,,Secondary Road,,,,,5
code:45233,45233,,,Secondary Road,,,,,5
code:45987,45987,,,Secondary Road,,,,,5
code:45666,45666,,,Secondary Road,,,,,5
code:49423,49423,,,Secondary Road,,,,,5
code:44450,44450,,,Secondary Road,,,,,5
code:50959,50959,,,Secondary Road,,,,,5
code:41742,41742,,,Secondary Road,,,,,5
code:47459,47459,,,Secondary Road,,,,,5
code:41332,41332,,,Secondary Road,,,,,5
code:41282,41282,,,Secondary Road,,,,,5
code:44890,44890,,,Secondary Road,,,,,5
code:45083,45083,,,Secondary Road,,,,,5
code:40689,40689,,,Secondary Road,,,,,5
code:40045,40045,,,Secondary Road,,,,,5
code:51445,51445,,,Secondary Road,,,,,5
code:40247,40247,,,Secondary Road,,,,,5
code:42669,42669,,,Secondary Road,,,,,5
code:43782,43782,,,Secondary Road,,,,,5
code:45084,45084,,,Secondary Road,,,,,5
code:43200,43200,,,Secondary Road,,,,,5
code:47212,47212,,,Secondary Road,,,,,5
code:48782,48782,,,Secondary Road,,,,,5
code:41811,41811,,,Secondary Road,,,,,5
code:42864,42864,,,Secondary Road,,,,,5
code:43310,43310,,,Secondary Road,,,,,5
code:52684,52684,,,Secondary Road,,,,,5
code:46499,46499,,,Secondary Road,,,,,5
code:46211,46211,,,Secondary Road,,,,,5
code:46188,46188,,,Secondary Road,,,,,5
code:49930,49930,,,Main Road,,,,,5
code:40587,40587,,,Secondary Road,,,,,5
code:50558,50558,,,Main Road,,,,,5
code:46255,46255,,,Secondary Road,,,,,5
code:42518,42518,,,Secondary Road,,,,,5
code:45094,45094,,,Secondary Road,,,,,5
code:51511,51511,,,Secondary Road,,,,,5
code:51674,51674,,,Secondary Road,,,,,5
code:44067,44067,,,Secondary Road,,,,,5
code:49126,49126,,,Highway,,,,,5
code:50993,50993,,,Main Road,,,,,5
code:40990,40990,,,Secondary Road,,,,,5
code:45323,45323,,,Secondary Road,,,,,5
code:48465,48465,,,Secondary Road,,,,,5
code:43836,43836,,,Secondary Road,,,,,5
code:47814,47814,,,Secondary Road,,,,,5
code:46187,46187,,,Secondary Road,,,,,5
code:52485,52485,,,Secondary Road,,,,,5
code:43845,43845,,,Secondary Road,,,,,5
code:48558,48558,,,Secondary Road,,,,,5
code:43135,43135,,,Secondary Road,,,,,5
code:45215,45215,,,Main Road,,,,,5
code:43493,43493,,,Secondary Road,,,,,5
code:51914,51914,,,Secondary Road,,,,,5
code:50814,50814,,,Secondary Road,,,,,5
code:52472,52472,,,Secondary Road,,,,,5
code:52017,52017,,,Secondary Road,,,,,5
code:40250,40250,,,Secondary Road,,,,,5
code:52672,52672,,,Secondary Road,,,,,5
code:44780,44780,,,Secondary Road,,,,,5
code:42132,42132,,,Secondary Road,,,,,5
code:40298,40298,,,Secondary Road,,,,,5
code:46108,46108,,,Secondary Road,,,,,5
code:42816,42816,,,Secondary Road,,,,,5
code:40140,40140,,,Secondary Road,,,,,5
code:48864,48864,,,Secondary Road,,,,,5
code:52100,52100,,,Secondary Road,,,,,5
code:51827,51827,,,Secondary Road,,,,,5
code:51963,51963,,,Secondary Road,,,,,5
code:52250,52250,,,Secondary Road,,,,,5
code:53335,53335,,,Secondary Road,,,,,5
code:53174,53174,,,Secondary Road,,,,,5
code:53197,53197,,,Secondary Road,,,,,5
code:52697,52697,,,Secondary Road,,,,,5
code:52806,52806,,,Secondary Road,,,,,5
code:52027,52027,,,Secondary Road,,,,,5
code:47498,47498,,,Secondary Road,,,,,5
code:45458,45458,,,Secondary Road,,,,,5
code:47285,47285,,,Secondary Road,,,,,5
code:49414,49414,,,Secondary Road,,,,,5
code:46059,46059,,,Secondary Road,,,,,5
code:44041,44041,,,Secondary Road,,,,,5
code:40908,40908,,,Secondary Road,,,,,5
code:46928,46928,,,Secondary Road,,,,,5
code:49534,49534,,,Secondary Road,,,,,5
code:53453,53453,,,Secondary Road,,,,,5
code:49020,49020,,,Secondary Road,,,,,5
code:41330,41330,,,Secondary Road,,,,,5
code:42080,42080,,,Main Road,,,,,5
code:40108,40108,,,Secondary Road,,,,,5
code:52954,52954,,,Secondary Road,,,,,5
code:53540,53540,,,Secondary Road,,,,,5
code:53465,53465,,,Secondary Road,,,,,5
code:43109,43109,,,Secondary Road,,,,,5
code:51543,51543,,,Secondary Road,,,,,5
code:53492,53492,,,Secondary Road,,,,,5
code:52679,52679,,,Secondary Road,,,,,5
code:51885,51885,,,Secondary Road,,,,,5
code:51960,51960,,,Secondary Road,,,,,5
code:51641,51641,,,Secondary Road,,,,,5
code:42496,42496,,,Secondary Road,,,,,5
code:51974,51974,,,Secondary Road,,,,,5
code:52578,52578,,,Secondary Road,,,,,5
code:53539,53539,,,Secondary Road,,,,,5
code:40457,40457,,,Secondary Road,,,,,5
code:48496,48496,,,Secondary Road,,,,,5
code:52725,52725,,,Secondary Road,,,,,5
code:51996,51996,,,Secondary Road,,,,,5
code:52010,52010,,,Secondary Road,,,,,5
code:52021,52021,,,Secondary Road,,,,,5
code:42256,42256,,,Secondary Road,,,,,5
code:51948,51948,,,Secondary Road,,,,,5
code:40012,40012,,,Secondary Road,,,,,5
code:47150,47150,,,Secondary Road,,,,,5
code:44074,44074,,,Secondary Road,,,,,5
code:52089,52089,,,Secondary Road,,,,,5
code:43383,43383,,,Secondary Road,,,,,5
code:51875,51875,,,Secondary Road,,,,,5
code:53126,53126,,,Secondary Road,,,,,5
code:51617,51617,,,Secondary Road,,,,,5
code:52908,52908,,,Restricted Road,,,,,5
code:53315,53315,,,Secondary Road,,,,,5
code:52156,52156,,,Secondary Road,,,,,5
code:53027,53027,,,Secondary Road,,,,,5
code:45541,45541,,,Secondary Road,,,,,5
code:52654,52654,,,Secondary Road,,,,,5
code:52801,52801,,,Secondary Road,,,,,5
code:52816,52816,,,Secondary Road,,,,,5
code:52896,52896,,,Secondary Road,,,,,5
code:49495,49495,,,Secondary Road,,,,,5
code:51825,51825,,,Secondary Road,,,,,5
code:52110,52110,,,Secondary Road,,,,,5
code:52260,52260,,,Secondary Road,,,,,5
code:51783,51783,,,Secondary Road,,,,,5
code:47044,47044,,,Secondary Road,,,,,5
code:52346,52346,,,Secondary Road,,,,,5
code:53260,53260,,,Secondary Road,,,,,5
code:52403,52403,,,Secondary Road,,,,,5
code:52559,52559,,,Secondary Road,,,,,5
code:52273,52273,,,Secondary Road,,,,,5
code:41237,41237,,,Secondary Road,,,,,5
code:52869,52869,,,Secondary Road,,,,,5
code:53202,53202,,,Secondary Road,,,,,5
code:47789,47789,,,Secondary Road,,,,,5
code:44181,44181,,,Secondary Road,,,,,5
code:49011,49011,,,Secondary Road,,,,,5
code:45110,45110,,,Secondary Road,,,,,5
code:51201,51201,,,Secondary Road,,,,,5
code:44392,44392,,,Secondary Road,,,,,5
code:52269,52269,,,Secondary Road,,,,,5
code:52280,52280,,,Secondary Road,,,,,5
code:51994,51994,,,Secondary Road,,,,,5
code:52069,52069,,,Secondary Road,,,,,5
code:52923,52923,,,Secondary Road,,,,,5
code:43020,43020,,,Secondary Road,,,,,5
code:52623,52623,,,Secondary Road,,,,,5
code:53305,53305,,,Secondary Road,,,,,5
code:10004,10004,A KUNG NGAM VILLAGE ROAD,阿公岩村道,Secondary Road,1975,1975-07-11,/egazette/en/1975-gn1541.pdf,,5
code:10012,10012,ALDRICH BAY ROAD,愛秩序灣道,Secondary Road,,,,,5
code:10019,10019,ANDERSON ROAD,安達臣道,Secondary Road,1976,1976-12-10,/egazette/en/1976-gn2757.pdf,/egazette/zh/2023-27-22-3377.pdf,5
code:39460,39460,AVENUE DE VERSAILLES,凡爾賽大道,Secondary Road,,,,,5
code:10039,10039,BAILEY STREET,庇利街,Secondary Road,1935,1935-04-26,/egazette/en/1935-gn334.pdf,/egazette/zh/1935-gn334.pdf,5
code:10050,10050,BEACH ROAD,海灘道,Secondary Road,1935,1935-04-12,/egazette/en/1935-gn302.pdf,/egazette/zh/1935-gn302.pdf,5
code:10051,10051,BEACON HILL ROAD,筆架山道,Secondary Road,,,,,5
code:10055,10055,BEGONIA ROAD,海棠路,Secondary Road,1953,1953-11-20,/egazette/en/1953-gn1420.pdf,/egazette/zh/1953-gn1420.pdf,5
code:10064,10064,BLACK'S LINK,布力徑,Secondary Road,1904,1904-07-29,/egazette/en/1904-gn523.pdf,/egazette/zh/1904-gn523.pdf,5
code:10083,10083,BRAGA CIRCUIT,布力架街,Secondary Road,1936,1936-11-06,/egazette/en/1936-gn885.pdf,/egazette/zh/1936-gn885.pdf,5
code:10093,10093,BROADWOOD ROAD,樂活道,Secondary Road,1915,1915-05-21,/egazette/en/1915-gn225.pdf,/egazette/zh/1915-gn225.pdf,5
code:39208,39208,CAMELIA PATH,茶花徑,Secondary Road,,,,,5
code:39387,39387,CAMPUS CIRCUIT NORTH,環迴北路,Secondary Road,,,,,5
code:10119,10119,CAPE ROAD,環角道,Secondary Road,,,,,5
code:10124,10124,CAROLINE HILL ROAD,加路連山道,Secondary Road,,,,,5
code:13688,13688,CASTLE PEAK ROAD - LINGNAN,青山公路　－　嶺南段,Secondary Road,,,,,5
code:10171,10171,CHENGTU ROAD,成都道,Secondary Road,1941,1941-10-24,/egazette/en/1941-gn1261.pdf,/egazette/zh/1941-gn1261.pdf,5
code:13799,13799,CHEONG HONG ROAD,暢航路,Main Road,1998,1998-01-02,/egazette/en/2019-23-30-4781.pdf,/egazette/zh/2019-23-30-4781.pdf,5
code:11671,11671,CHEUNG CHAU PEAK ROAD WEST,長洲山頂道西,Track,,,,,5
code:10195,10195,CHEUNG KWAI ROAD,長貴路,Track,,,,,5
code:12999,12999,CHEUNG SHEK ROAD,長碩路,Track,,,,,5
code:10217,10217,CHEUNG WING ROAD,昌榮路,Main Road,,,,,5
code:13620,13620,CHI CHEONG ROAD,智昌路,Secondary Road,,,,,5
code:10225,10225,CHI FU CLOSE,置富徑,Secondary Road,1979,1979-05-11,/egazette/en/1979-gn1195.pdf,,5
code:10231,10231,CHI WO STREET,志和街,Secondary Road,1920,1920-09-17,/egazette/en/1920-gn483.pdf,/egazette/zh/1920-gn483.pdf,5
code:10239,10239,CHIK FUK STREET,積福街,Secondary Road,,,,,5
code:14476,14476,CHING LAI ROAD,澄麗路,Secondary Road,2019,2019-03-01,https://www.landsd.gov.hk/doc/en/street-name/egazette/2019/egn201923091657.pdf,https://www.landsd.gov.hk/doc/tc/street-name/egazette/2019/cgn201923091657.pdf,5
code:10261,10261,CHOI FUNG PATH,彩鳳徑,Secondary Road,1983,1983-08-12,/egazette/en/1983-gn2625.pdf,/egazette/zh/1983-gn2625.pdf,5
code:13538,13538,CHUI LOK STREET,翠樂街,Secondary Road,,,,,5
code:14084,14084,CHUI YAN STREET,翠欣街,Secondary Road,,,,,5
code:13651,13651,CHUK YAU ROAD,竹攸路,Secondary Road,,,,,5
code:13697,13697,CHUN KWONG STREET,駿光街,Secondary Road,,,,,5
code:13518,13518,CHUNG KONG ROAD,中港道,Secondary Road,,,,,5
code:13177,13177,CHUNG LING ROAD,松嶺路,Secondary Road,,,,,5
code:13967,13967,CHUNG YAN ROAD,松仁路,Secondary Road,,,,,5
code:10316,10316,CLOUD VIEW ROAD,雲景道,Secondary Road,,,,,5
code:10334,10334,CONVENTION AVENUE,會議道,Secondary Road,1988,1988-02-05,/egazette/en/2023-27-25-3741.pdf,/egazette/zh/2023-27-25-3741.pdf,5
code:39003,39003,CROSS HARBOUR TUNNEL,海底隧道,Main Road,,,,,5
code:10395,10395,DYER AVENUE,戴亞街,Secondary Road,1930,1930-01-17,/egazette/en/1930-gn38.pdf,/egazette/zh/1930-gn38.pdf,5
code:39582,39582,EASTERN ROAD,東路,Secondary Road,,,,,5
code:10414,10414,ESSEX CRESCENT,雅息士道,Secondary Road,1929,1929-08-23,/egazette/en/1929-gn427.pdf,/egazette/zh/1929-gn427.pdf,5
code:10420,10420,FACTORY STREET,工廠街,Secondary Road,1931,1931-05-15,/egazette/en/1931-gn300.pdf,/egazette/zh/1931-gn300.pdf,5
code:13686,13686,FAI MING ROAD,暉明路,Secondary Road,,,,,5
code:39128,39128,"FAIRVIEW PARK SECTION F, 8TH STREET",錦綉花園Ｆ段第八街,Secondary Road,,,,,5
code:10481,10481,FENWICK PIER STREET,分域碼頭街,Secondary Road,1974,1974-05-31,/egazette/en/1974-gn1382.pdf,/egazette/zh/1974-gn1382.pdf,5
code:14233,14233,FO YIN ROAD,科研路,Secondary Road,2005,2005-10-21,/egazette/en/2005-09-42-5456.pdf,,5
code:10519,10519,FU HING STREET,符興街,Secondary Road,1958,1958-06-06,/egazette/en/1958-gn770.pdf,/egazette/zh/1958-gn770.pdf,5
code:10529,10529,FU TEI AU ROAD,虎地㘭道,Secondary Road,,,,,5
code:10532,10532,FU UK ROAD,傅屋路,Secondary Road,,,,,5
code:13621,13621,FUNG NAM ROAD,鳳南路,Secondary Road,,,,,5
code:39466,39466,GATEWAY BOULEVARD,港威大道,Secondary Road,,,,,5
code:39301,39301,GERANIUM PATH,洋葵徑,Secondary Road,,,,,5
code:10610,10610,GOLDEN BAMBOO ROAD EAST,金竹東路,Secondary Road,1984,1984-08-31,/egazette/en/1984-gn2609.pdf,/egazette/zh/1984-gn2609.pdf,5
code:10617,10617,GOUGH HILL ROAD,歌賦山道,Secondary Road,,,,,5
code:10619,10619,GRAHAM STREET,嘉咸街,Secondary Road,,,,,5
code:10625,10625,GREEN LANE,箕璉坊,Secondary Road,1940,1940-02-07,/egazette/en/1940-gn154.pdf,/egazette/zh/1940-gn154.pdf,5
code:10642,10642,HAMILTON STREET,咸美頓街,Secondary Road,,,,,5
code:10646,10646,HANG HAU ROAD,坑口道,Secondary Road,1977,1977-06-10,/egazette/en/1977-gn1311.pdf,/egazette/zh/1977-gn1311.pdf,5
code:10662,10662,HARBOUR VIEW STREET,港景街,Secondary Road,1974,1974-05-31,/egazette/en/1974-gn1381.pdf,/egazette/zh/1974-gn1381.pdf,5
code:10690,10690,HEREFORD ROAD,禧福道,Secondary Road,1951,1951-05-18,/egazette/en/1951-gn522.pdf,/egazette/zh/1951-gn522.pdf,5
code:10703,10703,HIGH STREET,高街,Secondary Road,,,,,5
code:13516,13516,HING FU STREET,興富街,Secondary Road,,,,,5
code:13066,13066,HING KENG SHEK ROAD,慶徑石路,Secondary Road,,,,,5
code:10740,10740,HIP YAN STREET,協欣街,Secondary Road,1983,1983-12-23,/egazette/en/1983-gn3977.pdf,/egazette/zh/1983-gn3977.pdf,5
code:10754,10754,HO LEK PUI STREET,河瀝背街,Secondary Road,1984,1984-06-15,/egazette/en/1984-gn1737.pdf,/egazette/zh/1984-gn1737.pdf,5
code:10761,10761,HO TUNG ROAD,何東道,Secondary Road,1939,1939-04-28,/egazette/en/1939-gn341.pdf,/egazette/zh/1939-gn341.pdf,5
code:14498,14498,HO YAT STREET,浩逸街,Secondary Road,2020,2020-11-06,/egazette/en/2020-24-45-6474.pdf,/egazette/zh/2020-24-45-6474.pdf,5
code:12990,12990,HOI CHU ROAD,海珠路,Secondary Road,,,,,5
code:12962,12962,HOI KWAI ROAD,海貴路,Secondary Road,1990,1990-07-06,/egazette/en/2019-23-09-1654.pdf,/egazette/zh/2019-23-09-1654.pdf,5
code:13644,13644,HOI ON ROAD,海安路,Secondary Road,,,,,5
code:10792,10792,HOK TAU ROAD,鶴藪道,Secondary Road,,,,,5
code:10803,10803,HONG KEUNG STREET,康強街,Secondary Road,,,,,5
code:10813,10813,HONG LOK YUEN FIFTH STREET,康樂園第五街,Secondary Road,,,,,5
code:13549,13549,HONG PO ROAD,康寶路,Secondary Road,,,,,5
code:10843,10843,HONG TSUEN ROAD,康村路,Secondary Road,,,,,5
code:10852,10852,HOP YICK ROAD,合益路,Secondary Road,,,,,5
code:14117,14117,HUNG KEI ROAD,洪基路,Secondary Road,,,,,5
code:10884,10884,INVERNESS ROAD,延文禮士道,Secondary Road,1950,1950-07-21,/egazette/en/1950-gn867-868-869.pdf,,5
code:10915,10915,KA NING PATH,嘉寧徑,Secondary Road,,,,,5
code:10935,10935,KAI LOK STREET,啓樂街,Secondary Road,1983,1983-07-15,/egazette/en/1983-gn2233.pdf,/egazette/zh/1983-gn2233.pdf,5
code:14025,14025,KAI WO ROAD,啟和路,Secondary Road,2000,2000-06-23,/egazette/en/2000-gn3981.pdf,/egazette/zh/2000-gn3981.pdf,5
code:39030,39030,KAK TIN VILLAGE NAM HIN ROAD,隔田村南軒路,Secondary Road,,,,,5
code:13691,13691,KAM HANG ROAD,金坑路,Secondary Road,,,,,5
code:10957,10957,KAM PING STREET,錦屏街,Secondary Road,1961,1961-06-16,/egazette/en/1961-gn1002.pdf,,5
code:13734,13734,KAM YU ROAD,錦儒路,Secondary Road,,,,,5
code:14132,14132,KAN HOK LANE,勤學里,Secondary Road,,,,,5
code:10971,10971,KAU PUI LUNG ROAD,靠背壟道,Secondary Road,1926,1926-06-25,/egazette/en/1926-gn342.pdf,/egazette/zh/1926-gn342.pdf,5
code:10983,10983,KENNEDY STREET,堅彌地街,Secondary Road,,,,,5
code:10994,10994,KIMBERLEY ROAD,金巴利道,Secondary Road,,,,,5
code:11021,11021,KING CHO ROAD,敬祖路,Secondary Road,1977,1977-11-25,/egazette/en/1977-gn2860.pdf,/egazette/zh/1977-gn2860.pdf,5
code:14042,14042,KING LING ROAD,景嶺路,Secondary Road,,,,,5
code:11064,11064,KOWLOON PARK DRIVE,九龍公園徑,Main Road,1975,1975-07-25,/egazette/en/1975-gn1659.pdf,,5
code:11073,11073,KUNG LOK ROAD,功樂道,Secondary Road,,,/egazette/en/1976-gn721.pdf,,5
code:11082,11082,KWAI FOO ROAD,葵富路,Secondary Road,1974,1974-04-19,/egazette/en/1974-gn1023.pdf,/egazette/zh/1974-gn1023.pdf,5
code:11100,11100,KWAI TING ROAD,葵定路,Secondary Road,,,,,5
code:11111,11111,KWEI CHOW STREET,貴州街,Secondary Road,1935,1935-04-26,/egazette/en/1935-gn334.pdf,/egazette/zh/1935-gn334.pdf,5
code:11132,11132,KWONG SIN STREET,廣善街,Secondary Road,,,,,5
code:14156,14156,KWUN CHUI ROAD,管翠路,Secondary Road,,,,,5
code:11146,11146,LADDER STREET,樓梯街,Track,,,,,5
code:11150,11150,LAI CHI LING ROAD,荔枝嶺路,Secondary Road,1980,1980-05-16,/egazette/en/1980-gn1503.pdf,,5
code:11159,11159,LAI PAN PATH,麗濱徑,Secondary Road,,,,,5
code:11163,11163,LAI WAN ROAD,荔灣道,Secondary Road,,,,,5
code:11172,11172,LAM CHUNG AVENUE,藍鐘路,Secondary Road,,,,,5
code:14404,14404,LAU YIP STREET,流業街,Secondary Road,2015,2015-03-13,/egazette/en/2015-19-11-2182.pdf,/egazette/zh/2015-19-11-2182.pdf,5
code:11199,11199,LEE GARDEN ROAD,利園山道,Secondary Road,,,,,5
code:11211,11211,LEI SHU ROAD,梨樹路,Secondary Road,,,,,5
code:11216,11216,LEK YUEN STREET,瀝源街,Secondary Road,,,,,5
code:11237,11237,LIN SHING ROAD,連城道,Secondary Road,,,,,5
code:11264,11264,LOK SHING STREET,樂城街,Secondary Road,,,,,5
code:14554,14554,LONG FUNG STREET,朗風街,Secondary Road,2025,2025-01-24,https://www.landsd.gov.hk/doc/en/street-name/egazette/2025/egn20252904565.pdf,https://www.landsd.gov.hk/doc/tc/street-name/egazette/2025/cgn20252904565.pdf,5
code:11282,11282,LOWER ALBERT ROAD,下亞厘畢道,Secondary Road,,,,,5
code:11285,11285,LOWER SHING MUN ROAD,下城門道,Secondary Road,,,,,5
code:11286,11286,LUARD ROAD,盧押道,Secondary Road,1929,1929-06-14,/egazette/en/1929-gn312.pdf,/egazette/zh/1929-gn312.pdf,5
code:11295,11295,LUEN WO ROAD,聯和道,Secondary Road,,,,,5
code:11338,11338,MA FUNG LING ROAD,孖峰嶺路,Secondary Road,,,,,5
code:11343,11343,MA LOK PATH,馬樂徑,Secondary Road,1981,1981-03-27,/egazette/en/1981-gn958.pdf,/egazette/zh/1981-gn958.pdf,5
code:14485,14485,MAI PO SOUTH ROAD,米埔南路,Secondary Road,2020,2020-04-03,/egazette/en/2020-24-14-1669.pdf,/egazette/zh/2020-24-14-1669.pdf,5
code:11366,11366,MAN CHEONG STREET,文昌街,Secondary Road,1974,1974-07-12,/egazette/en/1974-gn1739.pdf,/egazette/zh/1974-gn1739.pdf,5
code:11374,11374,MAN LAI ROAD,文禮路,Secondary Road,1980,1980-09-26,/egazette/en/1980-gn3083.pdf,,5
code:11378,11378,MAN NIN STREET,萬年街,Secondary Road,,,,,5
code:13582,13582,MAU YIP ROAD,貿業路,Secondary Road,,,,,5
code:11407,11407,MAY ROAD,梅道,Secondary Road,1907,1907-04-12,/egazette/en/1907-gn250.pdf,/egazette/zh/1907-gn250.pdf,5
code:11425,11425,MIDDLE ROAD,中間道,Secondary Road,,,,,5
code:39489,39489,MIDDLESEX ROAD,米度適道,Secondary Road,,,,,5
code:39309,39309,MISEREOR ROAD,永愛道,Secondary Road,,,,,5
code:39470,39470,MONTEREY DRIVE,花園徑,Secondary Road,,,,,5
code:14537,14537,MOON TIN LANE,滿田里,Secondary Road,2023,2023-05-19,/egazette/en/2023-27-20-3075.pdf,/egazette/zh/2023-27-20-3075.pdf,5
code:11464,11464,MORRISON STREET,摩利臣街,Secondary Road,,,,,5
code:14387,14387,MUK NING STREET,沐寧街,Secondary Road,2014,2014-02-14,/egazette/en/2014-18-7-930.pdf,/egazette/zh/2014-18-7-930.pdf,5
code:13902,13902,NAM FUNG PATH,南風徑,Secondary Road,,,,,5
code:14154,14154,NAM HING EAST ROAD,南慶東路,Secondary Road,,,,,5
code:11494,11494,NAM ON LANE,南安里,Secondary Road,,,,,5
code:13058,13058,NAM SHAN SAN TSUEN ROAD,南山新村路,Secondary Road,,,,,5
code:11502,11502,NANKING STREET,南京街,Secondary Road,1909,1909-03-19,/egazette/en/1909-gn184.pdf,/egazette/zh/1909-gn184.pdf,5
code:39380,39380,NEW ASIA CIRCLE,新亞坊,Secondary Road,,,,,5
code:13772,13772,NG CHOW SOUTH ROAD,五洲南路,Secondary Road,,,,,5
code:11522,11522,NGAN HO PATH,銀河徑,Secondary Road,1983,1983-05-27,/egazette/en/1983-gn1665.pdf,/egazette/zh/1983-gn1665.pdf,5
code:13591,13591,NGAN SHEK STREET,銀石街,Secondary Road,,,,,5
code:13898,13898,NGONG SHUNG ROAD,昂船路,Secondary Road,,,,,5
code:14311,14311,NIGHTINGALE ROAD,南丁格爾路,Secondary Road,2008,2008-10-10,/egazette/en/2008-12-41-7003.pdf,/egazette/zh/2008-12-41-7003.pdf,5
code:13928,13928,NIN MING ROAD,年明路,Secondary Road,,,,,5
code:11548,11548,NING YUEN STREET,寧遠街,Secondary Road,,,,,5
code:11556,11556,NULLAH ROAD,水渠道,Secondary Road,1930,1930-01-17,/egazette/en/1930-gn39.pdf,/egazette/zh/1930-gn39.pdf,5
code:11562,11562,OBSERVATORY ROAD,天文臺道,Secondary Road,,,,,5
code:14504,14504,OCEAN DRIVE,海洋徑,Secondary Road,2021,2021-04-30,/egazette/en/2025-29-17-2547.pdf,/egazette/zh/2025-29-17-2547.pdf,5
code:11564,11564,OI KWAN ROAD,愛群道,Secondary Road,,,,,5
code:13510,13510,OI LAI LANE,愛禮里,Secondary Road,,,,,5
code:14013,14013,OI SHUN ROAD,愛信道,Secondary Road,,,,,5
code:11589,11589,ON LOK MUN STREET,安樂門街,Secondary Road,,,,,5
code:11603,11603,ON SUM STREET,安心街,Secondary Road,1984,1984-09-07,/egazette/en/1984-gn2660.pdf,/egazette/zh/1984-gn2660.pdf,5
code:11611,11611,ON WAN ROAD,安運道,Main Road,2001,2001-03-09,/egazette/en/2015-19-46-8864.pdf,/egazette/zh/2015-19-46-8864.pdf,5
code:11625,11625,PAK FUK ROAD,百福道,Secondary Road,,,,,5
code:14128,14128,PAK LAI ROAD,珀麗路,Secondary Road,,,,,5
code:11653,11653,PAK WAN STREET,白雲街,Secondary Road,1977,1977-07-29,/egazette/en/1977-gn1794.pdf,/egazette/zh/1977-gn1794.pdf,5
code:39046,39046,PALM DRIVE,棕櫚徑,Secondary Road,,,,,5
code:11659,11659,PARKES STREET,白加士街,Secondary Road,,,,,5
code:11666,11666,PAU CHUNG STREET,炮仗街,Secondary Road,1926,1926-04-16,/egazette/en/1926-gn202.pdf,/egazette/zh/1926-gn202.pdf,5
code:11673,11673,PEEL RISE,貝璐道,Secondary Road,,,/egazette/en/1960-gn1174.pdf,,5
code:11676,11676,PEKING ROAD,北京道,Secondary Road,1909,1909-03-19,/egazette/en/1909-gn184.pdf,/egazette/zh/1909-gn184.pdf,5
code:11686,11686,PERTH STREET,巴富街,Secondary Road,1950,1950-09-15,/egazette/en/1950-gn1083.pdf,/egazette/zh/1950-gn1083.pdf,5
code:39267,39267,PINACEAE DRIVE,翠松路,Secondary Road,,,,,5
code:11696,11696,PINERY ROAD EAST,松濤東路,Secondary Road,1984,1984-08-31,/egazette/en/1984-gn2609.pdf,/egazette/zh/1984-gn2609.pdf,5
code:39131,39131,PINERY ROAD WEST,松濤西路,Secondary Road,,,,,5
code:13557,13557,PING KWAI ROAD,屏葵路,Secondary Road,,,,,5
code:13717,13717,PING SHAN NAM PAK ROAD,屏山南北路,Secondary Road,,,,,5
code:11720,11720,PING TONG STREET WEST,屏唐西街,Secondary Road,,,,,5
code:13122,13122,PING YEE ROAD,屏義路,Secondary Road,,,,,5
code:11724,11724,PLAYING FIELD ROAD,運動場道,Secondary Road,1932,1932-09-16,/egazette/en/1932-gn591.pdf,/egazette/zh/1932-gn591.pdf,5
code:11726,11726,PLUNKETT'S ROAD,賓吉道,Secondary Road,,,,,5
code:12987,12987,PO FUNG ROAD,寶豐路,Secondary Road,,,,,5
code:11746,11746,PO LUN STREET,寶輪街,Secondary Road,,,,,5
code:13183,13183,PO PING ROAD,保平路,Secondary Road,,,,,5
code:11752,11752,PO SHING STREET,寶城街,Secondary Road,,,,,5
code:14124,14124,POK WAI SOUTH ROAD,壆圍南路,Secondary Road,2002,2002-08-23,/egazette/en/2002-06-34-5146.pdf,/egazette/zh/2002-06-34-5146.pdf,5
code:11779,11779,POTTINGER STREET,砵典乍街,Secondary Road,,,,,5
code:39450,39450,PRECIPITATOR ROAD,除塵器道,Secondary Road,,,,,5
code:39563,39563,RIGI AVENUE,瑞奇大道,Secondary Road,,,,,5
code:11863,11863,SAI YEUNG CHOI STREET NORTH,西洋菜北街,Secondary Road,1924,1924-08-29,/egazette/en/1924-gn492.pdf,/egazette/zh/1924-gn492.pdf,5
code:11871,11871,SAM CHUK STREET,三祝街,Secondary Road,,,,,5
code:12995,12995,SAN FUK ROAD,新福路,Secondary Road,,,,,5
code:11888,11888,SAN HONG STREET,新康街,Secondary Road,1958,1958-06-06,/egazette/en/1958-gn770.pdf,/egazette/zh/1958-gn770.pdf,5
code:11905,11905,SAN SAU STREET,新秀街,Secondary Road,,,,,5
code:14251,14251,SAN SHEK WAN NORTH ROAD,散石灣北路,Secondary Road,,,,,5
code:11909,11909,SAN SHING AVENUE,新成路,Secondary Road,1958,1958-06-06,/egazette/en/1958-gn770.pdf,/egazette/zh/1958-gn770.pdf,5
code:11929,11929,SAU MING ROAD,秀明道,Secondary Road,,,,,5
code:11936,11936,SCHOOL STREET,書館街,Secondary Road,,,,,5
code:11941,11941,SEABEE LANE,海蜂徑,Secondary Road,,,,,5
code:14193,14193,SHA HA ROAD,沙下路,Secondary Road,,,,,5
code:11957,11957,SHA LING ROAD,沙嶺道,Secondary Road,,,,,5
code:13795,13795,SHA ON STREET,沙安街,Secondary Road,,,,,5
code:11963,11963,SHA TIN HEIGHTS ROAD,沙田嶺路,Secondary Road,1983,1983-07-01,/egazette/en/1983-gn2023.pdf,/egazette/zh/1983-gn2023.pdf,5
code:11969,11969,SHA TSENG ROAD,沙井路,Secondary Road,,,,,5
code:13666,13666,SHAM CHUNG TSUEN ROAD,深涌村路,Secondary Road,,,,,5
code:13848,13848,SHAM FUNG ROAD,深豐路,Secondary Road,,,,,5
code:11979,11979,SHAN LIU ROAD,山寮路,Secondary Road,1970,1970-04-03,/egazette/en/2009-13-10-1502.pdf,/egazette/zh/2009-13-10-1502.pdf,5
code:12012,12012,SHEK PIK RESERVOIR ROAD,石壁水塘路,Secondary Road,,,,,5
code:14388,14388,SHEK TIN ROAD,石田路,Secondary Road,2014,2014-02-14,/egazette/en/2014-18-7-931.pdf,/egazette/zh/2014-18-7-931.pdf,5
code:12017,12017,SHEK WAI KOK ROAD,石圍角路,Tunnel,1983,1983-11-04,/egazette/en/1983-gn3497.pdf,/egazette/zh/1983-gn3497.pdf,5
code:13602,13602,SHEK WU WAI ROAD,石湖圍路,Secondary Road,,,,,5
code:12036,12036,SHEUNG SHING STREET,常盛街,Secondary Road,,,,,5
code:12048,12048,SHING HO ROAD,城河道,Secondary Road,1969,1969-12-24,/egazette/en/1984-gn3072.pdf,/egazette/zh/1984-gn3072.pdf,5
code:14513,14513,SHING KING STREET,承景街,Secondary Road,2021,2021-06-25,/egazette/en/2021-25-25-3897.pdf,/egazette/zh/2021-25-25-3897.pdf,5
code:12061,12061,SHING WAN ROAD,成運路,Secondary Road,1979,1979-12-21,/egazette/en/1979-gn3311.pdf,,5
code:12062,12062,SHING WONG STREET,城皇街,Secondary Road,,,,,5
code:12095,12095,SHUN TAI ROAD,順泰道,Secondary Road,1984,1984-11-30,/egazette/en/1984-gn3529.pdf,/egazette/zh/1984-gn3529.pdf,5
code:13507,13507,SHUN TAT STREET,順達街,Secondary Road,,,,,5
code:14306,14306,SIENA AVENUE,海澄湖畔路,Secondary Road,,,,,5
code:13512,13512,SIU LUN STREET,兆麟街,Secondary Road,,,,,5
code:14145,14145,SO KWUN WAT TSUEN ROAD,掃管笏村路,Secondary Road,,,,,5
code:12147,12147,STANLEY BEACH ROAD,赤柱灘道,Secondary Road,1933,1933-11-10,/egazette/en/1933-gn727.pdf,/egazette/zh/1933-gn727.pdf,5
code:12150,12150,STANLEY MAIN STREET,赤柱大街,Secondary Road,,,,,5
code:12159,12159,STAUNTON STREET,士丹頓街,Secondary Road,,,,,5
code:12164,12164,STONE NULLAH LANE,石水渠街,Secondary Road,,,,,5
code:12178,12178,SUN SING STREET,新成街,Secondary Road,,,,,5
code:12213,12213,TAI HA STREET,大廈街,Secondary Road,,,,,5
code:12219,12219,TAI HING STREET,大興街,Secondary Road,1983,1983-01-28,/egazette/en/1983-gn326.pdf,/egazette/zh/1983-gn326.pdf,5
code:13005,13005,TAI LAM WU ROAD,大藍湖路,Secondary Road,,,,,5
code:12236,12236,TAI MO SHAN ROAD,大帽山道,Secondary Road,,,,,5
code:13904,13904,TAI PAK TIN TSUEN ROAD,大白田村路,Secondary Road,,,,,5
code:12253,12253,TAI PING SHAN STREET,太平山街,Secondary Road,,,,,5
code:14301,14301,TAI PO LUNG MEI ROAD,大埔龍尾路,Secondary Road,,,,,5
code:12966,12966,TAI PO TAU DRIVE,大埔頭徑,Secondary Road,,,,,5
code:12282,12282,TAI WAN ROAD,大環道,Secondary Road,1922,1922-06-02,/egazette/en/1922-gn251.pdf,/egazette/zh/1922-gn251.pdf,5
code:14247,14247,TAI WAN ROAD EAST,大環道東,Secondary Road,,,,,5
code:12306,12306,TAK HONG STREET,德康街,Secondary Road,,,,,5
code:12313,12313,TAK ON STREET,德安街,Secondary Road,,,,,5
code:12337,12337,TANK LANE,水池巷,Track,,,,,5
code:14319,14319,TAT FUK ROAD,達福路,Secondary Road,2009,2009-08-14,/egazette/en/2009-13-33-5125.pdf,/egazette/zh/2009-13-33-5125.pdf,5
code:12347,12347,THE GOVERNOR'S WALK,同樂徑,Track,1956,1956-11-16,/egazette/en/1956-gn1468.pdf,/egazette/zh/1956-gn1468.pdf,5
code:13067,13067,TIN SHEK ROAD,田石路,Secondary Road,,,,,5
code:12411,12411,TSEUK LUK STREET,爵祿街,Secondary Road,,,,,5
code:12420,12420,TSING HA LANE,青霞里,Secondary Road,,,,,5
code:14168,14168,TSING HUNG ROAD,青鴻路,Secondary Road,,,,,5
code:12446,12446,TSING WUN ROAD,青雲路,Main Road,1977,1977-12-23,/egazette/en/1977-gn3134.pdf,/egazette/zh/1977-gn3134.pdf,5
code:12447,12447,TSING YEUNG CIRCUIT,青楊街,Secondary Road,1983,1983-01-28,/egazette/en/1983-gn326.pdf,/egazette/zh/1983-gn326.pdf,5
code:13050,13050,TSUI WAN STREET,翠灣街,Secondary Road,,,,,5
code:12491,12491,TSUNG TAU HA ROAD,松頭下路,Secondary Road,1981,1981-06-12,/egazette/en/1981-gn1685.pdf,/egazette/zh/1981-gn1685.pdf,5
code:12992,12992,TSZ TIN ROAD,紫田路,Secondary Road,1990,1990-11-30,/egazette/en/2020-24-43-6117.pdf,/egazette/zh/2020-24-43-6117.pdf,5
code:12507,12507,TUEN WUI STREET,屯匯街,Secondary Road,,,,,5
code:13563,13563,TUNG LEUNG ROAD,棟樑路,Secondary Road,,,,,5
code:12524,12524,TUNG LO WAN HILL ROAD,銅鑼灣山路,Secondary Road,1976,1976-08-13,/egazette/en/1976-gn1741.pdf,,5
code:12536,12536,TUNG SING ROAD,東勝道,Secondary Road,1959,1959-05-08,/egazette/en/1959-gn628.pdf,/egazette/zh/1959-gn628.pdf,5
code:12537,12537,TUNG STREET,東街,Secondary Road,1909,1909-03-19,/egazette/en/1909-gn184.pdf,/egazette/zh/1909-gn184.pdf,5
code:14446,14446,TUNG WING ROAD,東榮路,Tunnel,2017,2017-03-10,https://www.landsd.gov.hk/doc/en/street-name/egazette/2017/egn201721101273.pdf,https://www.landsd.gov.hk/doc/tc/street-name/egazette/2017/cgn201721101273.pdf,5
code:12598,12598,WAH YIU ROAD,華瑤路,Secondary Road,1979,1979-05-04,/egazette/en/1979-gn1132.pdf,,5
code:13681,13681,WAI HON ROAD,維翰路,Secondary Road,,,,,5
code:12631,12631,WAN FUNG STREET,環鳳街,Secondary Road,,,,,5
code:13916,13916,WAN SHAN ROAD,環山路,Secondary Road,,,,,5
code:12652,12652,WANG CHIN STREET,宏展街,Secondary Road,,,,,5
code:12670,12670,WANG TAI ROAD,宏泰道,Secondary Road,1984,1984-04-19,/egazette/en/1984-gn1193.pdf,/egazette/zh/1984-gn1193.pdf,5
code:12676,12676,WANG TAU HOM SOUTH ROAD,橫頭磡南道,Secondary Road,,,,,5
code:14215,14215,WANG TOI SHAN SHAN TSUEN ROAD,橫台山散村路,Secondary Road,,,,,5
code:12685,12685,WARREN STREET,華倫街,Secondary Road,,,,,5
code:12688,12688,WATER STREET,水街,Secondary Road,,,,,5
code:12698,12698,WESTERN FIRE SERVICES STREET,西消防街,Secondary Road,,,,,5
code:12716,12716,WING CHUK STREET,穎竹街,Secondary Road,,,,,5
code:12742,12742,WING SING LANE,永星里,Secondary Road,,,,,5
code:13933,13933,WO MING LANE,和鳴里,Secondary Road,,,,,5
code:12781,12781,WONG MA KOK ROAD,黃麻角道,Secondary Road,1937,1937-09-24,/egazette/en/1937-gn682.pdf,/egazette/zh/1937-gn682.pdf,5
code:39032,39032,WONG NAI CHUNG GAP FLYOVER,黃泥涌峽天橋,Main Road,,,,,5
code:14347,14347,WONG NAI TUN TSUEN ROAD,黃泥墩村路,Secondary Road,,,,,5
code:12784,12784,WONG TAI SIN ROAD,黃大仙道,Secondary Road,1976,1976-02-06,/egazette/en/1976-gn288.pdf,,5
code:12788,12788,WOOD ROAD,活道,Secondary Road,,,,,5
code:14350,14350,WU KAI SHA ROAD,烏溪沙路,Secondary Road,,,,,5
code:39421,39421,WU KAI SHA VILLAGE FOURTH LANE,烏溪沙村第四巷,Track,,,,,5
code:13986,13986,WU KAU TANG ROAD,烏蛟騰路,Secondary Road,,,,,5
code:13164,13164,YAT MING ROAD,一鳴路,Secondary Road,,,,,5
code:14273,14273,YAT YIU AVENUE,逸遙路,Secondary Road,,,,,5
code:13660,13660,YAU LAI ROAD,悠麗路,Secondary Road,,,,,5
code:12833,12833,YAU SAN STREET,又新街,Secondary Road,1935,1935-02-15,/egazette/en/1935-gn124.pdf,/egazette/zh/1935-gn124.pdf,5
code:13527,13527,YAU TIN WEST ROAD,攸田西路,Tunnel,1992,1992-11-20,/egazette/en/2014-18-28-4022.pdf,/egazette/zh/2014-18-28-4022.pdf,5
code:14182,14182,YICK YUEN ROAD,亦園路,Secondary Road,,,,,5
code:12865,12865,YIM PO FONG STREET,染布房街,Secondary Road,1924,1924-08-29,/egazette/en/1924-gn492.pdf,/egazette/zh/1924-gn492.pdf,5
code:13875,13875,YIN PING ROAD,延坪道,Secondary Road,,,,,5
code:14397,14397,YING TUNG ROAD,迎東路,Secondary Road,2016,2016-11-11,https://www.landsd.gov.hk/doc/en/street-name/egazette/2016/egn201620456438.pdf,https://www.landsd.gov.hk/doc/tc/street-name/egazette/2016/cgn201620456438.pdf,5
code:12891,12891,YU KING SQUARE,裕景坊,Secondary Road,1983,1983-06-03,/egazette/en/1983-gn1752.pdf,/egazette/zh/1983-gn1752.pdf,5
code:13756,13756,YU TUNG ROAD,裕東路,Secondary Road,,,,,5
code:12908,12908,YUEN CHAU KOK ROAD,圓洲角路,Secondary Road,1981,1981-09-18,/egazette/en/1981-gn2794.pdf,/egazette/zh/1981-gn2794.pdf,5
code:12923,12923,YUEN LONG TUNG TAI STREET,元朗東堤街,Secondary Road,1977,1977-12-02,/egazette/en/1977-gn2944.pdf,/egazette/zh/1977-gn2944.pdf,5
code:14020,14020,YUEN LUNG STREET,元龍街,Secondary Road,2000,2000-06-09,/egazette/en/2000-gn3694.pdf,/egazette/zh/2000-gn3694.pdf,5
code:12927,12927,YUEN SHIN ROAD,完善路,Main Road,,,,,5
code:12928,12928,YUEN SHUN CIRCUIT,源順圍,Secondary Road,1984,1984-03-09,/egazette/en/1984-gn708.pdf,/egazette/zh/1984-gn708.pdf,5
code:51513,51513,,,Secondary Road,,,,,4
code:42171,42171,,,Secondary Road,,,,,4
code:48574,48574,,,Secondary Road,,,,,4
code:43407,43407,,,Secondary Road,,,,,4
code:40667,40667,,,Secondary Road,,,,,4
code:42172,42172,,,Secondary Road,,,,,4
code:41778,41778,,,Secondary Road,,,,,4
code:51006,51006,,,Secondary Road,,,,,4
code:40325,40325,,,Secondary Road,,,,,4
code:49566,49566,,,Secondary Road,,,,,4
code:42914,42914,,,Secondary Road,,,,,4
code:41995,41995,,,Secondary Road,,,,,4
code:42048,42048,,,Secondary Road,,,,,4
code:42252,42252,,,Secondary Road,,,,,4
code:46832,46832,,,Secondary Road,,,,,4
code:49004,49004,,,Secondary Road,,,,,4
code:44817,44817,,,Secondary Road,,,,,4
code:42059,42059,,,Secondary Road,,,,,4
code:45410,45410,,,Secondary Road,,,,,4
code:45124,45124,,,Secondary Road,,,,,4
code:51041,51041,,,Secondary Road,,,,,4
code:42351,42351,,,Secondary Road,,,,,4
code:45434,45434,,,Secondary Road,,,,,4
code:40103,40103,,,Secondary Road,,,,,4
code:44490,44490,,,Secondary Road,,,,,4
code:47952,47952,,,Secondary Road,,,,,4
code:49227,49227,,,Secondary Road,,,,,4
code:50313,50313,,,Secondary Road,,,,,4
code:40846,40846,,,Secondary Road,,,,,4
code:49127,49127,,,Secondary Road,,,,,4
code:45294,45294,,,Secondary Road,,,,,4
code:51417,51417,,,Secondary Road,,,,,4
code:40525,40525,,,Secondary Road,,,,,4
code:40674,40674,,,Secondary Road,,,,,4
code:44971,44971,,,Secondary Road,,,,,4
code:50502,50502,,,Secondary Road,,,,,4
code:40191,40191,,,Secondary Road,,,,,4
code:44552,44552,,,Secondary Road,,,,,4
code:43416,43416,,,Secondary Road,,,,,4
code:40091,40091,,,Secondary Road,,,,,4
code:41948,41948,,,Secondary Road,,,,,4
code:51106,51106,,,Secondary Road,,,,,4
code:43884,43884,,,Secondary Road,,,,,4
code:43602,43602,,,Secondary Road,,,,,4
code:41594,41594,,,Secondary Road,,,,,4
code:41864,41864,,,Secondary Road,,,,,4
code:41862,41862,,,Secondary Road,,,,,4
code:44738,44738,,,Secondary Road,,,,,4
code:41328,41328,,,Secondary Road,,,,,4
code:49291,49291,,,Secondary Road,,,,,4
code:45479,45479,,,Secondary Road,,,,,4
code:43343,43343,,,Secondary Road,,,,,4
code:42822,42822,,,Secondary Road,,,,,4
code:43526,43526,,,Secondary Road,,,,,4
code:41972,41972,,,Secondary Road,,,,,4
code:41333,41333,,,Secondary Road,,,,,4
code:44750,44750,,,Secondary Road,,,,,4
code:41933,41933,,,Secondary Road,,,,,4
code:50923,50923,,,Secondary Road,,,,,4
code:46545,46545,,,Secondary Road,,,,,4
code:43791,43791,,,Secondary Road,,,,,4
code:42524,42524,,,Secondary Road,,,,,4
code:42605,42605,,,Secondary Road,,,,,4
code:50979,50979,,,Secondary Road,,,,,4
code:41370,41370,,,Secondary Road,,,,,4
code:48154,48154,,,Secondary Road,,,,,4
code:42909,42909,,,Secondary Road,,,,,4
code:45332,45332,,,Secondary Road,,,,,4
code:42205,42205,,,Secondary Road,,,,,4
code:42045,42045,,,Secondary Road,,,,,4
code:49333,49333,,,Secondary Road,,,,,4
code:42615,42615,,,Secondary Road,,,,,4
code:41696,41696,,,Secondary Road,,,,,4
code:49014,49014,,,Secondary Road,,,,,4
code:40024,40024,,,Secondary Road,,,,,4
code:40671,40671,,,Secondary Road,,,,,4
code:42861,42861,,,Secondary Road,,,,,4
code:48141,48141,,,Secondary Road,,,,,4
code:49277,49277,,,Secondary Road,,,,,4
code:43369,43369,,,Secondary Road,,,,,4
code:46981,46981,,,Secondary Road,,,,,4
code:40495,40495,,,Secondary Road,,,,,4
code:42901,42901,,,Secondary Road,,,,,4
code:43403,43403,,,Secondary Road,,,,,4
code:40868,40868,,,Secondary Road,,,,,4
code:48855,48855,,,Secondary Road,,,,,4
code:43761,43761,,,Secondary Road,,,,,4
code:48941,48941,,,Secondary Road,,,,,4
code:40736,40736,,,Secondary Road,,,,,4
code:47906,47906,,,Secondary Road,,,,,4
code:41746,41746,,,Secondary Road,,,,,4
code:44671,44671,,,Secondary Road,,,,,4
code:40825,40825,,,Secondary Road,,,,,4
code:45088,45088,,,Secondary Road,,,,,4
code:44569,44569,,,Secondary Road,,,,,4
code:45071,45071,,,Secondary Road,,,,,4
code:45756,45756,,,Highway,,,,,4
code:44557,44557,,,Secondary Road,,,,,4
code:51241,51241,,,Secondary Road,,,,,4
code:45632,45632,,,Secondary Road,,,,,4
code:40166,40166,,,Secondary Road,,,,,4
code:44142,44142,,,Secondary Road,,,,,4
code:41569,41569,,,Secondary Road,,,,,4
code:40673,40673,,,Secondary Road,,,,,4
code:40144,40144,,,Secondary Road,,,,,4
code:41927,41927,,,Secondary Road,,,,,4
code:40405,40405,,,Secondary Road,,,,,4
code:44899,44899,,,Secondary Road,,,,,4
code:44617,44617,,,Secondary Road,,,,,4
code:40246,40246,,,Secondary Road,,,,,4
code:44883,44883,,,Secondary Road,,,,,4
code:40196,40196,,,Secondary Road,,,,,4
code:44790,44790,,,Secondary Road,,,,,4
code:40121,40121,,,Secondary Road,,,,,4
code:49292,49292,,,Secondary Road,,,,,4
code:41221,41221,,,Secondary Road,,,,,4
code:41053,41053,,,Secondary Road,,,,,4
code:46101,46101,,,Secondary Road,,,,,4
code:43603,43603,,,Secondary Road,,,,,4
code:41197,41197,,,Secondary Road,,,,,4
code:48283,48283,,,Secondary Road,,,,,4
code:41833,41833,,,Secondary Road,,,,,4
code:45029,45029,,,Secondary Road,,,,,4
code:41185,41185,,,Secondary Road,,,,,4
code:49209,49209,,,Secondary Road,,,,,4
code:41814,41814,,,Secondary Road,,,,,4
code:43433,43433,,,Secondary Road,,,,,4
code:42180,42180,,,Secondary Road,,,,,4
code:40995,40995,,,Secondary Road,,,,,4
code:46026,46026,,,Secondary Road,,,,,4
code:40645,40645,,,Secondary Road,,,,,4
code:41158,41158,,,Secondary Road,,,,,4
code:41590,41590,,,Secondary Road,,,,,4
code:43112,43112,,,Secondary Road,,,,,4
code:51237,51237,,,Secondary Road,,,,,4
code:41196,41196,,,Secondary Road,,,,,4
code:50143,50143,,,Secondary Road,,,,,4
code:40701,40701,,,Secondary Road,,,,,4
code:41020,41020,,,Secondary Road,,,,,4
code:41238,41238,,,Secondary Road,,,,,4
code:43175,43175,,,Secondary Road,,,,,4
code:42454,42454,,,Secondary Road,,,,,4
code:40435,40435,,,Secondary Road,,,,,4
code:42639,42639,,,Secondary Road,,,,,4
code:41604,41604,,,Secondary Road,,,,,4
code:48924,48924,,,Secondary Road,,,,,4
code:44076,44076,,,Secondary Road,,,,,4
code:45104,45104,,,Secondary Road,,,,,4
code:40558,40558,,,Secondary Road,,,,,4
code:43283,43283,,,Secondary Road,,,,,4
code:41126,41126,,,Highway,,,,,4
code:40828,40828,,,Secondary Road,,,,,4
code:50922,50922,,,Secondary Road,,,,,4
code:50418,50418,,,Secondary Road,,,,,4
code:50518,50518,,,Secondary Road,,,,,4
code:44884,44884,,,Secondary Road,,,,,4
code:42542,42542,,,Secondary Road,,,,,4
code:46943,46943,,,Secondary Road,,,,,4
code:48181,48181,,,Main Road,,,,,4
code:51249,51249,,,Secondary Road,,,,,4
code:47934,47934,,,Secondary Road,,,,,4
code:44130,44130,,,Secondary Road,,,,,4
code:42017,42017,,,Secondary Road,,,,,4
code:44998,44998,,,Secondary Road,,,,,4
code:40182,40182,,,Secondary Road,,,,,4
code:42708,42708,,,Secondary Road,,,,,4
code:48719,48719,,,Secondary Road,,,,,4
code:40170,40170,,,Secondary Road,,,,,4
code:44873,44873,,,Secondary Road,,,,,4
code:49662,49662,,,Secondary Road,,,,,4
code:42919,42919,,,Secondary Road,,,,,4
code:40420,40420,,,Secondary Road,,,,,4
code:41631,41631,,,Secondary Road,,,,,4
code:44709,44709,,,Secondary Road,,,,,4
code:51359,51359,,,Secondary Road,,,,,4
code:51554,51554,,,Secondary Road,,,,,4
code:42623,42623,,,Secondary Road,,,,,4
code:46064,46064,,,Secondary Road,,,,,4
code:45432,45432,,,Secondary Road,,,,,4
code:41219,41219,,,Secondary Road,,,,,4
code:45800,45800,,,Secondary Road,,,,,4
code:42173,42173,,,Secondary Road,,,,,4
code:41052,41052,,,Secondary Road,,,,,4
code:45281,45281,,,Secondary Road,,,,,4
code:48488,48488,,,Secondary Road,,,,,4
code:49153,49153,,,Secondary Road,,,,,4
code:45843,45843,,,Secondary Road,,,,,4
code:40450,40450,,,Secondary Road,,,,,4
code:43258,43258,,,Secondary Road,,,,,4
code:45265,45265,,,Secondary Road,,,,,4
code:42852,42852,,,Secondary Road,,,,,4
code:43261,43261,,,Secondary Road,,,,,4
code:42854,42854,,,Secondary Road,,,,,4
code:40496,40496,,,Secondary Road,,,,,4
code:42183,42183,,,Secondary Road,,,,,4
code:41146,41146,,,Secondary Road,,,,,4
code:42363,42363,,,Secondary Road,,,,,4
code:42263,42263,,,Secondary Road,,,,,4
code:47311,47311,,,Secondary Road,,,,,4
code:45422,45422,,,Secondary Road,,,,,4
code:48390,48390,,,Secondary Road,,,,,4
code:45263,45263,,,Secondary Road,,,,,4
code:46268,46268,,,Secondary Road,,,,,4
code:40767,40767,,,Secondary Road,,,,,4
code:45716,45716,,,Secondary Road,,,,,4
code:40749,40749,,,Secondary Road,,,,,4
code:49514,49514,,,Secondary Road,,,,,4
code:41213,41213,,,Secondary Road,,,,,4
code:47238,47238,,,Secondary Road,,,,,4
code:49539,49539,,,Secondary Road,,,,,4
code:40447,40447,,,Secondary Road,,,,,4
code:45506,45506,,,Secondary Road,,,,,4
code:40592,40592,,,Secondary Road,,,,,4
code:45211,45211,,,Secondary Road,,,,,4
code:43478,43478,,,Secondary Road,,,,,4
code:40740,40740,,,Secondary Road,,,,,4
code:44550,44550,,,Secondary Road,,,,,4
code:47355,47355,,,Secondary Road,,,,,4
code:45919,45919,,,Secondary Road,,,,,4
code:43541,43541,,,Secondary Road,,,,,4
code:41988,41988,,,Secondary Road,,,,,4
code:40366,40366,,,Secondary Road,,,,,4
code:44513,44513,,,Secondary Road,,,,,4
code:47962,47962,,,Secondary Road,,,,,4
code:44503,44503,,,Secondary Road,,,,,4
code:45709,45709,,,Secondary Road,,,,,4
code:51664,51664,,,Secondary Road,,,,,4
code:51661,51661,,,Secondary Road,,,,,4
code:52799,52799,,,Secondary Road,,,,,4
code:52249,52249,,,Secondary Road,,,,,4
code:44044,44044,,,Secondary Road,,,,,4
code:52867,52867,,,Secondary Road,,,,,4
code:42151,42151,,,Highway,,,,,4
code:45021,45021,,,Secondary Road,,,,,4
code:45906,45906,,,Secondary Road,,,,,4
code:42464,42464,,,Secondary Road,,,,,4
code:40158,40158,,,Secondary Road,,,,,4
code:44555,44555,,,Secondary Road,,,,,4
code:40502,40502,,,Secondary Road,,,,,4
code:40365,40365,,,Secondary Road,,,,,4
code:49182,49182,,,Secondary Road,,,,,4
code:40759,40759,,,Secondary Road,,,,,4
code:44793,44793,,,Secondary Road,,,,,4
code:49012,49012,,,Secondary Road,,,,,4
code:44123,44123,,,Secondary Road,,,,,4
code:45026,45026,,,Secondary Road,,,,,4
code:46205,46205,,,Secondary Road,,,,,4
code:51317,51317,,,Secondary Road,,,,,4
code:42433,42433,,,Secondary Road,,,,,4
code:51929,51929,,,Secondary Road,,,,,4
code:51632,51632,,,Secondary Road,,,,,4
code:53253,53253,,,Secondary Road,,,,,4
code:53318,53318,,,Secondary Road,,,,,4
code:47250,47250,,,Secondary Road,,,,,4
code:50790,50790,,,Secondary Road,,,,,4
code:41248,41248,,,Secondary Road,,,,,4
code:53231,53231,,,Secondary Road,,,,,4
code:47877,47877,,,Secondary Road,,,,,4
code:42325,42325,,,Secondary Road,,,,,4
code:40454,40454,,,Secondary Road,,,,,4
code:40494,40494,,,Secondary Road,,,,,4
code:51235,51235,,,Secondary Road,,,,,4
code:53363,53363,,,Secondary Road,,,,,4
code:45863,45863,,,Secondary Road,,,,,4
code:42160,42160,,,Secondary Road,,,,,4
code:40427,40427,,,Secondary Road,,,,,4
code:42650,42650,,,Secondary Road,,,,,4
code:44153,44153,,,Secondary Road,,,,,4
code:43719,43719,,,Secondary Road,,,,,4
code:45006,45006,,,Secondary Road,,,,,4
code:50994,50994,,,Secondary Road,,,,,4
code:42356,42356,,,Secondary Road,,,,,4
code:48758,48758,,,Secondary Road,,,,,4
code:52790,52790,,,Secondary Road,,,,,4
code:53113,53113,,,Secondary Road,,,,,4
code:44048,44048,,,Secondary Road,,,,,4
code:52872,52872,,,Secondary Road,,,,,4
code:40128,40128,,,Secondary Road,,,,,4
code:51945,51945,,,Secondary Road,,,,,4
code:48746,48746,,,Track,,,,,4
code:43119,43119,,,Secondary Road,,,,,4
code:40680,40680,,,Secondary Road,,,,,4
code:44549,44549,,,Secondary Road,,,,,4
code:45260,45260,,,Secondary Road,,,,,4
code:41116,41116,,,Secondary Road,,,,,4
code:42334,42334,,,Secondary Road,,,,,4
code:47307,47307,,,Secondary Road,,,,,4
code:41977,41977,,,Secondary Road,,,,,4
code:41123,41123,,,Secondary Road,,,,,4
code:48115,48115,,,Secondary Road,,,,,4
code:44968,44968,,,Secondary Road,,,,,4
code:52854,52854,,,Secondary Road,,,,,4
code:52471,52471,,,Secondary Road,,,,,4
code:43186,43186,,,Secondary Road,,,,,4
code:43397,43397,,,Secondary Road,,,,,4
code:52272,52272,,,Secondary Road,,,,,4
code:43359,43359,,,Secondary Road,,,,,4
code:50530,50530,,,Secondary Road,,,,,4
code:46563,46563,,,Secondary Road,,,,,4
code:52152,52152,,,Secondary Road,,,,,4
code:52177,52177,,,Secondary Road,,,,,4
code:45669,45669,,,Secondary Road,,,,,4
code:42231,42231,,,Secondary Road,,,,,4
code:52008,52008,,,Secondary Road,,,,,4
code:52646,52646,,,Secondary Road,,,,,4
code:53514,53514,,,Secondary Road,,,,,4
code:51866,51866,,,Secondary Road,,,,,4
code:51966,51966,,,Secondary Road,,,,,4
code:47057,47057,,,Secondary Road,,,,,4
code:48761,48761,,,Secondary Road,,,,,4
code:53427,53427,,,Secondary Road,,,,,4
code:45457,45457,,,Secondary Road,,,,,4
code:53077,53077,,,Secondary Road,,,,,4
code:48221,48221,,,Secondary Road,,,,,4
code:42156,42156,,,Secondary Road,,,,,4
code:47696,47696,,,Secondary Road,,,,,4
code:53122,53122,,,Secondary Road,,,,,4
code:43028,43028,,,Secondary Road,,,,,4
code:51491,51491,,,Secondary Road,,,,,4
code:51655,51655,,,Secondary Road,,,,,4
code:52615,52615,,,Secondary Road,,,,,4
code:52622,52622,,,Secondary Road,,,,,4
code:52066,52066,,,Secondary Road,,,,,4
code:45487,45487,,,Secondary Road,,,,,4
code:45108,45108,,,Secondary Road,,,,,4
code:52354,52354,,,Secondary Road,,,,,4
code:44576,44576,,,Secondary Road,,,,,4
code:53401,53401,,,Secondary Road,,,,,4
code:53339,53339,,,Secondary Road,,,,,4
code:51285,51285,,,Secondary Road,,,,,4
code:52894,52894,,,Secondary Road,,,,,4
code:43468,43468,,,Secondary Road,,,,,4
code:53526,53526,,,Secondary Road,,,,,4
code:53070,53070,,,Secondary Road,,,,,4
code:52916,52916,,,Secondary Road,,,,,4
code:52966,52966,,,Secondary Road,,,,,4
code:53394,53394,,,Secondary Road,,,,,4
code:53479,53479,,,Secondary Road,,,,,4
code:53251,53251,,,Secondary Road,,,,,4
code:49504,49504,,,Secondary Road,,,,,4
code:46246,46246,,,Secondary Road,,,,,4
code:53105,53105,,,Secondary Road,,,,,4
code:51898,51898,,,Secondary Road,,,,,4
code:42184,42184,,,Secondary Road,,,,,4
code:52365,52365,,,Secondary Road,,,,,4
code:41048,41048,,,Secondary Road,,,,,4
code:50258,50258,,,Secondary Road,,,,,4
code:45560,45560,,,Main Road,,,,,4
code:43370,43370,,,Secondary Road,,,,,4
code:48779,48779,,,Secondary Road,,,,,4
code:51837,51837,,,Secondary Road,,,,,4
code:52344,52344,,,Secondary Road,,,,,4
code:51762,51762,,,Secondary Road,,,,,4
code:43063,43063,,,Secondary Road,,,,,4
code:52798,52798,,,Secondary Road,,,,,4
code:52001,52001,,,Secondary Road,,,,,4
code:53559,53559,,,Secondary Road,,,,,4
code:41098,41098,,,Secondary Road,,,,,4
code:53141,53141,,,Secondary Road,,,,,4
code:13593,13593,A KUNG KOK STREET,亞公角街,Secondary Road,,,,,4
code:10003,10003,A KUNG NGAM ROAD,阿公岩道,Secondary Road,1975,1975-07-11,/egazette/en/1975-gn1541.pdf,,4
code:10010,10010,ALBANY ROAD,雅賓利道,Secondary Road,,,,,4
code:10011,10011,ALBERT PATH,亞厘畢里,Track,,,,,4
code:10013,10013,ALDRICH STREET,愛秩序街,Secondary Road,1931,1931-05-15,/egazette/en/1931-gn300.pdf,/egazette/zh/1931-gn300.pdf,4
code:10036,10036,AUSTIN AVENUE,柯士甸路,Secondary Road,,,,,4
code:14356,14356,BAYSIDE DRIVE,堤畔徑,Secondary Road,,,,,4
code:10053,10053,BEDFORD ROAD,必發道,Secondary Road,1927,1927-11-25,/egazette/en/1927-gn699.pdf,/egazette/zh/1927-gn699.pdf,4
code:10054,10054,BEECH STREET,櫸樹街,Secondary Road,1927,1927-11-25,/egazette/en/1927-gn699.pdf,/egazette/zh/1927-gn699.pdf,4
code:14228,14228,BEL-AIR AVENUE,貝沙灣道,Secondary Road,,,,,4
code:10061,10061,BERWICK STREET,巴域街,Secondary Road,1950,1950-06-30,/egazette/en/1950-gn804.pdf,/egazette/zh/1950-gn804.pdf,4
code:10079,10079,BOWRINGTON ROAD,寶靈頓道,Secondary Road,,,,,4
code:10095,10095,BROWN STREET,布朗街,Secondary Road,1941,1941-07-18,/egazette/en/1941-gn870.pdf,/egazette/zh/1941-gn870.pdf,4
code:10105,10105,CAINE ROAD,堅道,Main Road,,,,,4
code:39374,39374,CAMPUS CIRCUIT EAST,環迴東路,Secondary Road,,,,,4
code:14213,14213,CASTLE PEAK ROAD - NEW TING KAU,青山公路　－　新汀九段,Secondary Road,,,,,4
code:10149,10149,CATCHICK STREET,吉席街,Secondary Road,1909,1909-03-19,/egazette/en/1909-gn184.pdf,/egazette/zh/1909-gn184.pdf,4
code:13820,13820,CATERING ROAD CENTRAL,航膳中路,Secondary Road,,,,,4
code:10154,10154,CHAI WAN KOK STREET,柴灣角街,Secondary Road,,,,,4
code:13982,13982,CHEONG TUNG ROAD SOUTH,暢通道南,Secondary Road,,,,,4
code:10182,10182,CHESTER ROAD,志士達道,Secondary Road,1950,1950-07-21,/egazette/en/1950-gn867-868-869.pdf,,4
code:10233,10233,CHI YAN LANE,志仁里,Track,,,,,4
code:10245,10245,CHIK WAN STREET,積運街,Secondary Road,1984,1984-06-15,/egazette/en/1984-gn1737.pdf,/egazette/zh/1984-gn1737.pdf,4
code:13794,13794,CHING FAI STREET,正暉街,Secondary Road,,,,,4
code:14486,14486,CHING YAU PATH,清攸徑,Secondary Road,2020,2020-04-03,/egazette/en/2020-24-14-1669.pdf,/egazette/zh/2020-24-14-1669.pdf,4
code:10255,10255,CHING YEUNG AVENUE,青楊路,Secondary Road,,,,,4
code:13710,13710,CHOI FAT STREET,彩發街,Secondary Road,,,,,4
code:14033,14033,CHOI HEI ROAD,彩禧路,Secondary Road,2000,2000-07-21,/egazette/en/2000-gn4745.pdf,/egazette/zh/2000-gn4745.pdf,4
code:13996,13996,CHUI KWAN DRIVE,翠群徑,Secondary Road,1999,1999-12-30,/egazette/en/2024-28-33-4838.pdf,/egazette/zh/2024-28-33-4838.pdf,4
code:13166,13166,CHUK KOK ROAD,竹角路,Secondary Road,,,,,4
code:13814,13814,CHUN PING ROAD,駿坪路,Secondary Road,,,,,4
code:10304,10304,CHUNG WUI STREET,中匯街,Secondary Road,,,,,4
code:39562,39562,CHUR AVENUE,庫爾大道,Secondary Road,,,,,4
code:10310,10310,CLAYMORE AVENUE,利牧徑,Secondary Road,,,,,4
code:10327,10327,CONNAUGHT PLACE,康樂廣場,Main Road,,,/egazette/en/1975-gn1866.pdf,,4
code:10330,10330,CONSORT RISE,金粟街,Secondary Road,,,,,4
code:10335,10335,COOKE STREET,曲街,Secondary Road,,,,,4
code:10349,10349,CROSS STREET,交加街,Secondary Road,,,,,4
code:10351,10351,CUMBERLAND ROAD,金巴倫道,Secondary Road,1929,1929-08-23,/egazette/en/1929-gn427.pdf,/egazette/zh/1929-gn427.pdf,4
code:10353,10353,DAI CHEONG STREET,大昌街,Secondary Road,1980,1980-08-08,/egazette/en/1980-gn2486.pdf,,4
code:10355,10355,DAI FU STREET,大富街,Secondary Road,1979,1979-04-20,/egazette/en/1979-gn1002.pdf,,4
code:10367,10367,DAVIS STREET,爹核士街,Secondary Road,,,,,4
code:10370,10370,DEEP WATER BAY DRIVE,深水灣徑,Secondary Road,,,,,4
code:39539,39539,EASTERN ROAD,東路,Secondary Road,,,,,4
code:10417,10417,FA PENG ROAD,花屏路,Track,,,,,4
code:39224,39224,FAIRVIEW PARK 11TH STREET RIVER NORTH,錦綉花園河北第十一街,Secondary Road,,,,,4
code:39221,39221,FAIRVIEW PARK 8TH STREET RIVER NORTH,錦綉花園河北第八街,Secondary Road,,,,,4
code:10423,10423,FAIRVIEW PARK ROAD NORTH,錦綉大道北,Secondary Road,1984,1984-08-31,/egazette/en/1984-gn2609.pdf,/egazette/zh/1984-gn2609.pdf,4
code:10471,10471,FARM ROAD,農圃道,Secondary Road,1933,1933-12-22,/egazette/en/1933-gn823.pdf,/egazette/zh/1933-gn823.pdf,4
code:10489,10489,FINNIE STREET,芬尼街,Secondary Road,1954,1954-11-19,/egazette/en/1954-gn1418.pdf,/egazette/zh/1954-gn1418.pdf,4
code:10506,10506,FOOK TAK STREET,福德街,Track,1977,1977-12-02,/egazette/en/1977-gn2944.pdf,/egazette/zh/1977-gn2944.pdf,4
code:10512,10512,FORTRESS HILL ROAD,炮台山道,Secondary Road,1959,1959-11-20,/egazette/en/1959-gn1608.pdf,/egazette/zh/1959-gn1608.pdf,4
code:14245,14245,FU KONG SHAN ROAD,富崗山路,Secondary Road,,,,,4
code:10527,10527,FU ON STREET,富安街,Secondary Road,,,,,4
code:14370,14370,FU SHING STREET,富盛街,Secondary Road,,,,,4
code:10530,10530,FU TIN LANE,富田里,Secondary Road,,,,,4
code:13751,13751,FUI SHA WAI SOUTH ROAD,灰沙圍南路,Secondary Road,,,,,4
code:10570,10570,FUNG KAM STREET,鳳琴街,Secondary Road,1981,1981-12-18,/egazette/en/1981-gn3742.pdf,/egazette/zh/1981-gn3742.pdf,4
code:10572,10572,FUNG KWAN STREET,鳳群街,Secondary Road,1981,1981-12-18,/egazette/en/1981-gn3742.pdf,/egazette/zh/1981-gn3742.pdf,4
code:13566,13566,FUNG MAT ROAD,豐物道,Secondary Road,,,,,4
code:13713,13713,FUNG WAN ROAD,豐運路,Secondary Road,,,,,4
code:14547,14547,FUNG YING PATH,豐盈徑,Secondary Road,2024,2024-05-10,https://www.landsd.gov.hk/doc/en/street-name/egazette/2024/egn202428192696.pdf,https://www.landsd.gov.hk/doc/tc/street-name/egazette/2024/cgn202428192696.pdf,4
code:10595,10595,FUNG YUEN ROAD,鳳園路,Secondary Road,1970,1970-04-03,/egazette/en/2009-13-10-1502.pdf,/egazette/zh/2009-13-10-1502.pdf,4
code:39564,39564,GALLEN BOULEVARD,加倫大道,Secondary Road,,,,,4
code:10601,10601,GILLIES AVENUE NORTH,機利士北路,Secondary Road,,,,,4
code:13773,13773,GRANDEUR ROAD,瑰麗路,Secondary Road,,,,,4
code:10629,10629,GUILDFORD ROAD,僑福道,Secondary Road,,,,,4
code:14008,14008,HA CHUK YUEN ROAD,下竹園路,Secondary Road,,,,,4
code:10632,10632,HA HEUNG ROAD,下鄉道,Secondary Road,1926,1926-06-25,/egazette/en/1926-gn342.pdf,/egazette/zh/1926-gn342.pdf,4
code:14399,14399,HA WAN TSUEN ROAD,下灣村路,Secondary Road,2015,2015-01-02,/egazette/en/2015-19-1-166.pdf,/egazette/zh/2015-19-1-166.pdf,4
code:10637,10637,HAIPHONG ROAD,海防道,Secondary Road,1909,1909-03-19,/egazette/en/1909-gn184.pdf,/egazette/zh/1909-gn184.pdf,4
code:13769,13769,HANG FAI STREET,恆輝街,Secondary Road,,,,,4
code:10648,10648,HANG HONG STREET,恆康街,Main Road,,,,,4
code:10654,10654,HANG TAU ROAD,坑頭路,Secondary Road,1977,1977-05-10,/egazette/en/1977-gn1134.pdf,/egazette/zh/1977-gn1134.pdf,4
code:10656,10656,HANKOW ROAD,漢口道,Secondary Road,1909,1909-03-19,/egazette/en/1909-gn184.pdf,/egazette/zh/1909-gn184.pdf,4
code:10665,10665,HART AVENUE,赫德道,Secondary Road,1909,1909-05-28,/egazette/en/1909-gn323.pdf,/egazette/zh/1909-gn323.pdf,4
code:10680,10680,HEALTHY STREET EAST,健康東街,Secondary Road,1958,1958-09-12,/egazette/en/1958-gn1260.pdf,/egazette/zh/1958-gn1260.pdf,4
code:10687,10687,HENDERSON ROAD,軒德蓀道,Secondary Road,1951,1951-07-20,/egazette/en/1951-gn754.pdf,/egazette/zh/1951-gn754.pdf,4
code:10688,10688,HENG LAM STREET,杏林街,Secondary Road,,,,,4
code:10691,10691,HEUNG CHE STREET,香車街,Secondary Road,,,,,4
code:14533,14533,HEUNG LIN ROAD,香蓮路,Secondary Road,2023,2023-02-17,/egazette/en/2023-27-7-1075.pdf,/egazette/zh/2023-27-7-1075.pdf,4
code:39541,39541,HILLSIDE AVENUE,翠巒大道,Secondary Road,,,,,4
code:13517,13517,HING KWAI STREET,興貴街,Secondary Road,1992,1992-05-29,/egazette/en/2020-24-43-6117.pdf,/egazette/zh/2020-24-43-6117.pdf,4
code:13111,13111,HING NING ROAD,興寧路,Secondary Road,,,,,4
code:10738,10738,HIP WO LANE,協和里,Secondary Road,1956,1956-10-12,/egazette/en/1956-gn1306.pdf,/egazette/zh/1956-gn1306.pdf,4
code:39414,39414,HO KING TOI,好景台,Track,,,,,4
code:10760,10760,HO TIN STREET,河田街,Secondary Road,1977,1977-05-20,/egazette/en/1977-gn1189.pdf,/egazette/zh/1977-gn1189.pdf,4
code:12955,12955,HO WONG STREET,河旺街,Secondary Road,,,,,4
code:10771,10771,HOI HA ROAD,海下路,Secondary Road,1980,1980-12-19,/egazette/en/1980-gn4050.pdf,,4
code:14190,14190,HOI LAI STREET,海麗街,Secondary Road,,,,,4
code:14484,14484,HOI SHA PATH,海沙徑,Secondary Road,2019,2019-10-25,https://www.landsd.gov.hk/doc/en/street-name/egazette/2019/egn201923436636.pdf,https://www.landsd.gov.hk/doc/tc/street-name/egazette/2019/cgn201923436636.pdf,4
code:13514,13514,HOI WING ROAD,海榮路,Secondary Road,,,,,4
code:12989,12989,HOI WONG ROAD,海皇路,Secondary Road,,,,,4
code:10787,10787,HOI YU STREET,海裕街,Secondary Road,1984,1984-11-30,/egazette/en/1984-gn3529.pdf,/egazette/zh/1984-gn3529.pdf,4
code:13545,13545,HONG FAI ROAD,康輝路,Secondary Road,,,,,4
code:10831,10831,HONG MAN STREET,康民街,Secondary Road,,,,,4
code:10834,10834,HONG ON STREET,康安街,Secondary Road,,,,,4
code:10871,10871,HUNG MUI AVENUE,紅梅路,Secondary Road,,,,,4
code:14114,14114,HUNG NGA ROAD,洪雅路,Secondary Road,,,,,4
code:13629,13629,HUNG TAI ROAD,洪堤路,Secondary Road,,,,,4
code:10880,10880,ICE HOUSE STREET,雪廠街,Secondary Road,,,,,4
code:10898,10898,JERVOIS STREET,蘇杭街,Secondary Road,,,/egazette/en/1978-gn1459.pdf,,4
code:39007,39007,KAI TAK TUNNEL,啟德隧道,Tunnel,,,,,4
code:10946,10946,KAI YUEN STREET,繼園街,Secondary Road,,,,,4
code:14082,14082,KAM CHUI ROAD,金翠路,Secondary Road,,,,,4
code:10951,10951,KAM CHUK LANE,金竹里,Secondary Road,,,,,4
code:14418,14418,KAM KONG ROAD,錦江路,Secondary Road,2017,2017-01-20,https://www.landsd.gov.hk/doc/en/street-name/egazette/2017/egn20172103330.pdf,https://www.landsd.gov.hk/doc/tc/street-name/egazette/2017/cgn20172103330.pdf,4
code:14209,14209,KAM TIN BYPASS,錦田繞道,Main Road,2004,2004-12-31,/egazette/en/2004-08-53-8428.pdf,/egazette/zh/2004-08-53-8428.pdf,4
code:14560,14560,KAM TUNG STREET,錦東街,Secondary Road,2025,2025-07-25,/egazette/en/2025-29-30-4611.pdf,/egazette/zh/2025-29-30-4611.pdf,4
code:10963,10963,KAM WA STREET,金華街,Secondary Road,,,,,4
code:13617,13617,KAM YING ROAD,錦英路,Secondary Road,,,,,4
code:13065,13065,KAP PIN LONG LOWER LANE,甲邊朗下里,Secondary Road,,,,,4
code:13064,13064,KAP PIN LONG MIDDLE LANE,甲邊朗中里,Secondary Road,,,,,4
code:39473,39473,KENSINGTON PATH,肯辛頓徑,Secondary Road,,,,,4
code:10984,10984,KENT ROAD,根德道,Secondary Road,1929,1929-08-23,/egazette/en/1929-gn427.pdf,/egazette/zh/1929-gn427.pdf,4
code:11006,11006,KIN LUNG STREET,建隆街,Secondary Road,1977,1977-05-20,/egazette/en/1977-gn1189.pdf,/egazette/zh/1977-gn1189.pdf,4
code:12972,12972,KIN SHING LANE,建盛里,Secondary Road,,,,,4
code:11013,11013,KIN TAK STREET,建德街,Secondary Road,1984,1984-05-18,/egazette/en/1984-gn1452.pdf,/egazette/zh/1984-gn1452.pdf,4
code:11023,11023,KING FUNG PATH,景峰徑,Secondary Road,,,,,4
code:11026,11026,KING LAM STREET,瓊林街,Secondary Road,1959,1959-10-16,/egazette/en/1959-gn1411.pdf,/egazette/zh/1959-gn1411.pdf,4
code:11032,11032,KING TUNG STREET,瓊東街,Secondary Road,1984,1984-06-29,/egazette/en/1984-gn1901.pdf,/egazette/zh/1984-gn1901.pdf,4
code:14158,14158,KIU CHEONG ROAD,橋昌路,Secondary Road,,,,,4
code:13891,13891,KIU FAT STREET,橋發街,Secondary Road,,,,,4
code:11045,11045,KIU TAU ROAD,橋頭路,Secondary Road,,,,,4
code:11051,11051,KO FAI ROAD,高輝道,Secondary Road,,,,,4
code:11055,11055,KO SHING STREET,高陞街,Secondary Road,,,,,4
code:11057,11057,KOM TSUN STREET,甘泉街,Secondary Road,1935,1935-05-03,/egazette/en/1935-gn351.pdf,/egazette/zh/1935-gn351.pdf,4
code:14487,14487,KONG PO ROAD,江埔路,Secondary Road,2020,2020-04-03,/egazette/en/2020-24-14-1669.pdf,/egazette/zh/2020-24-14-1669.pdf,4
code:11059,11059,KONG PUI STREET,崗背街,Secondary Road,1984,1984-01-27,/egazette/en/1984-gn285.pdf,/egazette/zh/1984-gn285.pdf,4
code:11075,11075,KUT SHING STREET,吉勝街,Secondary Road,,,,,4
code:11104,11104,KWAI WING ROAD,葵榮路,Secondary Road,,,,,4
code:11120,11120,KWONG FAI CIRCUIT,光輝圍,Secondary Road,1975,1975-09-19,/egazette/en/1975-gn2061.pdf,,4
code:11129,11129,KWONG LEE ROAD,廣利道,Secondary Road,1934,1934-02-09,/egazette/en/1934-gn91.pdf,/egazette/zh/1934-gn91.pdf,4
code:11134,11134,KWONG WANG STREET,廣宏街,Secondary Road,1984,1984-05-18,/egazette/en/1984-gn1451.pdf,/egazette/zh/1984-gn1451.pdf,4
code:11144,11144,KWUN YAM WAN ROAD,觀音灣路,Track,,,,,4
code:11151,11151,LAI CHO ROAD,麗祖路,Secondary Road,1977,1977-11-25,/egazette/en/1977-gn2860.pdf,/egazette/zh/1977-gn2860.pdf,4
code:11168,11168,LAI YIP STREET,勵業街,Secondary Road,1957,1957-02-22,/egazette/en/1957-gn264.pdf,/egazette/zh/1957-gn264.pdf,4
code:14295,14295,LAM HI ROAD,欖喜路,Secondary Road,,,,,4
code:11187,11187,LANCASHIRE ROAD,蘭開夏道,Secondary Road,1939,1939-04-28,/egazette/en/1939-gn341.pdf,/egazette/zh/1939-gn341.pdf,4
code:11190,11190,LARCH STREET,洋松街,Secondary Road,1927,1927-11-25,/egazette/en/1927-gn699.pdf,/egazette/zh/1927-gn699.pdf,4
code:12982,12982,LEUNG WAN STREET,良運街,Secondary Road,,,,,4
code:39546,39546,LIBRARY BOULEVARD,圖書館道,Secondary Road,,,,,4
code:13854,13854,LING SHAN ROAD,靈山路,Secondary Road,,,,,4
code:13179,13179,LO PING ROAD,露屏路,Secondary Road,,,,,4
code:11261,11261,LOK MAN ROAD,樂民道,Secondary Road,,,,,4
code:11265,11265,LOK SHUN PATH,樂信徑,Secondary Road,1984,1984-06-15,/egazette/en/1984-gn1737.pdf,/egazette/zh/1984-gn1737.pdf,4
code:11270,11270,LOK WO SHA LANE,落禾沙里,Secondary Road,,,,,4
code:11281,11281,LOTUS ROAD,紅荷路,Secondary Road,1984,1984-08-31,/egazette/en/1984-gn2609.pdf,/egazette/zh/1984-gn2609.pdf,4
code:39587,39587,LOWER ROLISON ROAD,下羅禮信道,Secondary Road,,,,,4
code:11291,11291,LUEN ON STREET,聯安街,Secondary Road,1957,1957-02-22,/egazette/en/1957-gn264.pdf,/egazette/zh/1957-gn264.pdf,4
code:11302,11302,LUK LAU AVENUE,綠柳路,Secondary Road,,,,,4
code:14070,14070,LUNG HONG STREET,龍康街,Secondary Road,2001,2001-09-21,/egazette/en/2010-14-46-7264.pdf,/egazette/zh/2010-14-46-7264.pdf,4
code:13503,13503,LUNG YIU STREET,龍耀街,Secondary Road,,,,,4
code:11339,11339,MA HANG CHUNG ROAD,馬坑涌道,Secondary Road,1926,1926-04-16,/egazette/en/1926-gn202.pdf,/egazette/zh/1926-gn202.pdf,4
code:11344,11344,MA MIU ROAD,媽廟路,Secondary Road,1977,1977-12-02,/egazette/en/1977-gn2944.pdf,/egazette/zh/1977-gn2944.pdf,4
code:14262,14262,MA ON SHAN TSUEN ROAD,馬鞍山村路,Secondary Road,,,,,4
code:14542,14542,MA TAK ROAD,馬得路,Secondary Road,2024,2024-03-01,/egazette/en/2024-28-9-1176.pdf,/egazette/zh/2024-28-9-1176.pdf,4
code:14261,14261,MAI PO ROAD,米埔路,Secondary Road,,,,,4
code:11368,11368,MAN FUK ROAD,文福道,Secondary Road,,,,,4
code:11377,11377,MAN MING LANE,文明里,Secondary Road,,,,,4
code:11382,11382,MAN SING STREET,文成街,Secondary Road,,,,,4
code:14352,14352,MAU PO ROAD,茅莆路,Secondary Road,,,,,4
code:11418,11418,MEI WO CIRCUIT,美禾圍,Secondary Road,1984,1984-01-27,/egazette/en/1984-gn285.pdf,/egazette/zh/1984-gn285.pdf,4
code:11428,11428,MIN FONG STREET,麵房街,Secondary Road,1981,1981-06-12,/egazette/en/1981-gn1685.pdf,/egazette/zh/1981-gn1685.pdf,4
code:11448,11448,MO YING ROAD,武英路,Secondary Road,,,,,4
code:11452,11452,MODY SQUARE,麼地廣場,Secondary Road,,,,,4
code:11470,11470,MOUNT CAMERON ROAD,金馬麟山道,Secondary Road,1926,1926-01-29,/egazette/en/1926-gn46.pdf,/egazette/zh/1926-gn46.pdf,4
code:11479,11479,MUI SHU HANG ROAD,梅樹坑路,Secondary Road,,,,,4
code:14359,14359,MUK CHUI STREET,沐翠街,Secondary Road,2012,2012-09-28,/egazette/en/2012-16-39-6493.pdf,/egazette/zh/2012-16-39-6493.pdf,4
code:11488,11488,NAM FUNG ROAD,南風道,Secondary Road,,,,,4
code:13033,13033,NAM WAI ROAD,南圍路,Secondary Road,,,,,4
code:14224,14224,"NEW PRAYA, KENNEDY TOWN",堅彌地城新海旁,Secondary Road,,,,,4
code:11515,11515,NGA CHUK STREET,雅竹街,Secondary Road,,,,,4
code:11529,11529,NGAU CHI WAN STREET,牛池灣街,Secondary Road,1979,1979-11-09,/egazette/en/1979-gn2899.pdf,,4
code:14305,14305,NGAU KWU LENG PATH,牛牯嶺徑,Secondary Road,,,,,4
code:13841,13841,NGONG WAN ROAD,昂運路,Secondary Road,,,,,4
code:11546,11546,NING WAH STREET,寧華街,Secondary Road,,,,,4
code:13802,13802,NORTH PERIMETER ROAD,北環路,Secondary Road,,,,,4
code:39529,39529,NORTH SEAFRONT ROAD,北海傍路,Secondary Road,,,,,4
code:11554,11554,NORTHCOTE CLOSE,羅富國徑,Secondary Road,,,,,4
code:39512,39512,NORTHERN ROAD EAST,,Secondary Road,,,,,4
code:39513,39513,NORTHERN ROAD WEST,北路西段,Secondary Road,,,,,4
code:11555,11555,NORTHUMBERLAND AVENUE,諾森伯倫路,Secondary Road,,,,,4
code:11558,11558,OAK STREET,橡樹街,Secondary Road,,,,,4
code:13509,13509,OI TAK LANE,愛德里,Secondary Road,,,,,4
code:11566,11566,OIL STREET,油街,Secondary Road,1931,1931-05-15,/egazette/en/1931-gn300.pdf,/egazette/zh/1931-gn300.pdf,4
code:11574,11574,ON CHIT STREET,安捷街,Secondary Road,,,,,4
code:14409,14409,ON CHUI STREET,安翠街,Secondary Road,2015,2015-08-28,/egazette/en/2015-19-35-6516.pdf,/egazette/zh/2015-19-35-6516.pdf,4
code:13701,13701,ON HING LANE,安興里,Secondary Road,,,,,4
code:14507,14507,ON KIN ROAD,安健道,Secondary Road,2021,2021-05-28,/egazette/en/2021-25-21-3262.pdf,/egazette/zh/2021-25-21-3262.pdf,4
code:11586,11586,ON LAI STREET,安麗街,Secondary Road,1984,1984-09-07,/egazette/en/1984-gn2660.pdf,/egazette/zh/1984-gn2660.pdf,4
code:11616,11616,ON YIP STREET,安業街,Secondary Road,1974,1974-05-31,/egazette/en/1974-gn1380.pdf,/egazette/zh/1974-gn1380.pdf,4
code:11631,11631,PAK KUNG STREET,北拱街,Secondary Road,1926,1926-06-25,/egazette/en/1926-gn342.pdf,/egazette/zh/1926-gn342.pdf,4
code:11646,11646,PAK SHING STREET,北盛街,Secondary Road,1930,1930-05-02,/egazette/en/1930-gn262.pdf,/egazette/zh/1930-gn262.pdf,4
code:11647,11647,PAK TAI STREET,北帝街,Secondary Road,1926,1926-04-16,/egazette/en/1926-gn202.pdf,/egazette/zh/1926-gn202.pdf,4
code:11648,11648,PAK TAK STREET,百得街,Secondary Road,1981,1981-11-13,/egazette/en/1981-gn3369.pdf,/egazette/zh/1981-gn3369.pdf,4
code:13100,13100,PAN LONG WAN ROAD,檳榔灣路,Secondary Road,,,,,4
code:39542,39542,PARK AVENUE,園林大道,Secondary Road,,,,,4
code:11658,11658,PARK ROAD,柏道,Main Road,1904,1904-01-29,/egazette/en/1904-gn59.pdf,/egazette/zh/1904-gn59.pdf,4
code:11700,11700,PING CHONG ROAD,冰廠路,Track,,,,,4
code:13558,13558,PING YEUNG LANE,屏楊里,Secondary Road,,,,,4
code:13661,13661,PLAZA LANE,廣場徑,Secondary Road,,,,,4
code:11734,11734,PO HING FONG,普慶坊,Track,,,,,4
code:11750,11750,PO SHAN ROAD,寶珊道,Secondary Road,1928,1928-07-06,/egazette/en/1928-gn386.pdf,/egazette/zh/1928-gn386.pdf,4
code:13680,13680,PO WING ROAD,保榮路,Secondary Road,,,,,4
code:14089,14089,PO YAP ROAD,寶邑路,Secondary Road,,,,,4
code:39371,39371,POND CRESCENT,池旁路,Secondary Road,,,,,4
code:11780,11780,POUND LANE,磅巷,Track,,,,,4
code:11785,11785,"PRAYA, KENNEDY TOWN",堅彌地城海旁,Secondary Road,,,,,4
code:14312,14312,QUEEN ELIZABETH HOSPITAL ROAD,伊利沙伯醫院路,Secondary Road,2008,2008-10-10,/egazette/en/2008-12-41-7003.pdf,/egazette/zh/2008-12-41-7003.pdf,4
code:11823,11823,ROSE WOOD ROAD,紫檀路,Secondary Road,1984,1984-08-31,/egazette/en/1984-gn2609.pdf,/egazette/zh/1984-gn2609.pdf,4
code:11827,11827,RUMSEY STREET,林士街,Secondary Road,1905,1905-05-12,/egazette/en/1905-gn286.pdf,/egazette/zh/1905-gn286.pdf,4
code:11829,11829,RUTLAND QUADRANT,律倫街,Secondary Road,1929,1929-08-23,/egazette/en/1929-gn427.pdf,/egazette/zh/1929-gn427.pdf,4
code:14056,14056,SAI CHUEN ROAD,西邨路,Secondary Road,,,,,4
code:11842,11842,SAI KUNG TAI STREET,西貢大街,Track,1976,1976-11-05,/egazette/en/1976-gn2462.pdf,,4
code:11865,11865,SAI YU STREET,西裕街,Secondary Road,1981,1981-12-18,/egazette/en/1981-gn3742.pdf,/egazette/zh/1981-gn3742.pdf,4
code:11884,11884,SAN HA STREET,新廈街,Secondary Road,1977,1977-04-15,/egazette/en/1977-gn858.pdf,/egazette/zh/1977-gn858.pdf,4
code:11885,11885,SAN HI TSUEN STREET,新起村街,Secondary Road,,,,,4
code:11886,11886,SAN HING BACK STREET,新興後街,Track,,,,,4
code:14186,14186,SAN HING PRAYA STREET,新興海傍街,Track,,,,,4
code:11903,11903,SAN PAK SHE STREET,新北社街,Track,,,,,4
code:11904,11904,SAN PING CIRCUIT,新平街,Secondary Road,1975,1975-08-01,/egazette/en/1975-gn1693.pdf,,4
code:13548,13548,SAN TAT LANE,新達里,Secondary Road,,,,,4
code:11911,11911,SAN TIN INTERCHANGE,新田交匯處,Main Road,,,,,4
code:11921,11921,SANDY BAY ROAD,大口環道,Secondary Road,,,,,4
code:11925,11925,SAU FU STREET,壽富街,Secondary Road,1977,1977-12-02,/egazette/en/1977-gn2944.pdf,/egazette/zh/1977-gn2944.pdf,4
code:39503,39503,SEA BANK ROAD,海旁路,Secondary Road,,,,,4
code:39510,39510,SEA BANK ROAD EAST,,Secondary Road,,,,,4
code:11947,11947,SECOND STREET,第二街,Secondary Road,,,,,4
code:11952,11952,SEYMOUR ROAD,西摩道,Secondary Road,,,,,4
code:11975,11975,SHAM WAT ROAD,深屈道,Secondary Road,,,,,4
code:11988,11988,SHARP STREET WEST,霎西街,Secondary Road,,,,,4
code:13863,13863,SHE SHAN ROAD,社山路,Secondary Road,,,,,4
code:11997,11997,SHEK KU STREET,石鼓街,Secondary Road,,,,,4
code:12000,12000,SHEK LI STREET,石梨街,Secondary Road,,,,,4
code:12008,12008,SHEK ON STREET,石安街,Secondary Road,,,,,4
code:12014,12014,SHEK TAU STREET,石頭街,Secondary Road,,,,,4
code:12018,12018,SHEK YAM ROAD,石蔭路,Secondary Road,,,,,4
code:13903,13903,SHEUNG KWAI CHUNG TSUEN ROAD,上葵涌村路,Secondary Road,,,,,4
code:12034,12034,SHEUNG LOK STREET,常樂街,Secondary Road,,,,,4
code:12066,12066,SHIU FAI TERRACE,肇輝臺,Secondary Road,,,,,4
code:12072,12072,SHOUSON HILL ROAD WEST,壽臣山道西,Secondary Road,1940,1940-04-26,/egazette/en/1940-gn479.pdf,/egazette/zh/1940-gn479.pdf,4
code:12074,12074,SHU KUK STREET,書局街,Secondary Road,1937,1937-09-24,/egazette/en/1937-gn682.pdf,/egazette/zh/1937-gn682.pdf,4
code:12076,12076,SHUI CHONG STREET,水廠街,Secondary Road,,,,,4
code:14321,14321,SHUI FU ROAD,水庫路,Secondary Road,2009,2009-09-18,/egazette/en/2009-13-38-5906.pdf,/egazette/zh/2009-13-38-5906.pdf,4
code:12081,12081,SHUI WO STREET,瑞和街,Secondary Road,,,,,4
code:12084,12084,SHUN CHI STREET,順緻街,Secondary Road,1979,1979-04-20,/egazette/en/1979-gn1002.pdf,,4
code:12099,12099,SHUNG KING STREET,船景街,Secondary Road,,,,,4
code:13513,13513,SIU HING LANE,兆興里,Secondary Road,,,,,4
code:13973,13973,SIU LAM TSUEN ROAD,小欖村路,Secondary Road,,,,,4
code:12157,12157,STAR STREET,星街,Secondary Road,,,,,4
code:12166,12166,SUFFOLK ROAD,沙福道,Secondary Road,1929,1929-08-23,/egazette/en/1929-gn427.pdf,/egazette/zh/1929-gn427.pdf,4
code:12203,12203,TA CHUEN PING STREET,打磚坪街,Secondary Road,,,,,4
code:12217,12217,TAI HANG SAI STREET,大坑西街,Secondary Road,1960,1960-12-16,/egazette/en/1960-gn1932.pdf,,4
code:13667,13667,TAI KEI LENG ROAD,大旗嶺路,Secondary Road,,,,,4
code:13776,13776,TAI MEI TUK ROAD,大美督路,Secondary Road,,,,,4
code:12242,12242,TAI O MARKET STREET,大澳街市街,Track,1983,1983-12-02,/egazette/en/1983-gn3792.pdf,/egazette/zh/1983-gn3792.pdf,4
code:12257,12257,TAI PO ROAD - PIPER'S HILL,大埔公路　－　琵琶山段,Main Road,,,,,4
code:13413,13413,TAI SAN BACK STREET,大新後街,Track,2011,2011-10-14,/egazette/en/2011-15-41-6773.pdf,/egazette/zh/2011-15-41-6773.pdf,4
code:14163,14163,TAI SHUI HANG NORTH STREET,大水坑北街,Secondary Road,,,,,4
code:14162,14162,TAI SHUI HANG SOUTH STREET,大水坑南街,Secondary Road,,,,,4
code:13012,13012,TAI WAN TAU ROAD,大環頭路,Secondary Road,,,,,4
code:12294,12294,TAI YIP STREET,大業街,Secondary Road,1976,1976-01-16,/egazette/en/1976-gn141.pdf,,4
code:12321,12321,TAK WING STREET,得榮街,Secondary Road,1981,1981-11-13,/egazette/en/1981-gn3369.pdf,/egazette/zh/1981-gn3369.pdf,4
code:13130,13130,TAM KON CHAU ROAD,担竿洲路,Secondary Road,,,,,4
code:12330,12330,TAM KUNG ROAD,譚公道,Secondary Road,1926,1926-04-16,/egazette/en/1926-gn202.pdf,/egazette/zh/1926-gn202.pdf,4
code:13049,13049,TAM KUNG TEMPLE ROAD,譚公廟道,Secondary Road,,,,,4
code:14448,14448,TAN LAI STREET,丹荔街,Secondary Road,2017,2017-04-07,https://www.landsd.gov.hk/doc/en/street-name/egazette/2017/egn201721141920.pdf,https://www.landsd.gov.hk/doc/tc/street-name/egazette/2017/cgn201721141920.pdf,4
code:13039,13039,TAN SHAN ROAD,炭山路,Secondary Road,,,,,4
code:14519,14519,THIRD SKY STREET,航天城第三街,Secondary Road,2021,2021-09-24,/egazette/en/2021-25-38-6003.pdf,/egazette/zh/2021-25-38-6003.pdf,4
code:14060,14060,TIM FUK ROAD,添福道,Secondary Road,,,,,4
code:13628,13628,TIN CHAU ROAD,田洲路,Secondary Road,,,,,4
code:12360,12360,TIN HAU ROAD,天后路,Secondary Road,1975,1975-08-01,/egazette/en/1975-gn1693.pdf,,4
code:12367,12367,TIN WAN HILL ROAD,田灣山道,Secondary Road,1980,1980-02-15,/egazette/en/1980-gn514.pdf,,4
code:14525,14525,TIN WO ROAD,田禾路,Secondary Road,2022,2022-10-07,/egazette/en/2022-26-40-5717.pdf,/egazette/zh/2022-26-40-5717.pdf,4
code:12371,12371,TING FU STREET,定富街,Secondary Road,,,,,4
code:12376,12376,TING ON STREET,定安街,Secondary Road,,,,,4
code:12964,12964,TING TAI ROAD,汀太路,Main Road,,,,,4
code:12993,12993,TONG HANG ROAD,塘亨路,Secondary Road,1990,1990-11-30,/egazette/en/2020-24-43-6117.pdf,/egazette/zh/2020-24-43-6117.pdf,4
code:13871,13871,TONG MING STREET,唐明街,Secondary Road,,,,,4
code:12391,12391,TONG SHUI ROAD,糖水道,Secondary Road,1933,1933-07-28,/egazette/en/1933-gn511.pdf,/egazette/zh/1933-gn511.pdf,4
code:13872,13872,TONG TAK STREET,唐德街,Secondary Road,,,,,4
code:13894,13894,TONKIN STREET WEST,東京街西,Secondary Road,,,,,4
code:12396,12396,TOWN PARK ROAD NORTH,公園北路,Secondary Road,,,,,4
code:12431,12431,TSING LUNG ROAD,青龍路,Secondary Road,1984,1984-11-30,/egazette/en/1984-gn3530.pdf,/egazette/zh/1984-gn3530.pdf,4
code:12439,12439,TSING SUM STREET,清心街,Secondary Road,,,,,4
code:12440,12440,TSING TAI ROAD,青泰路,Secondary Road,1984,1984-11-30,/egazette/en/1984-gn3530.pdf,/egazette/zh/1984-gn3530.pdf,4
code:14500,14500,TSING TIN INTERCHANGE,青田交匯處,Main Road,2020,2020-12-31,https://www.landsd.gov.hk/doc/en/street-name/egazette/2020/egn202024537695.pdf,https://www.landsd.gov.hk/doc/tc/street-name/egazette/2020/cgn202024537695.pdf,4
code:12455,12455,TSING YUNG STREET,青榕街,Secondary Road,1984,1984-11-30,/egazette/en/1984-gn3531.pdf,/egazette/zh/1984-gn3531.pdf,4
code:14302,14302,TSIU KENG ROAD,蕉徑路,Secondary Road,,,,,4
code:12475,12475,TSUI KING STREET,翠景街,Secondary Road,1983,1983-03-18,/egazette/en/1983-gn872.pdf,/egazette/zh/1983-gn872.pdf,4
code:12482,12482,TSUN FU STREET,巡撫街,Secondary Road,1958,1958-06-06,/egazette/en/1958-gn770.pdf,/egazette/zh/1958-gn770.pdf,4
code:12497,12497,TUEN FAT ROAD,屯發路,Secondary Road,1984,1984-11-30,/egazette/en/1984-gn3531.pdf,/egazette/zh/1984-gn3531.pdf,4
code:13755,13755,TUNG CHUNG EASTERN INTERCHANGE,東涌東交匯處,Main Road,,,,,4
code:14307,14307,TUNG CHUNG ROAD NORTH,東涌道北,Secondary Road,,,,,4
code:12526,12526,TUNG LOI LANE,東來里,Track,,,,,4
code:12531,12531,TUNG MING STREET,通明街,Secondary Road,1957,1957-02-22,/egazette/en/1957-gn264.pdf,/egazette/zh/1957-gn264.pdf,4
code:12551,12551,TUNG YUEN STREET,東源街,Secondary Road,,,,,4
code:39385,39385,UNITED ROAD,聯合路,Secondary Road,,,,,4
code:12565,12565,UPPER STATION STREET,差館上街,Track,,,,,4
code:12586,12586,WA TAI ROAD,華泰路,Secondary Road,1982,1982-12-24,/egazette/en/1982-gn4036.pdf,/egazette/zh/1982-gn4036.pdf,4
code:12594,12594,WAH KING STREET,華景街,Secondary Road,,,,,4
code:12608,12608,WAI ON STREET,惠安街,Secondary Road,1958,1958-05-30,/egazette/en/1958-gn732.pdf,/egazette/zh/1958-gn732.pdf,4
code:12617,12617,WAI TSUEN ROAD,蕙荃路,Secondary Road,1983,1983-11-04,/egazette/en/1983-gn3497.pdf,/egazette/zh/1983-gn3497.pdf,4
code:13867,13867,WAI TUNG ROAD,惠東路,Secondary Road,,,,,4
code:12625,12625,WALKER ROAD,獲嘉道,Secondary Road,1950,1950-07-21,/egazette/en/1950-gn867-868-869.pdf,,4
code:12627,12627,WAN CHAI GAP ROAD,灣仔峽道,Secondary Road,,,/egazette/en/1975-gn2327.pdf,,4
code:12643,12643,WAN TAU KOK LANE,運頭角里,Secondary Road,,,,,4
code:12672,12672,WANG TAT ROAD,宏達路,Main Road,1984,1984-06-22,/egazette/en/1984-gn1827.pdf,/egazette/zh/1984-gn1827.pdf,4
code:12682,12682,WANG YIP STREET SOUTH,宏業南街,Secondary Road,1983,1983-01-28,/egazette/en/1983-gn325.pdf,/egazette/zh/1983-gn325.pdf,4
code:12693,12693,WELFARE ROAD,惠福道,Secondary Road,,,,,4
code:39506,39506,WESTERN ROAD,西路,Secondary Road,,,,,4
code:12701,12701,WESTLANDS ROAD,華蘭路,Secondary Road,,,,,4
code:12734,12734,WING LUNG STREET,永隆街,Secondary Road,1934,1934-02-09,/egazette/en/1934-gn91.pdf,/egazette/zh/1934-gn91.pdf,4
code:13737,13737,WING TAK STREET,永德街,Secondary Road,,,,,4
code:14204,14204,WING YAN ROAD,榮欣路,Secondary Road,2004,2004-12-17,/egazette/en/2004-08-51-8104.pdf,/egazette/zh/2004-08-51-8104.pdf,4
code:12751,12751,WING YIP STREET,榮業街,Secondary Road,,,,,4
code:12762,12762,WO LIU HANG ROAD,禾寮坑路,Secondary Road,1976,1976-08-13,/egazette/en/1976-gn1741.pdf,,4
code:13029,13029,WO YI HOP LANE,和宜合里,Secondary Road,,,,,4
code:13532,13532,WONG CHUK YEUNG TSUEN PATH,黃竹洋村徑,Secondary Road,,,,,4
code:13708,13708,WONG HAU SHAN DRIVE,皇后山徑,Secondary Road,,,,,4
code:14324,14324,WONG KONG WAI ROAD,黃崗圍路,Secondary Road,2010,2010-02-05,/egazette/en/2010-14-5-737.pdf,/egazette/zh/2010-14-5-737.pdf,4
code:39490,39490,WOOLWICH ROAD,和域道,Secondary Road,,,,,4
code:13640,13640,WU FAI STREET,湖暉街,Secondary Road,,,,,4
code:39422,39422,WU KAI SHA VILLAGE FIFTH LANE,烏溪沙村第五巷,Track,,,,,4
code:39418,39418,WU KAI SHA VILLAGE FIRST LANE,烏溪沙村第一巷,Track,,,,,4
code:39419,39419,WU KAI SHA VILLAGE SECOND LANE,烏溪沙村第二巷,Track,,,,,4
code:39420,39420,WU KAI SHA VILLAGE THIRD LANE,烏溪沙村第三巷,Track,,,,,4
code:12802,12802,WYLIE PATH,衛理徑,Secondary Road,1976,1976-07-30,/egazette/en/1976-gn1667.pdf,,4
code:12804,12804,WYNDHAM STREET,雲咸街,Secondary Road,,,,,4
code:13615,13615,YAN KING ROAD,欣景路,Secondary Road,,,,,4
code:14178,14178,YAT TUNG STREET,逸東街,Secondary Road,,,,,4
code:13038,13038,YAU ON STREET,悠安街,Secondary Road,,,,,4
code:14095,14095,YAU TONG LANE,油塘里,Secondary Road,,,,,4
code:12842,12842,YEE FUNG STREET,怡豐街,Track,1981,1981-07-31,/egazette/en/1981-gn2267.pdf,/egazette/zh/1981-gn2267.pdf,4
code:12851,12851,YEE WO STREET,怡和街,Main Road,,,,,4
code:12961,12961,YI LOK STREET,怡樂街,Secondary Road,,,/egazette/en/1975-gn1866.pdf,,4
code:12861,12861,YI SHING SQUARE,怡成坊,Secondary Road,1984,1984-01-27,/egazette/en/1984-gn285.pdf,/egazette/zh/1984-gn285.pdf,4
code:12867,12867,YIN HING STREET,衍慶街,Secondary Road,,,,,4
code:14336,14336,YIN KONG ROAD,燕崗路,Secondary Road,2010,2010-12-02,/egazette/en/2010-14-48-7632.pdf,/egazette/zh/2010-14-48-7632.pdf,4
code:14079,14079,YING FUK STREET,盈福街,Secondary Road,,,,,4
code:14396,14396,YING HONG STREET,迎康街,Secondary Road,2014,2014-05-30,/egazette/en/2014-18-22-3150.pdf,/egazette/zh/2014-18-22-3150.pdf,4
code:14140,14140,YING WA STREET,英華街,Secondary Road,,,,,4
code:13032,13032,YING YIP ROAD,影業路,Secondary Road,,,,,4
code:14367,14367,YIU SING STREET,耀星街,Secondary Road,2012,2012-10-19,/egazette/en/2016-20-11-1595.pdf,/egazette/zh/2016-20-11-1595.pdf,4
code:13078,13078,YU CHUI STREET,瑜翠街,Secondary Road,,,,,4
code:14021,14021,YUEN CHING ROAD,元政路,Secondary Road,2000,2000-06-09,/egazette/en/2000-gn3694.pdf,/egazette/zh/2000-gn3694.pdf,4
code:12929,12929,YUEN TUN CIRCUIT,圓墩圍,Secondary Road,,,,,4
code:39307,39307,YUK SING ROAD,旭昇道,Secondary Road,,,,,4
code:12945,12945,YUN PING ROAD,恩平道,Secondary Road,1959,1959-01-30,/egazette/en/1959-gn168.pdf,/egazette/zh/1959-gn168.pdf,4
code:13900,13900,YUNG YI ROAD,雍宜路,Secondary Road,,,,,4
code:49659,49659,,,Secondary Road,,,,,3
code:48923,48923,,,Secondary Road,,,,,3
code:46983,46983,,,Secondary Road,,,,,3
code:50996,50996,,,Secondary Road,,,,,3
code:40718,40718,,,Secondary Road,,,,,3
code:41286,41286,,,Secondary Road,,,,,3
code:45130,45130,,,Secondary Road,,,,,3
code:49383,49383,,,Secondary Road,,,,,3
code:40276,40276,,,Secondary Road,,,,,3
code:50955,50955,,,Secondary Road,,,,,3
code:40761,40761,,,Secondary Road,,,,,3
code:40223,40223,,,Secondary Road,,,,,3
code:46809,46809,,,Secondary Road,,,,,3
code:51372,51372,,,Secondary Road,,,,,3
code:50989,50989,,,Secondary Road,,,,,3
code:40661,40661,,,Secondary Road,,,,,3
code:46256,46256,,,Secondary Road,,,,,3
code:46126,46126,,,Secondary Road,,,,,3
code:43706,43706,,,Secondary Road,,,,,3
code:47089,47089,,,Secondary Road,,,,,3
code:42359,42359,,,Highway,,,,,3
code:43638,43638,,,Secondary Road,,,,,3
code:44131,44131,,,Secondary Road,,,,,3
code:42584,42584,,,Secondary Road,,,,,3
code:44006,44006,,,Secondary Road,,,,,3
code:46214,46214,,,Secondary Road,,,,,3
code:46160,46160,,,Secondary Road,,,,,3
code:44827,44827,,,Secondary Road,,,,,3
code:47208,47208,,,Secondary Road,,,,,3
code:44791,44791,,,Secondary Road,,,,,3
code:50977,50977,,,Secondary Road,,,,,3
code:40256,40256,,,Secondary Road,,,,,3
code:50718,50718,,,Secondary Road,,,,,3
code:40888,40888,,,Secondary Road,,,,,3
code:46072,46072,,,Secondary Road,,,,,3
code:41058,41058,,,Secondary Road,,,,,3
code:41349,41349,,,Secondary Road,,,,,3
code:46461,46461,,,Secondary Road,,,,,3
code:48199,48199,,,Secondary Road,,,,,3
code:43490,43490,,,Secondary Road,,,,,3
code:48734,48734,,,Secondary Road,,,,,3
code:41757,41757,,,Secondary Road,,,,,3
code:44497,44497,,,Secondary Road,,,,,3
code:49013,49013,,,Secondary Road,,,,,3
code:51017,51017,,,Secondary Road,,,,,3
code:40139,40139,,,Secondary Road,,,,,3
code:41868,41868,,,Secondary Road,,,,,3
code:51174,51174,,,Secondary Road,,,,,3
code:41857,41857,,,Secondary Road,,,,,3
code:47391,47391,,,Secondary Road,,,,,3
code:40746,40746,,,Secondary Road,,,,,3
code:40861,40861,,,Secondary Road,,,,,3
code:46158,46158,,,Secondary Road,,,,,3
code:42029,42029,,,Secondary Road,,,,,3
code:51489,51489,,,Secondary Road,,,,,3
code:48481,48481,,,Secondary Road,,,,,3
code:40742,40742,,,Secondary Road,,,,,3
code:44037,44037,,,Secondary Road,,,,,3
code:47711,47711,,,Secondary Road,,,,,3
code:40023,40023,,,Secondary Road,,,,,3
code:42095,42095,,,Secondary Road,,,,,3
code:40141,40141,,,Secondary Road,,,,,3
code:40743,40743,,,Secondary Road,,,,,3
code:47712,47712,,,Secondary Road,,,,,3
code:40777,40777,,,Secondary Road,,,,,3
code:47061,47061,,,Secondary Road,,,,,3
code:44502,44502,,,Secondary Road,,,,,3
code:42798,42798,,,Secondary Road,,,,,3
code:42783,42783,,,Secondary Road,,,,,3
code:40258,40258,,,Secondary Road,,,,,3
code:49016,49016,,,Secondary Road,,,,,3
code:40511,40511,,,Restricted Road,,,,,3
code:41947,41947,,,Secondary Road,,,,,3
code:40275,40275,,,Secondary Road,,,,,3
code:42298,42298,,,Secondary Road,,,,,3
code:41253,41253,,,Secondary Road,,,,,3
code:45833,45833,,,Secondary Road,,,,,3
code:42990,42990,,,Secondary Road,,,,,3
code:40267,40267,,,Secondary Road,,,,,3
code:40149,40149,,,Main Road,,,,,3
code:43594,43594,,,Secondary Road,,,,,3
code:41772,41772,,,Secondary Road,,,,,3
code:44416,44416,,,Secondary Road,,,,,3
code:40202,40202,,,Secondary Road,,,,,3
code:44741,44741,,,Secondary Road,,,,,3
code:42269,42269,,,Secondary Road,,,,,3
code:48328,48328,,,Secondary Road,,,,,3
code:44275,44275,,,Secondary Road,,,,,3
code:41606,41606,,,Secondary Road,,,,,3
code:41608,41608,,,Secondary Road,,,,,3
code:44005,44005,,,Secondary Road,,,,,3
code:44673,44673,,,Secondary Road,,,,,3
code:44475,44475,,,Secondary Road,,,,,3
code:41099,41099,,,Secondary Road,,,,,3
code:41442,41442,,,Secondary Road,,,,,3
code:46013,46013,,,Secondary Road,,,,,3
code:40902,40902,,,Secondary Road,,,,,3
code:41755,41755,,,Secondary Road,,,,,3
code:46636,46636,,,Secondary Road,,,,,3
code:42106,42106,,,Secondary Road,,,,,3
code:41151,41151,,,Secondary Road,,,,,3
code:44245,44245,,,Secondary Road,,,,,3
code:43260,43260,,,Secondary Road,,,,,3
code:48171,48171,,,Secondary Road,,,,,3
code:45640,45640,,,Secondary Road,,,,,3
code:48431,48431,,,Secondary Road,,,,,3
code:40241,40241,,,Secondary Road,,,,,3
code:43870,43870,,,Secondary Road,,,,,3
code:46944,46944,,,Secondary Road,,,,,3
code:40007,40007,,,Secondary Road,,,,,3
code:44689,44689,,,Secondary Road,,,,,3
code:46691,46691,,,Secondary Road,,,,,3
code:48733,48733,,,Secondary Road,,,,,3
code:40760,40760,,,Secondary Road,,,,,3
code:42596,42596,,,Secondary Road,,,,,3
code:44736,44736,,,Secondary Road,,,,,3
code:42043,42043,,,Secondary Road,,,,,3
code:45001,45001,,,Secondary Road,,,,,3
code:41500,41500,,,Secondary Road,,,,,3
code:41207,41207,,,Secondary Road,,,,,3
code:40096,40096,,,Secondary Road,,,,,3
code:46573,46573,,,Secondary Road,,,,,3
code:47634,47634,,,Secondary Road,,,,,3
code:46523,46523,,,Secondary Road,,,,,3
code:43236,43236,,,Secondary Road,,,,,3
code:42293,42293,,,Secondary Road,,,,,3
code:41032,41032,,,Secondary Road,,,,,3
code:46137,46137,,,Secondary Road,,,,,3
code:40697,40697,,,Secondary Road,,,,,3
code:41674,41674,,,Secondary Road,,,,,3
code:50532,50532,,,Secondary Road,,,,,3
code:40470,40470,,,Secondary Road,,,,,3
code:40506,40506,,,Restricted Road,,,,,3
code:50557,50557,,,Secondary Road,,,,,3
code:43605,43605,,,Secondary Road,,,,,3
code:47147,47147,,,Secondary Road,,,,,3
code:46688,46688,,,Secondary Road,,,,,3
code:49059,49059,,,Secondary Road,,,,,3
code:47955,47955,,,Secondary Road,,,,,3
code:45012,45012,,,Secondary Road,,,,,3
code:49241,49241,,,Secondary Road,,,,,3
code:45815,45815,,,Secondary Road,,,,,3
code:41436,41436,,,Secondary Road,,,,,3
code:40950,40950,,,Secondary Road,,,,,3
code:42521,42521,,,Secondary Road,,,,,3
code:41803,41803,,,Secondary Road,,,,,3
code:43962,43962,,,Secondary Road,,,,,3
code:42014,42014,,,Secondary Road,,,,,3
code:45807,45807,,,Secondary Road,,,,,3
code:50068,50068,,,Secondary Road,,,,,3
code:50821,50821,,,Secondary Road,,,,,3
code:43484,43484,,,Secondary Road,,,,,3
code:40293,40293,,,Secondary Road,,,,,3
code:43852,43852,,,Secondary Road,,,,,3
code:40374,40374,,,Secondary Road,,,,,3
code:40647,40647,,,Secondary Road,,,,,3
code:45502,45502,,,Secondary Road,,,,,3
code:45268,45268,,,Secondary Road,,,,,3
code:42426,42426,,,Secondary Road,,,,,3
code:44525,44525,,,Secondary Road,,,,,3
code:44825,44825,,,Secondary Road,,,,,3
code:40177,40177,,,Secondary Road,,,,,3
code:40954,40954,,,Secondary Road,,,,,3
code:40052,40052,,,Secondary Road,,,,,3
code:40188,40188,,,Secondary Road,,,,,3
code:41281,41281,,,Secondary Road,,,,,3
code:43423,43423,,,Secondary Road,,,,,3
code:41417,41417,,,Secondary Road,,,,,3
code:46095,46095,,,Secondary Road,,,,,3
code:49290,49290,,,Secondary Road,,,,,3
code:45214,45214,,,Main Road,,,,,3
code:49476,49476,,,Secondary Road,,,,,3
code:42023,42023,,,Secondary Road,,,,,3
code:40566,40566,,,Secondary Road,,,,,3
code:44042,44042,,,Secondary Road,,,,,3
code:40769,40769,,,Secondary Road,,,,,3
code:49340,49340,,,Secondary Road,,,,,3
code:40051,40051,,,Secondary Road,,,,,3
code:41869,41869,,,Secondary Road,,,,,3
code:42956,42956,,,Secondary Road,,,,,3
code:40819,40819,,,Secondary Road,,,,,3
code:46021,46021,,,Secondary Road,,,,,3
code:41080,41080,,,Secondary Road,,,,,3
code:51669,51669,,,Secondary Road,,,,,3
code:45617,45617,,,Secondary Road,,,,,3
code:45921,45921,,,Secondary Road,,,,,3
code:48368,48368,,,Secondary Road,,,,,3
code:44524,44524,,,Secondary Road,,,,,3
code:40169,40169,,,Secondary Road,,,,,3
code:40812,40812,,,Secondary Road,,,,,3
code:40094,40094,,,Secondary Road,,,,,3
code:49586,49586,,,Secondary Road,,,,,3
code:43788,43788,,,Secondary Road,,,,,3
code:51862,51862,,,Secondary Road,,,,,3
code:50924,50924,,,Secondary Road,,,,,3
code:50892,50892,,,Secondary Road,,,,,3
code:40814,40814,,,Secondary Road,,,,,3
code:46212,46212,,,Secondary Road,,,,,3
code:50238,50238,,,Secondary Road,,,,,3
code:40871,40871,,,Secondary Road,,,,,3
code:40546,40546,,,Secondary Road,,,,,3
code:46387,46387,,,Secondary Road,,,,,3
code:42618,42618,,,Secondary Road,,,,,3
code:41089,41089,,,Secondary Road,,,,,3
code:42321,42321,,,Secondary Road,,,,,3
code:40700,40700,,,Secondary Road,,,,,3
code:49510,49510,,,Secondary Road,,,,,3
code:48405,48405,,,Secondary Road,,,,,3
code:44216,44216,,,Secondary Road,,,,,3
code:46622,46622,,,Highway,,,,,3
code:42367,42367,,,Main Road,,,,,3
code:41901,41901,,,Secondary Road,,,,,3
code:47022,47022,,,Secondary Road,,,,,3
code:41163,41163,,,Secondary Road,,,,,3
code:51191,51191,,,Secondary Road,,,,,3
code:46286,46286,,,Secondary Road,,,,,3
code:46620,46620,,,Secondary Road,,,,,3
code:45579,45579,,,Secondary Road,,,,,3
code:51266,51266,,,Secondary Road,,,,,3
code:48996,48996,,,Secondary Road,,,,,3
code:40102,40102,,,Secondary Road,,,,,3
code:48556,48556,,,Secondary Road,,,,,3
code:49491,49491,,,Secondary Road,,,,,3
code:51563,51563,,,Secondary Road,,,,,3
code:44529,44529,,,Secondary Road,,,,,3
code:46669,46669,,,Secondary Road,,,,,3
code:44376,44376,,,Secondary Road,,,,,3
code:46465,46465,,,Secondary Road,,,,,3
code:47487,47487,,,Secondary Road,,,,,3
code:43293,43293,,,Secondary Road,,,,,3
code:53036,53036,,,Secondary Road,,,,,3
code:49134,49134,,,Secondary Road,,,,,3
code:46441,46441,,,Secondary Road,,,,,3
code:42297,42297,,,Secondary Road,,,,,3
code:47160,47160,,,Secondary Road,,,,,3
code:40610,40610,,,Secondary Road,,,,,3
code:45471,45471,,,Secondary Road,,,,,3
code:49166,49166,,,Secondary Road,,,,,3
code:46306,46306,,,Secondary Road,,,,,3
code:50416,50416,,,Secondary Road,,,,,3
code:41860,41860,,,Secondary Road,,,,,3
code:51384,51384,,,Secondary Road,,,,,3
code:41758,41758,,,Secondary Road,,,,,3
code:40595,40595,,,Secondary Road,,,,,3
code:45318,45318,,,Secondary Road,,,,,3
code:45184,45184,,,Secondary Road,,,,,3
code:43332,43332,,,Secondary Road,,,,,3
code:51356,51356,,,Secondary Road,,,,,3
code:42649,42649,,,Secondary Road,,,,,3
code:42324,42324,,,Secondary Road,,,,,3
code:45299,45299,,,Secondary Road,,,,,3
code:41119,41119,,,Secondary Road,,,,,3
code:45014,45014,,,Secondary Road,,,,,3
code:50479,50479,,,Secondary Road,,,,,3
code:43360,43360,,,Secondary Road,,,,,3
code:43978,43978,,,Secondary Road,,,,,3
code:41284,41284,,,Secondary Road,,,,,3
code:51448,51448,,,Secondary Road,,,,,3
code:49490,49490,,,Secondary Road,,,,,3
code:40034,40034,,,Secondary Road,,,,,3
code:43308,43308,,,Secondary Road,,,,,3
code:45115,45115,,,Secondary Road,,,,,3
code:42957,42957,,,Secondary Road,,,,,3
code:46769,46769,,,Secondary Road,,,,,3
code:41404,41404,,,Secondary Road,,,,,3
code:43626,43626,,,Secondary Road,,,,,3
code:51013,51013,,,Secondary Road,,,,,3
code:49106,49106,,,Secondary Road,,,,,3
code:49582,49582,,,Secondary Road,,,,,3
code:50437,50437,,,Secondary Road,,,,,3
code:51307,51307,,,Secondary Road,,,,,3
code:41209,41209,,,Secondary Road,,,,,3
code:50420,50420,,,Secondary Road,,,,,3
code:44146,44146,,,Secondary Road,,,,,3
code:41372,41372,,,Secondary Road,,,,,3
code:42912,42912,,,Secondary Road,,,,,3
code:44039,44039,,,Secondary Road,,,,,3
code:45445,45445,,,Secondary Road,,,,,3
code:49255,49255,,,Secondary Road,,,,,3
code:48458,48458,,,Secondary Road,,,,,3
code:49598,49598,,,Main Road,,,,,3
code:48183,48183,,,Main Road,,,,,3
code:40731,40731,,,Secondary Road,,,,,3
code:46641,46641,,,Secondary Road,,,,,3
code:46226,46226,,,Secondary Road,,,,,3
code:41176,41176,,,Secondary Road,,,,,3
code:43435,43435,,,Secondary Road,,,,,3
code:45356,45356,,,Secondary Road,,,,,3
code:48098,48098,,,Main Road,,,,,3
code:51378,51378,,,Secondary Road,,,,,3
code:48595,48595,,,Secondary Road,,,,,3
code:41589,41589,,,Secondary Road,,,,,3
code:44583,44583,,,Secondary Road,,,,,3
code:46948,46948,,,Secondary Road,,,,,3
code:51442,51442,,,Secondary Road,,,,,3
code:40411,40411,,,Secondary Road,,,,,3
code:40847,40847,,,Secondary Road,,,,,3
code:46029,46029,,,Secondary Road,,,,,3
code:49180,49180,,,Secondary Road,,,,,3
code:40815,40815,,,Secondary Road,,,,,3
code:43355,43355,,,Secondary Road,,,,,3
code:45136,45136,,,Secondary Road,,,,,3
code:51314,51314,,,Secondary Road,,,,,3
code:46166,46166,,,Secondary Road,,,,,3
code:46216,46216,,,Secondary Road,,,,,3
code:46652,46652,,,Secondary Road,,,,,3
code:41854,41854,,,Secondary Road,,,,,3
code:51600,51600,,,Secondary Road,,,,,3
code:45452,45452,,,Secondary Road,,,,,3
code:42612,42612,,,Secondary Road,,,,,3
code:40061,40061,,,Secondary Road,,,,,3
code:40136,40136,,,Restricted Road,,,,,3
code:50391,50391,,,Secondary Road,,,,,3
code:40229,40229,,,Secondary Road,,,,,3
code:40127,40127,,,Secondary Road,,,,,3
code:49381,49381,,,Secondary Road,,,,,3
code:43822,43822,,,Secondary Road,,,,,3
code:40253,40253,,,Secondary Road,,,,,3
code:40089,40089,,,Secondary Road,,,,,3
code:51292,51292,,,Secondary Road,,,,,3
code:48709,48709,,,Secondary Road,,,,,3
code:46998,46998,,,Secondary Road,,,,,3
code:51016,51016,,,Secondary Road,,,,,3
code:46999,46999,,,Secondary Road,,,,,3
code:43653,43653,,,Secondary Road,,,,,3
code:46201,46201,,,Secondary Road,,,,,3
code:46165,46165,,,Secondary Road,,,,,3
code:45466,45466,,,Secondary Road,,,,,3
code:46248,46248,,,Secondary Road,,,,,3
code:45148,45148,,,Main Road,,,,,3
code:44661,44661,,,Secondary Road,,,,,3
code:51982,51982,,,Secondary Road,,,,,3
code:51066,51066,,,Secondary Road,,,,,3
code:49530,49530,,,Secondary Road,,,,,3
code:45777,45777,,,Highway,,,,,3
code:46720,46720,,,Secondary Road,,,,,3
code:46854,46854,,,Secondary Road,,,,,3
code:51293,51293,,,Secondary Road,,,,,3
code:42871,42871,,,Secondary Road,,,,,3
code:46856,46856,,,Secondary Road,,,,,3
code:40443,40443,,,Secondary Road,,,,,3
code:49686,49686,,,Secondary Road,,,,,3
code:40926,40926,,,Secondary Road,,,,,3
code:40977,40977,,,Secondary Road,,,,,3
code:47944,47944,,,Secondary Road,,,,,3
code:44872,44872,,,Secondary Road,,,,,3
code:40090,40090,,,Secondary Road,,,,,3
code:42781,42781,,,Secondary Road,,,,,3
code:40409,40409,,,Secondary Road,,,,,3
code:43568,43568,,,Secondary Road,,,,,3
code:41928,41928,,,Secondary Road,,,,,3
code:40851,40851,,,Secondary Road,,,,,3
code:42323,42323,,,Secondary Road,,,,,3
code:46700,46700,,,Secondary Road,,,,,3
code:44560,44560,,,Secondary Road,,,,,3
code:41936,41936,,,Secondary Road,,,,,3
code:50745,50745,,,Secondary Road,,,,,3
code:41836,41836,,,Secondary Road,,,,,3
code:48756,48756,,,Secondary Road,,,,,3
code:46051,46051,,,Secondary Road,,,,,3
code:43140,43140,,,Secondary Road,,,,,3
code:51681,51681,,,Secondary Road,,,,,3
code:40729,40729,,,Secondary Road,,,,,3
code:45143,45143,,,Secondary Road,,,,,3
code:44575,44575,,,Secondary Road,,,,,3
code:40097,40097,,,Secondary Road,,,,,3
code:40631,40631,,,Secondary Road,,,,,3
code:46322,46322,,,Main Road,,,,,3
code:43037,43037,,,Secondary Road,,,,,3
code:45679,45679,,,Secondary Road,,,,,3
code:40038,40038,,,Restricted Road,,,,,3
code:45847,45847,,,Secondary Road,,,,,3
code:49945,49945,,,Secondary Road,,,,,3
code:42139,42139,,,Secondary Road,,,,,3
code:52281,52281,,,Secondary Road,,,,,3
code:44162,44162,,,Secondary Road,,,,,3
code:41572,41572,,,Secondary Road,,,,,3
code:47364,47364,,,Secondary Road,,,,,3
code:41141,41141,,,Secondary Road,,,,,3
code:44374,44374,,,Secondary Road,,,,,3
code:45117,45117,,,Secondary Road,,,,,3
code:45896,45896,,,Secondary Road,,,,,3
code:45067,45067,,,Secondary Road,,,,,3
code:45692,45692,,,Secondary Road,,,,,3
code:51483,51483,,,Secondary Road,,,,,3
code:41291,41291,,,Secondary Road,,,,,3
code:43656,43656,,,Secondary Road,,,,,3
code:41809,41809,,,Secondary Road,,,,,3
code:43881,43881,,,Secondary Road,,,,,3
code:42057,42057,,,Secondary Road,,,,,3
code:41625,41625,,,Secondary Road,,,,,3
code:41825,41825,,,Secondary Road,,,,,3
code:44390,44390,,,Secondary Road,,,,,3
code:49345,49345,,,Secondary Road,,,,,3
code:48377,48377,,,Secondary Road,,,,,3
code:40996,40996,,,Secondary Road,,,,,3
code:41549,41549,,,Secondary Road,,,,,3
code:50407,50407,,,Secondary Road,,,,,3
code:42662,42662,,,Secondary Road,,,,,3
code:50982,50982,,,Secondary Road,,,,,3
code:41324,41324,,,Secondary Road,,,,,3
code:45975,45975,,,Secondary Road,,,,,3
code:42480,42480,,,Secondary Road,,,,,3
code:41897,41897,,,Secondary Road,,,,,3
code:41580,41580,,,Secondary Road,,,,,3
code:42897,42897,,,Secondary Road,,,,,3
code:47879,47879,,,Secondary Road,,,,,3
code:50789,50789,,,Secondary Road,,,,,3
code:41127,41127,,,Secondary Road,,,,,3
code:47294,47294,,,Secondary Road,,,,,3
code:42088,42088,,,Secondary Road,,,,,3
code:40065,40065,,,Secondary Road,,,,,3
code:47303,47303,,,Secondary Road,,,,,3
code:45181,45181,,,Secondary Road,,,,,3
code:51197,51197,,,Secondary Road,,,,,3
code:41152,41152,,,Secondary Road,,,,,3
code:41840,41840,,,Secondary Road,,,,,3
code:50723,50723,,,Secondary Road,,,,,3
code:44516,44516,,,Secondary Road,,,,,3
code:41036,41036,,,Secondary Road,,,,,3
code:50010,50010,,,Secondary Road,,,,,3
code:47388,47388,,,Secondary Road,,,,,3
code:52700,52700,,,Secondary Road,,,,,3
code:49212,49212,,,Secondary Road,,,,,3
code:48144,48144,,,Secondary Road,,,,,3
code:47163,47163,,,Secondary Road,,,,,3
code:46327,46327,,,Secondary Road,,,,,3
code:44164,44164,,,Secondary Road,,,,,3
code:46570,46570,,,Secondary Road,,,,,3
code:42519,42519,,,Secondary Road,,,,,3
code:41079,41079,,,Secondary Road,,,,,3
code:50269,50269,,,Secondary Road,,,,,3
code:42881,42881,,,Secondary Road,,,,,3
code:46045,46045,,,Secondary Road,,,,,3
code:48219,48219,,,Highway,,,,,3
code:48826,48826,,,Secondary Road,,,,,3
code:45518,45518,,,Secondary Road,,,,,3
code:50457,50457,,,Secondary Road,,,,,3
code:42343,42343,,,Secondary Road,,,,,3
code:41643,41643,,,Secondary Road,,,,,3
code:40589,40589,,,Secondary Road,,,,,3
code:50467,50467,,,Secondary Road,,,,,3
code:51710,51710,,,Secondary Road,,,,,3
code:45101,45101,,,Secondary Road,,,,,3
code:49463,49463,,,Secondary Road,,,,,3
code:49859,49859,,,Secondary Road,,,,,3
code:46366,46366,,,Secondary Road,,,,,3
code:41136,41136,,,Secondary Road,,,,,3
code:43644,43644,,,Secondary Road,,,,,3
code:50847,50847,,,Secondary Road,,,,,3
code:41402,41402,,,Secondary Road,,,,,3
code:51397,51397,,,Secondary Road,,,,,3
code:40770,40770,,,Secondary Road,,,,,3
code:43724,43724,,,Secondary Road,,,,,3
code:51012,51012,,,Secondary Road,,,,,3
code:42674,42674,,,Secondary Road,,,,,3
code:45939,45939,,,Secondary Road,,,,,3
code:46324,46324,,,Main Road,,,,,3
code:43099,43099,,,Secondary Road,,,,,3
code:45137,45137,,,Secondary Road,,,,,3
code:46911,46911,,,Secondary Road,,,,,3
code:40242,40242,,,Secondary Road,,,,,3
code:41093,41093,,,Secondary Road,,,,,3
code:42916,42916,,,Secondary Road,,,,,3
code:41295,41295,,,Secondary Road,,,,,3
code:41678,41678,,,Secondary Road,,,,,3
code:40074,40074,,,Secondary Road,,,,,3
code:46845,46845,,,Secondary Road,,,,,3
code:45920,45920,,,Main Road,,,,,3
code:51968,51968,,,Secondary Road,,,,,3
code:51995,51995,,,Secondary Road,,,,,3
code:43373,43373,,,Secondary Road,,,,,3
code:43137,43137,,,Secondary Road,,,,,3
code:42457,42457,,,Secondary Road,,,,,3
code:51917,51917,,,Secondary Road,,,,,3
code:51804,51804,,,Secondary Road,,,,,3
code:41640,41640,,,Secondary Road,,,,,3
code:52102,52102,,,Secondary Road,,,,,3
code:49596,49596,,,Secondary Road,,,,,3
code:52835,52835,,,Secondary Road,,,,,3
code:51682,51682,,,Secondary Road,,,,,3
code:53403,53403,,,Secondary Road,,,,,3
code:53418,53418,,,Secondary Road,,,,,3
code:51761,51761,,,Secondary Road,,,,,3
code:52604,52604,,,Secondary Road,,,,,3
code:42122,42122,,,Secondary Road,,,,,3
code:53503,53503,,,Main Road,,,,,3
code:51781,51781,,,Secondary Road,,,,,3
code:40813,40813,,,Secondary Road,,,,,3
code:45236,45236,,,Secondary Road,,,,,3
code:46170,46170,,,Secondary Road,,,,,3
code:45836,45836,,,Secondary Road,,,,,3
code:42953,42953,,,Secondary Road,,,,,3
code:45768,45768,,,Secondary Road,,,,,3
code:51318,51318,,,Secondary Road,,,,,3
code:51720,51720,,,Restricted Road,,,,,3
code:47159,47159,,,Secondary Road,,,,,3
code:41145,41145,,,Secondary Road,,,,,3
code:45908,45908,,,Secondary Road,,,,,3
code:43517,43517,,,Secondary Road,,,,,3
code:46625,46625,,,Secondary Road,,,,,3
code:50661,50661,,,Secondary Road,,,,,3
code:42287,42287,,,Secondary Road,,,,,3
code:45513,45513,,,Secondary Road,,,,,3
code:52033,52033,,,Secondary Road,,,,,3
code:44914,44914,,,Restricted Road,,,,,3
code:41637,41637,,,Secondary Road,,,,,3
code:43477,43477,,,Secondary Road,,,,,3
code:45128,45128,,,Secondary Road,,,,,3
code:47939,47939,,,Secondary Road,,,,,3
code:51273,51273,,,Secondary Road,,,,,3
code:47161,47161,,,Secondary Road,,,,,3
code:50018,50018,,,Secondary Road,,,,,3
code:49250,49250,,,Secondary Road,,,,,3
code:45672,45672,,,Secondary Road,,,,,3
code:42215,42215,,,Secondary Road,,,,,3
code:42366,42366,,,Secondary Road,,,,,3
code:42230,42230,,,Secondary Road,,,,,3
code:51254,51254,,,Main Road,,,,,3
code:43001,43001,,,Secondary Road,,,,,3
code:49549,49549,,,Secondary Road,,,,,3
code:43389,43389,,,Secondary Road,,,,,3
code:47708,47708,,,Secondary Road,,,,,3
code:43762,43762,,,Secondary Road,,,,,3
code:46263,46263,,,Secondary Road,,,,,3
code:46548,46548,,,Secondary Road,,,,,3
code:40632,40632,,,Secondary Road,,,,,3
code:46398,46398,,,Secondary Road,,,,,3
code:52985,52985,,,Secondary Road,,,,,3
code:53000,53000,,,Secondary Road,,,,,3
code:53003,53003,,,Secondary Road,,,,,3
code:42444,42444,,,Track,,,,,3
code:51836,51836,,,Secondary Road,,,,,3
code:41876,41876,,,Secondary Road,,,,,3
code:51904,51904,,,Secondary Road,,,,,3
code:51927,51927,,,Secondary Road,,,,,3
code:51934,51934,,,Secondary Road,,,,,3
code:52965,52965,,,Secondary Road,,,,,3
code:52164,52164,,,Secondary Road,,,,,3
code:52268,52268,,,Secondary Road,,,,,3
code:50197,50197,,,Secondary Road,,,,,3
code:45024,45024,,,Secondary Road,,,,,3
code:53263,53263,,,Secondary Road,,,,,3
code:52695,52695,,,Secondary Road,,,,,3
code:52795,52795,,,Secondary Road,,,,,3
code:52838,52838,,,Secondary Road,,,,,3
code:41700,41700,,,Secondary Road,,,,,3
code:44165,44165,,,Secondary Road,,,,,3
code:44601,44601,,,Secondary Road,,,,,3
code:47005,47005,,,Secondary Road,,,,,3
code:50542,50542,,,Secondary Road,,,,,3
code:41768,41768,,,Secondary Road,,,,,3
code:49188,49188,,,Secondary Road,,,,,3
code:52552,52552,,,Secondary Road,,,,,3
code:42388,42388,,,Restricted Road,,,,,3
code:45700,45700,,,Secondary Road,,,,,3
code:43091,43091,,,Secondary Road,,,,,3
code:51215,51215,,,Secondary Road,,,,,3
code:42488,42488,,,Restricted Road,,,,,3
code:40516,40516,,,Restricted Road,,,,,3
code:42417,42417,,,Restricted Road,,,,,3
code:42194,42194,,,Secondary Road,,,,,3
code:47531,47531,,,Secondary Road,,,,,3
code:48603,48603,,,Secondary Road,,,,,3
code:49552,49552,,,Secondary Road,,,,,3
code:41845,41845,,,Secondary Road,,,,,3
code:40560,40560,,,Secondary Road,,,,,3
code:49984,49984,,,Secondary Road,,,,,3
code:46057,46057,,,Secondary Road,,,,,3
code:42466,42466,,,Secondary Road,,,,,3
code:50271,50271,,,Secondary Road,,,,,3
code:42413,42413,,,Secondary Road,,,,,3
code:52124,52124,,,Secondary Road,,,,,3
code:46369,46369,,,Secondary Road,,,,,3
code:40489,40489,,,Secondary Road,,,,,3
code:46812,46812,,,Secondary Road,,,,,3
code:40164,40164,,,Secondary Road,,,,,3
code:45512,45512,,,Secondary Road,,,,,3
code:51542,51542,,,Secondary Road,,,,,3
code:44397,44397,,,Secondary Road,,,,,3
code:47791,47791,,,Secondary Road,,,,,3
code:52617,52617,,,Secondary Road,,,,,3
code:40886,40886,,,Secondary Road,,,,,3
code:52618,52618,,,Main Road,,,,,3
code:53518,53518,,,Secondary Road,,,,,3
code:53535,53535,,,Secondary Road,,,,,3
code:53536,53536,,,Secondary Road,,,,,3
code:52063,52063,,,Secondary Road,,,,,3
code:53397,53397,,,Secondary Road,,,,,3
code:53406,53406,,,Secondary Road,,,,,3
code:53408,53408,,,Secondary Road,,,,,3
code:43346,43346,,,Secondary Road,,,,,3
code:51166,51166,,,Secondary Road,,,,,3
code:51100,51100,,,Secondary Road,,,,,3
code:49948,49948,,,Secondary Road,,,,,3
code:45802,45802,,,Secondary Road,,,,,3
code:49303,49303,,,Secondary Road,,,,,3
code:51979,51979,,,Secondary Road,,,,,3
code:51609,51609,,,Secondary Road,,,,,3
code:43153,43153,,,Secondary Road,,,,,3
code:49882,49882,,,Secondary Road,,,,,3
code:51472,51472,,,Secondary Road,,,,,3
code:42516,42516,,,Secondary Road,,,,,3
code:45271,45271,,,Secondary Road,,,,,3
code:51688,51688,,,Secondary Road,,,,,3
code:45540,45540,,,Secondary Road,,,,,3
code:51973,51973,,,Secondary Road,,,,,3
code:51003,51003,,,Secondary Road,,,,,3
code:53454,53454,,,Secondary Road,,,,,3
code:51984,51984,,,Main Road,,,,,3
code:50962,50962,,,Secondary Road,,,,,3
code:44891,44891,,,Secondary Road,,,,,3
code:52888,52888,,,Secondary Road,,,,,3
code:43730,43730,,,Secondary Road,,,,,3
code:52722,52722,,,Secondary Road,,,,,3
code:52011,52011,,,Secondary Road,,,,,3
code:42073,42073,,,Secondary Road,,,,,3
code:53099,53099,,,Secondary Road,,,,,3
code:44975,44975,,,Secondary Road,,,,,3
code:52999,52999,,,Secondary Road,,,,,3
code:53031,53031,,,Secondary Road,,,,,3
code:51627,51627,,,Secondary Road,,,,,3
code:45862,45862,,,Secondary Road,,,,,3
code:50885,50885,,,Secondary Road,,,,,3
code:45612,45612,,,Secondary Road,,,,,3
code:44908,44908,,,Secondary Road,,,,,3
code:42211,42211,,,Secondary Road,,,,,3
code:51985,51985,,,Secondary Road,,,,,3
code:47816,47816,,,Secondary Road,,,,,3
code:52453,52453,,,Secondary Road,,,,,3
code:48246,48246,,,Highway,,,,,3
code:44387,44387,,,Secondary Road,,,,,3
code:52073,52073,,,Secondary Road,,,,,3
code:46191,46191,,,Secondary Road,,,,,3
code:51884,51884,,,Secondary Road,,,,,3
code:42383,42383,,,Secondary Road,,,,,3
code:50650,50650,,,Secondary Road,,,,,3
code:46663,46663,,,Secondary Road,,,,,3
code:40186,40186,,,Secondary Road,,,,,3
code:43781,43781,,,Secondary Road,,,,,3
code:44681,44681,,,Secondary Road,,,,,3
code:47950,47950,,,Secondary Road,,,,,3
code:49379,49379,,,Secondary Road,,,,,3
code:43863,43863,,,Secondary Road,,,,,3
code:44267,44267,,,Secondary Road,,,,,3
code:46846,46846,,,Secondary Road,,,,,3
code:43906,43906,,,Secondary Road,,,,,3
code:49229,49229,,,Secondary Road,,,,,3
code:42027,42027,,,Secondary Road,,,,,3
code:45174,45174,,,Secondary Road,,,,,3
code:41129,41129,,,Secondary Road,,,,,3
code:43803,43803,,,Secondary Road,,,,,3
code:42201,42201,,,Secondary Road,,,,,3
code:52129,52129,,,Secondary Road,,,,,3
code:52170,52170,,,Secondary Road,,,,,3
code:52195,52195,,,Secondary Road,,,,,3
code:52204,52204,,,Secondary Road,,,,,3
code:52236,52236,,,Secondary Road,,,,,3
code:51777,51777,,,Secondary Road,,,,,3
code:52847,52847,,,Secondary Road,,,,,3
code:52956,52956,,,Secondary Road,,,,,3
code:52514,52514,,,Secondary Road,,,,,3
code:46530,46530,,,Secondary Road,,,,,3
code:51635,51635,,,Secondary Road,,,,,3
code:42468,42468,,,Secondary Road,,,,,3
code:43129,43129,,,Secondary Road,,,,,3
code:45955,45955,,,Secondary Road,,,,,3
code:49949,49949,,,Secondary Road,,,,,3
code:51803,51803,,,Secondary Road,,,,,3
code:53565,53565,,,Secondary Road,,,,,3
code:52327,52327,,,Secondary Road,,,,,3
code:52329,52329,,,Secondary Road,,,,,3
code:52429,52429,,,Secondary Road,,,,,3
code:50462,50462,,,Secondary Road,,,,,3
code:51583,51583,,,Secondary Road,,,,,3
code:44995,44995,,,Secondary Road,,,,,3
code:42474,42474,,,Secondary Road,,,,,3
code:43995,43995,,,Secondary Road,,,,,3
code:51429,51429,,,Secondary Road,,,,,3
code:45970,45970,,,Secondary Road,,,,,3
code:52220,52220,,,Secondary Road,,,,,3
code:51853,51853,,,Secondary Road,,,,,3
code:51828,51828,,,Secondary Road,,,,,3
code:49570,49570,,,Secondary Road,,,,,3
code:51903,51903,,,Secondary Road,,,,,3
code:53139,53139,,,Secondary Road,,,,,3
code:42561,42561,,,Secondary Road,,,,,3
code:52473,52473,,,Secondary Road,,,,,3
code:52526,52526,,,Secondary Road,,,,,3
code:44688,44688,,,Main Road,,,,,3
code:51991,51991,,,Secondary Road,,,,,3
code:45590,45590,,,Secondary Road,,,,,3
code:52553,52553,,,Secondary Road,,,,,3
code:51535,51535,,,Secondary Road,,,,,3
code:53532,53532,,,Secondary Road,,,,,3
code:52540,52540,,,Secondary Road,,,,,3
code:45856,45856,,,Secondary Road,,,,,3
code:43733,43733,,,Secondary Road,,,,,3
code:52676,52676,,,Main Road,,,,,3
code:52744,52744,,,Secondary Road,,,,,3
code:42411,42411,,,Secondary Road,,,,,3
code:52807,52807,,,Secondary Road,,,,,3
code:51815,51815,,,Secondary Road,,,,,3
code:51830,51830,,,Secondary Road,,,,,3
code:51847,51847,,,Secondary Road,,,,,3
code:51930,51930,,,Secondary Road,,,,,3
code:43002,43002,,,Secondary Road,,,,,3
code:49447,49447,,,Secondary Road,,,,,3
code:42077,42077,,,Secondary Road,,,,,3
code:44835,44835,,,Secondary Road,,,,,3
code:51551,51551,,,Secondary Road,,,,,3
code:41448,41448,,,Secondary Road,,,,,3
code:51394,51394,,,Secondary Road,,,,,3
code:42084,42084,,,Secondary Road,,,,,3
code:51369,51369,,,Secondary Road,,,,,3
code:42784,42784,,,Secondary Road,,,,,3
code:52810,52810,,,Secondary Road,,,,,3
code:52059,52059,,,Secondary Road,,,,,3
code:52072,52072,,,Secondary Road,,,,,3
code:51809,51809,,,Secondary Road,,,,,3
code:51845,51845,,,Secondary Road,,,,,3
code:51909,51909,,,Secondary Road,,,,,3
code:51911,51911,,,Secondary Road,,,,,3
code:42364,42364,,,Secondary Road,,,,,3
code:51824,51824,,,Secondary Road,,,,,3
code:51841,51841,,,Secondary Road,,,,,3
code:51873,51873,,,Secondary Road,,,,,3
code:51939,51939,,,Secondary Road,,,,,3
code:51958,51958,,,Secondary Road,,,,,3
code:50076,50076,,,Secondary Road,,,,,3
code:51248,51248,,,Secondary Road,,,,,3
code:40501,40501,,,Secondary Road,,,,,3
code:49243,49243,,,Main Road,,,,,3
code:51680,51680,,,Secondary Road,,,,,3
code:50912,50912,,,Secondary Road,,,,,3
code:51998,51998,,,Secondary Road,,,,,3
code:53407,53407,,,Secondary Road,,,,,3
code:42214,42214,,,Secondary Road,,,,,3
code:43582,43582,,,Secondary Road,,,,,3
code:51036,51036,,,Secondary Road,,,,,3
code:51755,51755,,,Secondary Road,,,,,3
code:51774,51774,,,Secondary Road,,,,,3
code:51791,51791,,,Secondary Road,,,,,3
code:52861,52861,,,Restricted Road,,,,,3
code:52910,52910,,,Restricted Road,,,,,3
code:52927,52927,,,Secondary Road,,,,,3
code:52978,52978,,,Secondary Road,,,,,3
code:53124,53124,,,Secondary Road,,,,,3
code:53256,53256,,,Secondary Road,,,,,3
code:51658,51658,,,Secondary Road,,,,,3
code:42600,42600,,,Secondary Road,,,,,3
code:52107,52107,,,Secondary Road,,,,,3
code:52109,52109,,,Secondary Road,,,,,3
code:52173,52173,,,Secondary Road,,,,,3
code:52226,52226,,,Secondary Road,,,,,3
code:45671,45671,,,Secondary Road,,,,,3
code:41095,41095,,,Secondary Road,,,,,3
code:52108,52108,,,Secondary Road,,,,,3
code:51823,51823,,,Secondary Road,,,,,3
code:52157,52157,,,Secondary Road,,,,,3
code:52193,52193,,,Secondary Road,,,,,3
code:52259,52259,,,Secondary Road,,,,,3
code:53495,53495,,,Secondary Road,,,,,3
code:52586,52586,,,Secondary Road,,,,,3
code:52620,52620,,,Secondary Road,,,,,3
code:52647,52647,,,Secondary Road,,,,,3
code:53549,53549,,,Secondary Road,,,,,3
code:52322,52322,,,Secondary Road,,,,,3
code:52347,52347,,,Secondary Road,,,,,3
code:52702,52702,,,Secondary Road,,,,,3
code:52766,52766,,,Secondary Road,,,,,3
code:52047,52047,,,Secondary Road,,,,,3
code:46605,46605,,,Secondary Road,,,,,3
code:44040,44040,,,Secondary Road,,,,,3
code:51792,51792,,,Secondary Road,,,,,3
code:52971,52971,,,Secondary Road,,,,,3
code:41082,41082,,,Secondary Road,,,,,3
code:51908,51908,,,Secondary Road,,,,,3
code:53449,53449,,,Secondary Road,,,,,3
code:53481,53481,,,Secondary Road,,,,,3
code:52724,52724,,,Secondary Road,,,,,3
code:52758,52758,,,Secondary Road,,,,,3
code:52826,52826,,,Secondary Road,,,,,3
code:40692,40692,,,Secondary Road,,,,,3
code:53377,53377,,,Secondary Road,,,,,3
code:53396,53396,,,Secondary Road,,,,,3
code:52121,52121,,,Secondary Road,,,,,3
code:52203,52203,,,Secondary Road,,,,,3
code:53384,53384,,,Secondary Road,,,,,3
code:53426,53426,,,Secondary Road,,,,,3
code:45959,45959,,,Secondary Road,,,,,3
code:51775,51775,,,Secondary Road,,,,,3
code:52314,52314,,,Secondary Road,,,,,3
code:52364,52364,,,Secondary Road,,,,,3
code:52909,52909,,,Restricted Road,,,,,3
code:52911,52911,,,Secondary Road,,,,,3
code:52928,52928,,,Secondary Road,,,,,3
code:52941,52941,,,Secondary Road,,,,,3
code:52945,52945,,,Secondary Road,,,,,3
code:53028,53028,,,Secondary Road,,,,,3
code:53228,53228,,,Secondary Road,,,,,3
code:53450,53450,,,Secondary Road,,,,,3
code:53482,53482,,,Secondary Road,,,,,3
code:53279,53279,,,Secondary Road,,,,,3
code:42449,42449,,,Secondary Road,,,,,3
code:52592,52592,,,Secondary Road,,,,,3
code:52590,52590,,,Secondary Road,,,,,3
code:52624,52624,,,Secondary Road,,,,,3
code:52626,52626,,,Secondary Road,,,,,3
code:51923,51923,,,Secondary Road,,,,,3
code:51955,51955,,,Secondary Road,,,,,3
code:53125,53125,,,Secondary Road,,,,,3
code:53212,53212,,,Secondary Road,,,,,3
code:53229,53229,,,Secondary Road,,,,,3
code:53295,53295,,,Secondary Road,,,,,3
code:52658,52658,,,Secondary Road,,,,,3
code:53543,53543,,,Secondary Road,,,,,3
code:45531,45531,,,Secondary Road,,,,,3
code:51780,51780,,,Secondary Road,,,,,3
code:52884,52884,,,Secondary Road,,,,,3
code:52920,52920,,,Secondary Road,,,,,3
code:52283,52283,,,Secondary Road,,,,,3
code:52934,52934,,,Secondary Road,,,,,3
code:52657,52657,,,Secondary Road,,,,,3
code:52674,52674,,,Secondary Road,,,,,3
code:53512,53512,,,Secondary Road,,,,,3
code:53544,53544,,,Secondary Road,,,,,3
code:53563,53563,,,Secondary Road,,,,,3
code:53002,53002,,,Secondary Road,,,,,3
code:53019,53019,,,Secondary Road,,,,,3
code:44527,44527,,,Secondary Road,,,,,3
code:49908,49908,,,Secondary Road,,,,,3
code:52165,52165,,,Secondary Road,,,,,3
code:52340,52340,,,Secondary Road,,,,,3
code:52376,52376,,,Secondary Road,,,,,3
code:52391,52391,,,Secondary Road,,,,,3
code:53252,53252,,,Secondary Road,,,,,3
code:53284,53284,,,Secondary Road,,,,,3
code:47339,47339,,,Secondary Road,,,,,3
code:40455,40455,,,Secondary Road,,,,,3
code:41155,41155,,,Secondary Road,,,,,3
code:49154,49154,,,Secondary Road,,,,,3
code:42377,42377,,,Secondary Road,,,,,3
code:41802,41802,,,Secondary Road,,,,,3
code:40848,40848,,,Secondary Road,,,,,3
code:40762,40762,,,Secondary Road,,,,,3
code:52566,52566,,,Secondary Road,,,,,3
code:53537,53537,,,Secondary Road,,,,,3
code:42016,42016,,,Secondary Road,,,,,3
code:42266,42266,,,Secondary Road,,,,,3
code:52334,52334,,,Secondary Road,,,,,3
code:52383,52383,,,Secondary Road,,,,,3
code:49643,49643,,,Secondary Road,,,,,3
code:53451,53451,,,Secondary Road,,,,,3
code:53452,53452,,,Secondary Road,,,,,3
code:42952,42952,,,Secondary Road,,,,,3
code:43988,43988,,,Secondary Road,,,,,3
code:42659,42659,,,Secondary Road,,,,,3
code:48443,48443,,,Secondary Road,,,,,3
code:40862,40862,,,Secondary Road,,,,,3
code:47257,47257,,,Secondary Road,,,,,3
code:43195,43195,,,Secondary Road,,,,,3
code:45585,45585,,,Secondary Road,,,,,3
code:50465,50465,,,Secondary Road,,,,,3
code:51851,51851,,,Secondary Road,,,,,3
code:52005,52005,,,Secondary Road,,,,,3
code:44706,44706,,,Secondary Road,,,,,3
code:52705,52705,,,Secondary Road,,,,,3
code:42227,42227,,,Secondary Road,,,,,3
code:52723,52723,,,Secondary Road,,,,,3
code:52830,52830,,,Secondary Road,,,,,3
code:40330,40330,,,Secondary Road,,,,,3
code:53098,53098,,,Secondary Road,,,,,3
code:42141,42141,,,Secondary Road,,,,,3
code:46203,46203,,,Secondary Road,,,,,3
code:42370,42370,,,Secondary Road,,,,,3
code:52605,52605,,,Secondary Road,,,,,3
code:52648,52648,,,Secondary Road,,,,,3
code:52680,52680,,,Secondary Road,,,,,3
code:43345,43345,,,Secondary Road,,,,,3
code:52155,52155,,,Secondary Road,,,,,3
code:52255,52255,,,Secondary Road,,,,,3
code:53505,53505,,,Secondary Road,,,,,3
code:53316,53316,,,Secondary Road,,,,,3
code:51937,51937,,,Secondary Road,,,,,3
code:53230,53230,,,Secondary Road,,,,,3
code:53480,53480,,,Secondary Road,,,,,3
code:39631,39631,ALTUS LINK,,Secondary Road,,,,,3
code:10023,10023,AP LEI CHAU DRIVE,鴨脷洲徑,Secondary Road,,,,,3
code:10032,10032,ARTHUR STREET,鴉打街,Secondary Road,,,,,3
code:10034,10034,ASHLEY ROAD,亞士厘道,Secondary Road,,,,,3
code:39612,39612,AVIO BOULEVARD,艾維奧大道,Secondary Road,,,,,3
code:10038,10038,BABINGTON PATH,巴丙頓道,Secondary Road,1904,1904-01-29,/egazette/en/1904-gn59.pdf,/egazette/zh/1904-gn59.pdf,3
code:13738,13738,BAPTIST UNIVERSITY ROAD,浸會大學道,Secondary Road,,,,,3
code:10059,10059,BELLEVIEW DRIVE,麗景道,Secondary Road,,,,,3
code:10060,10060,BERWICK ROAD,寶域路,Secondary Road,,,,,3
code:14038,14038,BIJOU DRIVE,璧如徑,Secondary Road,2000,2000-09-15,/egazette/en/2000-gn6058.pdf,/egazette/zh/2000-gn6058.pdf,3
code:10065,10065,BLENHEIM AVENUE,白蘭軒道,Secondary Road,1935,1935-04-26,/egazette/en/1935-gn334.pdf,/egazette/zh/1935-gn334.pdf,3
code:10099,10099,BURROWS STREET,巴路士街,Secondary Road,,,,,3
code:10103,10103,CADOGAN STREET,加多近街,Secondary Road,,,,,3
code:10109,10109,CAMERON LANE,金馬倫里,Secondary Road,1954,1954-08-27,/egazette/en/1954-gn1068.pdf,/egazette/zh/1954-gn1068.pdf,3
code:10110,10110,CAMERON ROAD,金馬倫道,Secondary Road,,,,,3
code:10126,10126,CASSIA ROAD,高槐路,Secondary Road,1953,1953-11-20,/egazette/en/1953-gn1420.pdf,/egazette/zh/1953-gn1420.pdf,3
code:10127,10127,CASTLE LANE,衛城里,Track,1956,1956-09-28,/egazette/en/1956-gn1241.pdf,/egazette/zh/1956-gn1241.pdf,3
code:10147,10147,CASTLE ROAD,衛城道,Secondary Road,,,,,3
code:10151,10151,CEDAR STREET,柏樹街,Secondary Road,1927,1927-11-25,/egazette/en/1927-gn699.pdf,/egazette/zh/1927-gn699.pdf,3
code:14345,14345,CHAI KEK ROAD,寨乪路,Secondary Road,2011,2011-12-02,/egazette/en/2011-15-48-7901.pdf,/egazette/zh/2011-15-48-7901.pdf,3
code:10165,10165,CHATHAM PATH,漆咸徑,Track,1919,1919-09-26,/egazette/en/1919-gn450.pdf,/egazette/zh/1919-gn450.pdf,3
code:10176,10176,CHEONG SAN LANE,昌新里,Secondary Road,,,,,3
code:13809,13809,CHEONG YIP ROAD,暢業路,Secondary Road,,,,,3
code:10186,10186,CHEUNG CHAU SPORTS ROAD,長洲體育路,Track,,,,,3
code:10193,10193,CHEUNG HONG STREET,長康街,Secondary Road,1933,1933-07-28,/egazette/en/1933-gn511.pdf,/egazette/zh/1933-gn511.pdf,3
code:10196,10196,CHEUNG LAI STREET,長荔街,Secondary Road,1976,1976-06-18,/egazette/en/1976-gn1302.pdf,,3
code:10197,10197,CHEUNG LEE STREET,祥利街,Secondary Road,,,,,3
code:10209,10209,CHEUNG SHING STREET,長城街,Secondary Road,,,,,3
code:14226,14226,CHEUNG SHUE TAN ROAD,樟樹灘路,Secondary Road,,,,,3
code:10214,10214,CHEUNG TAT ROAD,長達路,Secondary Road,1983,1983-12-02,/egazette/en/1983-gn3793.pdf,/egazette/zh/1983-gn3793.pdf,3
code:12998,12998,CHEUNG TSUN ROAD,長俊路,Track,,,,,3
code:10216,10216,CHEUNG WAN STREET,長環街,Secondary Road,1979,1979-07-06,/egazette/en/1979-gn1702.pdf,,3
code:10223,10223,CHEUNG YUEN ROAD,長源路,Secondary Road,,,,,3
code:13987,13987,CHI SUM ROAD,祠心路,Secondary Road,,,,,3
code:13683,13683,CHI WA LANE,置華里,Secondary Road,,,,,3
code:13936,13936,CHI YAN STREET,志仁街,Track,,,,,3
code:13988,13988,CHI YIN LANE,智賢里,Secondary Road,,,,,3
code:10238,10238,CHIK FU STREET,積富街,Secondary Road,,,,,3
code:10242,10242,CHIK SHUN STREET,積信街,Secondary Road,,,,,3
code:39522,39522,CHIMNEY ROAD,煙囱路,Secondary Road,,,,,3
code:10250,10250,CHING PING STREET,澄平街,Secondary Road,1956,1956-06-08,/egazette/en/1956-gn717.pdf,/egazette/zh/1956-gn717.pdf,3
code:14454,14454,CHING YU PATH,菁裕徑,Track,2017,2017-10-13,https://www.landsd.gov.hk/doc/en/street-name/egazette/2017/egn201721417595.pdf,https://www.landsd.gov.hk/doc/tc/street-name/egazette/2017/cgn201721417595.pdf,3
code:10256,10256,CHIU KWONG STREET,朝光街,Secondary Road,,,,,3
code:10258,10258,CHIU TAM PATH,照潭徑,Secondary Road,,,,,3
code:10260,10260,CHOI CHUK STREET,彩竹街,Secondary Road,,,,,3
code:13670,13670,CHOI FAI STREET,彩暉街,Secondary Road,,,,,3
code:10267,10267,CHONG YIP STREET,創業街,Secondary Road,,,,,3
code:10269,10269,CHUI CHUK STREET,翠竹街,Secondary Road,,,,,3
code:39393,39393,CHUI PAK ROAD,翠柏路,Secondary Road,,,,,3
code:14371,14371,CHUI SHIN STREET,翠善街,Secondary Road,,,,,3
code:13539,13539,CHUI YI STREET,翠怡街,Secondary Road,,,,,3
code:13732,13732,CHUN CHOI STREET,駿才街,Secondary Road,,,,,3
code:10277,10277,CHUN FAI ROAD,春暉道,Secondary Road,1975,1975-03-28,/egazette/en/1975-gn702-703.pdf,,3
code:10284,10284,CHUN YAN STREET,親仁街,Secondary Road,1983,1983-07-29,/egazette/en/1983-gn2420.pdf,/egazette/zh/1983-gn2420.pdf,3
code:10292,10292,CHUNG HING STREET,中興街,Track,1983,1983-08-12,/egazette/en/1983-gn2627.pdf,/egazette/zh/1983-gn2627.pdf,3
code:13911,13911,CHUNG KUK PATH,松菊徑,Secondary Road,,,,,3
code:13176,13176,CHUNG LING LANE,松嶺里,Secondary Road,,,,,3
code:13031,13031,CHUNG YIN LANE,忠賢里,Secondary Road,,,,,3
code:39382,39382,CLINIC ROAD,保健路,Secondary Road,,,,,3
code:10319,10319,COCHRANE STREET,閣麟街,Track,,,,,3
code:10324,10324,COMFORT TERRACE,康福臺,Secondary Road,1952,1952-11-28,/egazette/en/1952-gn1363.pdf,/egazette/zh/1952-gn1363.pdf,3
code:10337,10337,COOPER ROAD,谷柏道,Secondary Road,1954,1954-06-25,/egazette/en/1954-gn765.pdf,/egazette/zh/1954-gn765.pdf,3
code:10345,10345,COX'S ROAD,覺士道,Secondary Road,,,,,3
code:10346,10346,CRAIGMIN ROAD,忌利文道,Secondary Road,,,,,3
code:10361,10361,DAI SHING STREET,大盛街,Secondary Road,1980,1980-08-08,/egazette/en/1980-gn2486.pdf,,3
code:10376,10376,DEVON ROAD,德雲道,Secondary Road,1929,1929-08-23,/egazette/en/1929-gn427.pdf,/egazette/zh/1929-gn427.pdf,3
code:10377,10377,DIANTHUS ROAD,石竹路,Secondary Road,1953,1953-11-20,/egazette/en/1953-gn1420.pdf,/egazette/zh/1953-gn1420.pdf,3
code:10380,10380,DOCK STREET,船澳街,Secondary Road,,,,,3
code:10382,10382,DORSET CRESCENT,多實街,Secondary Road,1929,1929-08-23,/egazette/en/1929-gn427.pdf,/egazette/zh/1929-gn427.pdf,3
code:10390,10390,DUMBARTON ROAD,東寶庭道,Secondary Road,1950,1950-07-28,/egazette/en/1950-gn900.pdf,/egazette/zh/1950-gn900.pdf,3
code:10394,10394,DURHAM ROAD,對衡道,Secondary Road,1951,1951-05-18,/egazette/en/1951-gn522.pdf,/egazette/zh/1951-gn522.pdf,3
code:13943,13943,EASTERN STREET NORTH,東邊街北,Secondary Road,,,,,3
code:39624,39624,ERS WEST ROAD,緊急救援西路,Secondary Road,,,,,3
code:13743,13743,EXPO DRIVE CENTRAL,博覽道中,Secondary Road,,,,,3
code:39225,39225,FAIRVIEW PARK 12TH STREET RIVER NORTH,錦綉花園河北第十二街,Secondary Road,,,,,3
code:39222,39222,FAIRVIEW PARK 9TH STREET RIVER NORTH,錦綉花園河北第九街,Secondary Road,,,,,3
code:39121,39121,"FAIRVIEW PARK SECTION F, 1ST STREET",錦綉花園Ｆ段第一街,Secondary Road,,,,,3
code:39124,39124,"FAIRVIEW PARK SECTION F, 4TH STREET",錦綉花園Ｆ段第四街,Secondary Road,,,,,3
code:10450,10450,"FAIRVIEW PARK SECTION J, 4TH STREET",錦綉花園Ｊ段第四街,Secondary Road,,,,,3
code:10477,10477,FAU TSOI STREET,阜財街,Secondary Road,1935,1935-02-15,/egazette/en/1935-gn124.pdf,/egazette/zh/1935-gn124.pdf,3
code:10478,10478,FEI FUNG STREET,飛鳳街,Secondary Road,,,,,3
code:10480,10480,FEI TSUI ROAD,翡翠道,Secondary Road,1977,1977-08-12,/egazette/en/1977-gn1914.pdf,/egazette/zh/1977-gn1914.pdf,3
code:39344,39344,FIFTH STREET TAI WAI,大圍第五街,Track,,,,,3
code:10490,10490,FIR STREET,松樹街,Secondary Road,1927,1927-11-25,/egazette/en/1927-gn699.pdf,/egazette/zh/1927-gn699.pdf,3
code:10493,10493,FIRST STREET,第一街,Secondary Road,,,,,3
code:39340,39340,FIRST STREET TAI WAI,大圍第一街,Track,,,,,3
code:14274,14274,FONG YUEN ROAD,芳園路,Secondary Road,,,,,3
code:10504,10504,FOOK HONG STREET,福康街,Secondary Road,1977,1977-12-02,/egazette/en/1977-gn2944.pdf,/egazette/zh/1977-gn2944.pdf,3
code:13565,13565,FU CHUNG LANE,富忠里,Secondary Road,1993,1993-04-30,/egazette/en/2011-15-39-6435.pdf,/egazette/zh/2011-15-39-6435.pdf,3
code:10520,10520,FU KEUNG STREET,富強街,Secondary Road,1983,1983-01-28,/egazette/en/1983-gn327.pdf,/egazette/zh/1983-gn327.pdf,3
code:10526,10526,FU NING STREET,富寧街,Secondary Road,,,,,3
code:13637,13637,FUI YIU LANE,灰窰里,Secondary Road,,,,,3
code:14177,14177,FUK HANG TSUEN PATH,福亨村徑,Secondary Road,,,,,3
code:10549,10549,FUK LEE STREET,福利街,Secondary Road,1958,1958-05-30,/egazette/en/1958-gn732.pdf,/egazette/zh/1958-gn732.pdf,3
code:10561,10561,FUK WANG STREET,福宏街,Secondary Road,1984,1984-05-04,/egazette/en/1984-gn1312.pdf,/egazette/zh/1984-gn1312.pdf,3
code:14026,14026,FUK WO ROAD,福和路,Secondary Road,2000,2000-06-23,/egazette/en/2000-gn3981.pdf,/egazette/zh/2000-gn3981.pdf,3
code:13104,13104,FUNG HA ROAD,峰霞道,Secondary Road,,,,,3
code:13647,13647,FUNG KONG TSUEN ROAD,鳳降村路,Secondary Road,,,,,3
code:10590,10590,FUNG YAU STREET EAST,鳳攸東街,Secondary Road,1981,1981-12-18,/egazette/en/1981-gn3742.pdf,/egazette/zh/1981-gn3742.pdf,3
code:10591,10591,FUNG YAU STREET NORTH,鳳攸北街,Secondary Road,1981,1981-12-18,/egazette/en/1981-gn3742.pdf,/egazette/zh/1981-gn3742.pdf,3
code:10594,10594,FUNG YIP STREET,豐業街,Secondary Road,,,,,3
code:10596,10596,GAGE STREET,結志街,Secondary Road,,,,,3
code:10603,10603,GILMAN STREET,機利文街,Secondary Road,1958,1958-06-27,/egazette/en/1958-gn865.pdf,/egazette/zh/1958-gn865.pdf,3
code:39597,39597,GINKGO DRIVE,銀杏徑,Secondary Road,,,,,3
code:10612,10612,GOLDEN HILL ROAD,金山路,Secondary Road,1980,1980-11-28,/egazette/en/1980-gn3731.pdf,,3
code:10616,10616,GOUGH HILL PATH,歌賦山里,Secondary Road,1956,1956-04-13,/egazette/en/1956-gn465.pdf,/egazette/zh/1956-gn465.pdf,3
code:10620,10620,GRAMPIAN ROAD,嘉林邊道,Secondary Road,1932,1932-02-19,/egazette/en/1932-gn107.pdf,/egazette/zh/1932-gn107.pdf,3
code:14300,14300,HA TSUEN ROAD,廈村路,Secondary Road,,,,,3
code:14400,14400,HA WAN TSUEN EAST ROAD,下灣村東路,Secondary Road,2015,2015-01-02,/egazette/en/2015-19-1-166.pdf,/egazette/zh/2015-19-1-166.pdf,3
code:13106,13106,HA YEUNG SAN TSUEN ROAD,下洋新村路,Secondary Road,,,,,3
code:10636,10636,HAI WING ROAD,凱榮路,Secondary Road,,,,,3
code:10639,10639,HAK PO STREET,黑布街,Secondary Road,1924,1924-08-29,/egazette/en/1924-gn492.pdf,/egazette/zh/1924-gn492.pdf,3
code:13972,13972,HANG CHEUNG STREET,幸祥街,Secondary Road,,,,,3
code:14001,14001,HANG CHI STREET,恆智街,Secondary Road,,,,,3
code:10647,10647,HANG HAU WING LUNG ROAD,坑口永隆路,Secondary Road,,,/egazette/en/1979-gn1132.pdf,,3
code:14403,14403,HANG KAI LANE,坑溪里,Secondary Road,2015,2015-03-13,/egazette/en/2015-19-11-2181.pdf,/egazette/zh/2015-19-11-2181.pdf,3
code:13768,13768,HANG KIN STREET,恆健街,Secondary Road,,,,,3
code:13901,13901,HANG MEI STREET,亨美街,Secondary Road,,,,,3
code:10652,10652,HANG SHUN STREET,恆信街,Secondary Road,,,,,3
code:10664,10664,HARLECH ROAD,夏力道,Secondary Road,1959,1959-02-13,/egazette/en/1959-gn245.pdf,/egazette/zh/1959-gn245.pdf,3
code:10666,10666,HATTON ROAD,克頓道,Secondary Road,1906,1906-08-03,/egazette/en/1906-gn662.pdf,/egazette/zh/1906-gn662.pdf,3
code:10669,10669,HAU MAN STREET,孝民街,Secondary Road,1975,1975-03-14,/egazette/en/1975-gn589.pdf,/egazette/zh/1975-gn588.pdf,3
code:10671,10671,HAU TEI SQUARE,鱟地坊,Secondary Road,,,,,3
code:10681,10681,HEALTHY STREET WEST,健康西街,Secondary Road,1958,1958-09-12,/egazette/en/1958-gn1260.pdf,/egazette/zh/1958-gn1260.pdf,3
code:39262,39262,HEI LING CHAU ROAD,喜靈洲路,Secondary Road,,,,,3
code:14531,14531,HEUNG TSZ ROAD,鄉梓路,Secondary Road,2022,2022-12-30,/egazette/en/2022-26-52-7562.pdf,/egazette/zh/2022-26-52-7562.pdf,3
code:10700,10700,HI LUNG LANE,熙龍里,Secondary Road,,,,,3
code:10705,10705,HILL SIDE ROAD,山邊路,Track,,,,,3
code:10708,10708,HILLTOP ROAD,顯達路,Secondary Road,1981,1981-04-16,/egazette/en/1981-gn1146.pdf,/egazette/zh/1981-gn1146.pdf,3
code:10713,10713,HIN TAI STREET,顯泰街,Secondary Road,,,,,3
code:10726,10726,HING MAN STREET,興民街,Secondary Road,1937,1937-06-04,/egazette/en/1937-gn387.pdf,/egazette/zh/1937-gn387.pdf,3
code:10727,10727,HING ON LANE,興安里,Secondary Road,,,,,3
code:10744,10744,HIU TSUI STREET,曉翠街,Secondary Road,,,,,3
code:14248,14248,HO CHAU ROAD,蠔洲路,Secondary Road,,,,,3
code:10748,10748,HO FUK STREET,浩福街,Secondary Road,,,,,3
code:10755,10755,HO MAN TIN HILL ROAD,何文田山道,Secondary Road,1930,1930-09-12,/egazette/en/1930-gn571.pdf,/egazette/zh/1930-gn571.pdf,3
code:10758,10758,HO PUI STREET,河背街,Secondary Road,,,,,3
code:10764,10764,HOI AN STREET,海晏街,Secondary Road,1937,1937-06-04,/egazette/en/1937-gn387.pdf,/egazette/zh/1937-gn387.pdf,3
code:10767,10767,HOI CHING STREET,海澄街,Secondary Road,,,,,3
code:10775,10775,HOI KING STREET,海景街,Secondary Road,1954,1954-12-24,/egazette/en/1954-gn1562.pdf,/egazette/zh/1954-gn1562.pdf,3
code:14069,14069,HOI PO ROAD,海寶路,Main Road,,,,,3
code:13656,13656,HOI WAH ROAD,海華路,Secondary Road,,,,,3
code:10793,10793,HOK YU LANE,學餘里,Secondary Road,,,,,3
code:39584,39584,HOLLAND CLOSE,賀良里,Secondary Road,,,,,3
code:10801,10801,HONG CHEUNG STREET,康祥街,Secondary Road,1980,1980-03-14,/egazette/en/1980-gn787.pdf,,3
code:10815,10815,HONG LOK YUEN FOURTEENTH STREET,康樂園第十四街,Secondary Road,,,,,3
code:10816,10816,HONG LOK YUEN FOURTH STREET,康樂園第四街,Secondary Road,,,,,3
code:10818,10818,HONG LOK YUEN NINTH STREET,康樂園第九街,Secondary Road,,,,,3
code:10819,10819,HONG LOK YUEN ROAD,康樂園路,Secondary Road,,,,,3
code:10822,10822,HONG LOK YUEN SIXTEENTH STREET,康樂園第十六街,Secondary Road,,,,,3
code:10826,10826,HONG LOK YUEN TOWN CENTRE CRESCENT,康樂園市中心徑,Secondary Road,,,,,3
code:10828,10828,HONG LOK YUEN TWENTIETH STREET,康樂園第二十街,Secondary Road,,,,,3
code:13576,13576,HONG LOK YUEN TWENTY-EIGHTH STREET,康樂園第二十八街,Secondary Road,,,,,3
code:13573,13573,HONG LOK YUEN TWENTY-FIFTH STREET,康樂園第二十五街,Secondary Road,,,,,3
code:13574,13574,HONG LOK YUEN TWENTY-SIXTH STREET,康樂園第二十六街,Secondary Road,,,,,3
code:10838,10838,HONG TAI PATH,康泰徑,Main Road,,,,,3
code:10840,10840,HONG TAT PATH,康達徑,Main Road,,,,,3
code:10849,10849,HOP CHOI STREET,合財街,Secondary Road,1981,1981-12-18,/egazette/en/1981-gn3742.pdf,/egazette/zh/1981-gn3742.pdf,3
code:10853,10853,HORIZON DRIVE,海天徑,Secondary Road,,,,,3
code:14061,14061,HUNG LAM DRIVE,紅林路,Secondary Road,,,,,3
code:13955,13955,HUNG LING STREET,紅菱街,Secondary Road,,,,,3
code:10870,10870,HUNG MIN COURT,紅棉圍,Secondary Road,1977,1977-12-02,/egazette/en/1977-gn2944.pdf,/egazette/zh/1977-gn2944.pdf,3
code:14483,14483,HUNG PAK ROAD,洪柏路,Secondary Road,2019,2019-09-27,https://www.landsd.gov.hk/doc/en/street-name/egazette/2019/egn201923396068.pdf,https://www.landsd.gov.hk/doc/tc/street-name/egazette/2019/cgn201923396068.pdf,3
code:39567,39567,INTERLAKEN AVENUE,因特拉肯大道,Secondary Road,,,,,3
code:10887,10887,ISLAND HOUSE LANE,元洲仔里,Secondary Road,,,,,3
code:10894,10894,JARDINE'S CRESCENT,渣甸坊,Track,1950,1950-06-09,/egazette/en/1950-gn712.pdf,/egazette/zh/1950-gn712.pdf,3
code:10895,10895,JAT MIN CHUEN STREET,乙明邨街,Secondary Road,,,,,3
code:10896,10896,JAT'S INCLINE,扎山道,Secondary Road,,,,,3
code:39508,39508,JETTY ROAD,,Secondary Road,,,,,3
code:10903,10903,JORDAN PATH,佐敦里,Secondary Road,1960,1960-03-18,/egazette/en/1960-gn468.pdf,,3
code:10905,10905,JORDAN VALLEY NORTH ROAD,佐敦谷北道,Secondary Road,,,,,3
code:13542,13542,KA FUK LANE,嘉福里,Secondary Road,,,,,3
code:14298,14298,KA YAN STREET,嘉恩街,Secondary Road,,,,,3
code:10923,10923,KA YIP STREET,嘉業街,Secondary Road,1982,1982-03-05,/egazette/en/1982-gn753.pdf,/egazette/zh/1982-gn753.pdf,3
code:39010,39010,KAI FUK ROAD FLYOVER,啓福道天橋,Main Road,,,,,3
code:10931,10931,KAI HING ROAD,啓興道,Secondary Road,1984,1984-04-19,/egazette/en/1984-gn1193.pdf,/egazette/zh/1984-gn1193.pdf,3
code:14450,14450,KAI SAN ROAD,啟新道,Secondary Road,2017,2017-08-04,https://www.landsd.gov.hk/doc/en/street-name/egazette/2017/egn201721315710.pdf,https://www.landsd.gov.hk/doc/tc/street-name/egazette/2017/cgn201721315710.pdf,3
code:10939,10939,KAI SHUN ROAD,啓信道,Secondary Road,,,,,3
code:10958,10958,KAM SHAN ROAD,錦山路,Secondary Road,,,,,3
code:14104,14104,KAM SHEK ROAD,錦石路,Secondary Road,,,,,3
code:10960,10960,KAM SHING ROAD,金城道,Secondary Road,,,,,3
code:14161,14161,KAM SHUI NORTH ROAD,金水北路,Secondary Road,,,,,3
code:14160,14160,KAM SHUI ROAD,金水路,Secondary Road,,,,,3
code:39094,39094,KAM TSIN 8TH LANE,金錢第八巷,Track,,,,,3
code:10975,10975,KAU U FONG WEST,九如坊西,Track,,,,,3
code:13915,13915,KENG HAU LANE,徑口里,Secondary Road,,,,,3
code:39549,39549,KENSINGTON SQUARE,逸林坊,Secondary Road,,,,,3
code:10992,10992,KIK YEUNG ROAD,擊壤路,Secondary Road,1977,1977-12-02,/egazette/en/1977-gn2944.pdf,/egazette/zh/1977-gn2944.pdf,3
code:11005,11005,KIN LOK STREET,建樂街,Secondary Road,1981,1981-12-18,/egazette/en/1981-gn3742.pdf,/egazette/zh/1981-gn3742.pdf,3
code:11012,11012,KIN TAI STREET,建泰街,Secondary Road,1977,1977-05-20,/egazette/en/1977-gn1189.pdf,/egazette/zh/1977-gn1189.pdf,3
code:14459,14459,KIN YIP PATH,建業徑,Track,2017,2017-10-13,https://www.landsd.gov.hk/doc/en/street-name/egazette/2017/egn201721417595.pdf,https://www.landsd.gov.hk/doc/tc/street-name/egazette/2017/cgn201721417595.pdf,3
code:11029,11029,KING STREET,京街,Secondary Road,,,,,3
code:11036,11036,KING YIP STREET,敬業街,Secondary Road,1957,1957-02-22,/egazette/en/1957-gn264.pdf,/egazette/zh/1957-gn264.pdf,3
code:11037,11037,KING'S PARK RISE,京士柏道,Secondary Road,,,,,3
code:11046,11046,KIU WONG STREET,橋旺街,Secondary Road,,,,,3
code:11048,11048,KNIGHT STREET,勵德街,Secondary Road,1929,1929-06-21,/egazette/en/1929-gn331.pdf,/egazette/zh/1929-gn331.pdf,3
code:14467,14467,KO PO PATH,高埔徑,Secondary Road,2017,2017-12-22,https://www.landsd.gov.hk/doc/en/street-name/egazette/2017/egn201721519866.pdf,https://www.landsd.gov.hk/doc/tc/street-name/egazette/2017/cgn201721519866.pdf,3
code:11088,11088,KWAI HING ROAD,葵興路,Secondary Road,1974,1974-04-19,/egazette/en/1974-gn1023.pdf,/egazette/zh/1974-gn1023.pdf,3
code:11094,11094,KWAI SAU ROAD,葵秀路,Secondary Road,,,,,3
code:11099,11099,KWAI TAK STREET,葵德街,Secondary Road,1977,1977-11-25,/egazette/en/1977-gn2860.pdf,/egazette/zh/1977-gn2860.pdf,3
code:11112,11112,KWEI TEI SAN CHUEN ROAD,桂地新村路,Secondary Road,1982,1982-12-17,/egazette/en/1982-gn3954.pdf,/egazette/zh/1982-gn3954.pdf,3
code:11116,11116,KWOK MAN ROAD,國民路,Track,,,,,3
code:11121,11121,KWONG FAI LANE,光輝里,Secondary Road,1975,1975-09-19,/egazette/en/1975-gn2061.pdf,,3
code:14147,14147,KWU TUNG SOUTH ROAD,古洞南路,Secondary Road,,,,,3
code:13077,13077,KWUN FAT STREET,冠發街,Secondary Road,,,,,3
code:13076,13076,KWUN FUNG STREET,冠峰街,Secondary Road,,,,,3
code:13744,13744,LAGUNA STREET,麗港街,Secondary Road,,,,,3
code:11157,11157,LAI KONG STREET,荔崗街,Secondary Road,1980,1980-05-16,/egazette/en/1980-gn1503.pdf,,3
code:11165,11165,LAI YAN LANE,禮仁里,Secondary Road,,,,,3
code:11184,11184,LAMBETH WALK,琳寶徑,Main Road,1975,1975-03-14,/egazette/en/1975-gn589.pdf,/egazette/zh/1975-gn586.pdf,3
code:13782,13782,LANTAU LINK,青嶼幹線,Highway,,,,,3
code:11192,11192,LAU FAU SHAN ROAD,流浮山道,Secondary Road,,,,,3
code:11193,11193,LAU LI STREET,琉璃街,Secondary Road,1926,1926-06-11,/egazette/en/1926-gn318.pdf,/egazette/zh/1926-gn318.pdf,3
code:11196,11196,LEE CHI ROAD,利枝道,Secondary Road,1981,1981-02-20,/egazette/en/1981-gn593.pdf,/egazette/zh/1981-gn593.pdf,3
code:13047,13047,LEE LOK STREET,利樂街,Secondary Road,,,,,3
code:13017,13017,LEI YUE MUN PATH,鯉魚門徑,Secondary Road,,,,,3
code:13788,13788,LEI YUE MUN PRAYA ROAD,鯉魚門海傍道,Secondary Road,,,,,3
code:13108,13108,LEUNG FAI TIN LOWER ROAD,兩塊田下路,Secondary Road,,,,,3
code:12980,12980,LEUNG TAI LANE,良泰里,Secondary Road,,,,,3
code:11229,11229,LIBERTY AVENUE,自由道,Secondary Road,,,,,3
code:11233,11233,LIME STREET,菩提街,Secondary Road,1927,1927-11-25,/egazette/en/1927-gn699.pdf,/egazette/zh/1927-gn699.pdf,3
code:14534,14534,LIN CHUK ROAD,蓮竹路,Secondary Road,2023,2023-02-17,/egazette/en/2023-27-7-1075.pdf,/egazette/zh/2023-27-7-1075.pdf,3
code:13533,13533,LO PENG STREET,露坪街,Track,,,,,3
code:11246,11246,LO TAK COURT,路德圍,Secondary Road,,,,,3
code:11257,11257,LOK KWAN STREET,樂群街,Secondary Road,1958,1958-05-30,/egazette/en/1958-gn732.pdf,/egazette/zh/1958-gn732.pdf,3
code:14398,14398,LOK MA CHAU PATH,落馬洲徑,Secondary Road,,,,,3
code:13595,13595,LOK PENG STREET,樂坪街,Track,,,,,3
code:11268,11268,LOK TUNG STREET,樂東街,Secondary Road,,,,,3
code:11269,11269,LOK WAH STREET,樂華街,Secondary Road,,,,,3
code:11271,11271,LOK WO STREET,樂和街,Secondary Road,,,,,3
code:13525,13525,LONG LOK ROAD,朗樂路,Secondary Road,,,,,3
code:11280,11280,LOOKOUT LINK,瞭望里,Secondary Road,1983,1983-05-27,/egazette/en/1983-gn1664.pdf,/egazette/zh/1983-gn1664.pdf,3
code:11288,11288,LUEN FAT STREET,聯發街,Secondary Road,,,,,3
code:11292,11292,LUEN ON STREET,聯安街,Secondary Road,1957,1957-02-22,/egazette/en/1957-gn264.pdf,/egazette/zh/1957-gn264.pdf,3
code:11293,11293,LUEN SHING STREET,聯盛街,Secondary Road,,,,,3
code:13506,13506,LUEN TAI STREET,聯泰街,Secondary Road,,,,,3
code:11296,11296,LUEN YAN STREET,聯仁街,Secondary Road,,,,,3
code:11314,11314,LUNG KING STREET,龍景街,Secondary Road,1974,1974-05-31,/egazette/en/1974-gn1382.pdf,/egazette/zh/1974-gn1382.pdf,3
code:11320,11320,LUNG POON STREET,龍蟠街,Secondary Road,,,,,3
code:14390,14390,LUNG SHING STREET,龍盛街,Secondary Road,,,,,3
code:11325,11325,LUNG TANG ROAD,龍騰路,Secondary Road,1977,1977-11-25,/egazette/en/1977-gn2860.pdf,/egazette/zh/1977-gn2860.pdf,3
code:14539,14539,LUNG TAT PATH,龍達徑,Secondary Road,2023,2023-06-23,/egazette/en/2023-27-25-3740.pdf,/egazette/zh/2023-27-25-3740.pdf,3
code:14543,14543,MA FUK ROAD,馬福路,Secondary Road,2024,2024-03-01,/egazette/en/2024-28-9-1176.pdf,/egazette/zh/2024-28-9-1176.pdf,3
code:11351,11351,MA TAU PA ROAD,馬頭壩道,Secondary Road,,,,,3
code:11356,11356,MA YEUNG PATH,馬鞅徑,Secondary Road,1981,1981-03-27,/egazette/en/1981-gn958.pdf,/egazette/zh/1981-gn958.pdf,3
code:11362,11362,MAIDSTONE ROAD,美善同道,Secondary Road,1954,1954-06-11,/egazette/en/1954-gn713.pdf,/egazette/zh/1954-gn713.pdf,3
code:14405,14405,MAN CHAT ROAD,文質路,Secondary Road,2015,2015-03-13,/egazette/en/2015-19-11-2183.pdf,/egazette/zh/2015-19-11-2183.pdf,3
code:13938,13938,MAN FUNG PATH,民豐徑,Main Road,,,,,3
code:11375,11375,MAN LAM ROAD,文林路,Secondary Road,1980,1980-09-26,/egazette/en/1980-gn3083.pdf,,3
code:14057,14057,MAN TAK ROAD,民德路,Secondary Road,,,,,3
code:11385,11385,MAN WA LANE,文華里,Secondary Road,,,,,3
code:11393,11393,MANSFIELD ROAD,文輝道,Secondary Road,,,,,3
code:13832,13832,MAPLE GARDENS 5TH STREET,碧豪苑第五街,Secondary Road,,,,,3
code:11396,11396,MARBLE ROAD,馬寶道,Secondary Road,1937,1937-09-24,/egazette/en/1937-gn682.pdf,/egazette/zh/1937-gn682.pdf,3
code:14037,14037,MARINA DRIVE,遊艇徑,Secondary Road,2000,2000-09-15,/egazette/en/2000-gn6058.pdf,/egazette/zh/2000-gn6058.pdf,3
code:11404,11404,MATHESON STREET,勿地臣街,Secondary Road,,,,,3
code:13583,13583,MAU TAI ROAD,貿泰路,Secondary Road,,,,,3
code:11408,11408,MCGREGOR STREET,麥加力歌街,Secondary Road,,,,,3
code:11411,11411,MEI KING STREET,美景街,Secondary Road,1959,1959-01-23,/egazette/en/1959-gn131.pdf,/egazette/zh/1959-gn131.pdf,3
code:11413,11413,MEI LAI ROAD,美荔道,Secondary Road,1975,1975-03-21,/egazette/en/1975-gn641.pdf,/egazette/zh/1975-gn641.pdf,3
code:13544,13544,MEI LOK LANE,美樂里,Secondary Road,,,,,3
code:11417,11417,MEI WAN STREET,美環街,Secondary Road,,,,,3
code:14197,14197,MEI YU STREET,美裕街,Secondary Road,,,,,3
code:14194,14194,MEI YUEN STREET,美源街,Secondary Road,,,,,3
code:39619,39619,MILANO VIALE,米萊諾大道,Secondary Road,,,,,3
code:11431,11431,MINDEN ROW,緬甸臺,Secondary Road,,,,,3
code:14136,14136,MING SHING STREET,名成街,Secondary Road,,,,,3
code:11449,11449,MODEL LANE,模範里,Secondary Road,,,,,3
code:11455,11455,MONG LUNG STREET,望隆街,Secondary Road,1931,1931-05-15,/egazette/en/1931-gn300.pdf,/egazette/zh/1931-gn300.pdf,3
code:14074,14074,MONG WING STREET,望榮街,Secondary Road,,,,,3
code:11456,11456,MONMOUTH PATH,萬茂里,Secondary Road,1956,1956-09-14,/egazette/en/1956-gn1176.pdf,/egazette/zh/1956-gn1176.pdf,3
code:13114,13114,MONTE PATH,綠怡徑,Secondary Road,,,,,3
code:11459,11459,MOORSOM DRIVE,睦誠徑,Secondary Road,1974,1974-10-04,/egazette/en/1974-gn2524.pdf,/egazette/zh/1974-gn2524.pdf,3
code:11471,11471,MOUNT DAVIS PATH,摩星嶺徑,Secondary Road,1983,1983-07-15,/egazette/en/1983-gn2232.pdf,/egazette/zh/1983-gn2232.pdf,3
code:11480,11480,MUI WO CHUNG HAU STREET,梅窩涌口街,Track,1983,1983-11-04,/egazette/en/1983-gn3496.pdf,/egazette/zh/1983-gn3496.pdf,3
code:14361,14361,MUK HUNG STREET,沐虹街,Secondary Road,2012,2012-09-28,/egazette/en/2012-16-39-6493.pdf,/egazette/zh/2012-16-39-6493.pdf,3
code:14451,14451,MUK LONG STREET,沐朗街,Secondary Road,2017,2017-08-04,https://www.landsd.gov.hk/doc/en/street-name/egazette/2017/egn201721315710.pdf,https://www.landsd.gov.hk/doc/tc/street-name/egazette/2017/cgn201721315710.pdf,3
code:13027,13027,MUK MIN SHAN ROAD,木棉山路,Secondary Road,,,,,3
code:14362,14362,MUK ON STREET,沐安街,Secondary Road,2012,2012-09-28,/egazette/en/2012-16-39-6493.pdf,/egazette/zh/2012-16-39-6493.pdf,3
code:14535,14535,MUK WO STREET,沐和街,Secondary Road,2023,2023-04-28,https://www.landsd.gov.hk/doc/en/street-name/egazette/2023/egn202327172593.pdf,https://www.landsd.gov.hk/doc/tc/street-name/egazette/2023/cgn202327172593.pdf,3
code:11486,11486,MUT WAH STREET,物華街,Secondary Road,1957,1957-02-22,/egazette/en/1957-gn264.pdf,/egazette/zh/1957-gn264.pdf,3
code:11496,11496,NAM SHAN CHUEN ROAD,南山邨道,Secondary Road,,,,,3
code:11497,11497,NAM SHAN ROAD,南山路,Track,,,,,3
code:39265,39265,NARCISSUS PATH,水仙徑,Secondary Road,,,,,3
code:11509,11509,NEW MARKET STREET,新街市街,Secondary Road,,,,,3
code:11520,11520,NGAN CHUK LANE,銀竹里,Secondary Road,,,,,3
code:11523,11523,NGAN HON STREET,銀漢街,Secondary Road,,,,,3
code:13906,13906,NIN FUNG ROAD,年豐路,Secondary Road,,,,,3
code:11544,11544,NING FOO STREET,寧富街,Secondary Road,,,,,3
code:13135,13135,NORTH POINT ESTATE LANE,北角邨里,Secondary Road,,,,,3
code:11550,11550,NORTH POINT ROAD,北角道,Secondary Road,1933,1933-07-28,/egazette/en/1933-gn511.pdf,/egazette/zh/1933-gn511.pdf,3
code:11552,11552,NORTH STREET,北街,Secondary Road,,,,,3
code:11553,11553,NORTH VIEW STREET,北景街,Secondary Road,1933,1933-07-28,/egazette/en/1933-gn511.pdf,/egazette/zh/1933-gn511.pdf,3
code:11557,11557,O'BRIEN ROAD,柯布連道,Secondary Road,1929,1929-06-14,/egazette/en/1929-gn312.pdf,/egazette/zh/1929-gn312.pdf,3
code:14017,14017,OI YIN STREET,愛賢街,Secondary Road,,,,,3
code:39520,39520,OIL TANK ROAD WEST,,Secondary Road,,,,,3
code:11567,11567,OLD BAILEY STREET,奧卑利街,Secondary Road,,,,,3
code:11568,11568,"OLD MAIN STREET, ABERDEEN",香港仔舊大街,Secondary Road,1958,1958-05-02,/egazette/en/1958-gn607.pdf,/egazette/zh/1958-gn607.pdf,3
code:11571,11571,ON CHEE ROAD,安慈路,Secondary Road,1982,1982-12-17,/egazette/en/1982-gn3955.pdf,/egazette/zh/1982-gn3955.pdf,3
code:13580,13580,ON CHUK STREET,安足街,Secondary Road,,,,,3
code:13561,13561,ON CHUN LANE,安駿里,Secondary Road,,,,,3
code:11580,11580,ON HONG ROAD,安康路,Secondary Road,1977,1977-12-02,/egazette/en/1977-gn2944.pdf,/egazette/zh/1977-gn2944.pdf,3
code:11583,11583,ON KING STREET,安景街,Secondary Road,,,,,3
code:11595,11595,ON PING STREET,安平街,Secondary Road,1984,1984-09-07,/egazette/en/1984-gn2660.pdf,/egazette/zh/1984-gn2660.pdf,3
code:11598,11598,ON PONG ROAD,安邦路,Secondary Road,1982,1982-12-17,/egazette/en/1982-gn3955.pdf,/egazette/zh/1982-gn3955.pdf,3
code:11600,11600,ON SHIN ROAD,安善道,Secondary Road,,,,,3
code:11601,11601,ON SHING STREET,鞍誠街,Secondary Road,,,,,3
code:11605,11605,ON TAI STREET,安泰街,Track,,,,,3
code:11612,11612,ON WING STREET,安榮街,Track,,,,,3
code:11617,11617,ON YIU STREET,安耀街,Secondary Road,1984,1984-09-07,/egazette/en/1984-gn2660.pdf,/egazette/zh/1984-gn2660.pdf,3
code:11618,11618,ON YUK ROAD,安育路,Secondary Road,,,,,3
code:13775,13775,PA MEI ROAD,壩尾路,Secondary Road,,,,,3
code:11628,11628,PAK HOK TING STREET,白鶴汀街,Secondary Road,,,,,3
code:13718,13718,PAK LOK PATH,百樂徑,Secondary Road,,,,,3
code:11639,11639,PAK SHE FOURTH LANE,北社四里,Track,,,,,3
code:14129,14129,PAK YAN ROAD,珀欣路,Secondary Road,,,,,3
code:11667,11667,PEACE AVENUE,太平道,Secondary Road,,,,,3
code:11680,11680,PENNINGTON STREET,邊寧頓街,Secondary Road,1959,1959-01-30,/egazette/en/1959-gn168.pdf,/egazette/zh/1959-gn168.pdf,3
code:11682,11682,PEONY ROAD,牡丹路,Secondary Road,1953,1953-11-20,/egazette/en/1953-gn1420.pdf,/egazette/zh/1953-gn1420.pdf,3
code:11687,11687,PIER ROAD,統一碼頭道,Secondary Road,1974,1974-05-31,/egazette/en/1974-gn1381.pdf,/egazette/zh/1974-gn1381.pdf,3
code:11688,11688,PIK FUNG ROAD,璧峰路,Secondary Road,,,,,3
code:11690,11690,PIK TIN STREET,碧田街,Secondary Road,,,,,3
code:11698,11698,PING CHEONG PATH,屏昌徑,Track,1983,1983-06-03,/egazette/en/1983-gn1752.pdf,/egazette/zh/1983-gn1752.pdf,3
code:11706,11706,PING HONG LANE,屏康里,Secondary Road,,,,,3
code:11708,11708,PING LAN STREET,平瀾街,Secondary Road,1932,1932-04-22,/egazette/en/1932-gn245.pdf,/egazette/zh/1932-gn245.pdf,3
code:14515,14515,PING SHEK LANE,坪石里,Secondary Road,2021,2021-07-30,https://www.landsd.gov.hk/doc/en/street-name/egazette/2021/egn202125304715.pdf,https://www.landsd.gov.hk/doc/tc/street-name/egazette/2021/cgn202125304715.pdf,3
code:11718,11718,PING TONG STREET NORTH,屏唐北街,Secondary Road,,,,,3
code:11719,11719,PING TONG STREET SOUTH,屏唐南街,Secondary Road,,,,,3
code:14191,14191,PIPER'S HILL ROAD,琵琶山路,Secondary Road,,,,,3
code:14007,14007,PO LAM LANE,寶琳里,Secondary Road,,,,,3
code:13534,13534,PO PENG STREET,寶坪街,Track,,,,,3
code:14003,14003,PO TAI STREET,保泰街,Secondary Road,,,,,3
code:11763,11763,PO YICK STREET,普益街,Secondary Road,1954,1954-04-09,/egazette/en/1954-gn435.pdf,/egazette/zh/1954-gn435.pdf,3
code:11765,11765,PO YIP STREET,寶業街,Secondary Road,1983,1983-01-28,/egazette/en/1983-gn325.pdf,/egazette/zh/1983-gn325.pdf,3
code:11772,11772,POKFIELD ROAD,蒲飛路,Secondary Road,1961,1961-08-04,/egazette/en/1961-gn1335.pdf,,3
code:39602,39602,POPLAR DRIVE,白楊徑,Secondary Road,,,,,3
code:11786,11786,PRICE ROAD,裴樂士道,Secondary Road,,,,,3
code:39585,39585,PROCESS WAY,保仕徑,Secondary Road,,,,,3
code:11794,11794,PUI CHING ROAD,培正道,Main Road,1955,1955-01-28,/egazette/en/1955-gn99.pdf,/egazette/zh/1955-gn99.pdf,3
code:14151,14151,PUN CHUN YUEN ROAD,半春園路,Secondary Road,,,,,3
code:11802,11802,QUEEN STREET,皇后街,Secondary Road,,,,,3
code:11813,11813,REHAB PATH,復康徑,Secondary Road,1981,1981-12-11,/egazette/en/1981-gn3683.pdf,/egazette/zh/1981-gn3683.pdf,3
code:11820,11820,RODNEY STREET,樂禮街,Secondary Road,1980,1980-11-28,/egazette/en/1980-gn3730.pdf,/egazette/zh/1980-gn3730.pdf,3
code:39620,39620,ROMA VIALE,洛蔓大道,Secondary Road,,,,,3
code:11830,11830,RUTTER STREET,律打街,Track,,,,,3
code:11838,11838,SAI KUNG MAIN STREET,西貢正街,Track,1976,1976-11-05,/egazette/en/1976-gn2462.pdf,,3
code:11846,11846,SAI NING STREET,西寧街,Secondary Road,1983,1983-03-18,/egazette/en/1983-gn874.pdf,/egazette/zh/1983-gn874.pdf,3
code:11847,11847,SAI ON LANE,西安里,Track,,,,,3
code:11857,11857,SAI WAN ROAD,西灣路,Track,,,,,3
code:11880,11880,SAN FAT STREET,新發街,Secondary Road,1958,1958-06-06,/egazette/en/1958-gn770.pdf,/egazette/zh/1958-gn770.pdf,3
code:13611,13611,SAN HING ROAD,新慶路,Secondary Road,,,,,3
code:11895,11895,SAN KWAI STREET,新葵街,Secondary Road,1982,1982-12-24,/egazette/en/1982-gn4036.pdf,/egazette/zh/1982-gn4036.pdf,3
code:11896,11896,SAN LAU STREET,新柳街,Secondary Road,1926,1926-06-25,/egazette/en/1926-gn342.pdf,/egazette/zh/1926-gn342.pdf,3
code:11902,11902,SAN ON STREET,新安街,Secondary Road,1975,1975-08-01,/egazette/en/1975-gn1693.pdf,,3
code:13609,13609,SAN SIK ROAD,新錫路,Secondary Road,,,,,3
code:13975,13975,SAN TIN TSUEN ROAD,新田村路,Secondary Road,,,,,3
code:13930,13930,SAN WAN LANE,新運里,Secondary Road,,,,,3
code:11918,11918,SAN WO LANE,新和里,Secondary Road,,,,,3
code:11930,11930,SAU NGA ROAD,秀雅道,Secondary Road,,,,,3
code:11935,11935,SCHOOL ROAD,學校路,Track,2011,2011-10-14,/egazette/en/2011-15-41-6773.pdf,/egazette/zh/2011-15-41-6773.pdf,3
code:11937,11937,SCHOONER STREET,捷船街,Track,1916,1916-02-05,/egazette/en/1916-gn50.pdf,/egazette/zh/1916-gn50.pdf,3
code:39519,39519,SEA BANK ROAD WEST,,Secondary Road,,,,,3
code:11945,11945,SECOND LANE,第二巷,Track,,,,,3
code:13630,13630,SHA CHAU LEI ROAD,沙洲里路,Secondary Road,,,,,3
code:13043,13043,SHA KOK MEI ROAD,沙角尾路,Secondary Road,,,,,3
code:14148,14148,SHAM CHUNG ROAD,深涌路,Secondary Road,,,,,3
code:13870,13870,SHAM SHUI KOK DRIVE,深水角徑,Secondary Road,,,,,3
code:11973,11973,SHAM TSENG TSUEN ROAD,深井村路,Secondary Road,,,,,3
code:11974,11974,SHAM TSZ STREET,深慈街,Secondary Road,1979,1979-01-05,/egazette/en/1979-gn44.pdf,,3
code:13753,13753,SHAN NAM ROAD,山南路,Secondary Road,,,,,3
code:13937,13937,SHAN TSUI VILLAGE ROAD,山咀村路,Secondary Road,,,,,3
code:11998,11998,SHEK KWAI STREET,石貴街,Secondary Road,,,,,3
code:12002,12002,SHEK LUNG STREET,石龍街,Track,,,,,3
code:12004,12004,SHEK MUN KAP ROAD,石門甲道,Secondary Road,,,,,3
code:13606,13606,SHEK PO ROAD,石埗路,Secondary Road,,,,,3
code:12024,12024,SHEPHERD STREET,施弼街,Secondary Road,,,,,3
code:14334,14334,SHEUNG KOK SHAN ROAD,上角山路,Secondary Road,2010,2010-08-06,/egazette/en/2010-14-31-5085.pdf,/egazette/zh/2010-14-31-5085.pdf,3
code:14419,14419,SHEUNG SHING LANE,常盛里,Secondary Road,2017,2017-02-17,https://www.landsd.gov.hk/doc/en/street-name/egazette/2017/egn20172107876.pdf,https://www.landsd.gov.hk/doc/tc/street-name/egazette/2017/cgn20172107876.pdf,3
code:13702,13702,SHEUNG SHUI TUNG HING ROAD,上水東慶路,Secondary Road,,,,,3
code:14571,14571,SHEUNG YIP STREET,尚業街,Secondary Road,2026,2026-02-13,https://www.landsd.gov.hk/doc/en/street-name/egazette/2026/egn20263007995.pdf,https://www.landsd.gov.hk/doc/tc/street-name/egazette/2026/cgn20263007995.pdf,3
code:13140,13140,SHEUNG YUEN STREET,上元街,Secondary Road,,,,,3
code:12044,12044,SHING CHUEN ROAD,成全路,Secondary Road,1979,1979-12-21,/egazette/en/1979-gn3311.pdf,,3
code:12045,12045,SHING FONG STREET,盛芳街,Secondary Road,1974,1974-04-19,/egazette/en/1974-gn1023.pdf,/egazette/zh/1974-gn1023.pdf,3
code:12054,12054,SHING ON STREET,成安街,Secondary Road,,,,,3
code:14512,14512,SHING YU LANE,承裕里,Secondary Road,2021,2021-06-25,/egazette/en/2021-25-25-3897.pdf,/egazette/zh/2021-25-25-3897.pdf,3
code:13142,13142,SHUI CHE KWUN LANE,水車館里,Track,2017,2017-10-13,https://www.landsd.gov.hk/doc/en/street-name/egazette/2017/egn201721417595.pdf,https://www.landsd.gov.hk/doc/tc/street-name/egazette/2017/cgn201721417595.pdf,3
code:14250,14250,SHUNG CHING ROAD,崇正路,Secondary Road,,,,,3
code:12106,12106,SHUNG YAN STREET,崇仁街,Secondary Road,,,,,3
code:12109,12109,SILVER CAPE ROAD,銀岬路,Secondary Road,1983,1983-01-28,/egazette/en/1983-gn324.pdf,/egazette/zh/1983-gn324.pdf,3
code:12110,12110,SILVERSTRAND BEACH ROAD,銀綫灣道,Secondary Road,1977,1977-06-10,/egazette/en/1977-gn1311.pdf,/egazette/zh/1977-gn1311.pdf,3
code:12116,12116,SIU HONG ROAD,兆康路,Secondary Road,,,,,3
code:14072,14072,SIU LANG SHUI ROAD,小冷水路,Secondary Road,,,,,3
code:39057,39057,SIU LEK YUEN SIXTH LANE,小瀝源第六巷,Track,,,,,3
code:14150,14150,SIU SHEUNG ROAD,小商路,Secondary Road,,,,,3
code:12123,12123,SOARES AVENUE,梭椏道,Secondary Road,1925,1925-10-09,/egazette/en/1925-gn575.pdf,/egazette/zh/1925-gn575.pdf,3
code:12128,12128,SOUTH BAY CLOSE,南灣坊,Secondary Road,,,,,3
code:13746,13746,SOUTH LAGUNA STREET,麗港南街,Secondary Road,,,,,3
code:12134,12134,SPORTS ROAD,體育道,Secondary Road,1939,1939-06-19,/egazette/en/1939-gn489.pdf,/egazette/zh/1939-gn489.pdf,3
code:12137,12137,ST. FRANCIS STREET,聖佛蘭士街,Secondary Road,,,,,3
code:12142,12142,ST. PAUL ROAD,聖保祿徑,Track,,,,,3
code:12149,12149,STANLEY LINK ROAD,赤柱連合道,Secondary Road,1980,1980-05-02,/egazette/en/1980-gn1356.pdf,,3
code:39525,39525,STATION ROAD,廠房路,Secondary Road,,,,,3
code:12161,12161,STEWART ROAD,史釗域道,Secondary Road,1929,1929-06-14,/egazette/en/1929-gn312.pdf,/egazette/zh/1929-gn312.pdf,3
code:13144,13144,SUI MAN LANE,萃文里,Secondary Road,,,,,3
code:12171,12171,SUI MAN ROAD,萃文道,Secondary Road,,,,,3
code:14004,14004,SUI TAI ROAD,瑞泰路,Secondary Road,,,,,3
code:13970,13970,SUI WAN ROAD,萃雲路,Secondary Road,,,,,3
code:12186,12186,SUNG ON STREET,崇安街,Secondary Road,,,,,3
code:12195,12195,SUTHERLAND STREET,修打蘭街,Secondary Road,,,,,3
code:12198,12198,SYCAMORE STREET,詩歌舞街,Secondary Road,1950,1950-07-28,/egazette/en/1950-gn900.pdf,/egazette/zh/1950-gn900.pdf,3
code:12204,12204,TAI CHEONG STREET,太祥街,Secondary Road,1909,1909-07-23,/egazette/en/1909-gn459.pdf,/egazette/zh/1909-gn459.pdf,3
code:14389,14389,TAI CHING CHEUNG ROAD,大蒸場路,Secondary Road,2014,2014-02-14,/egazette/en/2014-18-7-932.pdf,/egazette/zh/2014-18-7-932.pdf,3
code:13007,13007,TAI CHUNG HAU ROAD,大涌口路,Secondary Road,,,,,3
code:12215,12215,TAI HANG HAU ROAD,大坑口路,Secondary Road,,,,,3
code:12227,12227,TAI LAM CHUNG ROAD,大欖涌道,Secondary Road,,,,,3
code:12234,12234,TAI MAN STREET,泰民街,Secondary Road,,,,,3
code:12241,12241,TAI NING STREET,太寧街,Secondary Road,1909,1909-07-23,/egazette/en/1909-gn459.pdf,/egazette/zh/1909-gn459.pdf,3
code:14220,14220,TAI PO SHUI WO ROAD,大埔水窩路,Secondary Road,,,,,3
code:12265,12265,TAI PO TAU SHUI WAI ROAD,大埔頭水圍路,Secondary Road,,,,,3
code:12270,12270,TAI SHING STREET,大成街,Secondary Road,,,,,3
code:12277,12277,TAI TSOI YUEN ROAD,大菜園路,Track,2011,2011-10-14,/egazette/en/2011-15-41-6773.pdf,/egazette/zh/2011-15-41-6773.pdf,3
code:12278,12278,TAI TSUN STREET,大全街,Secondary Road,1974,1974-04-26,/egazette/en/1974-gn1078.pdf,/egazette/zh/1974-gn1078.pdf,3
code:14286,14286,TAI WAI NEW VILLAGE ROAD,大圍新村路,Secondary Road,,,,,3
code:12296,12296,TAI YUEN STREET,太原街,Secondary Road,1909,1909-03-19,/egazette/en/1909-gn184.pdf,/egazette/zh/1909-gn184.pdf,3
code:12304,12304,TAK HAU STREET,德厚街,Secondary Road,1983,1983-12-23,/egazette/en/1983-gn3977.pdf,/egazette/zh/1983-gn3977.pdf,3
code:12310,12310,TAK LUNG BACK STREET,德隆後街,Track,1976,1976-11-05,/egazette/en/1976-gn2462.pdf,,3
code:12311,12311,TAK LUNG FRONT STREET,德隆前街,Track,1976,1976-11-05,/egazette/en/1976-gn2462.pdf,,3
code:12314,12314,TAK PO STREET,得寶街,Secondary Road,,,,,3
code:12324,12324,TAK YI STREET,得怡街,Secondary Road,,,,,3
code:12332,12332,TAMAR STREET,添馬街,Secondary Road,1980,1980-11-28,/egazette/en/1980-gn3730.pdf,/egazette/zh/1980-gn3730.pdf,3
code:12338,12338,TANNER ROAD,丹拿道,Track,1948,1948-07-16,/egazette/en/1948-gn670.pdf,/egazette/zh/1948-gn670.pdf,3
code:12346,12346,TEXACO ROAD NORTH,德士古道北,Main Road,,,,,3
code:12354,12354,THOMSON ROAD,譚臣道,Secondary Road,1931,1931-10-30,/egazette/en/1931-gn694.pdf,/egazette/zh/1931-gn694.pdf,3
code:13792,13792,TIM MEI AVENUE,添美道,Secondary Road,,,,,3
code:14428,14428,TIN CHAI LANE EAST,天際里東,Track,2017,2017-03-03,https://www.landsd.gov.hk/doc/en/street-name/egazette/2017/egn201721091160.pdf,https://www.landsd.gov.hk/doc/tc/street-name/egazette/2017/cgn201721091160.pdf,3
code:14429,14429,TIN CHAI LANE WEST,天際里西,Track,2017,2017-03-03,https://www.landsd.gov.hk/doc/en/street-name/egazette/2017/egn201721091160.pdf,https://www.landsd.gov.hk/doc/tc/street-name/egazette/2017/cgn201721091160.pdf,3
code:13146,13146,TIN CHUK STREET,天竹街,Secondary Road,,,,,3
code:13121,13121,TIN HO ROAD,天河路,Secondary Road,,,,,3
code:13984,13984,TIN PING LANE,天平里,Secondary Road,,,,,3
code:13153,13153,TIN TAN STREET,天壇街,Secondary Road,,,,,3
code:13727,13727,TIN TEI YAN ROAD,天地人路,Secondary Road,,,,,3
code:13120,13120,TIN YIU ROAD,天耀路,Secondary Road,,,,,3
code:14019,14019,TING HING ROAD,汀慶路,Secondary Road,,,,,3
code:14335,14335,TING YAT ROAD,汀逸路,Secondary Road,2010,2010-12-02,/egazette/en/2010-14-48-7631.pdf,/egazette/zh/2010-14-48-7631.pdf,3
code:13882,13882,TO WAH ROAD,渡華路,Secondary Road,,,,,3
code:12389,12389,TONG CHONG STREET,糖廠街,Secondary Road,1960,1960-11-04,/egazette/en/1960-gn1673.pdf,,3
code:14372,14372,TONG YAN SAN TSUEN WEST ROAD,唐人新村西路,Secondary Road,,,,,3
code:12398,12398,TRAMWAY PATH,纜車徑,Track,,,,,3
code:39454,39454,TREATMENT PLANT ROAD,除鹽系統道,Secondary Road,,,,,3
code:12406,12406,TSAT PO STREET,七寶街,Secondary Road,,,,,3
code:12415,12415,TSING CHUI PATH,青翠徑,Secondary Road,,,,,3
code:12421,12421,TSING HANG PATH,青杏徑,Track,1984,1984-11-30,/egazette/en/1984-gn3531.pdf,/egazette/zh/1984-gn3531.pdf,3
code:12423,12423,TSING HOI CIRCUIT,青海圍,Secondary Road,1984,1984-11-30,/egazette/en/1984-gn3531.pdf,/egazette/zh/1984-gn3531.pdf,3
code:12428,12428,TSING LING PATH,青菱徑,Track,1984,1984-11-30,/egazette/en/1984-gn3531.pdf,/egazette/zh/1984-gn3531.pdf,3
code:12438,12438,TSING SIN STREET,青善街,Secondary Road,1984,1984-11-30,/egazette/en/1984-gn3531.pdf,/egazette/zh/1984-gn3531.pdf,3
code:12441,12441,TSING TIM STREET,清甜街,Secondary Road,,,,,3
code:12996,12996,TSING TIN ROAD,青田路,Main Road,,,,,3
code:13022,13022,TSING YAN STREET,青茵街,Secondary Road,,,,,3
code:14395,14395,TSING YICK ROAD,青亦路,Secondary Road,,,,,3
code:12451,12451,TSING YIN STREET,青賢街,Secondary Road,1983,1983-01-28,/egazette/en/1983-gn326.pdf,/egazette/zh/1983-gn326.pdf,3
code:12453,12453,TSING YU STREET,清譽街,Secondary Road,,,,,3
code:12460,12460,TSUEN FU STREET,荃富街,Secondary Road,1980,1980-11-28,/egazette/en/1980-gn3731.pdf,,3
code:12466,12466,TSUEN NAM ROAD,村南道,Secondary Road,1969,1969-12-24,/egazette/en/1984-gn3072.pdf,/egazette/zh/1984-gn3072.pdf,3
code:12486,12486,TSUN YIP STREET,駿業街,Secondary Road,1957,1957-02-22,/egazette/en/1957-gn264.pdf,/egazette/zh/1957-gn264.pdf,3
code:14522,14522,TUEN LOK LANE,屯樂里,Secondary Road,2021,2021-12-03,/egazette/en/2021-25-48-7633.pdf,/egazette/zh/2021-25-48-7633.pdf,3
code:12510,12510,TUNG CHAU WEST STREET,通州西街,Secondary Road,,,/egazette/en/1976-gn1302.pdf,,3
code:14479,14479,TUNG LEI PATH,東籬徑,Secondary Road,2019,2019-04-26,https://www.landsd.gov.hk/doc/en/street-name/egazette/2019/egn201923172870.pdf,https://www.landsd.gov.hk/doc/tc/street-name/egazette/2019/cgn201923172870.pdf,3
code:13564,13564,TUNG LEUNG LANE,棟樑里,Secondary Road,,,,,3
code:12527,12527,TUNG LOK STREET,同樂街,Secondary Road,1977,1977-12-02,/egazette/en/1977-gn2944.pdf,/egazette/zh/1977-gn2944.pdf,3
code:12544,12544,TUNG TSING ROAD,東正道,Secondary Road,,,,,3
code:13748,13748,TUNG TSZ SHAN ROAD,洞梓山路,Secondary Road,,,,,3
code:12550,12550,TUNG YAN STREET,同仁街,Secondary Road,1957,1957-02-22,/egazette/en/1957-gn264.pdf,/egazette/zh/1957-gn264.pdf,3
code:13074,13074,UNIVERSITY ROAD,大學道,Secondary Road,,,,,3
code:39588,39588,UPPER ROLISON ROAD,上羅禮信道,Secondary Road,,,,,3
code:12576,12576,WA FUK STREET,華福街,Secondary Road,,,,,3
code:12588,12588,WAH CHEUNG STREET,華昌街,Secondary Road,,,,,3
code:12595,12595,WAH LAM PATH,華林徑,Secondary Road,,,,,3
code:12599,12599,WAH YUEN DRIVE,華員徑,Secondary Road,1981,1981-10-23,/egazette/en/1981-gn3161.pdf,/egazette/zh/1981-gn3161.pdf,3
code:12604,12604,WAI HANG STREET,惠亨街,Secondary Road,,,,,3
code:13678,13678,WAI PING CLOSE,衛平坊,Secondary Road,,,,,3
code:12618,12618,WAI TSUI CRESCENT,慧翠道,Secondary Road,1984,1984-03-09,/egazette/en/1984-gn709.pdf,/egazette/zh/1984-gn709.pdf,3
code:12619,12619,WAI WAH STREET,惠華街,Secondary Road,,,,,3
code:12626,12626,WALNUT STREET,合桃街,Secondary Road,1950,1950-09-29,/egazette/en/1950-gn1135.pdf,/egazette/zh/1950-gn1135.pdf,3
code:12633,12633,WAN HOI STREET,環海街,Secondary Road,1978,1978-06-23,/egazette/en/1978-gn1569.pdf,,3
code:13585,13585,WAN LUNG ROAD,運隆路,Secondary Road,,,,,3
code:12640,12640,WAN SHING STREET,運盛街,Secondary Road,1974,1974-05-31,/egazette/en/1974-gn1382.pdf,/egazette/zh/1974-gn1382.pdf,3
code:12650,12650,WANG CHAU ROAD,橫洲路,Secondary Road,1977,1977-12-02,/egazette/en/1977-gn2944.pdf,/egazette/zh/1977-gn2944.pdf,3
code:12654,12654,WANG FAT PATH,宏發徑,Track,1984,1984-05-18,/egazette/en/1984-gn1452.pdf,/egazette/zh/1984-gn1452.pdf,3
code:12660,12660,WANG KWUN ROAD,宏冠道,Secondary Road,1984,1984-04-19,/egazette/en/1984-gn1193.pdf,/egazette/zh/1984-gn1193.pdf,3
code:12667,12667,WANG PUI ROAD,宏貝道,Secondary Road,,,,,3
code:12673,12673,WANG TAU HOM CENTRAL ROAD,橫頭磡中道,Secondary Road,,,,,3
code:12681,12681,WANG YIP STREET EAST,宏業東街,Secondary Road,1983,1983-01-28,/egazette/en/1983-gn325.pdf,/egazette/zh/1983-gn325.pdf,3
code:39547,39547,WATERFRONT AVENUE,迎海路,Track,,,,,3
code:14292,14292,WEST KOWLOON CORRIDOR WEST,西九龍走廊西,Main Road,,,,,3
code:12703,12703,WHARF ROAD,和富道,Secondary Road,1951,1951-03-09,/egazette/en/1951-gn264.pdf,/egazette/zh/1951-gn264.pdf,3
code:12706,12706,WILLOW STREET,柳樹街,Secondary Road,1950,1950-07-28,/egazette/en/1950-gn900.pdf,/egazette/zh/1950-gn900.pdf,3
code:12708,12708,WILSON ROAD,衛信道,Secondary Road,,,,,3
code:12718,12718,WING FONG ROAD,榮芳路,Secondary Road,1974,1974-04-19,/egazette/en/1974-gn1023.pdf,/egazette/zh/1974-gn1023.pdf,3
code:12728,12728,WING KWONG STREET,榮光街,Secondary Road,,,,,3
code:12754,12754,WINSLOW STREET,溫思勞街,Secondary Road,1923,1923-09-28,/egazette/en/1923-gn411.pdf,/egazette/zh/1923-gn411.pdf,3
code:12759,12759,WO FUNG STREET,和豐街,Secondary Road,,,,,3
code:13673,13673,WO MUK ROAD,和睦路,Secondary Road,,,,,3
code:13672,13672,WO MUN STREET,和滿街,Secondary Road,,,,,3
code:13546,13546,WO PING SAN TSUEN LANE,和平新村里,Secondary Road,,,,,3
code:12770,12770,WO TIK STREET,禾笛街,Secondary Road,,,,,3
code:12780,12780,WONG LUNG HANG ROAD,黃龍坑道,Secondary Road,,,,,3
code:39423,39423,WU KAI SHA VILLAGE SIXTH LANE,烏溪沙村第六巷,Track,,,,,3
code:12796,12796,WU NAM STREET,湖南街,Secondary Road,,,,,3
code:13084,13084,WU ON STREET,湖安街,Secondary Road,,,,,3
code:13925,13925,WUI CHEUNG ROAD,匯翔道,Main Road,1998,1998-11-13,/egazette/en/2018-22-22-4004.pdf,,3
code:14318,14318,WUI MAN ROAD,匯民道,Main Road,2009,2009-06-05,/egazette/en/2009-13-23-3561.pdf,/egazette/zh/2009-13-23-3561.pdf,3
code:14550,14550,WUI TUNG STREET,匯東街,Secondary Road,2024,2024-09-06,/egazette/en/2024-28-36-5323.pdf,/egazette/zh/2024-28-36-5323.pdf,3
code:13881,13881,YAN CHEUNG ROAD,欣翔道,Secondary Road,,,,,3
code:12810,12810,YAN HING STREET,仁興街,Secondary Road,1930,1930-05-02,/egazette/en/1930-gn262.pdf,/egazette/zh/1930-gn262.pdf,3
code:13689,13689,YAN SHING LANE,欣盛里,Secondary Road,,,,,3
code:12826,12826,YAT SIN STREET,日善街,Secondary Road,1979,1979-12-07,/egazette/en/1979-gn3194.pdf,,3
code:13589,13589,YAU CHUEN STREET,友全街,Secondary Road,,,,,3
code:12829,12829,YAU LUNG PATH,游龍徑,Secondary Road,1983,1983-05-27,/egazette/en/1983-gn1665.pdf,/egazette/zh/1983-gn1665.pdf,3
code:12845,12845,YEE KUK WEST STREET,醫局西街,Secondary Road,,,/egazette/en/1976-gn1302.pdf,,3
code:12848,12848,YEE SHING STREET,怡盛街,Secondary Road,1981,1981-07-31,/egazette/en/1981-gn2267.pdf,/egazette/zh/1981-gn2267.pdf,3
code:12849,12849,YEE SHUN STREET,怡順街,Secondary Road,1981,1981-07-31,/egazette/en/1981-gn2267.pdf,/egazette/zh/1981-gn2267.pdf,3
code:12857,12857,YI CHUN STREET,宜春街,Secondary Road,,,,,3
code:12960,12960,YI HONG STREET,怡康街,Secondary Road,,,,,3
code:13623,13623,YI NAM ROAD,怡南路,Secondary Road,,,,,3
code:12859,12859,YI PEI CHUN ROAD,二陂圳路,Secondary Road,,,,,3
code:12875,12875,YIP CHEONG STREET,業暢街,Secondary Road,,,,,3
code:12877,12877,YIP FUNG STREET,業豐街,Secondary Road,,,,,3
code:12881,12881,YIP WO STREET,業和街,Secondary Road,,,,,3
code:12884,12884,YIU WAI STREET,窰圍街,Secondary Road,1983,1983-07-01,/egazette/en/1983-gn2023.pdf,/egazette/zh/1983-gn2023.pdf,3
code:12889,12889,YU CHAU WEST STREET,汝州西街,Secondary Road,,,/egazette/en/1976-gn1302.pdf,,3
code:12894,12894,YU ON STREET,漁安街,Secondary Road,1987,1987-07-03,/egazette/en/2010-14-5-736.pdf,/egazette/zh/2010-14-5-736.pdf,3
code:13682,13682,YU TAI ROAD,裕泰路,Secondary Road,,,,,3
code:12897,12897,YU WING PATH,裕榮徑,Track,1983,1983-06-03,/egazette/en/1983-gn1752.pdf,/egazette/zh/1983-gn1752.pdf,3
code:12902,12902,YUE KING STREET,愉景街,Track,,,,,3
code:12904,12904,YUE KWONG ROAD,漁光道,Secondary Road,,,,,3
code:12906,12906,YUE MAN SQUARE,裕民坊,Secondary Road,1957,1957-02-22,/egazette/en/1957-gn264.pdf,/egazette/zh/1957-gn264.pdf,3
code:12914,12914,YUEN LONG HONG LOK ROAD,元朗康樂路,Secondary Road,1977,1977-12-02,/egazette/en/1977-gn2944.pdf,/egazette/zh/1977-gn2944.pdf,3
code:12935,12935,YUK CHOI ROAD,育才道,Secondary Road,,,,,3
code:13614,13614,YUK NGA LANE,毓雅里,Secondary Road,,,,,3
code:12944,12944,YUK YAT STREET,旭日街,Secondary Road,,,,,3
code:40900,40900,,,Secondary Road,,,,,2
code:48892,48892,,,Secondary Road,,,,,2
code:44262,44262,,,Secondary Road,,,,,2
code:44094,44094,,,Secondary Road,,,,,2
code:40517,40517,,,Secondary Road,,,,,2
code:42271,42271,,,Secondary Road,,,,,2
code:49691,49691,,,Secondary Road,,,,,2
code:41771,41771,,,Secondary Road,,,,,2
code:41786,41786,,,Secondary Road,,,,,2
code:42858,42858,,,Secondary Road,,,,,2
code:49809,49809,,,Secondary Road,,,,,2
code:40653,40653,,,Secondary Road,,,,,2
code:40725,40725,,,Secondary Road,,,,,2
code:44154,44154,,,Secondary Road,,,,,2
code:42797,42797,,,Secondary Road,,,,,2
code:41512,41512,,,Secondary Road,,,,,2
code:40925,40925,,,Highway,,,,,2
code:49015,49015,,,Secondary Road,,,,,2
code:51206,51206,,,Secondary Road,,,,,2
code:45254,45254,,,Secondary Road,,,,,2
code:46007,46007,,,Secondary Road,,,,,2
code:44174,44174,,,Secondary Road,,,,,2
code:40780,40780,,,Highway,,,,,2
code:41591,41591,,,Secondary Road,,,,,2
code:48550,48550,,,Secondary Road,,,,,2
code:44081,44081,,,Secondary Road,,,,,2
code:43899,43899,,,Secondary Road,,,,,2
code:40255,40255,,,Secondary Road,,,,,2
code:46932,46932,,,Secondary Road,,,,,2
code:40505,40505,,,Restricted Road,,,,,2
code:41623,41623,,,Secondary Road,,,,,2
code:44056,44056,,,Secondary Road,,,,,2
code:41305,41305,,,Secondary Road,,,,,2
code:46164,46164,,,Secondary Road,,,,,2
code:41148,41148,,,Secondary Road,,,,,2
code:42277,42277,,,Secondary Road,,,,,2
code:44291,44291,,,Secondary Road,,,,,2
code:41317,41317,,,Secondary Road,,,,,2
code:40581,40581,,,Secondary Road,,,,,2
code:40822,40822,,,Secondary Road,,,,,2
code:43787,43787,,,Secondary Road,,,,,2
code:42153,42153,,,Secondary Road,,,,,2
code:41726,41726,,,Secondary Road,,,,,2
code:44633,44633,,,Secondary Road,,,,,2
code:42904,42904,,,Secondary Road,,,,,2
code:43772,43772,,,Secondary Road,,,,,2
code:40521,40521,,,Secondary Road,,,,,2
code:44740,44740,,,Secondary Road,,,,,2
code:46937,46937,,,Secondary Road,,,,,2
code:48116,48116,,,Secondary Road,,,,,2
code:44097,44097,,,Secondary Road,,,,,2
code:46162,46162,,,Secondary Road,,,,,2
code:45251,45251,,,Secondary Road,,,,,2
code:45258,45258,,,Secondary Road,,,,,2
code:40857,40857,,,Secondary Road,,,,,2
code:41727,41727,,,Secondary Road,,,,,2
code:48213,48213,,,Highway,,,,,2
code:42850,42850,,,Secondary Road,,,,,2
code:51557,51557,,,Secondary Road,,,,,2
code:40274,40274,,,Secondary Road,,,,,2
code:49017,49017,,,Secondary Road,,,,,2
code:41293,41293,,,Main Road,,,,,2
code:47078,47078,,,Secondary Road,,,,,2
code:41813,41813,,,Secondary Road,,,,,2
code:49233,49233,,,Secondary Road,,,,,2
code:41777,41777,,,Secondary Road,,,,,2
code:43934,43934,,,Secondary Road,,,,,2
code:44068,44068,,,Highway,,,,,2
code:42898,42898,,,Secondary Road,,,,,2
code:40726,40726,,,Main Road,,,,,2
code:41562,41562,,,Secondary Road,,,,,2
code:48731,48731,,,Secondary Road,,,,,2
code:41694,41694,,,Secondary Road,,,,,2
code:50403,50403,,,Secondary Road,,,,,2
code:51056,51056,,,Secondary Road,,,,,2
code:45262,45262,,,Secondary Road,,,,,2
code:43458,43458,,,Secondary Road,,,,,2
code:51546,51546,,,Secondary Road,,,,,2
code:44547,44547,,,Secondary Road,,,,,2
code:40268,40268,,,Secondary Road,,,,,2
code:41621,41621,,,Secondary Road,,,,,2
code:41585,41585,,,Secondary Road,,,,,2
code:40181,40181,,,Secondary Road,,,,,2
code:47224,47224,,,Secondary Road,,,,,2
code:40772,40772,,,Secondary Road,,,,,2
code:42903,42903,,,Secondary Road,,,,,2
code:40002,40002,,,Secondary Road,,,,,2
code:46824,46824,,,Secondary Road,,,,,2
code:47790,47790,,,Secondary Road,,,,,2
code:45111,45111,,,Secondary Road,,,,,2
code:44664,44664,,,Secondary Road,,,,,2
code:51697,51697,,,Secondary Road,,,,,2
code:41906,41906,,,Secondary Road,,,,,2
code:46568,46568,,,Secondary Road,,,,,2
code:46936,46936,,,Secondary Road,,,,,2
code:51265,51265,,,Secondary Road,,,,,2
code:41769,41769,,,Secondary Road,,,,,2
code:42523,42523,,,Secondary Road,,,,,2
code:43309,43309,,,Secondary Road,,,,,2
code:45145,45145,,,Main Road,,,,,2
code:45113,45113,,,Secondary Road,,,,,2
code:45499,45499,,,Secondary Road,,,,,2
code:43434,43434,,,Secondary Road,,,,,2
code:42015,42015,,,Secondary Road,,,,,2
code:40943,40943,,,Secondary Road,,,,,2
code:40292,40292,,,Secondary Road,,,,,2
code:40243,40243,,,Secondary Road,,,,,2
code:42749,42749,,,Secondary Road,,,,,2
code:48429,48429,,,Secondary Road,,,,,2
code:40173,40173,,,Secondary Road,,,,,2
code:43717,43717,,,Secondary Road,,,,,2
code:43415,43415,,,Secondary Road,,,,,2
code:41881,41881,,,Secondary Road,,,,,2
code:47366,47366,,,Secondary Road,,,,,2
code:49177,49177,,,Secondary Road,,,,,2
code:48352,48352,,,Secondary Road,,,,,2
code:44015,44015,,,Secondary Road,,,,,2
code:44558,44558,,,Secondary Road,,,,,2
code:46648,46648,,,Secondary Road,,,,,2
code:42050,42050,,,Secondary Road,,,,,2
code:46287,46287,,,Secondary Road,,,,,2
code:46294,46294,,,Main Road,,,,,2
code:47249,47249,,,Secondary Road,,,,,2
code:42303,42303,,,Secondary Road,,,,,2
code:50600,50600,,,Secondary Road,,,,,2
code:45743,45743,,,Secondary Road,,,,,2
code:45209,45209,,,Main Road,,,,,2
code:49319,49319,,,Secondary Road,,,,,2
code:42535,42535,,,Secondary Road,,,,,2
code:44139,44139,,,Secondary Road,,,,,2
code:44548,44548,,,Secondary Road,,,,,2
code:44373,44373,,,Secondary Road,,,,,2
code:48594,48594,,,Secondary Road,,,,,2
code:40161,40161,,,Secondary Road,,,,,2
code:40318,40318,,,Secondary Road,,,,,2
code:41504,41504,,,Secondary Road,,,,,2
code:41050,41050,,,Secondary Road,,,,,2
code:44543,44543,,,Secondary Road,,,,,2
code:49341,49341,,,Secondary Road,,,,,2
code:42508,42508,,,Secondary Road,,,,,2
code:44388,44388,,,Secondary Road,,,,,2
code:41029,41029,,,Secondary Road,,,,,2
code:46377,46377,,,Secondary Road,,,,,2
code:44020,44020,,,Secondary Road,,,,,2
code:48179,48179,,,Main Road,,,,,2
code:41188,41188,,,Secondary Road,,,,,2
code:45127,45127,,,Secondary Road,,,,,2
code:46202,46202,,,Secondary Road,,,,,2
code:46372,46372,,,Main Road,,,,,2
code:45068,45068,,,Secondary Road,,,,,2
code:43164,43164,,,Secondary Road,,,,,2
code:43966,43966,,,Secondary Road,,,,,2
code:45831,45831,,,Secondary Road,,,,,2
code:41669,41669,,,Secondary Road,,,,,2
code:45046,45046,,,Secondary Road,,,,,2
code:45699,45699,,,Secondary Road,,,,,2
code:48825,48825,,,Secondary Road,,,,,2
code:44764,44764,,,Secondary Road,,,,,2
code:47067,47067,,,Secondary Road,,,,,2
code:51466,51466,,,Secondary Road,,,,,2
code:40251,40251,,,Secondary Road,,,,,2
code:48075,48075,,,Main Road,,,,,2
code:41266,41266,,,Secondary Road,,,,,2
code:42302,42302,,,Secondary Road,,,,,2
code:45217,45217,,,Secondary Road,,,,,2
code:47157,47157,,,Secondary Road,,,,,2
code:44824,44824,,,Secondary Road,,,,,2
code:49336,49336,,,Secondary Road,,,,,2
code:42270,42270,,,Secondary Road,,,,,2
code:48711,48711,,,Secondary Road,,,,,2
code:40055,40055,,,Secondary Road,,,,,2
code:43488,43488,,,Secondary Road,,,,,2
code:49538,49538,,,Secondary Road,,,,,2
code:50417,50417,,,Secondary Road,,,,,2
code:43797,43797,,,Secondary Road,,,,,2
code:40010,40010,,,Secondary Road,,,,,2
code:41843,41843,,,Secondary Road,,,,,2
code:40714,40714,,,Restricted Road,,,,,2
code:43461,43461,,,Secondary Road,,,,,2
code:46215,46215,,,Secondary Road,,,,,2
code:49141,49141,,,Secondary Road,,,,,2
code:41553,41553,,,Secondary Road,,,,,2
code:41068,41068,,,Secondary Road,,,,,2
code:44580,44580,,,Secondary Road,,,,,2
code:47269,47269,,,Secondary Road,,,,,2
code:42440,42440,,,Track,,,,,2
code:41121,41121,,,Secondary Road,,,,,2
code:45052,45052,,,Secondary Road,,,,,2
code:41074,41074,,,Secondary Road,,,,,2
code:47283,47283,,,Secondary Road,,,,,2
code:45252,45252,,,Secondary Road,,,,,2
code:47349,47349,,,Secondary Road,,,,,2
code:40295,40295,,,Secondary Road,,,,,2
code:43807,43807,,,Secondary Road,,,,,2
code:47070,47070,,,Secondary Road,,,,,2
code:46566,46566,,,Secondary Road,,,,,2
code:50409,50409,,,Secondary Road,,,,,2
code:45407,45407,,,Secondary Road,,,,,2
code:48298,48298,,,Secondary Road,,,,,2
code:40574,40574,,,Secondary Road,,,,,2
code:40747,40747,,,Secondary Road,,,,,2
code:42283,42283,,,Secondary Road,,,,,2
code:47297,47297,,,Secondary Road,,,,,2
code:41081,41081,,,Secondary Road,,,,,2
code:43296,43296,,,Secondary Road,,,,,2
code:44598,44598,,,Secondary Road,,,,,2
code:44934,44934,,,Secondary Road,,,,,2
code:43630,43630,,,Secondary Road,,,,,2
code:43796,43796,,,Secondary Road,,,,,2
code:44098,44098,,,Secondary Road,,,,,2
code:49996,49996,,,Secondary Road,,,,,2
code:45352,45352,,,Secondary Road,,,,,2
code:50230,50230,,,Secondary Road,,,,,2
code:51025,51025,,,Secondary Road,,,,,2
code:50459,50459,,,Secondary Road,,,,,2
code:42310,42310,,,Secondary Road,,,,,2
code:46111,46111,,,Secondary Road,,,,,2
code:45686,45686,,,Secondary Road,,,,,2
code:51427,51427,,,Secondary Road,,,,,2
code:45554,45554,,,Secondary Road,,,,,2
code:42013,42013,,,Secondary Road,,,,,2
code:40694,40694,,,Secondary Road,,,,,2
code:41894,41894,,,Secondary Road,,,,,2
code:47025,47025,,,Secondary Road,,,,,2
code:42081,42081,,,Main Road,,,,,2
code:51371,51371,,,Secondary Road,,,,,2
code:46082,46082,,,Secondary Road,,,,,2
code:46031,46031,,,Secondary Road,,,,,2
code:40452,40452,,,Secondary Road,,,,,2
code:42056,42056,,,Secondary Road,,,,,2
code:49593,49593,,,Secondary Road,,,,,2
code:45063,45063,,,Secondary Road,,,,,2
code:48036,48036,,,Secondary Road,,,,,2
code:43760,43760,,,Secondary Road,,,,,2
code:46803,46803,,,Secondary Road,,,,,2
code:43492,43492,,,Secondary Road,,,,,2
code:43960,43960,,,Secondary Road,,,,,2
code:49493,49493,,,Secondary Road,,,,,2
code:40300,40300,,,Secondary Road,,,,,2
code:49927,49927,,,Secondary Road,,,,,2
code:42489,42489,,,Restricted Road,,,,,2
code:41990,41990,,,Secondary Road,,,,,2
code:40064,40064,,,Secondary Road,,,,,2
code:49248,49248,,,Secondary Road,,,,,2
code:42330,42330,,,Secondary Road,,,,,2
code:53092,53092,,,Secondary Road,,,,,2
code:46091,46091,,,Secondary Road,,,,,2
code:42047,42047,,,Secondary Road,,,,,2
code:53311,53311,,,Secondary Road,,,,,2
code:45357,45357,,,Secondary Road,,,,,2
code:48999,48999,,,Secondary Road,,,,,2
code:46508,46508,,,Secondary Road,,,,,2
code:42011,42011,,,Secondary Road,,,,,2
code:42042,42042,,,Secondary Road,,,,,2
code:44116,44116,,,Secondary Road,,,,,2
code:41842,41842,,,Secondary Road,,,,,2
code:48517,48517,,,Secondary Road,,,,,2
code:45218,45218,,,Secondary Road,,,,,2
code:41174,41174,,,Secondary Road,,,,,2
code:40025,40025,,,Secondary Road,,,,,2
code:41863,41863,,,Secondary Road,,,,,2
code:45188,45188,,,Secondary Road,,,,,2
code:41495,41495,,,Secondary Road,,,,,2
code:45371,45371,,,Secondary Road,,,,,2
code:50419,50419,,,Secondary Road,,,,,2
code:45003,45003,,,Secondary Road,,,,,2
code:44901,44901,,,Secondary Road,,,,,2
code:48366,48366,,,Secondary Road,,,,,2
code:40060,40060,,,Highway,,,,,2
code:40053,40053,,,Secondary Road,,,,,2
code:43204,43204,,,Secondary Road,,,,,2
code:41375,41375,,,Secondary Road,,,,,2
code:48852,48852,,,Secondary Road,,,,,2
code:43322,43322,,,Secondary Road,,,,,2
code:40832,40832,,,Restricted Road,,,,,2
code:42261,42261,,,Secondary Road,,,,,2
code:44951,44951,,,Secondary Road,,,,,2
code:40554,40554,,,Secondary Road,,,,,2
code:42292,42292,,,Secondary Road,,,,,2
code:41381,41381,,,Secondary Road,,,,,2
code:51577,51577,,,Secondary Road,,,,,2
code:45793,45793,,,Main Road,,,,,2
code:45927,45927,,,Secondary Road,,,,,2
code:43364,43364,,,Secondary Road,,,,,2
code:45098,45098,,,Secondary Road,,,,,2
code:46466,46466,,,Secondary Road,,,,,2
code:40418,40418,,,Secondary Road,,,,,2
code:43826,43826,,,Secondary Road,,,,,2
code:51464,51464,,,Secondary Road,,,,,2
code:45343,45343,,,Secondary Road,,,,,2
code:46018,46018,,,Secondary Road,,,,,2
code:47056,47056,,,Secondary Road,,,,,2
code:44241,44241,,,Secondary Road,,,,,2
code:40732,40732,,,Secondary Road,,,,,2
code:40114,40114,,,Secondary Road,,,,,2
code:42718,42718,,,Secondary Road,,,,,2
code:41275,41275,,,Secondary Road,,,,,2
code:40946,40946,,,Secondary Road,,,,,2
code:41950,41950,,,Secondary Road,,,,,2
code:44364,44364,,,Secondary Road,,,,,2
code:40113,40113,,,Secondary Road,,,,,2
code:41390,41390,,,Secondary Road,,,,,2
code:40047,40047,,,Secondary Road,,,,,2
code:44734,44734,,,Secondary Road,,,,,2
code:48735,48735,,,Secondary Road,,,,,2
code:41994,41994,,,Secondary Road,,,,,2
code:48710,48710,,,Secondary Road,,,,,2
code:53415,53415,,,Track,,,,,2
code:44597,44597,,,Secondary Road,,,,,2
code:42340,42340,,,Secondary Road,,,,,2
code:51649,51649,,,Secondary Road,,,,,2
code:52000,52000,,,Secondary Road,,,,,2
code:41267,41267,,,Secondary Road,,,,,2
code:41106,41106,,,Secondary Road,,,,,2
code:42469,42469,,,Secondary Road,,,,,2
code:43003,43003,,,Secondary Road,,,,,2
code:41935,41935,,,Secondary Road,,,,,2
code:40027,40027,,,Secondary Road,,,,,2
code:43971,43971,,,Secondary Road,,,,,2
code:41835,41835,,,Secondary Road,,,,,2
code:51407,51407,,,Secondary Road,,,,,2
code:46708,46708,,,Secondary Road,,,,,2
code:41577,41577,,,Secondary Road,,,,,2
code:48948,48948,,,Secondary Road,,,,,2
code:42683,42683,,,Secondary Road,,,,,2
code:42766,42766,,,Secondary Road,,,,,2
code:50184,50184,,,Secondary Road,,,,,2
code:49435,49435,,,Secondary Road,,,,,2
code:44346,44346,,,Secondary Road,,,,,2
code:46467,46467,,,Secondary Road,,,,,2
code:40833,40833,,,Secondary Road,,,,,2
code:40602,40602,,,Secondary Road,,,,,2
code:40534,40534,,,Secondary Road,,,,,2
code:46350,46350,,,Secondary Road,,,,,2
code:45346,45346,,,Secondary Road,,,,,2
code:40818,40818,,,Secondary Road,,,,,2
code:44712,44712,,,Secondary Road,,,,,2
code:48956,48956,,,Secondary Road,,,,,2
code:45948,45948,,,Secondary Road,,,,,2
code:45984,45984,,,Secondary Road,,,,,2
code:45747,45747,,,Highway,,,,,2
code:47151,47151,,,Secondary Road,,,,,2
code:49306,49306,,,Secondary Road,,,,,2
code:48726,48726,,,Secondary Road,,,,,2
code:42342,42342,,,Secondary Road,,,,,2
code:45845,45845,,,Secondary Road,,,,,2
code:50357,50357,,,Secondary Road,,,,,2
code:45092,45092,,,Secondary Road,,,,,2
code:42316,42316,,,Secondary Road,,,,,2
code:40655,40655,,,Secondary Road,,,,,2
code:40712,40712,,,Secondary Road,,,,,2
code:43163,43163,,,Secondary Road,,,,,2
code:45042,45042,,,Secondary Road,,,,,2
code:43320,43320,,,Secondary Road,,,,,2
code:46371,46371,,,Secondary Road,,,,,2
code:43663,43663,,,Secondary Road,,,,,2
code:42091,42091,,,Secondary Road,,,,,2
code:44038,44038,,,Secondary Road,,,,,2
code:41834,41834,,,Secondary Road,,,,,2
code:42627,42627,,,Secondary Road,,,,,2
code:46262,46262,,,Secondary Road,,,,,2
code:51585,51585,,,Secondary Road,,,,,2
code:51592,51592,,,Secondary Road,,,,,2
code:40021,40021,,,Secondary Road,,,,,2
code:40981,40981,,,Secondary Road,,,,,2
code:50205,50205,,,Secondary Road,,,,,2
code:40320,40320,,,Secondary Road,,,,,2
code:44534,44534,,,Secondary Road,,,,,2
code:41290,41290,,,Secondary Road,,,,,2
code:48342,48342,,,Secondary Road,,,,,2
code:45202,45202,,,Main Road,,,,,2
code:44284,44284,,,Secondary Road,,,,,2
code:48564,48564,,,Secondary Road,,,,,2
code:45858,45858,,,Secondary Road,,,,,2
code:44939,44939,,,Secondary Road,,,,,2
code:40174,40174,,,Secondary Road,,,,,2
code:41846,41846,,,Secondary Road,,,,,2
code:47162,47162,,,Secondary Road,,,,,2
code:42182,42182,,,Secondary Road,,,,,2
code:42346,42346,,,Secondary Road,,,,,2
code:41602,41602,,,Secondary Road,,,,,2
code:41452,41452,,,Secondary Road,,,,,2
code:46535,46535,,,Secondary Road,,,,,2
code:47304,47304,,,Secondary Road,,,,,2
code:41701,41701,,,Secondary Road,,,,,2
code:40197,40197,,,Secondary Road,,,,,2
code:50800,50800,,,Secondary Road,,,,,2
code:50246,50246,,,Secondary Road,,,,,2
code:47237,47237,,,Secondary Road,,,,,2
code:40768,40768,,,Highway,,,,,2
code:44929,44929,,,Secondary Road,,,,,2
code:46351,46351,,,Secondary Road,,,,,2
code:45533,45533,,,Secondary Road,,,,,2
code:41183,41183,,,Secondary Road,,,,,2
code:44566,44566,,,Secondary Road,,,,,2
code:41122,41122,,,Secondary Road,,,,,2
code:45627,45627,,,Restricted Road,,,,,2
code:48476,48476,,,Secondary Road,,,,,2
code:41592,41592,,,Secondary Road,,,,,2
code:45372,45372,,,Secondary Road,,,,,2
code:42313,42313,,,Secondary Road,,,,,2
code:40945,40945,,,Secondary Road,,,,,2
code:48295,48295,,,Secondary Road,,,,,2
code:40424,40424,,,Secondary Road,,,,,2
code:44370,44370,,,Secondary Road,,,,,2
code:44538,44538,,,Secondary Road,,,,,2
code:42598,42598,,,Secondary Road,,,,,2
code:49399,49399,,,Secondary Road,,,,,2
code:51471,51471,,,Secondary Road,,,,,2
code:48214,48214,,,Main Road,,,,,2
code:50423,50423,,,Secondary Road,,,,,2
code:49730,49730,,,Secondary Road,,,,,2
code:45009,45009,,,Secondary Road,,,,,2
code:46044,46044,,,Secondary Road,,,,,2
code:44565,44565,,,Secondary Road,,,,,2
code:43086,43086,,,Secondary Road,,,,,2
code:43354,43354,,,Secondary Road,,,,,2
code:40764,40764,,,Highway,,,,,2
code:41400,41400,,,Secondary Road,,,,,2
code:41389,41389,,,Secondary Road,,,,,2
code:51164,51164,,,Track,,,,,2
code:51598,51598,,,Secondary Road,,,,,2
code:48357,48357,,,Secondary Road,,,,,2
code:40752,40752,,,Secondary Road,,,,,2
code:40716,40716,,,Secondary Road,,,,,2
code:46699,46699,,,Secondary Road,,,,,2
code:40419,40419,,,Secondary Road,,,,,2
code:44060,44060,,,Secondary Road,,,,,2
code:45839,45839,,,Secondary Road,,,,,2
code:42129,42129,,,Restricted Road,,,,,2
code:45571,45571,,,Secondary Road,,,,,2
code:48747,48747,,,Track,,,,,2
code:49936,49936,,,Secondary Road,,,,,2
code:50670,50670,,,Secondary Road,,,,,2
code:40474,40474,,,Secondary Road,,,,,2
code:43399,43399,,,Secondary Road,,,,,2
code:43105,43105,,,Secondary Road,,,,,2
code:41342,41342,,,Secondary Road,,,,,2
code:45280,45280,,,Secondary Road,,,,,2
code:44898,44898,,,Secondary Road,,,,,2
code:40967,40967,,,Secondary Road,,,,,2
code:46015,46015,,,Secondary Road,,,,,2
code:52506,52506,,,Secondary Road,,,,,2
code:43069,43069,,,Secondary Road,,,,,2
code:43071,43071,,,Secondary Road,,,,,2
code:42408,42408,,,Secondary Road,,,,,2
code:52803,52803,,,Secondary Road,,,,,2
code:52067,52067,,,Secondary Road,,,,,2
code:52082,52082,,,Secondary Road,,,,,2
code:51568,51568,,,Secondary Road,,,,,2
code:45979,45979,,,Secondary Road,,,,,2
code:45152,45152,,,Secondary Road,,,,,2
code:43557,43557,,,Secondary Road,,,,,2
code:45380,45380,,,Secondary Road,,,,,2
code:46472,46472,,,Secondary Road,,,,,2
code:45191,45191,,,Secondary Road,,,,,2
code:45838,45838,,,Secondary Road,,,,,2
code:43085,43085,,,Secondary Road,,,,,2
code:42492,42492,,,Restricted Road,,,,,2
code:42494,42494,,,Restricted Road,,,,,2
code:42419,42419,,,Secondary Road,,,,,2
code:40722,40722,,,Restricted Road,,,,,2
code:40875,40875,,,Secondary Road,,,,,2
code:46225,46225,,,Secondary Road,,,,,2
code:45238,45238,,,Secondary Road,,,,,2
code:45806,45806,,,Secondary Road,,,,,2
code:40911,40911,,,Secondary Road,,,,,2
code:40433,40433,,,Secondary Road,,,,,2
code:41011,41011,,,Secondary Road,,,,,2
code:50220,50220,,,Secondary Road,,,,,2
code:42332,42332,,,Secondary Road,,,,,2
code:42347,42347,,,Secondary Road,,,,,2
code:43017,43017,,,Secondary Road,,,,,2
code:45706,45706,,,Secondary Road,,,,,2
code:42245,42245,,,Secondary Road,,,,,2
code:40591,40591,,,Secondary Road,,,,,2
code:46358,46358,,,Main Road,,,,,2
code:42331,42331,,,Secondary Road,,,,,2
code:51170,51170,,,Secondary Road,,,,,2
code:42446,42446,,,Secondary Road,,,,,2
code:43167,43167,,,Secondary Road,,,,,2
code:51177,51177,,,Secondary Road,,,,,2
code:50607,50607,,,Secondary Road,,,,,2
code:46899,46899,,,Secondary Road,,,,,2
code:43721,43721,,,Secondary Road,,,,,2
code:44166,44166,,,Secondary Road,,,,,2
code:45425,45425,,,Secondary Road,,,,,2
code:41056,41056,,,Highway,,,,,2
code:42175,42175,,,Secondary Road,,,,,2
code:41175,41175,,,Secondary Road,,,,,2
code:42018,42018,,,Restricted Road,,,,,2
code:47809,47809,,,Secondary Road,,,,,2
code:51328,51328,,,Secondary Road,,,,,2
code:45494,45494,,,Secondary Road,,,,,2
code:52117,52117,,,Secondary Road,,,,,2
code:52132,52132,,,Secondary Road,,,,,2
code:47824,47824,,,Secondary Road,,,,,2
code:51704,51704,,,Secondary Road,,,,,2
code:45954,45954,,,Secondary Road,,,,,2
code:48217,48217,,,Highway,,,,,2
code:48753,48753,,,Secondary Road,,,,,2
code:42478,42478,,,Restricted Road,,,,,2
code:49942,49942,,,Secondary Road,,,,,2
code:53336,53336,,,Secondary Road,,,,,2
code:42240,42240,,,Secondary Road,,,,,2
code:46264,46264,,,Secondary Road,,,,,2
code:46171,46171,,,Secondary Road,,,,,2
code:50851,50851,,,Secondary Road,,,,,2
code:46110,46110,,,Secondary Road,,,,,2
code:43295,43295,,,Secondary Road,,,,,2
code:46210,46210,,,Secondary Road,,,,,2
code:53063,53063,,,Secondary Road,,,,,2
code:48760,48760,,,Secondary Road,,,,,2
code:43211,43211,,,Secondary Road,,,,,2
code:47173,47173,,,Secondary Road,,,,,2
code:42025,42025,,,Secondary Road,,,,,2
code:40603,40603,,,Secondary Road,,,,,2
code:42338,42338,,,Secondary Road,,,,,2
code:44896,44896,,,Secondary Road,,,,,2
code:48857,48857,,,Track,,,,,2
code:45763,45763,,,Secondary Road,,,,,2
code:43142,43142,,,Secondary Road,,,,,2
code:42423,42423,,,Secondary Road,,,,,2
code:43498,43498,,,Secondary Road,,,,,2
code:40122,40122,,,Secondary Road,,,,,2
code:53079,53079,,,Secondary Road,,,,,2
code:51477,51477,,,Secondary Road,,,,,2
code:50239,50239,,,Secondary Road,,,,,2
code:43319,43319,,,Secondary Road,,,,,2
code:46259,46259,,,Secondary Road,,,,,2
code:45406,45406,,,Secondary Road,,,,,2
code:45257,45257,,,Secondary Road,,,,,2
code:45455,45455,,,Secondary Road,,,,,2
code:43098,43098,,,Secondary Road,,,,,2
code:45623,45623,,,Restricted Road,,,,,2
code:46773,46773,,,Secondary Road,,,,,2
code:43157,43157,,,Secondary Road,,,,,2
code:52568,52568,,,Secondary Road,,,,,2
code:43994,43994,,,Secondary Road,,,,,2
code:52349,52349,,,Secondary Road,,,,,2
code:52068,52068,,,Secondary Road,,,,,2
code:45811,45811,,,Secondary Road,,,,,2
code:51759,51759,,,Secondary Road,,,,,2
code:51770,51770,,,Secondary Road,,,,,2
code:42353,42353,,,Main Road,,,,,2
code:45693,45693,,,Secondary Road,,,,,2
code:45636,45636,,,Secondary Road,,,,,2
code:42126,42126,,,Secondary Road,,,,,2
code:44932,44932,,,Secondary Road,,,,,2
code:44957,44957,,,Secondary Road,,,,,2
code:48535,48535,,,Secondary Road,,,,,2
code:41578,41578,,,Secondary Road,,,,,2
code:48698,48698,,,Secondary Road,,,,,2
code:41714,41714,,,Main Road,,,,,2
code:43735,43735,,,Secondary Road,,,,,2
code:40059,40059,,,Secondary Road,,,,,2
code:44352,44352,,,Secondary Road,,,,,2
code:47309,47309,,,Secondary Road,,,,,2
code:48396,48396,,,Secondary Road,,,,,2
code:45441,45441,,,Secondary Road,,,,,2
code:48482,48482,,,Secondary Road,,,,,2
code:41788,41788,,,Secondary Road,,,,,2
code:46917,46917,,,Secondary Road,,,,,2
code:42087,42087,,,Secondary Road,,,,,2
code:40883,40883,,,Secondary Road,,,,,2
code:52756,52756,,,Secondary Road,,,,,2
code:52018,52018,,,Secondary Road,,,,,2
code:43959,43959,,,Secondary Road,,,,,2
code:51516,51516,,,Highway,,,,,2
code:43291,43291,,,Secondary Road,,,,,2
code:48290,48290,,,Secondary Road,,,,,2
code:46518,46518,,,Secondary Road,,,,,2
code:45751,45751,,,Secondary Road,,,,,2
code:43097,43097,,,Secondary Road,,,,,2
code:45737,45737,,,Secondary Road,,,,,2
code:46655,46655,,,Secondary Road,,,,,2
code:43336,43336,,,Secondary Road,,,,,2
code:44070,44070,,,Secondary Road,,,,,2
code:42385,42385,,,Secondary Road,,,,,2
code:51620,51620,,,Secondary Road,,,,,2
code:51754,51754,,,Secondary Road,,,,,2
code:50750,50750,,,Secondary Road,,,,,2
code:44506,44506,,,Secondary Road,,,,,2
code:44156,44156,,,Secondary Road,,,,,2
code:45485,45485,,,Secondary Road,,,,,2
code:45224,45224,,,Secondary Road,,,,,2
code:50972,50972,,,Secondary Road,,,,,2
code:44035,44035,,,Secondary Road,,,,,2
code:42933,42933,,,Secondary Road,,,,,2
code:42865,42865,,,Secondary Road,,,,,2
code:41259,41259,,,Secondary Road,,,,,2
code:52138,52138,,,Secondary Road,,,,,2
code:52238,52238,,,Secondary Road,,,,,2
code:53508,53508,,,Secondary Road,,,,,2
code:53299,53299,,,Secondary Road,,,,,2
code:41992,41992,,,Secondary Road,,,,,2
code:52881,52881,,,Secondary Road,,,,,2
code:41222,41222,,,Secondary Road,,,,,2
code:44983,44983,,,Secondary Road,,,,,2
code:44008,44008,,,Secondary Road,,,,,2
code:43122,43122,,,Secondary Road,,,,,2
code:40453,40453,,,Secondary Road,,,,,2
code:53367,53367,,,Secondary Road,,,,,2
code:52336,52336,,,Secondary Road,,,,,2
code:52404,52404,,,Secondary Road,,,,,2
code:49708,49708,,,Secondary Road,,,,,2
code:43092,43092,,,Secondary Road,,,,,2
code:43056,43056,,,Secondary Road,,,,,2
code:45613,45613,,,Secondary Road,,,,,2
code:43173,43173,,,Secondary Road,,,,,2
code:45749,45749,,,Secondary Road,,,,,2
code:43156,43156,,,Secondary Road,,,,,2
code:45562,45562,,,Highway,,,,,2
code:53164,53164,,,Secondary Road,,,,,2
code:43018,43018,,,Secondary Road,,,,,2
code:49918,49918,,,Secondary Road,,,,,2
code:51856,51856,,,Secondary Road,,,,,2
code:45740,45740,,,Secondary Road,,,,,2
code:52141,52141,,,Secondary Road,,,,,2
code:43367,43367,,,Secondary Road,,,,,2
code:51423,51423,,,Secondary Road,,,,,2
code:45337,45337,,,Secondary Road,,,,,2
code:51959,51959,,,Secondary Road,,,,,2
code:52171,52171,,,Secondary Road,,,,,2
code:51925,51925,,,Secondary Road,,,,,2
code:51723,51723,,,Secondary Road,,,,,2
code:50717,50717,,,Secondary Road,,,,,2
code:51735,51735,,,Secondary Road,,,,,2
code:53089,53089,,,Secondary Road,,,,,2
code:52028,52028,,,Secondary Road,,,,,2
code:51262,51262,,,Secondary Road,,,,,2
code:45828,45828,,,Secondary Road,,,,,2
code:43088,43088,,,Secondary Road,,,,,2
code:45746,45746,,,Secondary Road,,,,,2
code:49018,49018,,,Secondary Road,,,,,2
code:41384,41384,,,Secondary Road,,,,,2
code:46714,46714,,,Secondary Road,,,,,2
code:40530,40530,,,Secondary Road,,,,,2
code:46646,46646,,,Secondary Road,,,,,2
code:44242,44242,,,Secondary Road,,,,,2
code:53376,53376,,,Secondary Road,,,,,2
code:53393,53393,,,Secondary Road,,,,,2
code:50380,50380,,,Secondary Road,,,,,2
code:51584,51584,,,Secondary Road,,,,,2
code:45842,45842,,,Secondary Road,,,,,2
code:42281,42281,,,Secondary Road,,,,,2
code:45757,45757,,,Secondary Road,,,,,2
code:45140,45140,,,Secondary Road,,,,,2
code:45925,45925,,,Secondary Road,,,,,2
code:43166,43166,,,Secondary Road,,,,,2
code:52448,52448,,,Secondary Road,,,,,2
code:51765,51765,,,Secondary Road,,,,,2
code:44115,44115,,,Secondary Road,,,,,2
code:51753,51753,,,Secondary Road,,,,,2
code:44956,44956,,,Secondary Road,,,,,2
code:46694,46694,,,Secondary Road,,,,,2
code:41731,41731,,,Secondary Road,,,,,2
code:52608,52608,,,Main Road,,,,,2
code:53290,53290,,,Secondary Road,,,,,2
code:45225,45225,,,Secondary Road,,,,,2
code:45891,45891,,,Secondary Road,,,,,2
code:50520,50520,,,Secondary Road,,,,,2
code:46308,46308,,,Secondary Road,,,,,2
code:45957,45957,,,Secondary Road,,,,,2
code:43385,43385,,,Secondary Road,,,,,2
code:50103,50103,,,Secondary Road,,,,,2
code:47978,47978,,,Secondary Road,,,,,2
code:52243,52243,,,Secondary Road,,,,,2
code:43014,43014,,,Secondary Road,,,,,2
code:45658,45658,,,Secondary Road,,,,,2
code:51721,51721,,,Secondary Road,,,,,2
code:49668,49668,,,Secondary Road,,,,,2
code:52142,52142,,,Secondary Road,,,,,2
code:52611,52611,,,Secondary Road,,,,,2
code:52619,52619,,,Secondary Road,,,,,2
code:52198,52198,,,Secondary Road,,,,,2
code:44047,44047,,,Secondary Road,,,,,2
code:45456,45456,,,Secondary Road,,,,,2
code:42065,42065,,,Secondary Road,,,,,2
code:42463,42463,,,Secondary Road,,,,,2
code:51806,51806,,,Secondary Road,,,,,2
code:52411,52411,,,Secondary Road,,,,,2
code:53496,53496,,,Secondary Road,,,,,2
code:52409,52409,,,Secondary Road,,,,,2
code:53437,53437,,,Main Road,,,,,2
code:53438,53438,,,Main Road,,,,,2
code:43191,43191,,,Secondary Road,,,,,2
code:45045,45045,,,Secondary Road,,,,,2
code:41228,41228,,,Secondary Road,,,,,2
code:47597,47597,,,Secondary Road,,,,,2
code:53307,53307,,,Secondary Road,,,,,2
code:52892,52892,,,Secondary Road,,,,,2
code:52607,52607,,,Main Road,,,,,2
code:53194,53194,,,Secondary Road,,,,,2
code:53277,53277,,,Secondary Road,,,,,2
code:53296,53296,,,Secondary Road,,,,,2
code:52925,52925,,,Secondary Road,,,,,2
code:53276,53276,,,Secondary Road,,,,,2
code:52591,52591,,,Secondary Road,,,,,2
code:52660,52660,,,Secondary Road,,,,,2
code:50461,50461,,,Secondary Road,,,,,2
code:52902,52902,,,Secondary Road,,,,,2
code:52426,52426,,,Secondary Road,,,,,2
code:53561,53561,,,Secondary Road,,,,,2
code:46099,46099,,,Secondary Road,,,,,2
code:52265,52265,,,Secondary Road,,,,,2
code:53320,53320,,,Secondary Road,,,,,2
code:53169,53169,,,Secondary Road,,,,,2
code:44495,44495,,,Secondary Road,,,,,2
code:47918,47918,,,Secondary Road,,,,,2
code:40980,40980,,,Secondary Road,,,,,2
code:45342,45342,,,Secondary Road,,,,,2
code:42166,42166,,,Secondary Road,,,,,2
code:42652,42652,,,Secondary Road,,,,,2
code:52569,52569,,,Secondary Road,,,,,2
code:45403,45403,,,Secondary Road,,,,,2
code:43102,43102,,,Secondary Road,,,,,2
code:46189,46189,,,Secondary Road,,,,,2
code:45735,45735,,,Highway,,,,,2
code:53469,53469,,,Secondary Road,,,,,2
code:53488,53488,,,Secondary Road,,,,,2
code:40373,40373,,,Secondary Road,,,,,2
code:47825,47825,,,Secondary Road,,,,,2
code:45910,45910,,,Secondary Road,,,,,2
code:50390,50390,,,Secondary Road,,,,,2
code:44013,44013,,,Secondary Road,,,,,2
code:41773,41773,,,Secondary Road,,,,,2
code:50054,50054,,,Secondary Road,,,,,2
code:42445,42445,,,Track,,,,,2
code:42127,42127,,,Secondary Road,,,,,2
code:51662,51662,,,Secondary Road,,,,,2
code:40205,40205,,,Secondary Road,,,,,2
code:51876,51876,,,Secondary Road,,,,,2
code:51719,51719,,,Secondary Road,,,,,2
code:46153,46153,,,Secondary Road,,,,,2
code:52355,52355,,,Secondary Road,,,,,2
code:52687,52687,,,Secondary Road,,,,,2
code:52044,52044,,,Secondary Road,,,,,2
code:53430,53430,,,Secondary Road,,,,,2
code:51769,51769,,,Secondary Road,,,,,2
code:51576,51576,,,Secondary Road,,,,,2
code:46378,46378,,,Secondary Road,,,,,2
code:43013,43013,,,Secondary Road,,,,,2
code:53048,53048,,,Secondary Road,,,,,2
code:53298,53298,,,Secondary Road,,,,,2
code:53330,53330,,,Secondary Road,,,,,2
code:39623,39623,ADMINISTRATION  ROAD,行政路,Secondary Road,,,,,2
code:13186,13186,AH KUNG WAN ROAD,亞公灣路,Secondary Road,,,,,2
code:14355,14355,AMALFI DRIVE,津堤徑,Secondary Road,,,,,2
code:10047,10047,BAUHINIA ROAD EAST,紫荊東路,Secondary Road,,,,,2
code:39611,39611,BEVERA BOULEVARD,巴維拉大道,Secondary Road,,,,,2
code:39521,39521,BOILER ROAD WEST,鍋爐路西段,Secondary Road,,,,,2
code:39435,39435,BOULEVARD DE FONTAINE,銀池道,Track,,,,,2
code:39438,39438,BOULEVARD DE MER,愛琴道,Track,,,,,2
code:10076,10076,BOWEN DRIVE,寶雲徑,Secondary Road,,,,,2
code:10086,10086,BREWIN PATH,蒲魯賢徑,Secondary Road,1919,1919-09-26,/egazette/en/1919-gn450.pdf,/egazette/zh/1919-gn450.pdf,2
code:39530,39530,BRIDGE ROAD,主橋路,Secondary Road,,,,,2
code:10089,10089,BRIDGES STREET,必列者士街,Secondary Road,1958,1958-06-27,/egazette/en/1958-gn865.pdf,/egazette/zh/1958-gn865.pdf,2
code:10094,10094,BROOM ROAD,蟠龍道,Secondary Road,1940,1940-02-07,/egazette/en/1940-gn154.pdf,/egazette/zh/1940-gn154.pdf,2
code:10098,10098,BURD STREET,畢街,Secondary Road,,,,,2
code:39359,39359,CAMPUS CIRCUIT WEST,環迴西路,Secondary Road,,,,,2
code:10114,10114,CANNON STREET,景隆街,Secondary Road,1961,1961-07-07,/egazette/en/1961-gn1136.pdf,,2
code:13663,13663,CAPERIDGE DRIVE,蘅欣徑,Secondary Road,,,,,2
code:10148,10148,CASTLE STEPS,衛城坊,Track,,,,,2
code:39548,39548,CELESTIAL AVENUE,半山徑,Secondary Road,,,,,2
code:39505,39505,CENTRAL ROAD,中間道,Secondary Road,,,,,2
code:39479,39479,CHA KWO LING MAIN STREET,茶果嶺大街,Track,,,,,2
code:10156,10156,CHAK ON ROAD,澤安道,Secondary Road,,,,,2
code:14205,14205,CHAK YAN ROAD,澤欣路,Secondary Road,2004,2004-12-17,/egazette/en/2004-08-51-8104.pdf,/egazette/zh/2004-08-51-8104.pdf,2
code:10161,10161,CHANGSHA STREET,長沙街,Secondary Road,1909,1909-03-19,/egazette/en/1909-gn184.pdf,/egazette/zh/1909-gn184.pdf,2
code:13551,13551,CHAP FUK ROAD,集福路,Secondary Road,,,,,2
code:14011,14011,CHAU TAU WEST ROAD,洲頭西路,Secondary Road,,,,,2
code:10173,10173,CHEONG HANG ROAD,暢行道,Secondary Road,1975,1975-07-11,/egazette/en/1975-gn1541.pdf,,2
code:14239,14239,CHEONG KING ROAD,暢景路,Secondary Road,,,,,2
code:10177,10177,CHEONG SHING PATH,昌盛徑,Track,1983,1983-06-03,/egazette/en/1983-gn1752.pdf,/egazette/zh/1983-gn1752.pdf,2
code:13804,13804,CHEONG WING ROAD,暢榮路,Secondary Road,,,,,2
code:13800,13800,CHEONG WONG ROAD,暢旺路,Main Road,,,,,2
code:39600,39600,CHERRY DRIVE,櫻桃徑,Secondary Road,,,,,2
code:10183,10183,CHEUNG CHAU BEACH ROAD,長洲東堤路,Track,,,,,2
code:13002,13002,CHEUNG CHI LANE,長智巷,Track,,,,,2
code:10198,10198,CHEUNG LEK MEI STREET,長瀝尾街,Secondary Road,1981,1981-06-12,/egazette/en/1981-gn1685.pdf,/egazette/zh/1981-gn1685.pdf,2
code:10200,10200,CHEUNG MAN ROAD,祥民道,Secondary Road,,,,,2
code:10201,10201,CHEUNG MOU STREET,長茂街,Secondary Road,1976,1976-06-18,/egazette/en/1976-gn1302.pdf,,2
code:10202,10202,CHEUNG NING STREET,長寧街,Secondary Road,1931,1931-02-13,/egazette/en/1931-gn86.pdf,/egazette/zh/1931-gn86.pdf,2
code:13075,13075,CHEUNG PAK ROAD,長北路,Track,,,,,2
code:10207,10207,CHEUNG SHAN ESTATE ROAD EAST,象山邨東路,Secondary Road,1984,1984-01-27,/egazette/en/1984-gn287.pdf,/egazette/zh/1984-gn287.pdf,2
code:10210,10210,CHEUNG SHING STREET,長盛街,Track,,,,,2
code:14385,14385,CHEUNG TAI ROAD,樟大路,Secondary Road,2013,2013-11-01,/egazette/en/2013-17-44-6570.pdf,/egazette/zh/2013-17-44-6570.pdf,2
code:13784,13784,CHEUNG TSING TUNNEL,長青隧道,Tunnel,,,,,2
code:10220,10220,CHEUNG YEE STREET,長義街,Secondary Road,1976,1976-06-18,/egazette/en/1976-gn1302.pdf,,2
code:10224,10224,CHI FAI PATH,志輝徑,Secondary Road,,,,,2
code:13985,13985,CHI SHUN LANE,智順里,Secondary Road,,,,,2
code:13685,13685,CHI WING CLOSE,置榮徑,Secondary Road,,,,,2
code:14357,14357,CHIANTI DRIVE,尚堤徑,Secondary Road,,,,,2
code:10236,10236,CHIK CHUEN STREET,積存街,Secondary Road,1981,1981-01-16,/egazette/en/1981-gn182.pdf,/egazette/zh/1981-gn182.pdf,2
code:10243,10243,CHIK TAI LANE,積泰里,Secondary Road,,,,,2
code:10249,10249,CHING LIN TERRACE,青蓮臺,Track,1926,1926-01-29,/egazette/en/1926-gn46.pdf,/egazette/zh/1926-gn46.pdf,2
code:10252,10252,CHING SAU LANE,靜修里,Secondary Road,1979,1979-01-12,/egazette/en/1979-gn112.pdf,,2
code:10254,10254,CHING WAH STREET,清華街,Secondary Road,1949,1949-01-28,/egazette/en/1949-gn99.pdf,/egazette/zh/1949-gn99.pdf,2
code:12986,12986,CHIU SHUN ROAD,昭信路,Main Road,,,,,2
code:10259,10259,CHO YUEN STREET,草園街,Secondary Road,,,,,2
code:14349,14349,CHOI SHA STREET,彩沙街,Secondary Road,,,,,2
code:14469,14469,CHOI SHING LANE,彩盛里,Secondary Road,2018,2018-02-02,https://www.landsd.gov.hk/doc/en/street-name/egazette/2018/egn20182205650.pdf,https://www.landsd.gov.hk/doc/tc/street-name/egazette/2018/cgn20182205650.pdf,2
code:14053,14053,CHOI YEE LANE,彩頤里,Secondary Road,,,,,2
code:13750,13750,CHONG FU ROAD,創富道,Secondary Road,,,,,2
code:14472,14472,CHUI FUK ROAD,翠福路,Secondary Road,2018,2018-03-29,https://www.landsd.gov.hk/doc/en/street-name/egazette/2018/egn201822132325.pdf,https://www.landsd.gov.hk/doc/tc/street-name/egazette/2018/cgn201822132325.pdf,2
code:14131,14131,CHUI LING LANE,翠嶺里,Secondary Road,,,,,2
code:14110,14110,CHUI TUNG LANE,翠桐里,Secondary Road,,,,,2
code:13588,13588,CHUI WO LANE,翠和里,Secondary Road,,,,,2
code:13181,13181,CHUK WAN STREET,祝運街,Secondary Road,,,,,2
code:14421,14421,CHUN CHI LANE SOUTH,振翅里南,Track,2017,2017-03-03,https://www.landsd.gov.hk/doc/en/street-name/egazette/2017/egn201721091160.pdf,https://www.landsd.gov.hk/doc/tc/street-name/egazette/2017/cgn201721091160.pdf,2
code:13819,13819,CHUN MING ROAD,駿明路,Secondary Road,,,,,2
code:10279,10279,CHUN PIN STREET,圳邊街,Secondary Road,,,,,2
code:13695,13695,CHUN SING STREET,駿昇街,Secondary Road,,,,,2
code:13816,13816,CHUN WAN ROAD NORTH,駿運北路,Secondary Road,,,,,2
code:10286,10286,CHUN YI LANE,真義里,Secondary Road,1974,1974-11-29,/egazette/en/1974-gn3038.pdf,/egazette/zh/1974-gn3038.pdf,2
code:13698,13698,CHUN YING STREET,駿盈街,Secondary Road,,,,,2
code:10290,10290,CHUNG HING BACK STREET,中興後街,Track,,,,,2
code:39478,39478,CHUNG HING PRAYA STREET,中興海傍街,Track,,,,,2
code:10291,10291,CHUNG HING SAN STREET,中興新街,Track,,,,,2
code:13965,13965,CHUNG MUN ROAD,松滿路,Secondary Road,,,,,2
code:39157,39157,CHUNG SUM TSUEN LANE NO.7,中心村第七巷,Track,,,,,2
code:10302,10302,CHUNG SUN STREET,忠信街,Secondary Road,1959,1959-05-15,/egazette/en/1959-gn670.pdf,/egazette/zh/1959-gn670.pdf,2
code:10308,10308,CIRCULAR PATHWAY,弓絃巷,Track,,,,,2
code:13568,13568,CITY GARDEN ROAD,城市花園道,Secondary Road,,,,,2
code:10312,10312,CLEMENTI ROAD,金文泰道,Track,1950,1950-12-29,/egazette/en/1950-gn1471.pdf,/egazette/zh/1950-gn1471.pdf,2
code:39070,39070,COAL YARD ROAD,煤場道,Secondary Road,,,,,2
code:10320,10320,COLLEGE ROAD,書院道,Secondary Road,1935,1935-03-01,/egazette/en/1935-gn165.pdf,/egazette/zh/1935-gn165.pdf,2
code:10341,10341,COTTON PATH,棉花路,Secondary Road,1931,1931-05-15,/egazette/en/1931-gn300.pdf,/egazette/zh/1931-gn300.pdf,2
code:10347,10347,CREASY ROAD,祈禮士道,Secondary Road,1951,1951-07-20,/egazette/en/1951-gn754.pdf,/egazette/zh/1951-gn754.pdf,2
code:10348,10348,CROSS LANE,交加里,Secondary Road,,,,,2
code:39595,39595,CYPRESS DRIVE,龍柏徑,Secondary Road,,,,,2
code:10365,10365,DAO YANG ROAD,道揚路,Secondary Road,,,,,2
code:10373,10373,DERBY ROAD,打比道,Secondary Road,1939,1939-04-28,/egazette/en/1939-gn341.pdf,/egazette/zh/1939-gn341.pdf,2
code:10393,10393,DUNG FAT STREET,登發街,Track,,,,,2
code:39604,39604,DUTCH LANE,荷蘭徑,Track,,,,,2
code:39523,39523,EAST BRIDGE ROAD,東橋路,Secondary Road,,,,,2
code:39457,39457,EAST WHARF ROAD,東碼頭道,Secondary Road,,,,,2
code:10409,10409,ELGIN STREET,伊利近街,Secondary Road,,,,,2
code:10412,10412,EMBANKMENT ROAD,基堤道,Secondary Road,1929,1929-06-21,/egazette/en/1929-gn331.pdf,/egazette/zh/1929-gn331.pdf,2
code:39223,39223,FAIRVIEW PARK 10TH STREET RIVER NORTH,錦綉花園河北第十街,Secondary Road,,,,,2
code:10422,10422,FAIRVIEW PARK ROAD EAST,錦綉大道東,Secondary Road,1984,1984-08-31,/egazette/en/1984-gn2609.pdf,/egazette/zh/1984-gn2609.pdf,2
code:39123,39123,"FAIRVIEW PARK SECTION F, 3RD STREET",錦綉花園Ｆ段第三街,Secondary Road,,,,,2
code:39126,39126,"FAIRVIEW PARK SECTION F, 6TH STREET",錦綉花園Ｆ段第六街,Secondary Road,,,,,2
code:13895,13895,FAT TSEUNG STREET WEST,發祥街西,Secondary Road,,,,,2
code:13167,13167,FEI HA ROAD,飛霞路,Secondary Road,,,,,2
code:39614,39614,FERENTINO BOULEVARD,菲利提諾大道,Secondary Road,,,,,2
code:10487,10487,FINDLAY PATH,芬梨徑,Restricted Road,1915,1915-05-28,/egazette/en/1915-gn244.pdf,/egazette/zh/1915-gn244.pdf,2
code:10496,10496,FLINT ROAD,火石道,Secondary Road,1939,1939-04-28,/egazette/en/1939-gn341.pdf,/egazette/zh/1939-gn341.pdf,2
code:10497,10497,FLOWER MARKET ROAD,花墟道,Secondary Road,1948,1948-04-23,/egazette/en/1948-gn381.pdf,/egazette/zh/1948-gn381.pdf,2
code:14232,14232,FO SHING ROAD,科城路,Secondary Road,2005,2005-10-21,/egazette/en/2005-09-42-5456.pdf,,2
code:14167,14167,FO YIP STREET,科業街,Secondary Road,,,,,2
code:10500,10500,FOO KWAI STREET,富貴街,Secondary Road,1954,1954-12-24,/egazette/en/1954-gn1562.pdf,/egazette/zh/1954-gn1562.pdf,2
code:10502,10502,FOO YUEN STREET,富源街,Secondary Road,,,,,2
code:10508,10508,FOOK YUM ROAD,福蔭道,Secondary Road,1954,1954-07-30,/egazette/en/1954-gn947.pdf,/egazette/zh/1954-gn947.pdf,2
code:10509,10509,FORBES STREET,科士街,Secondary Road,,,,,2
code:10511,10511,FORT STREET,堡壘街,Secondary Road,1933,1933-07-28,/egazette/en/1933-gn511.pdf,/egazette/zh/1933-gn511.pdf,2
code:13018,13018,FU HANG ROAD,虎坑路,Secondary Road,,,,,2
code:13878,13878,FU HONG STREET,富康街,Secondary Road,,,,,2
code:13233,13233,FU MEI STREET EAST,富美東街,Secondary Road,,,,,2
code:13596,13596,FU PENG STREET,富坪街,Track,,,,,2
code:10531,10531,FU TSUI STREET,富翠街,Secondary Road,,,,,2
code:13761,13761,FU TUNG STREET,富東街,Secondary Road,,,,,2
code:10536,10536,FU YAN STREET,輔仁街,Secondary Road,1957,1957-02-22,/egazette/en/1957-gn264.pdf,/egazette/zh/1957-gn264.pdf,2
code:13876,13876,FU YEE ROAD,富怡道,Secondary Road,,,,,2
code:10538,10538,FU YUE STREET,富裕街,Secondary Road,,,,,2
code:10539,10539,FU YUNG STREET,芙蓉街,Secondary Road,,,,,2
code:10548,10548,FUK KWAN AVENUE,福群道,Secondary Road,1931,1931-02-13,/egazette/en/1931-gn86.pdf,/egazette/zh/1931-gn86.pdf,2
code:10550,10550,FUK LO TSUN ROAD,福佬村道,Secondary Road,1933,1933-05-12,/egazette/en/1933-gn340.pdf,/egazette/zh/1933-gn340.pdf,2
code:13131,13131,FUK LOK PATH,福樂徑,Track,,,,,2
code:13132,13132,FUK SHING PATH,福盛徑,Track,,,,,2
code:10567,10567,FUNG CHI ROAD,鳳池路,Secondary Road,,,,,2
code:10568,10568,FUNG FAI TERRACE,鳳輝臺,Secondary Road,,,,,2
code:13777,13777,FUNG FAN PATH,風帆徑,Track,,,,,2
code:10573,10573,FUNG LAI ROAD,鳳禮道,Secondary Road,,,,,2
code:10576,10576,FUNG NIN ROAD,豐年路,Secondary Road,1977,1977-12-02,/egazette/en/1977-gn2944.pdf,/egazette/zh/1977-gn2944.pdf,2
code:13082,13082,FUNG ON STREET,豐安街,Secondary Road,,,,,2
code:10588,10588,FUNG WO LANE,豐禾里,Secondary Road,1983,1983-12-23,/egazette/en/1983-gn3977.pdf,/egazette/zh/1983-gn3977.pdf,2
code:10589,10589,FUNG WONG TERRACE,鳳凰臺,Secondary Road,,,,,2
code:14413,14413,FUNG YU ROAD,豐裕路,Secondary Road,2016,2016-04-29,https://www.landsd.gov.hk/doc/en/street-name/egazette/2016/egn201620172478.pdf,https://www.landsd.gov.hk/doc/tc/street-name/egazette/2016/cgn201620172478.pdf,2
code:39574,39574,GENEVA SOUTH AVENUE,日內瓦大道南,Secondary Road,,,,,2
code:10600,10600,GEORGE'S LANE,佐治里,Track,,,,,2
code:10607,10607,GLEE PATH,吉利徑,Secondary Road,,,,,2
code:10614,10614,GOOD SHEPHERD STREET,牧愛街,Secondary Road,1975,1975-03-28,/egazette/en/1975-gn702-703.pdf,,2
code:10624,10624,GREAT GEORGE STREET,記利佐治街,Secondary Road,,,,,2
code:10630,10630,GULLANE ROAD,嘉齡道,Secondary Road,1950,1950-09-15,/egazette/en/1950-gn1083.pdf,/egazette/zh/1950-gn1083.pdf,2
code:10631,10631,GUTZLAFF STREET,吉士笠街,Track,,,,,2
code:10640,10640,HAM TIN STREET,鹹田街,Secondary Road,,,,,2
code:13726,13726,HANG KWAI STREET,恆貴街,Secondary Road,,,,,2
code:13767,13767,HANG MING STREET,恆明街,Secondary Road,,,,,2
code:13657,13657,HANG SHIN LINK,行善里,Secondary Road,,,,,2
code:10673,10673,HAU WONG ROAD,侯王道,Secondary Road,1933,1933-05-12,/egazette/en/1933-gn340.pdf,/egazette/zh/1933-gn340.pdf,2
code:10674,10674,HAU YUEN PATH,校園徑,Secondary Road,1984,1984-10-19,/egazette/en/1984-gn3075.pdf,/egazette/zh/1984-gn3075.pdf,2
code:10676,10676,HAWTHORN ROAD,荷塘道,Secondary Road,1940,1940-02-07,/egazette/en/1940-gn154.pdf,/egazette/zh/1940-gn154.pdf,2
code:10679,10679,HEALTHY STREET CENTRAL,健康中街,Secondary Road,1960,1960-08-12,/egazette/en/1960-gn1218.pdf,,2
code:10682,10682,HEARD STREET,克街,Secondary Road,,,,,2
code:39616,39616,HELORUS BOULEVARD,茵羅洛斯大道,Secondary Road,,,,,2
code:10694,10694,HEUNG SHING STREET,享成街,Secondary Road,,,,,2
code:10696,10696,HEUNG SZE WUI STREET,鄉事會街,Secondary Road,,,,,2
code:10697,10697,HEUNG WO STREET,享和街,Secondary Road,,,,,2
code:10701,10701,HI SHI ROAD,喜士路,Track,,,,,2
code:10709,10709,HILLWOOD ROAD,山林道,Secondary Road,1933,1933-05-12,/egazette/en/1933-gn341.pdf,/egazette/zh/1933-gn341.pdf,2
code:10710,10710,HIN FAT LANE,顯發里,Secondary Road,,,,,2
code:13711,13711,HIN KWAI LANE,顯貴里,Secondary Road,,,,,2
code:10714,10714,HIN TIN STREET,顯田街,Secondary Road,,,,,2
code:10716,10716,HING CHOI STREET,興才街,Secondary Road,,,,,2
code:10725,10725,HING LUNG STREET,興隆街,Track,,,,,2
code:10729,10729,HING SHING ROAD,興盛路,Secondary Road,1974,1974-04-19,/egazette/en/1974-gn1023.pdf,/egazette/zh/1974-gn1023.pdf,2
code:10732,10732,HING WAN STREET,慶雲街,Secondary Road,,,,,2
code:10733,10733,HING WO STREET,興和街,Secondary Road,1974,1974-05-31,/egazette/en/1974-gn1379.pdf,/egazette/zh/1974-gn1379.pdf,2
code:10759,10759,HO SUEN STREET,浩船街,Secondary Road,,,,,2
code:10769,10769,HOI FOO STREET,海富街,Secondary Road,1937,1937-06-04,/egazette/en/1937-gn387.pdf,/egazette/zh/1937-gn387.pdf,2
code:10770,10770,HOI FUNG PATH,海風徑,Secondary Road,1978,1978-07-21,/egazette/en/1978-gn1853.pdf,,2
code:10779,10779,HOI NING STREET,海寧街,Secondary Road,1937,1937-06-04,/egazette/en/1937-gn387.pdf,/egazette/zh/1937-gn387.pdf,2
code:10786,10786,HOI WAN STREET,海灣街,Secondary Road,1960,1960-11-04,/egazette/en/1960-gn1673.pdf,,2
code:10795,10795,HOK YUEN STREET EAST,鶴園東街,Secondary Road,1981,1981-05-01,/egazette/en/1981-gn1299.pdf,/egazette/zh/1981-gn1299.pdf,2
code:39598,39598,HOLLY DRIVE,冬青徑,Secondary Road,,,,,2
code:10799,10799,HOLY CROSS PATH,聖十字徑,Secondary Road,1937,1937-06-04,/egazette/en/1937-gn387.pdf,/egazette/zh/1937-gn387.pdf,2
code:13262,13262,HON KA ROAD,漢家路,Secondary Road,,,,,2
code:10805,10805,HONG KING STREET,康景街,Secondary Road,1981,1981-12-18,/egazette/en/1981-gn3742.pdf,/egazette/zh/1981-gn3742.pdf,2
code:10806,10806,HONG LEE ROAD,康利道,Secondary Road,,,,,2
code:10809,10809,HONG LOK STREET,康樂街,Secondary Road,,,,,2
code:10811,10811,HONG LOK YUEN ELEVENTH STREET,康樂園第十一街,Secondary Road,,,,,2
code:13570,13570,HONG LOK YUEN SEVENTEENTH STREET,康樂園第十七街,Secondary Road,,,,,2
code:10821,10821,HONG LOK YUEN SEVENTH STREET,康樂園第七街,Secondary Road,,,,,2
code:10837,10837,HONG SHING STREET,康盛街,Secondary Road,,,,,2
code:10842,10842,HONG TING ROAD,康定路,Secondary Road,,,,,2
code:10856,10856,HOSPITAL PATH,醫院徑,Track,1935,1935-04-12,/egazette/en/1935-gn302.pdf,/egazette/zh/1935-gn302.pdf,2
code:10857,10857,HOSPITAL ROAD,醫院道,Secondary Road,,,,,2
code:14090,14090,HUNG FA HOM ROAD,紅花磡路,Secondary Road,,,,,2
code:10864,10864,HUNG FOOK STREET,鴻福街,Secondary Road,,,,,2
code:39019,39019,HUNG HING ROAD FLYOVER,鴻興道天橋,Main Road,,,,,2
code:14480,14480,HUNG LENG NORTH ROAD,孔嶺北路,Secondary Road,2019,2019-04-26,https://www.landsd.gov.hk/doc/en/street-name/egazette/2019/egn201923172871.pdf,https://www.landsd.gov.hk/doc/tc/street-name/egazette/2019/cgn201923172871.pdf,2
code:14113,14113,HUNG PING ROAD,洪平路,Secondary Road,,,,,2
code:10873,10873,HUNG SHING STREET,洪聖街,Secondary Road,1932,1932-04-22,/egazette/en/1932-gn245.pdf,/egazette/zh/1932-gn245.pdf,2
code:14555,14555,INNOVATION AND TECHNOLOGY PARK ROAD,創科園路,Secondary Road,2025,2025-02-28,/egazette/en/2025-29-09-1271.pdf,/egazette/zh/2025-29-09-1271.pdf,2
code:39528,39528,INTAKE ROAD,入水口路,Secondary Road,,,,,2
code:10890,10890,JACKSON ROAD,昃臣道,Secondary Road,,,,,2
code:39451,39451,JETTY APPROACH ROAD,碼頭道,Secondary Road,,,,,2
code:10902,10902,JONES STREET,重士街,Secondary Road,1915,1915-10-22,/egazette/en/1915-gn475.pdf,/egazette/zh/1915-gn475.pdf,2
code:10907,10907,JUBILEE STREET,租庇利街,Secondary Road,,,,,2
code:13541,13541,KA CHOI LANE,嘉才里,Secondary Road,,,,,2
code:10920,10920,KA WAI MAN ROAD,加惠民道,Secondary Road,1958,1958-09-19,/egazette/en/1958-gn1285.pdf,/egazette/zh/1958-gn1285.pdf,2
code:10928,10928,KAI CHIU ROAD,啓超道,Secondary Road,,,,,2
code:13989,13989,KAI KING ROAD,佳景路,Secondary Road,,,,,2
code:10933,10933,KAI LAI ROAD,啓禮道,Secondary Road,,,,,2
code:10936,10936,KAI MAN PATH,啓民徑,Track,,,/egazette/en/1979-gn588.pdf,,2
code:10937,10937,KAI MING STREET,啓明街,Secondary Road,,,,,2
code:14510,14510,KAI TAK BRIDGE ROAD,啟德橋道,Secondary Road,2021,2021-06-25,/egazette/en/2021-25-25-3897.pdf,/egazette/zh/2021-25-25-3897.pdf,2
code:10944,10944,KAI YAN STREET,啓仁街,Secondary Road,,,,,2
code:13072,13072,KAK HANG TUN ROAD,隔坑墩路,Secondary Road,,,,,2
code:10948,10948,KAK TIN STREET,隔田街,Secondary Road,,,,,2
code:10950,10950,KAM CHI PATH,金池徑,Track,1983,1983-04-22,/egazette/en/1983-gn1265.pdf,/egazette/zh/1983-gn1265.pdf,2
code:10954,10954,KAM FUNG STREET,金鳳街,Track,,,,,2
code:14276,14276,KAM HING ROAD,錦慶路,Secondary Road,,,,,2
code:14380,14380,KAM POK ROAD WEST,錦壆路西,Secondary Road,2013,2013-05-10,/egazette/en/2013-17-19-2719.pdf,/egazette/zh/2013-17-19-2719.pdf,2
code:14174,14174,KAT O MAIN STREET,吉澳大街,Track,,,,,2
code:10969,10969,KAT ON STREET,吉安街,Secondary Road,,,,,2
code:13103,13103,KAU SAI SAN TSUEN ROAD,滘西新村路,Secondary Road,,,,,2
code:13787,13787,KAU TO PATH,九肚徑,Secondary Road,,,,,2
code:12994,12994,KEI TSING STREET,麒青街,Secondary Road,,,,,2
code:10979,10979,KEI YIP STREET,基業街,Secondary Road,,,,,2
code:10980,10980,KENG HAU ROAD,徑口路,Secondary Road,1976,1976-08-13,/egazette/en/1976-gn1741.pdf,,2
code:13061,13061,KENG PANG HA ROAD,徑棚下路,Secondary Road,,,,,2
code:10988,10988,KI LING LANE,奇靈里,Track,,,,,2
code:10991,10991,KIANG SU STREET,江蘇街,Secondary Road,1935,1935-04-26,/egazette/en/1935-gn334.pdf,/egazette/zh/1935-gn334.pdf,2
code:10995,10995,KIMBERLEY STREET,金巴利街,Secondary Road,1956,1956-05-04,/egazette/en/1956-gn565.pdf,/egazette/zh/1956-gn565.pdf,2
code:10999,10999,KIN FUNG CIRCUIT,建豐街,Secondary Road,1977,1977-05-20,/egazette/en/1977-gn1189.pdf,/egazette/zh/1977-gn1189.pdf,2
code:11009,11009,KIN ON STREET,建安街,Secondary Road,1977,1977-05-20,/egazette/en/1977-gn1189.pdf,/egazette/zh/1977-gn1189.pdf,2
code:13866,13866,KIN TUNG ROAD,健東路,Secondary Road,,,,,2
code:11015,11015,KIN WAH STREET,建華街,Secondary Road,1948,1948-12-24,/egazette/en/1948-gn1215.pdf,/egazette/zh/1948-gn1215.pdf,2
code:13961,13961,KIN WAN STREET,建灣街,Secondary Road,,,,,2
code:11025,11025,KING KWONG STREET,景光街,Secondary Road,1930,1930-03-07,/egazette/en/1930-gn138.pdf,/egazette/zh/1930-gn138.pdf,2
code:11027,11027,KING MING ROAD,景明道,Secondary Road,1931,1931-05-15,/egazette/en/1931-gn300.pdf,/egazette/zh/1931-gn300.pdf,2
code:13616,13616,KING YIN LANE,敬賢里,Secondary Road,,,,,2
code:11039,11039,KINGSTON STREET,京士頓街,Secondary Road,,,,,2
code:14085,14085,KIU HUNG ROAD,橋洪路,Secondary Road,,,,,2
code:11043,11043,KIU LOK SQUARE,橋樂坊,Track,1983,1983-06-03,/egazette/en/1983-gn1752.pdf,/egazette/zh/1983-gn1752.pdf,2
code:11044,11044,KIU SHING STREET,橋盛街,Secondary Road,,,,,2
code:11052,11052,KO FONG STREET,高芳街,Secondary Road,1974,1974-04-19,/egazette/en/1974-gn1023.pdf,/egazette/zh/1974-gn1023.pdf,2
code:14122,14122,KO HANG ROAD,高行路,Secondary Road,,,,,2
code:14521,14521,KO LING ROAD,高嶺道,Secondary Road,2021,2021-11-26,https://www.landsd.gov.hk/doc/en/street-name/egazette/2021/egn202125477441.pdf,https://www.landsd.gov.hk/doc/tc/street-name/egazette/2021/cgn202125477441.pdf,2
code:14523,14523,KO NGA LANE,高雅里,Secondary Road,2022,2022-08-19,https://www.landsd.gov.hk/doc/en/street-name/egazette/2022/egn202226334534.pdf,https://www.landsd.gov.hk/doc/tc/street-name/egazette/2022/cgn202226334534.pdf,2
code:14183,14183,KONG YAU ROAD,港攸路,Secondary Road,,,,,2
code:11061,11061,KORNHILL ROAD,康山道,Main Road,,,,,2
code:39016,39016,KORNHILL ROAD FLYOVER,康山道天橋,Secondary Road,,,,,2
code:11065,11065,KOWLOON ROAD,九龍道,Secondary Road,1934,1934-02-09,/egazette/en/1934-gn91.pdf,/egazette/zh/1934-gn91.pdf,2
code:11069,11069,KUI YAN LANE,居仁里,Track,,,,,2
code:11070,11070,KUK TING STREET,谷亭街,Secondary Road,1935,1935-02-15,/egazette/en/1935-gn124.pdf,/egazette/zh/1935-gn124.pdf,2
code:11071,11071,KUN YAM STREET,觀音街,Secondary Road,,,,,2
code:11074,11074,KUNG YIP STREET,工業街,Secondary Road,1974,1974-04-19,/egazette/en/1974-gn1023.pdf,/egazette/zh/1974-gn1023.pdf,2
code:11081,11081,KWAI FONG STREET,桂芳街,Secondary Road,1930,1930-03-07,/egazette/en/1930-gn138.pdf,/egazette/zh/1930-gn138.pdf,2
code:13016,13016,KWAI KING ROAD,葵景路,Main Road,,,,,2
code:13051,13051,KWAI WO STREET,葵和街,Secondary Road,,,,,2
code:11105,11105,KWAI YAN ROAD,葵仁路,Secondary Road,1982,1982-12-24,/egazette/en/1982-gn4036.pdf,/egazette/zh/1982-gn4036.pdf,2
code:14064,14064,KWAI YIK ROAD,葵益道,Secondary Road,,,,,2
code:11108,11108,KWAI YUE STREET,葵裕街,Secondary Road,1980,1980-05-16,/egazette/en/1980-gn1503.pdf,,2
code:14108,14108,KWAN LOK LANE,鈞樂里,Secondary Road,,,,,2
code:11122,11122,KWONG FUK LANE,廣福里,Track,,,,,2
code:11133,11133,KWONG WA STREET,廣華街,Secondary Road,1923,1923-09-28,/egazette/en/1923-gn411.pdf,/egazette/zh/1923-gn411.pdf,2
code:11139,11139,KWU HANG ROAD,古坑道,Secondary Road,,,,,2
code:11141,11141,KWUN CHUNG STREET,官涌街,Secondary Road,1932,1932-03-18,/egazette/en/1932-gn173.pdf,/egazette/zh/1932-gn173.pdf,2
code:14538,14538,KWUN SHA PATH,觀沙徑,Secondary Road,2023,2023-06-09,/egazette/en/2023-27-23-3522.pdf,/egazette/zh/2023-27-23-3522.pdf,2
code:11147,11147,LADDER STREET TERRACE,樓梯臺,Track,,,,,2
code:11155,11155,LAI HONG STREET,荔康街,Secondary Road,,,,,2
code:13567,13567,LAI LEI FA STREET,麗梨花街,Secondary Road,,,,,2
code:11161,11161,LAI TAK TSUEN ROAD,勵德邨道,Secondary Road,,,,,2
code:11164,11164,LAI WO LANE,麗禾里,Secondary Road,1984,1984-01-27,/egazette/en/1984-gn285.pdf,/egazette/zh/1984-gn285.pdf,2
code:11166,11166,LAI YIN LANE,禮賢里,Secondary Road,,,,,2
code:11167,11167,LAI YIN STREET,禮賢街,Secondary Road,,,,,2
code:11169,11169,LAI YIU STREET,麗瑤街,Secondary Road,1977,1977-11-25,/egazette/en/1977-gn2860.pdf,/egazette/zh/1977-gn2860.pdf,2
code:11174,11174,LAM FUNG STREET,臨豐街,Secondary Road,,,,,2
code:13171,13171,LAM HA ROAD,嵐霞路,Secondary Road,,,,,2
code:11179,11179,LAM LOK STREET,臨樂街,Secondary Road,,,,,2
code:13010,13010,LAM SHING ROAD,林盛路,Secondary Road,,,,,2
code:14310,14310,LAM YU ROAD,欖裕路,Secondary Road,2008,2008-08-29,/egazette/en/2008-12-35-6060.pdf,/egazette/zh/2008-12-35-6060.pdf,2
code:13045,13045,LEE HING STREET,利興街,Secondary Road,,,,,2
code:11201,11201,LEE MAN ROAD,利民道,Secondary Road,,,,,2
code:14125,14125,LEE ON LANE,利安里,Secondary Road,,,,,2
code:11208,11208,LEI KING ROAD,鯉景道,Secondary Road,,,,,2
code:14489,14489,LEUNG SHING ROAD,梁盛路,Secondary Road,2020,2020-04-03,/egazette/en/2020-24-14-1669.pdf,/egazette/zh/2020-24-14-1669.pdf,2
code:12978,12978,LEUNG SHUN STREET,良信街,Secondary Road,,,,,2
code:12981,12981,LEUNG TAK STREET,良德街,Secondary Road,,,,,2
code:11220,11220,LEUNG YIP STREET,良業街,Secondary Road,1983,1983-01-28,/egazette/en/1983-gn325.pdf,/egazette/zh/1983-gn325.pdf,2
code:11221,11221,LI CHIT STREET,李節街,Secondary Road,1920,1920-04-01,/egazette/en/1920-gn194.pdf,/egazette/zh/1920-gn194.pdf,2
code:11223,11223,LI PO LUNG PATH,李寶龍路,Track,,,,,2
code:39299,39299,LILAC PATH,丁香徑,Secondary Road,,,,,2
code:13846,13846,LING HONG ROAD,靈康路,Secondary Road,,,,,2
code:14187,14187,LING KWONG STREET,嶺光街,Secondary Road,,,,,2
code:11241,11241,LION ROCK ROAD,獅子石道,Secondary Road,1933,1933-05-12,/egazette/en/1933-gn340.pdf,/egazette/zh/1933-gn340.pdf,2
code:14331,14331,LIU POK ROAD,料壆路,Secondary Road,2010,2010-06-25,/egazette/en/2010-14-25-4011.pdf,/egazette/zh/2010-14-25-4011.pdf,2
code:11245,11245,LO LUNG HANG STREET,老龍坑街,Secondary Road,1923,1923-09-28,/egazette/en/1923-gn411.pdf,/egazette/zh/1923-gn411.pdf,2
code:11248,11248,LO WU STATION ROAD,羅湖道,Secondary Road,,,,,2
code:13081,13081,LOK CHUI STREET,樂翠街,Secondary Road,,,,,2
code:11259,11259,LOK LIN PATH,樂蓮徑,Secondary Road,1979,1979-12-07,/egazette/en/1979-gn3194.pdf,/egazette/zh/1981-gn1559.pdf,2
code:11262,11262,LOK MING STREET,樂鳴街,Secondary Road,,,,,2
code:13079,13079,LOK TO STREET,樂濤街,Secondary Road,,,,,2
code:11272,11272,LOK YEUNG STREET,洛陽街,Secondary Road,1941,1941-10-24,/egazette/en/1941-gn1261.pdf,/egazette/zh/1941-gn1261.pdf,2
code:11275,11275,LOMOND ROAD,露明道,Secondary Road,1933,1933-12-22,/egazette/en/1933-gn823.pdf,/egazette/zh/1933-gn823.pdf,2
code:14279,14279,LONG FAI ROAD,朗暉路,Secondary Road,,,,,2
code:39472,39472,LONG HON ROAD,朗漢路,Secondary Road,,,,,2
code:14106,14106,LONG MING STREET,朗明街,Secondary Road,,,,,2
code:11279,11279,LONG YUET STREET,朗月街,Secondary Road,,,,,2
code:11287,11287,LUEN CHEONG STREET,聯昌街,Secondary Road,,,,,2
code:11294,11294,LUEN WAN STREET,聯運街,Secondary Road,1949,1949-03-18,/egazette/en/1949-gn266.pdf,/egazette/zh/1949-gn266.pdf,2
code:11297,11297,LUEN YICK STREET,聯益街,Secondary Road,,,,,2
code:13040,13040,LUK CHEUNG ROAD,鹿祥路,Secondary Road,,,,,2
code:11300,11300,LUK HOP STREET,六合街,Secondary Road,1961,1961-09-08,/egazette/en/2018-22-05-649.pdf,,2
code:11309,11309,LUNG CHI PATH,龍池徑,Track,1983,1983-04-22,/egazette/en/1983-gn1265.pdf,/egazette/zh/1983-gn1265.pdf,2
code:14503,14503,LUNG CHUN ROAD,龍峻路,Secondary Road,2021,2021-02-26,https://www.landsd.gov.hk/doc/en/street-name/egazette/2021/egn202125081088.pdf,https://www.landsd.gov.hk/doc/tc/street-name/egazette/2021/cgn202125081088.pdf,2
code:11311,11311,LUNG FUNG STREET,龍鳳街,Secondary Road,,,,,2
code:11315,11315,LUNG KONG ROAD,龍崗道,Secondary Road,1933,1933-05-12,/egazette/en/1933-gn340.pdf,/egazette/zh/1933-gn340.pdf,2
code:11318,11318,LUNG PAK STREET,龍柏街,Secondary Road,1982,1982-03-05,/egazette/en/1982-gn754.pdf,/egazette/zh/1982-gn754.pdf,2
code:11324,11324,LUNG TAK STREET,龍德街,Secondary Road,,,,,2
code:14391,14391,LUNG TIN STREET,龍田街,Secondary Road,2014,2014-03-14,/egazette/en/2014-18-11-1563.pdf,/egazette/zh/2014-18-11-1563.pdf,2
code:14545,14545,LUNG TING LANE,龍庭里,Secondary Road,2024,2024-03-08,/egazette/en/2024-28-10-1335.pdf,/egazette/zh/2024-28-10-1335.pdf,2
code:11327,11327,LUNG TSAI TSUEN ROAD,龍仔村路,Track,,,,,2
code:11330,11330,LUNG YUE ROAD,龍如路,Secondary Road,1977,1977-11-25,/egazette/en/1977-gn2860.pdf,/egazette/zh/1977-gn2860.pdf,2
code:11334,11334,LYCHEE ROAD WEST,荔枝西路,Secondary Road,1984,1984-08-31,/egazette/en/1984-gn2609.pdf,/egazette/zh/1984-gn2609.pdf,2
code:11335,11335,LYNDHURST TERRACE,擺花街,Secondary Road,,,,,2
code:11336,11336,LYTTELTON ROAD,列堤頓道,Secondary Road,1904,1904-01-29,/egazette/en/1904-gn59.pdf,/egazette/zh/1904-gn59.pdf,2
code:13789,13789,MA KAM STREET,馬錦街,Secondary Road,,,,,2
code:11345,11345,MA ON PATH,馬鞍徑,Secondary Road,1981,1981-03-27,/egazette/en/1981-gn958.pdf,/egazette/zh/1981-gn958.pdf,2
code:39068,39068,MAGNOLIA PATH,玉蘭徑,Secondary Road,,,,,2
code:11360,11360,MAGNOLIA ROAD,玉蘭路,Secondary Road,1953,1953-11-20,/egazette/en/1953-gn1420.pdf,/egazette/zh/1953-gn1420.pdf,2
code:13603,13603,MAI PO LUNG ROAD,米埔隴路,Secondary Road,,,,,2
code:11361,11361,MAIDSTONE LANE,美善同里,Secondary Road,1954,1954-06-11,/egazette/en/1954-gn713.pdf,/egazette/zh/1954-gn713.pdf,2
code:11371,11371,MAN HONG STREET,民康街,Main Road,1984,1984-11-30,/egazette/en/1984-gn3529.pdf,/egazette/zh/1984-gn3529.pdf,2
code:13859,13859,MAN PO STREET,民寶街,Secondary Road,,,,,2
code:11381,11381,MAN SHUN LANE,文順巷,Track,,,,,2
code:11386,11386,MAN WAI STREET,文蔚街,Secondary Road,,,,,2
code:11388,11388,MAN WUI STREET,文匯街,Secondary Road,,,,,2
code:11390,11390,MAN YING STREET,文英街,Secondary Road,,,,,2
code:11392,11392,MAN YUEN STREET,文苑街,Secondary Road,,,,,2
code:11394,11394,MANSION STREET,民新街,Secondary Road,1959,1959-04-10,/egazette/en/1959-gn507.pdf,/egazette/zh/1959-gn507.pdf,2
code:13828,13828,MAPLE GARDENS 1ST STREET,碧豪苑第一街,Secondary Road,,,,,2
code:13831,13831,MAPLE GARDENS 4TH STREET,碧豪苑第四街,Secondary Road,,,,,2
code:13834,13834,MAPLE GARDENS 7TH STREET,碧豪苑第七街,Secondary Road,,,,,2
code:39558,39558,MARGAUX AVENUE,瑪歌大道,Secondary Road,,,,,2
code:39281,39281,MARIN AVENUE,麥蘭徑,Secondary Road,,,,,2
code:11400,11400,MARKET STREET,街市街,Secondary Road,,,,,2
code:11402,11402,MARSH STREET,孖庶街,Secondary Road,,,,,2
code:14196,14196,MEI FUK STREET,美福街,Secondary Road,,,,,2
code:14501,14501,MEI FUNG ROAD,尾逢路,Secondary Road,2021,2021-02-05,/egazette/en/2021-25-5-708.pdf,/egazette/zh/2021-25-5-708.pdf,2
code:13587,13587,MEI SUN LANE,美新里,Secondary Road,,,,,2
code:13550,13550,MEI WU ROAD,美湖路,Secondary Road,,,,,2
code:39297,39297,MELROSE AVENUE,米路斯徑,Secondary Road,,,,,2
code:11419,11419,MERCER STREET,孖沙街,Secondary Road,,,,,2
code:11430,11430,MINDEN AVENUE,棉登徑,Secondary Road,1923,1923-09-28,/egazette/en/1923-gn411.pdf,/egazette/zh/1923-gn411.pdf,2
code:11433,11433,MING FAI ROAD,明暉路,Track,,,,,2
code:11434,11434,MING FUNG STREET,鳴鳳街,Secondary Road,,,,,2
code:11457,11457,MONMOUTH TERRACE,萬茂臺,Secondary Road,1949,1949-10-28,/egazette/en/1949-gn1043-1044.pdf,,2
code:11462,11462,MORETON TERRACE,摩頓臺,Secondary Road,,,,,2
code:39015,39015,MORETON TERRACE FLYOVER,摩頓台天橋,Main Road,,,,,2
code:11468,11468,MOUNT BUTLER DRIVE,畢拉山徑,Secondary Road,,,,,2
code:13719,13719,MUI TSZ LAM ROAD,梅子林路,Secondary Road,,,,,2
code:11482,11482,MUI WO RURAL COMMITTEE ROAD,梅窩鄉事會路,Secondary Road,1983,1983-11-04,/egazette/en/1983-gn3496.pdf,/egazette/zh/1983-gn3496.pdf,2
code:39592,39592,MURRAY ROAD,苗力賢路,Secondary Road,,,,,2
code:14275,14275,NAM HANG TSUEN ROAD,南坑村路,Secondary Road,,,,,2
code:11489,11489,NAM HONG STREET,南康街,Secondary Road,,,,,2
code:11490,11490,NAM KOK ROAD,南角道,Secondary Road,1933,1933-05-12,/egazette/en/1933-gn340.pdf,/egazette/zh/1933-gn340.pdf,2
code:11493,11493,NAM NING STREET,南寧街,Secondary Road,1979,1979-03-16,/egazette/en/1979-gn713.pdf,,2
code:11498,11498,NAM SHING STREET,南盛街,Secondary Road,1930,1930-05-02,/egazette/en/1930-gn262.pdf,/egazette/zh/1930-gn262.pdf,2
code:11500,11500,NAM TAU STREET,南頭街,Secondary Road,,,,,2
code:39577,39577,NEUCHATEL AVENUE,納沙泰爾大道,Secondary Road,,,,,2
code:11516,11516,NGA TSIN LONG ROAD,衙前塱道,Secondary Road,1933,1933-05-12,/egazette/en/1933-gn340.pdf,/egazette/zh/1933-gn340.pdf,2
code:11518,11518,NGA YING CHAU STREET,牙鷹洲街,Secondary Road,,,,,2
code:11521,11521,NGAN FUNG STREET,銀鳳街,Secondary Road,,,,,2
code:11525,11525,NGAN MOK STREET,銀幕街,Secondary Road,1926,1926-06-11,/egazette/en/1926-gn318.pdf,/egazette/zh/1926-gn318.pdf,2
code:13138,13138,NGAN O ROAD,銀澳路,Secondary Road,,,,,2
code:11527,11527,NGAN WAN ROAD,銀運路,Secondary Road,,,,,2
code:39605,39605,NGAN YING ROAD,銀影路,Secondary Road,,,,,2
code:13008,13008,NIN CHUN STREET,年春街,Secondary Road,,,,,2
code:11549,11549,NORFOLK ROAD,羅福道,Secondary Road,1929,1929-08-23,/egazette/en/1929-gn427.pdf,/egazette/zh/1929-gn427.pdf,2
code:14045,14045,O KING ROAD,澳景路,Secondary Road,,,,,2
code:11560,11560,OAKLANDS PATH,屋蘭士里,Secondary Road,1904,1904-01-29,/egazette/en/1904-gn59.pdf,/egazette/zh/1904-gn59.pdf,2
code:14015,14015,OI KAN ROAD,愛勤道,Secondary Road,,,,,2
code:13960,13960,OI KING STREET,愛景街,Secondary Road,,,,,2
code:14018,14018,OI LAI STREET,愛禮街,Secondary Road,,,,,2
code:14016,14016,OI TAK STREET,愛德街,Secondary Road,,,,,2
code:13511,13511,OI YUNG STREET,愛勇街,Secondary Road,,,,,2
code:39502,39502,OIL TANK ROAD,油缸路,Secondary Road,,,,,2
code:39516,39516,OIL TANK ROAD EAST,,Secondary Road,,,,,2
code:11578,11578,ON FUK STREET,安福街,Secondary Road,,,,,2
code:11584,11584,ON KUI STREET,安居街,Secondary Road,,,,,2
code:11585,11585,ON KWAN STREET,安群街,Secondary Road,1984,1984-09-07,/egazette/en/1984-gn2660.pdf,/egazette/zh/1984-gn2660.pdf,2
code:11591,11591,ON MAN SQUARE,安民坊,Secondary Road,1982,1982-12-17,/egazette/en/1982-gn3955.pdf,/egazette/zh/1982-gn3955.pdf,2
code:11592,11592,ON MING STREET,安明街,Secondary Road,1984,1984-09-07,/egazette/en/1984-gn2660.pdf,/egazette/zh/1984-gn2660.pdf,2
code:11594,11594,ON NING LANE,安寧里,Track,,,,,2
code:11602,11602,ON SHUN STREET,安信街,Secondary Road,1981,1981-12-18,/egazette/en/1981-gn3742.pdf,/egazette/zh/1981-gn3742.pdf,2
code:11607,11607,ON TAT SQUARE,安達坊,Secondary Road,1983,1983-06-03,/egazette/en/1983-gn1752.pdf,/egazette/zh/1983-gn1752.pdf,2
code:14506,14506,ON YU PATH,安愉徑,Secondary Road,2021,2021-05-28,/egazette/en/2021-25-21-3262.pdf,/egazette/zh/2021-25-21-3262.pdf,2
code:11621,11621,OSMANTHUS ROAD,丹桂路,Secondary Road,1953,1953-11-20,/egazette/en/1953-gn1420.pdf,/egazette/zh/1953-gn1420.pdf,2
code:39526,39526,OUTFALL ROAD,出水口路,Secondary Road,,,,,2
code:11623,11623,PAI CHONG ROAD,排廠路,Track,,,,,2
code:14170,14170,PAK FA LAM ROAD,百花林路,Secondary Road,2003,2003-11-28,/egazette/en/2003-07-48-8574.pdf,/egazette/zh/2003-07-48-8574.pdf,2
code:11629,11629,PAK KOK TSUI ROAD,北角咀路,Track,,,,,2
code:13060,13060,PAK KONG AU ROAD,北港㘭路,Secondary Road,,,,,2
code:11632,11632,PAK LEE STREET,百利街,Secondary Road,1981,1981-11-13,/egazette/en/1981-gn3369.pdf,/egazette/zh/1981-gn3369.pdf,2
code:14346,14346,PAK SHA SHAN ROAD,白沙山路,Secondary Road,,,,,2
code:11637,11637,PAK SHE FIFTH LANE,北社五里,Track,,,,,2
code:11644,11644,PAK SHE STREET,北社街,Track,1983,1983-08-12,/egazette/en/1983-gn2627.pdf,/egazette/zh/1983-gn2627.pdf,2
code:13030,13030,PAK SHEK TOI ROAD,白石臺路,Secondary Road,,,,,2
code:39599,39599,PALM DRIVE,棕櫚徑,Secondary Road,,,,,2
code:13088,13088,PAN CHUNG ROAD,泮涌路,Secondary Road,,,,,2
code:11655,11655,PAN HOI STREET,濱海街,Secondary Road,1958,1958-12-19,/egazette/en/1958-gn1728.pdf,/egazette/zh/1958-gn1728.pdf,2
code:13774,13774,PARC OASIS ROAD,又一居道,Secondary Road,,,,,2
code:11661,11661,PARKRIDGE CRESCENT,明翠徑,Track,,,,,2
code:11665,11665,PATERSON STREET,百德新街,Secondary Road,,,,,2
code:11672,11672,PEDDER STREET,畢打街,Main Road,,,/egazette/en/1976-gn579.pdf,,2
code:11677,11677,PENG CHAU WING HING STREET,坪洲永興街,Track,,,,,2
code:11678,11678,PENG CHAU WING ON SIDE STREET,坪洲永安橫街,Track,,,,,2
code:13535,13535,PENG LEI ROAD,坪利路,Track,,,,,2
code:11681,11681,PENTLAND STREET,品蘭街,Secondary Road,1935,1935-03-01,/egazette/en/1935-gn165.pdf,/egazette/zh/1935-gn165.pdf,2
code:13793,13793,PERFORMING ARTS AVENUE,演藝道,Secondary Road,,,,,2
code:11693,11693,PILKEM STREET,庇利金街,Secondary Road,1923,1923-09-28,/egazette/en/1923-gn411.pdf,/egazette/zh/1923-gn411.pdf,2
code:11694,11694,PINE STREET,杉樹街,Secondary Road,1927,1927-11-25,/egazette/en/1927-gn699.pdf,/egazette/zh/1927-gn699.pdf,2
code:13559,13559,PING CHUK LANE,屏竹里,Secondary Road,,,,,2
code:14452,14452,PING KIN LANE,屏健里,Secondary Road,2017,2017-09-29,https://www.landsd.gov.hk/doc/en/street-name/egazette/2017/egn201721397314.pdf,https://www.landsd.gov.hk/doc/tc/street-name/egazette/2017/cgn201721397314.pdf,2
code:11714,11714,PING SHUN STREET,屏信街,Secondary Road,1981,1981-12-18,/egazette/en/1981-gn3742.pdf,/egazette/zh/1981-gn3742.pdf,2
code:11715,11715,PING TIN STREET,平田街,Secondary Road,,,,,2
code:11721,11721,PING WUI STREET,屏會街,Main Road,1981,1981-12-18,/egazette/en/1981-gn3742.pdf,/egazette/zh/1981-gn3742.pdf,2
code:13836,13836,PO LAU ROAD,波樓路,Secondary Road,,,,,2
code:11741,11741,PO LEI STREET,寶梨街,Secondary Road,,,,,2
code:14358,14358,PO LO CHE PATH,菠蘿輋徑,Secondary Road,,,,,2
code:11743,11743,PO LOI STREET,寶來街,Secondary Road,1980,1980-05-23,/egazette/en/1980-gn1581.pdf,,2
code:39316,39316,PO SHEUNG TSUEN LANE No.16,莆上村第十六巷,Track,,,,,2
code:39174,39174,PO SHEUNG TSUEN LANE No.9,莆上村第九巷,Track,,,,,2
code:11751,11751,PO SHIN STREET,普善街,Secondary Road,1930,1930-03-07,/egazette/en/1930-gn138.pdf,/egazette/zh/1930-gn138.pdf,2
code:13520,13520,PO TEI ROAD,波地路,Secondary Road,,,,,2
code:11756,11756,PO TUCK STREET,保德街,Secondary Road,,,,,2
code:11767,11767,POK FU LAM RESERVOIR ROAD,薄扶林水塘道,Secondary Road,1937,1937-09-24,/egazette/en/1937-gn682.pdf,/egazette/zh/1937-gn682.pdf,2
code:11770,11770,POK MAN STREET,博文街,Secondary Road,1958,1958-01-24,/egazette/en/1958-gn125.pdf,/egazette/zh/1958-gn125.pdf,2
code:14181,14181,POK WAI WEST ROAD,壆圍西路,Secondary Road,,,,,2
code:11773,11773,POLICE SCHOOL ROAD,警校道,Secondary Road,,,,,2
code:11774,11774,POLICE STATION PATH,警署徑,Track,,,,,2
code:11775,11775,POLLOCK'S PATH,普樂道,Secondary Road,,,/egazette/en/1960-gn1174.pdf,,2
code:11781,11781,POWER STREET,大強街,Secondary Road,1931,1931-05-15,/egazette/en/1931-gn300.pdf,/egazette/zh/1931-gn300.pdf,2
code:39376,39376,PROGRESS ROAD,進德路,Secondary Road,,,,,2
code:11795,11795,PUI MAN STREET,培民街,Secondary Road,,,,,2
code:11799,11799,PUN SHAN STREET,半山街,Secondary Road,,,,,2
code:11800,11800,PURVES ROAD,包華士道,Secondary Road,1954,1954-06-25,/egazette/en/1954-gn765.pdf,/egazette/zh/1954-gn765.pdf,2
code:11803,11803,QUEEN VICTORIA STREET,域多利皇后街,Secondary Road,,,,,2
code:11809,11809,RAZOR HILL ROAD,碧翠路,Secondary Road,1984,1984-08-31,/egazette/en/1984-gn2607.pdf,/egazette/zh/1984-gn2607.pdf,2
code:11811,11811,RED HILL ROAD,紅山道,Secondary Road,,,,,2
code:39488,39488,RESIDENCE LANE 1,士林一巷,Secondary Road,,,,,2
code:39227,39227,RIVER NORTH LANE,河北里,Secondary Road,,,,,2
code:11818,11818,ROCK HILL STREET,石山街,Secondary Road,1920,1920-03-19,/egazette/en/1920-gn157.pdf,/egazette/zh/1920-gn157.pdf,2
code:39462,39462,RUE DE CANNES,康城徑,Secondary Road,,,,,2
code:11828,11828,RUSSELL STREET,羅素街,Secondary Road,,,,,2
code:11831,11831,SA PO ROAD,沙浦道,Secondary Road,1926,1926-06-25,/egazette/en/1926-gn342.pdf,/egazette/zh/1926-gn342.pdf,2
code:11840,11840,SAI KUNG ROAD,西貢道,Track,1922,1922-05-05,/egazette/en/1922-gn202.pdf,/egazette/zh/1922-gn202.pdf,2
code:11841,11841,SAI KUNG SAI WAN ROAD,西貢西灣路,Secondary Road,1980,1980-12-19,/egazette/en/1980-gn4050.pdf,,2
code:14330,14330,SAI KWO ROAD,世歌路,Secondary Road,2010,2010-06-18,/egazette/en/2010-14-24-3609.pdf,/egazette/zh/2010-14-24-3609.pdf,2
code:11848,11848,SAI ON STREET,西安街,Secondary Road,,,,,2
code:11849,11849,SAI SEE STREET,西市街,Secondary Road,,,,,2
code:11851,11851,SAI SHAN ROAD,細山路,Secondary Road,,,,,2
code:11852,11852,SAI STREET,西街,Secondary Road,1909,1909-03-19,/egazette/en/1909-gn184.pdf,/egazette/zh/1909-gn184.pdf,2
code:11853,11853,SAI TAI STREET,西堤街,Secondary Road,1935,1935-02-15,/egazette/en/1935-gn124.pdf,/egazette/zh/1935-gn124.pdf,2
code:11860,11860,SAI WOO LANE,西湖里,Track,,,,,2
code:11878,11878,SAM TUNG UK ROAD,三棟屋路,Secondary Road,1981,1981-04-16,/egazette/en/1981-gn1146.pdf,/egazette/zh/1981-gn1146.pdf,2
code:11882,11882,SAN FUI STREET,新灰街,Secondary Road,,,,,2
code:11887,11887,SAN HING STREET,新興街,Track,1983,1983-08-12,/egazette/en/1983-gn2627.pdf,/egazette/zh/1983-gn2627.pdf,2
code:11890,11890,SAN HUI PATH,新墟徑,Secondary Road,1984,1984-11-30,/egazette/en/1984-gn3531.pdf,/egazette/zh/1984-gn3531.pdf,2
code:11898,11898,SAN LEE STREET,新利街,Secondary Road,1979,1979-04-20,/egazette/en/1979-gn1002.pdf,,2
code:11899,11899,SAN LIK STREET,新力街,Secondary Road,1975,1975-08-01,/egazette/en/1975-gn1693.pdf,,2
code:13618,13618,SAN PO STREET,新寶街,Secondary Road,,,,,2
code:11908,11908,SAN SHI STREET,新市街,Secondary Road,1932,1932-04-22,/egazette/en/1932-gn245.pdf,/egazette/zh/1932-gn245.pdf,2
code:11913,11913,SAN TSOI STREET,新財街,Secondary Road,1958,1958-06-06,/egazette/en/1958-gn770.pdf,/egazette/zh/1958-gn770.pdf,2
code:11914,11914,SAN TSUEN STREET,新村街,Secondary Road,,,,,2
code:39289,39289,SANTA CLARA AVENUE,聖哥拉徑,Secondary Road,,,,,2
code:14078,14078,SAU FUNG STREET,秀豐街,Secondary Road,,,,,2
code:11932,11932,SAU WA FONG,秀華坊,Track,,,,,2
code:11934,11934,SCENIC VILLA DRIVE,美景徑,Secondary Road,1974,1974-10-11,/egazette/en/1974-gn2572.pdf,/egazette/zh/1974-gn2572.pdf,2
code:14207,14207,SEA POINT ROAD,海鳴路,Secondary Road,2004,2004-12-17,/egazette/en/2004-08-51-8104.pdf,/egazette/zh/2004-08-51-8104.pdf,2
code:11944,11944,SEAVIEW PROMENADE,麗海堤岸路,Track,1984,1984-02-10,/egazette/en/1984-gn412.pdf,/egazette/zh/1984-gn412.pdf,2
code:11949,11949,SEE CHEUNG STREET,市場街,Track,1976,1976-11-05,/egazette/en/1976-gn2462.pdf,,2
code:11966,11966,SHA TIN STATION CIRCUIT,沙田車站圍,Secondary Road,1984,1984-06-15,/egazette/en/1984-gn1737.pdf,/egazette/zh/1984-gn1737.pdf,2
code:13953,13953,SHAM SHING ROAD,深盛路,Secondary Road,,,,,2
code:11976,11976,SHAMCHUN STREET,深圳街,Secondary Road,,,,,2
code:11987,11987,SHARP STREET EAST,霎東街,Secondary Road,,,,,2
code:14184,14184,SHEK O VILLAGE ROAD,石澳村路,Secondary Road,,,,,2
code:14490,14490,SHEK SHEUNG ROAD,石上路,Secondary Road,2020,2020-04-03,/egazette/en/2020-24-14-1669.pdf,/egazette/zh/2020-24-14-1669.pdf,2
code:12021,12021,SHELL STREET,蜆殼街,Secondary Road,1952,1952-08-15,/egazette/en/1952-gn972.pdf,/egazette/zh/1952-gn972.pdf,2
code:12025,12025,SHEUNG FOO STREET,常富街,Secondary Road,1967,1967-04-07,/egazette/en/2021-25-13-1945.pdf,/egazette/zh/2021-25-13-1945.pdf,2
code:12030,12030,SHEUNG HING STREET,常興街,Main Road,,,,,2
code:14098,14098,SHEUNG MAU STREET,常茂街,Secondary Road,,,,,2
code:13071,13071,SHEUNG WAI LANE,上圍里,Secondary Road,,,,,2
code:12039,12039,SHEUNG WO STREET,常和街,Secondary Road,,,,,2
code:39390,39390,SHING CHEONG LANE,昇昌里,Track,,,,,2
code:14511,14511,SHING FU LANE,承富里,Secondary Road,2021,2021-06-25,/egazette/en/2021-25-25-3897.pdf,/egazette/zh/2021-25-25-3897.pdf,2
code:12049,12049,SHING HONG LANE,盛康里,Secondary Road,,,,,2
code:12051,12051,SHING MAN LANE,盛民里,Secondary Road,,,,,2
code:12063,12063,SHING YIP STREET,成業街,Secondary Road,1957,1957-02-22,/egazette/en/1957-gn264.pdf,/egazette/zh/1957-gn264.pdf,2
code:12064,12064,SHIP STREET,船街,Secondary Road,,,,,2
code:12068,12068,SHIU WO STREET,兆和街,Secondary Road,1940,1940-01-19,/egazette/en/1940-gn108.pdf,/egazette/zh/1940-gn108.pdf,2
code:12071,12071,SHOUSON HILL ROAD EAST,壽臣山道東,Secondary Road,1940,1940-04-26,/egazette/en/1940-gn479.pdf,/egazette/zh/1940-gn479.pdf,2
code:12078,12078,SHUI NING STREET,瑞寧街,Secondary Road,,,,,2
code:12079,12079,SHUI PIN WAI ROAD,水邊圍路,Secondary Road,1981,1981-12-18,/egazette/en/1981-gn3742.pdf,/egazette/zh/1981-gn3742.pdf,2
code:12082,12082,SHUM WAN PIER DRIVE,深灣碼頭徑,Secondary Road,1979,1979-12-07,/egazette/en/1979-gn3194.pdf,,2
code:12085,12085,SHUN CHING STREET,順清街,Secondary Road,1979,1979-04-20,/egazette/en/1979-gn1002.pdf,,2
code:14436,14436,SHUN CHIT ROAD,順捷路,Secondary Road,2017,2017-03-10,https://www.landsd.gov.hk/doc/en/street-name/egazette/2017/egn201721101273.pdf,https://www.landsd.gov.hk/doc/tc/street-name/egazette/2017/cgn201721101273.pdf,2
code:12086,12086,SHUN FONG STREET,信芳街,Secondary Road,1974,1974-04-19,/egazette/en/1974-gn1023.pdf,/egazette/zh/1974-gn1023.pdf,2
code:12090,12090,SHUN KING STREET,順景街,Secondary Road,1979,1979-04-20,/egazette/en/1979-gn1002.pdf,,2
code:12097,12097,SHUN YIP STREET,順業街,Secondary Road,1976,1976-12-24,/egazette/en/1976-gn2874.pdf,,2
code:12102,12102,SHUNG TAK STREET,崇德街,Secondary Road,1930,1930-05-02,/egazette/en/1930-gn262.pdf,/egazette/zh/1930-gn262.pdf,2
code:12104,12104,SHUNG WAH STREET,崇華街,Secondary Road,2000,2000-08-11,/egazette/en/2000-gn5315.pdf,/egazette/zh/2000-gn5315.pdf,2
code:13608,13608,SIK KONG WAI ROAD,錫降圍路,Secondary Road,,,,,2
code:13091,13091,SILVER TERRACE ROAD,銀臺路,Secondary Road,,,,,2
code:12119,12119,SIU YIP STREET,兆業街,Secondary Road,1976,1976-01-16,/egazette/en/1976-gn141.pdf,,2
code:39345,39345,SIXTH STREET TAI WAI,大圍第六街,Track,,,,,2
code:39474,39474,SOMERSET PATH,森麻實徑,Secondary Road,,,,,2
code:12127,12127,SOMERSET ROAD,森麻實道,Secondary Road,1929,1929-08-23,/egazette/en/1929-gn427.pdf,/egazette/zh/1929-gn427.pdf,2
code:13728,13728,SOUTH BAY PATH,南灣徑,Secondary Road,,,,,2
code:13624,13624,SOUTH HORIZON DRIVE,海怡路,Secondary Road,,,,,2
code:12130,12130,SOUTH LANE,南里,Secondary Road,,,,,2
code:12132,12132,SOUTH WALL ROAD,城南道,Secondary Road,1932,1932-09-16,/egazette/en/1932-gn592.pdf,/egazette/zh/1932-gn592.pdf,2
code:12138,12138,ST. FRANCIS YARD,進教圍,Secondary Road,,,,,2
code:12148,12148,STANLEY GAP ROAD,赤柱峽道,Main Road,,,/egazette/en/1961-gn1335.pdf,,2
code:12153,12153,STANLEY NEW STREET,赤柱新街,Secondary Road,1961,1961-06-16,/egazette/en/1961-gn1002.pdf,,2
code:12154,12154,STANLEY STREET,士丹利街,Secondary Road,,,,,2
code:12177,12177,SUN ON STREET,新安街,Secondary Road,1975,1975-08-01,/egazette/en/1975-gn1693.pdf,,2
code:12179,12179,SUN STREET,日街,Secondary Road,,,,,2
code:39269,39269,SUNFLOWER PATH,日葵徑,Secondary Road,,,,,2
code:12183,12183,SUNG CHI STREET,崇志街,Secondary Road,,,,,2
code:12187,12187,SUNG PING STREET,崇平街,Secondary Road,,,,,2
code:12188,12188,SUNG TAK STREET,崇德街,Secondary Road,1930,1930-05-02,/egazette/en/1930-gn262.pdf,/egazette/zh/1930-gn262.pdf,2
code:12192,12192,SUPREME COURT ROAD,法院道,Secondary Road,1984,1984-11-23,/egazette/en/1984-gn3473.pdf,/egazette/zh/1984-gn3473.pdf,2
code:12197,12197,SWEET GUM ROAD,楓香路,Secondary Road,1984,1984-08-31,/egazette/en/1984-gn2609.pdf,/egazette/zh/1984-gn2609.pdf,2
code:12210,12210,TAI FOO STREET,太富街,Secondary Road,1909,1909-07-23,/egazette/en/1909-gn459.pdf,/egazette/zh/1909-gn459.pdf,2
code:12211,12211,TAI FUNG AVENUE,太豐路,Secondary Road,1978,1978-04-14,/egazette/en/1978-gn934.pdf,,2
code:12214,12214,TAI HANG DRIVE,大坑徑,Secondary Road,,,,,2
code:12224,12224,TAI KIU ROAD,大橋路,Secondary Road,1977,1977-12-02,/egazette/en/1977-gn2944.pdf,/egazette/zh/1977-gn2944.pdf,2
code:12226,12226,TAI KWONG LANE,大光里,Track,,,,,2
code:12229,12229,TAI LANE,大巷,Track,,,,,2
code:12232,12232,TAI LOK STREET,太樂街,Secondary Road,1960,1960-05-20,/egazette/en/1960-gn789.pdf,,2
code:12235,12235,TAI MING LANE,大明里,Track,,,,,2
code:14217,14217,TAI OM ROAD,大菴路,Secondary Road,,,,,2
code:12247,12247,TAI ON TERRACE,大安臺,Track,,,,,2
code:12248,12248,TAI PA STREET,大壩街,Secondary Road,,,,,2
code:12266,12266,TAI SAN PRAYA ROAD,大新海傍路,Track,,,,,2
code:12267,12267,TAI SAN STREET,大新街,Track,1935,1935-02-15,/egazette/en/1935-gn124.pdf,/egazette/zh/1935-gn124.pdf,2
code:12269,12269,TAI SHEK STREET,大石街,Secondary Road,1924,1924-04-04,/egazette/en/1924-gn187.pdf,/egazette/zh/1924-gn187.pdf,2
code:39101,39101,TAI TAU LENG 2ND LANE,大頭嶺第二巷,Track,,,,,2
code:12280,12280,TAI UK STREET,大屋街,Secondary Road,,,,,2
code:12284,12284,TAI WING LANE,大榮里,Track,,,,,2
code:12301,12301,TAK CHEONG STREET,德昌街,Secondary Road,1954,1954-07-30,/egazette/en/1954-gn947.pdf,/egazette/zh/1954-gn947.pdf,2
code:12308,12308,TAK KU LING ROAD,打鼓嶺道,Secondary Road,1926,1926-06-25,/egazette/en/1926-gn342.pdf,/egazette/zh/1926-gn342.pdf,2
code:12312,12312,TAK MAN STREET,德民街,Secondary Road,1976,1976-06-25,/egazette/en/1976-gn1367.pdf,,2
code:12315,12315,TAK SHING STREET,德成街,Secondary Road,1931,1931-01-30,/egazette/en/1931-gn58.pdf,/egazette/zh/1931-gn58.pdf,2
code:12319,12319,TAK TING STREET,德定街,Secondary Road,,,,,2
code:12320,12320,TAK WAH STREET,德華街,Secondary Road,,,,,2
code:12325,12325,TAK YIP STREET,德業街,Secondary Road,1984,1984-01-27,/egazette/en/1984-gn286.pdf,/egazette/zh/1984-gn286.pdf,2
code:14172,14172,TAT HONG AVENUE,達康路,Secondary Road,,,,,2
code:14337,14337,TAT MEI ROAD,達美路,Secondary Road,2011,2011-02-18,/egazette/en/2011-15-7-1154.pdf,/egazette/zh/2011-15-7-1154.pdf,2
code:13954,13954,TAT YEUNG ROAD,達洋路,Secondary Road,,,,,2
code:12342,12342,TAT YIP LANE,達業里,Secondary Road,1984,1984-11-30,/egazette/en/1984-gn3532.pdf,/egazette/zh/1984-gn3532.pdf,2
code:12344,12344,TEXACO INTERCHANGE,德士古交匯處,Main Road,1983,1983-11-04,/egazette/en/1983-gn3497.pdf,/egazette/zh/1983-gn3497.pdf,2
code:13118,13118,TIN FUK ROAD,天福路,Main Road,,,,,2
code:12362,12362,TIN HEUNG STREET,天香街,Secondary Road,1960,1960-06-17,/egazette/en/1960-gn928.pdf,,2
code:13149,13149,TIN LUNG ROAD,天龍路,Secondary Road,,,,,2
code:13115,13115,TIN MEI STREET,天美街,Secondary Road,,,,,2
code:13157,13157,TIN WING ROAD,天榮路,Secondary Road,,,,,2
code:14466,14466,TIN YING PATH,天影徑,Track,2017,2017-11-10,https://www.landsd.gov.hk/doc/en/street-name/egazette/2017/egn201721458364.pdf,https://www.landsd.gov.hk/doc/tc/street-name/egazette/2017/cgn201721458364.pdf,2
code:14139,14139,TIN YUET ROAD,天月路,Secondary Road,,,,,2
code:12375,12375,TING KWOK STREET,定國街,Secondary Road,,,,,2
code:13552,13552,TING WO LANE,庭和里,Secondary Road,,,,,2
code:12381,12381,TO FUK ROAD,多福道,Secondary Road,,,,,2
code:13586,13586,TO LOK ROAD,陶樂路,Secondary Road,,,,,2
code:12386,12386,TO YUEN STREET,桃源街,Secondary Road,,,,,2
code:12399,12399,TREGUNTER PATH,地利根德里,Secondary Road,1920,1920-03-19,/egazette/en/1920-gn157.pdf,/egazette/zh/1920-gn157.pdf,2
code:13540,13540,TSANG TSUI ROAD,曾嘴路,Secondary Road,,,,,2
code:12414,12414,TSING CHIN STREET,青芊街,Secondary Road,,,,,2
code:13613,13613,TSING CHUEN WAI ROAD,青磚圍路,Secondary Road,,,,,2
code:12417,12417,TSING CHUNG PATH,青松徑,Secondary Road,1984,1984-11-30,/egazette/en/1984-gn3531.pdf,/egazette/zh/1984-gn3531.pdf,2
code:13971,13971,TSING FAT LANE,青發里,Secondary Road,,,,,2
code:12419,12419,TSING FUNG STREET,清風街,Secondary Road,1926,1926-06-11,/egazette/en/1926-gn318.pdf,/egazette/zh/1926-gn318.pdf,2
code:12422,12422,TSING HO SQUARE,青河坊,Track,1984,1984-11-30,/egazette/en/1984-gn3531.pdf,/egazette/zh/1984-gn3531.pdf,2
code:12425,12425,TSING KEUNG STREET,青強街,Secondary Road,,,,,2
code:13974,13974,TSING LAM ROAD,青欖路,Secondary Road,,,,,2
code:12432,12432,TSING MIN PATH,青棉徑,Secondary Road,1984,1984-11-30,/egazette/en/1984-gn3531.pdf,/egazette/zh/1984-gn3531.pdf,2
code:12434,12434,TSING ON STREET,靜安街,Secondary Road,,,,,2
code:12435,12435,TSING PAK PATH,青柏徑,Track,1984,1984-11-30,/egazette/en/1984-gn3531.pdf,/egazette/zh/1984-gn3531.pdf,2
code:12442,12442,TSING TO PATH,青桃徑,Track,,,,,2
code:12445,12445,TSING WUI STREET,青匯街,Secondary Road,1984,1984-11-30,/egazette/en/1984-gn3531.pdf,/egazette/zh/1984-gn3531.pdf,2
code:12454,12454,TSING YUEN STREET,靖遠街,Secondary Road,1930,1930-05-02,/egazette/en/1930-gn262.pdf,/egazette/zh/1930-gn262.pdf,2
code:12456,12456,TSO KUNG SQUARE,曹公坊,Track,,,,,2
code:12459,12459,TSOK POK HANG ROAD,作壆坑路,Secondary Road,1982,1982-12-17,/egazette/en/1982-gn3954.pdf,/egazette/zh/1982-gn3954.pdf,2
code:12461,12461,TSUEN HING PATH,荃興徑,Track,,,,,2
code:12467,12467,TSUEN WAH STREET,荃華街,Secondary Road,1980,1980-11-28,/egazette/en/1980-gn3731.pdf,,2
code:12470,12470,TSUEN WING STREET,荃榮街,Secondary Road,1980,1980-11-28,/egazette/en/1980-gn3731.pdf,,2
code:12471,12471,TSUEN YIP STREET,荃業街,Secondary Road,,,,,2
code:13704,13704,TSUN KING ROAD,駿景路,Secondary Road,,,,,2
code:12487,12487,TSUN YUEN STREET,晉源街,Secondary Road,1930,1930-03-07,/egazette/en/1930-gn138.pdf,/egazette/zh/1930-gn138.pdf,2
code:12488,12488,TSUNG MAN STREET,崇文街,Secondary Road,1956,1956-06-29,/egazette/en/1956-gn805.pdf,/egazette/zh/1956-gn805.pdf,2
code:12489,12489,TSUNG SAU LANE EAST,松秀東街,Track,,,,,2
code:12490,12490,TSUNG SAU LANE WEST,松秀西街,Track,,,,,2
code:12502,12502,TUEN LUNG STREET,屯隆街,Secondary Road,1984,1984-11-30,/egazette/en/1984-gn3531.pdf,/egazette/zh/1984-gn3531.pdf,2
code:12506,12506,TUEN SHUN STREET,屯順街,Secondary Road,,,,,2
code:12970,12970,TUEN YEE STREET,屯義街,Secondary Road,,,,,2
code:14259,14259,TUN YU ROAD,惇裕路,Secondary Road,,,,,2
code:12512,12512,TUNG CHI STREET,童子街,Secondary Road,,,,,2
code:14320,14320,TUNG FUK ROAD,同福路,Secondary Road,2009,2009-08-14,/egazette/en/2009-13-33-5125.pdf,/egazette/zh/2009-13-33-5125.pdf,2
code:12520,12520,TUNG KUN STREET,東莞街,Secondary Road,,,,,2
code:12521,12521,TUNG KWONG ROAD,東光道,Secondary Road,,,,,2
code:13853,13853,TUNG LAM TERRACE,東林台,Secondary Road,,,,,2
code:12522,12522,TUNG LEI ROAD,東利道,Secondary Road,,,,,2
code:12532,12532,TUNG ON STREET,東安街,Secondary Road,1926,1926-04-16,/egazette/en/1926-gn202.pdf,/egazette/zh/1926-gn202.pdf,2
code:12534,12534,TUNG SHAN TERRACE,東山臺,Secondary Road,,,,,2
code:12538,12538,TUNG TAI LANE,東泰里,Track,,,,,2
code:12542,12542,TUNG TAU WAN LANE,東頭灣里,Secondary Road,,,,,2
code:14482,14482,TUNG YIU ROAD,東耀路,Secondary Road,2019,2019-07-26,https://www.landsd.gov.hk/doc/en/street-name/egazette/2019/egn201923304779.pdf,https://www.landsd.gov.hk/doc/tc/street-name/egazette/2019/cgn201923304779.pdf,2
code:12557,12557,UN FUK LANE,元福里,Track,,,,,2
code:39386,39386,UNITED CRESCENT,聯合院道,Secondary Road,,,,,2
code:12564,12564,UPPER LASCAR ROW,摩羅上街,Secondary Road,,,,,2
code:12567,12567,VENTRIS ROAD,雲地利道,Secondary Road,1926,1926-01-29,/egazette/en/1926-gn46.pdf,/egazette/zh/1926-gn46.pdf,2
code:12571,12571,VICTORY AVENUE,勝利道,Secondary Road,,,,,2
code:12587,12587,WA YUNG ROAD,華容路,Secondary Road,,,,,2
code:12589,12589,WAH CHI PATH,華池徑,Track,1983,1983-04-22,/egazette/en/1983-gn1265.pdf,/egazette/zh/1983-gn1265.pdf,2
code:12590,12590,WAH FAT STREET,華發街,Secondary Road,,,,,2
code:12592,12592,WAH HA STREET,華廈街,Secondary Road,,,,,2
code:13932,13932,WAH MING LANE,華明里,Secondary Road,,,,,2
code:13879,13879,WAH TING STREET,華庭街,Secondary Road,,,,,2
code:12603,12603,WAI FUNG STREET,惠風街,Secondary Road,1932,1932-04-22,/egazette/en/1932-gn245.pdf,/egazette/zh/1932-gn245.pdf,2
code:12605,12605,WAI KEK STREET,圍乪街,Secondary Road,,,,,2
code:13162,13162,WAI MING STREET,偉明街,Secondary Road,,,,,2
code:12611,12611,WAI TSAI FIFTH STREET,圍仔第五街,Track,1983,1983-06-03,/egazette/en/1983-gn1753.pdf,/egazette/zh/1983-gn1753.pdf,2
code:12614,12614,WAI TSAI SECOND STREET,圍仔第二街,Track,1983,1983-06-03,/egazette/en/1983-gn1753.pdf,/egazette/zh/1983-gn1753.pdf,2
code:13679,13679,WAI WO STREET,衛和街,Secondary Road,,,,,2
code:12621,12621,WAI YAN STREET,懷仁街,Secondary Road,1930,1930-05-02,/egazette/en/1930-gn262.pdf,/egazette/zh/1930-gn262.pdf,2
code:12622,12622,WAI YI STREET,懷義街,Secondary Road,1930,1930-05-02,/egazette/en/1930-gn262.pdf,/egazette/zh/1930-gn262.pdf,2
code:13584,13584,WAN HANG ROAD,運亨路,Secondary Road,,,,,2
code:12635,12635,WAN KING PATH,灣景街,Track,,,,,2
code:14143,14143,WAN O ROAD,環澳路,Main Road,2003,2003-02-14,/egazette/en/2022-26-47-6836.pdf,/egazette/zh/2022-26-47-6836.pdf,2
code:12646,12646,WAN TIN PATH,雲天徑,Track,,,,,2
code:12647,12647,WAN TSUI LANE,環翠里,Secondary Road,1980,1980-05-23,/egazette/en/1980-gn1579.pdf,/egazette/zh/1980-gn1579.pdf,2
code:14332,14332,WANG PING SHAN SOUTH ROAD,橫平山南路,Secondary Road,2010,2010-06-25,/egazette/en/2010-14-25-4012.pdf,/egazette/zh/2010-14-25-4012.pdf,2
code:12671,12671,WANG TAK STREET,宏德街,Secondary Road,1930,1930-03-07,/egazette/en/1930-gn138.pdf,/egazette/zh/1930-gn138.pdf,2
code:12684,12684,WANG YUEN STREET,宏遠街,Secondary Road,1983,1983-07-15,/egazette/en/1983-gn2233.pdf,/egazette/zh/1983-gn2233.pdf,2
code:12687,12687,WATER LANE,水巷,Track,,,,,2
code:12692,12692,WATSON ROAD,屈臣道,Secondary Road,,,,,2
code:39452,39452,WEST WHARF ROAD,西碼頭道,Secondary Road,,,,,2
code:12702,12702,WHAMPOA STREET,黃埔街,Secondary Road,1956,1956-06-08,/egazette/en/1956-gn717.pdf,/egazette/zh/1956-gn717.pdf,2
code:12704,12704,WHITFIELD ROAD,威非路道,Secondary Road,,,,,2
code:12705,12705,WHITTY STREET,屈地街,Secondary Road,,,,,2
code:39596,39596,WILLOW DRIVE,楊柳徑,Secondary Road,,,,,2
code:12707,12707,WILMER STREET,威利蔴街,Secondary Road,,,,,2
code:12711,12711,WINE STREET,酒街,Track,,,,,2
code:12713,12713,WING CHI PATH,榮池徑,Secondary Road,1983,1983-04-22,/egazette/en/1983-gn1265.pdf,/egazette/zh/1983-gn1265.pdf,2
code:12720,12720,WING FUNG STREET,永豐街,Secondary Road,,,,,2
code:12722,12722,WING HAU STREET,永孝街,Secondary Road,1980,1980-05-16,/egazette/en/1980-gn1503.pdf,,2
code:12723,12723,WING HING STREET,永興街,Secondary Road,,,,,2
code:12726,12726,WING KIN ROAD,永建路,Secondary Road,1975,1975-09-19,/egazette/en/1975-gn2061.pdf,,2
code:12736,12736,WING MING STREET,永明街,Secondary Road,,,,,2
code:12739,12739,WING PING STREET,永平街,Secondary Road,1977,1977-04-15,/egazette/en/1977-gn858.pdf,/egazette/zh/1977-gn858.pdf,2
code:39310,39310,WING TAK ROAD,永德路,Secondary Road,,,,,2
code:12745,12745,WING TING ROAD,永定道,Secondary Road,,,,,2
code:12747,12747,WING TUNG STREET,永東街,Track,1983,1983-06-03,/egazette/en/1983-gn1753.pdf,/egazette/zh/1983-gn1753.pdf,2
code:12750,12750,WING WO STREET,永和街,Secondary Road,1905,1905-05-12,/egazette/en/1905-gn287.pdf,/egazette/zh/1905-gn287.pdf,2
code:12752,12752,WING YIP STREET,永業街,Secondary Road,1974,1974-04-19,/egazette/en/1974-gn1023.pdf,/egazette/zh/1974-gn1023.pdf,2
code:12760,12760,WO HEUNG STREET,禾香街,Secondary Road,1976,1976-08-13,/egazette/en/1976-gn1741.pdf,,2
code:12761,12761,WO HONG PATH,和康徑,Secondary Road,,,,,2
code:13931,13931,WO KA LAU ROAD,和家樓路,Secondary Road,,,,,2
code:14152,14152,WO MEI HUNG MIN ROAD,窩美紅棉路,Secondary Road,,,,,2
code:12768,12768,WO SHUI STREET,禾穗街,Secondary Road,1976,1976-08-13,/egazette/en/1976-gn1741.pdf,,2
code:12775,12775,WONG CHUK HANG PATH,黃竹坑徑,Secondary Road,1937,1937-09-24,/egazette/en/1937-gn682.pdf,/egazette/zh/1937-gn682.pdf,2
code:12779,12779,WONG KUK AVENUE,黃菊路,Secondary Road,,,,,2
code:12785,12785,WONG TAI STREET,旺堤街,Secondary Road,1974,1974-04-26,/egazette/en/1974-gn1078.pdf,/egazette/zh/1974-gn1078.pdf,2
code:12786,12786,WONG YIN STREET,旺賢街,Secondary Road,,,,,2
code:13642,13642,WU CHEONG STREET,湖昌街,Secondary Road,,,,,2
code:12794,12794,WU KING ROAD,湖景路,Secondary Road,1984,1984-11-30,/egazette/en/1984-gn3531.pdf,/egazette/zh/1984-gn3531.pdf,2
code:12797,12797,WU PAK STREET,湖北街,Secondary Road,,,,,2
code:13643,13643,WU POON STREET,湖畔街,Secondary Road,,,,,2
code:13085,13085,WU SAU STREET,湖秀街,Secondary Road,,,,,2
code:13733,13733,WU TIP SHAN ROAD,蝴蝶山路,Secondary Road,,,,,2
code:13641,13641,WU YUET STREET,湖月街,Secondary Road,,,,,2
code:12806,12806,YAN CHAI STREET,仁濟街,Secondary Road,,,,,2
code:12808,12808,YAN FONG STREET,仁芳街,Secondary Road,1974,1974-04-19,/egazette/en/1974-gn1023.pdf,/egazette/zh/1974-gn1023.pdf,2
code:12811,12811,YAN LOK SQUARE,仁樂坊,Secondary Road,1983,1983-06-03,/egazette/en/1983-gn1752.pdf,/egazette/zh/1983-gn1752.pdf,2
code:12814,12814,YAN OI TONG CIRCUIT,仁愛堂街,Secondary Road,1975,1975-08-01,/egazette/en/1975-gn1693.pdf,,2
code:12818,12818,YAN TSUI STREET,茵翠街,Secondary Road,1983,1983-03-18,/egazette/en/1983-gn872.pdf,/egazette/zh/1983-gn872.pdf,2
code:12823,12823,YAN YUE WAI,仁宇圍,Secondary Road,,,,,2
code:12827,12827,YAU HONG STREET,有康街,Secondary Road,,,,,2
code:12830,12830,YAU MA HOM ROAD,油麻磡路,Secondary Road,,,,,2
code:14223,14223,YAU MA PO STREET,油麻莆街,Secondary Road,,,,,2
code:12831,12831,YAU MAN STREET,祐民街,Secondary Road,,,,,2
code:14548,14548,YAU MONG LANE,油旺里,Track,2024,2024-06-21,/egazette/en/2024-28-25-3555.pdf,/egazette/zh/2024-28-25-3555.pdf,2
code:12836,12836,YAU SHUN STREET,有信街,Secondary Road,,,,,2
code:13526,13526,YAU TIN EAST ROAD,攸田東路,Secondary Road,,,,,2
code:12838,12838,YAU WING STREET,友榮街,Track,1985,1985-10-18,/egazette/en/2017-21-39-7315.pdf,,2
code:12846,12846,YEE ON STREET,宜安街,Secondary Road,1957,1957-02-22,/egazette/en/1957-gn264.pdf,/egazette/zh/1957-gn264.pdf,2
code:12850,12850,YEE TAI STREET,怡泰街,Secondary Road,1981,1981-07-31,/egazette/en/1981-gn2267.pdf,/egazette/zh/1981-gn2267.pdf,2
code:12975,12975,YEUNG KING ROAD,楊景路,Secondary Road,,,,,2
code:12856,12856,YI CHING LANE,宜正里,Secondary Road,,,,,2
code:12869,12869,YIN TSE LANE,燕子里,Secondary Road,1983,1983-05-27,/egazette/en/1983-gn1664.pdf,/egazette/zh/1983-gn1664.pdf,2
code:14369,14369,YING HO ROAD,映河路,Secondary Road,,,,,2
code:12900,12900,YUE FUNG STREET,漁豐街,Secondary Road,,,,,2
code:12903,12903,YUE KO STREET,漁歌街,Secondary Road,1960,1960-07-08,/egazette/en/1960-gn1060.pdf,,2
code:12905,12905,YUE LEI STREET,漁利街,Secondary Road,1960,1960-07-08,/egazette/en/1960-gn1060.pdf,,2
code:13553,13553,YUE ON LANE,寓安里,Secondary Road,,,,,2
code:13577,13577,YUE SHI CHEUNG ROAD,魚市場道,Secondary Road,,,,,2
code:12916,12916,YUEN LONG ON HING STREET,元朗安興街,Secondary Road,1978,1978-09-29,/egazette/en/1978-gn2481.pdf,,2
code:12920,12920,YUEN LONG TAI CHEUNG STREET,元朗泰祥街,Secondary Road,1977,1977-12-02,/egazette/en/1977-gn2944.pdf,/egazette/zh/1977-gn2944.pdf,2
code:13934,13934,YUEN LONG TUNG SHING LEI ROAD,元朗東成里路,Secondary Road,,,,,2
code:13880,13880,YUET HOI STREET,悅海街,Secondary Road,,,,,2
code:12932,12932,YUET LUN STREET,月輪街,Secondary Road,,,,,2
code:12940,12940,YUK SAU STREET,毓秀街,Secondary Road,1930,1930-03-07,/egazette/en/1930-gn138.pdf,/egazette/zh/1930-gn138.pdf,2
code:13529,13529,YUNG PING PATH,雍坪徑,Secondary Road,1984,1984-11-30,/egazette/en/2009-13-51-7994.pdf,/egazette/zh/2009-13-51-7994.pdf,2
code:12947,12947,YUNG SHUE WAN MAIN STREET,榕樹灣大街,Track,1983,1983-10-28,/egazette/en/1983-gn3425.pdf,/egazette/zh/1983-gn3425.pdf,2
code:39569,39569,ZURICH AVENUE,蘇黎世大道,Secondary Road,,,,,2
code:40050,40050,,,Secondary Road,,,,,1
code:40032,40032,,,Secondary Road,,,,,1
code:42608,42608,,,Secondary Road,,,,,1
code:42154,42154,,,Secondary Road,,,,,1
code:49727,49727,,,Secondary Road,,,,,1
code:43776,43776,,,Secondary Road,,,,,1
code:43844,43844,,,Secondary Road,,,,,1
code:43475,43475,,,Secondary Road,,,,,1
code:40953,40953,,,Secondary Road,,,,,1
code:42722,42722,,,Secondary Road,,,,,1
code:50763,50763,,,Secondary Road,,,,,1
code:41503,41503,,,Secondary Road,,,,,1
code:42972,42972,,,Secondary Road,,,,,1
code:49692,49692,,,Secondary Road,,,,,1
code:44747,44747,,,Secondary Road,,,,,1
code:49391,49391,,,Secondary Road,,,,,1
code:49610,49610,,,Secondary Road,,,,,1
code:48123,48123,,,Secondary Road,,,,,1
code:44493,44493,,,Secondary Road,,,,,1
code:47069,47069,,,Secondary Road,,,,,1
code:44129,44129,,,Secondary Road,,,,,1
code:47605,47605,,,Secondary Road,,,,,1
code:42107,42107,,,Secondary Road,,,,,1
code:44025,44025,,,Secondary Road,,,,,1
code:41385,41385,,,Secondary Road,,,,,1
code:42725,42725,,,Secondary Road,,,,,1
code:51449,51449,,,Secondary Road,,,,,1
code:51281,51281,,,Secondary Road,,,,,1
code:44894,44894,,,Secondary Road,,,,,1
code:41318,41318,,,Secondary Road,,,,,1
code:47869,47869,,,Secondary Road,,,,,1
code:50678,50678,,,Secondary Road,,,,,1
code:51128,51128,,,Secondary Road,,,,,1
code:49624,49624,,,Secondary Road,,,,,1
code:45448,45448,,,Secondary Road,,,,,1
code:50863,50863,,,Secondary Road,,,,,1
code:50427,50427,,,Secondary Road,,,,,1
code:51414,51414,,,Secondary Road,,,,,1
code:47301,47301,,,Secondary Road,,,,,1
code:51357,51357,,,Secondary Road,,,,,1
code:47511,47511,,,Secondary Road,,,,,1
code:41780,41780,,,Secondary Road,,,,,1
code:42814,42814,,,Secondary Road,,,,,1
code:49634,49634,,,Secondary Road,,,,,1
code:40776,40776,,,Secondary Road,,,,,1
code:48262,48262,,,Main Road,,,,,1
code:46826,46826,,,Secondary Road,,,,,1
code:41797,41797,,,Secondary Road,,,,,1
code:49417,49417,,,Secondary Road,,,,,1
code:46675,46675,,,Secondary Road,,,,,1
code:49568,49568,,,Secondary Road,,,,,1
code:40076,40076,,,Secondary Road,,,,,1
code:43684,43684,,,Secondary Road,,,,,1
code:41946,41946,,,Secondary Road,,,,,1
code:43801,43801,,,Secondary Road,,,,,1
code:42899,42899,,,Secondary Road,,,,,1
code:42265,42265,,,Secondary Road,,,,,1
code:50151,50151,,,Secondary Road,,,,,1
code:48947,48947,,,Secondary Road,,,,,1
code:42882,42882,,,Secondary Road,,,,,1
code:42884,42884,,,Secondary Road,,,,,1
code:50772,50772,,,Secondary Road,,,,,1
code:48949,48949,,,Secondary Road,,,,,1
code:43867,43867,,,Restricted Road,,,,,1
code:40791,40791,,,Secondary Road,,,,,1
code:42597,42597,,,Secondary Road,,,,,1
code:49749,49749,,,Secondary Road,,,,,1
code:40576,40576,,,Secondary Road,,,,,1
code:50704,50704,,,Secondary Road,,,,,1
code:45473,45473,,,Secondary Road,,,,,1
code:46507,46507,,,Secondary Road,,,,,1
code:46107,46107,,,Secondary Road,,,,,1
code:50906,50906,,,Secondary Road,,,,,1
code:45190,45190,,,Secondary Road,,,,,1
code:45090,45090,,,Secondary Road,,,,,1
code:49132,49132,,,Secondary Road,,,,,1
code:50787,50787,,,Secondary Road,,,,,1
code:47228,47228,,,Secondary Road,,,,,1
code:47743,47743,,,Secondary Road,,,,,1
code:51444,51444,,,Secondary Road,,,,,1
code:49347,49347,,,Secondary Road,,,,,1
code:40069,40069,,,Secondary Road,,,,,1
code:49672,49672,,,Secondary Road,,,,,1
code:44849,44849,,,Secondary Road,,,,,1
code:40030,40030,,,Secondary Road,,,,,1
code:44517,44517,,,Secondary Road,,,,,1
code:42977,42977,,,Secondary Road,,,,,1
code:47457,47457,,,Secondary Road,,,,,1
code:50715,50715,,,Secondary Road,,,,,1
code:49611,49611,,,Secondary Road,,,,,1
code:44742,44742,,,Secondary Road,,,,,1
code:44292,44292,,,Secondary Road,,,,,1
code:44063,44063,,,Secondary Road,,,,,1
code:49604,49604,,,Secondary Road,,,,,1
code:44499,44499,,,Secondary Road,,,,,1
code:49729,49729,,,Secondary Road,,,,,1
code:46682,46682,,,Secondary Road,,,,,1
code:40412,40412,,,Secondary Road,,,,,1
code:48425,48425,,,Secondary Road,,,,,1
code:50315,50315,,,Secondary Road,,,,,1
code:42002,42002,,,Secondary Road,,,,,1
code:41859,41859,,,Secondary Road,,,,,1
code:45242,45242,,,Secondary Road,,,,,1
code:46028,46028,,,Secondary Road,,,,,1
code:48893,48893,,,Secondary Road,,,,,1
code:49979,49979,,,Secondary Road,,,,,1
code:51219,51219,,,Secondary Road,,,,,1
code:50265,50265,,,Secondary Road,,,,,1
code:48386,48386,,,Secondary Road,,,,,1
code:47275,47275,,,Secondary Road,,,,,1
code:49222,49222,,,Secondary Road,,,,,1
code:45335,45335,,,Secondary Road,,,,,1
code:40286,40286,,,Secondary Road,,,,,1
code:40245,40245,,,Secondary Road,,,,,1
code:51545,51545,,,Secondary Road,,,,,1
code:40254,40254,,,Secondary Road,,,,,1
code:41322,41322,,,Secondary Road,,,,,1
code:47867,47867,,,Secondary Road,,,,,1
code:48542,48542,,,Secondary Road,,,,,1
code:41192,41192,,,Secondary Road,,,,,1
code:47206,47206,,,Secondary Road,,,,,1
code:51141,51141,,,Secondary Road,,,,,1
code:50350,50350,,,Secondary Road,,,,,1
code:41358,41358,,,Secondary Road,,,,,1
code:52645,52645,,,Secondary Road,,,,,1
code:49605,49605,,,Secondary Road,,,,,1
code:44355,44355,,,Secondary Road,,,,,1
code:43462,43462,,,Secondary Road,,,,,1
code:51007,51007,,,Secondary Road,,,,,1
code:40111,40111,,,Secondary Road,,,,,1
code:49469,49469,,,Secondary Road,,,,,1
code:51309,51309,,,Secondary Road,,,,,1
code:46940,46940,,,Secondary Road,,,,,1
code:47074,47074,,,Secondary Road,,,,,1
code:43755,43755,,,Secondary Road,,,,,1
code:41617,41617,,,Secondary Road,,,,,1
code:42785,42785,,,Secondary Road,,,,,1
code:40311,40311,,,Secondary Road,,,,,1
code:42862,42862,,,Secondary Road,,,,,1
code:44489,44489,,,Secondary Road,,,,,1
code:44491,44491,,,Secondary Road,,,,,1
code:40720,40720,,,Restricted Road,,,,,1
code:46904,46904,,,Secondary Road,,,,,1
code:43555,43555,,,Secondary Road,,,,,1
code:49637,49637,,,Secondary Road,,,,,1
code:42955,42955,,,Secondary Road,,,,,1
code:44096,44096,,,Secondary Road,,,,,1
code:44100,44100,,,Secondary Road,,,,,1
code:43489,43489,,,Secondary Road,,,,,1
code:48812,48812,,,Secondary Road,,,,,1
code:44232,44232,,,Secondary Road,,,,,1
code:41615,41615,,,Secondary Road,,,,,1
code:43598,43598,,,Secondary Road,,,,,1
code:46672,46672,,,Secondary Road,,,,,1
code:42049,42049,,,Secondary Road,,,,,1
code:42024,42024,,,Secondary Road,,,,,1
code:40824,40824,,,Secondary Road,,,,,1
code:41147,41147,,,Secondary Road,,,,,1
code:45093,45093,,,Secondary Road,,,,,1
code:45327,45327,,,Secondary Road,,,,,1
code:45025,45025,,,Secondary Road,,,,,1
code:51311,51311,,,Secondary Road,,,,,1
code:52456,52456,,,Main Road,,,,,1
code:46965,46965,,,Secondary Road,,,,,1
code:50048,50048,,,Secondary Road,,,,,1
code:47306,47306,,,Secondary Road,,,,,1
code:50584,50584,,,Secondary Road,,,,,1
code:51460,51460,,,Secondary Road,,,,,1
code:49663,49663,,,Secondary Road,,,,,1
code:43554,43554,,,Secondary Road,,,,,1
code:41943,41943,,,Secondary Road,,,,,1
code:48963,48963,,,Secondary Road,,,,,1
code:52371,52371,,,Secondary Road,,,,,1
code:51110,51110,,,Secondary Road,,,,,1
code:48459,48459,,,Secondary Road,,,,,1
code:41732,41732,,,Secondary Road,,,,,1
code:43511,43511,,,Secondary Road,,,,,1
code:49695,49695,,,Secondary Road,,,,,1
code:50606,50606,,,Secondary Road,,,,,1
code:41514,41514,,,Secondary Road,,,,,1
code:42811,42811,,,Secondary Road,,,,,1
code:42843,42843,,,Secondary Road,,,,,1
code:49606,49606,,,Secondary Road,,,,,1
code:50967,50967,,,Secondary Road,,,,,1
code:51099,51099,,,Secondary Road,,,,,1
code:49395,49395,,,Secondary Road,,,,,1
code:50156,50156,,,Secondary Road,,,,,1
code:50731,50731,,,Secondary Road,,,,,1
code:40403,40403,,,Secondary Road,,,,,1
code:48427,48427,,,Secondary Road,,,,,1
code:41607,41607,,,Secondary Road,,,,,1
code:46798,46798,,,Secondary Road,,,,,1
code:50756,50756,,,Secondary Road,,,,,1
code:40964,40964,,,Secondary Road,,,,,1
code:53096,53096,,,Highway,,,,,1
code:42111,42111,,,Secondary Road,,,,,1
code:40782,40782,,,Secondary Road,,,,,1
code:53414,53414,,,Secondary Road,,,,,1
code:49238,49238,,,Main Road,,,,,1
code:49145,49145,,,Secondary Road,,,,,1
code:43429,43429,,,Secondary Road,,,,,1
code:41150,41150,,,Secondary Road,,,,,1
code:43450,43450,,,Secondary Road,,,,,1
code:47262,47262,,,Secondary Road,,,,,1
code:45424,45424,,,Secondary Road,,,,,1
code:50621,50621,,,Secondary Road,,,,,1
code:41244,41244,,,Secondary Road,,,,,1
code:42131,42131,,,Secondary Road,,,,,1
code:45607,45607,,,Secondary Road,,,,,1
code:46390,46390,,,Track,,,,,1
code:49836,49836,,,Secondary Road,,,,,1
code:50870,50870,,,Restricted Road,,,,,1
code:45573,45573,,,Secondary Road,,,,,1
code:46343,46343,,,Secondary Road,,,,,1
code:44120,44120,,,Track,,,,,1
code:44069,44069,,,Highway,,,,,1
code:47362,47362,,,Secondary Road,,,,,1
code:50970,50970,,,Secondary Road,,,,,1
code:49702,49702,,,Secondary Road,,,,,1
code:44152,44152,,,Secondary Road,,,,,1
code:43918,43918,,,Secondary Road,,,,,1
code:51136,51136,,,Secondary Road,,,,,1
code:50719,50719,,,Secondary Road,,,,,1
code:41276,41276,,,Main Road,,,,,1
code:48264,48264,,,Main Road,,,,,1
code:41695,41695,,,Secondary Road,,,,,1
code:51272,51272,,,Secondary Road,,,,,1
code:51370,51370,,,Secondary Road,,,,,1
code:46909,46909,,,Secondary Road,,,,,1
code:49783,49783,,,Secondary Road,,,,,1
code:51455,51455,,,Secondary Road,,,,,1
code:44886,44886,,,Secondary Road,,,,,1
code:51506,51506,,,Secondary Road,,,,,1
code:42097,42097,,,Secondary Road,,,,,1
code:43418,43418,,,Secondary Road,,,,,1
code:43786,43786,,,Secondary Road,,,,,1
code:44218,44218,,,Secondary Road,,,,,1
code:44286,44286,,,Secondary Road,,,,,1
code:43584,43584,,,Secondary Road,,,,,1
code:44488,44488,,,Secondary Road,,,,,1
code:50568,50568,,,Secondary Road,,,,,1
code:51104,51104,,,Secondary Road,,,,,1
code:51438,51438,,,Secondary Road,,,,,1
code:47345,47345,,,Secondary Road,,,,,1
code:49468,49468,,,Secondary Road,,,,,1
code:40507,40507,,,Restricted Road,,,,,1
code:44685,44685,,,Secondary Road,,,,,1
code:50720,50720,,,Secondary Road,,,,,1
code:48263,48263,,,Main Road,,,,,1
code:40794,40794,,,Secondary Road,,,,,1
code:41411,41411,,,Secondary Road,,,,,1
code:50737,50737,,,Secondary Road,,,,,1
code:48580,48580,,,Secondary Road,,,,,1
code:51037,51037,,,Secondary Road,,,,,1
code:47463,47463,,,Secondary Road,,,,,1
code:41781,41781,,,Secondary Road,,,,,1
code:40260,40260,,,Secondary Road,,,,,1
code:50352,50352,,,Secondary Road,,,,,1
code:51005,51005,,,Secondary Road,,,,,1
code:51039,51039,,,Secondary Road,,,,,1
code:40960,40960,,,Secondary Road,,,,,1
code:40909,40909,,,Secondary Road,,,,,1
code:50152,50152,,,Secondary Road,,,,,1
code:51222,51222,,,Secondary Road,,,,,1
code:44151,44151,,,Secondary Road,,,,,1
code:49601,49601,,,Secondary Road,,,,,1
code:44134,44134,,,Secondary Road,,,,,1
code:43702,43702,,,Secondary Road,,,,,1
code:53085,53085,,,Secondary Road,,,,,1
code:49142,49142,,,Secondary Road,,,,,1
code:43507,43507,,,Secondary Road,,,,,1
code:48874,48874,,,Secondary Road,,,,,1
code:47370,47370,,,Secondary Road,,,,,1
code:50963,50963,,,Secondary Road,,,,,1
code:45830,45830,,,Secondary Road,,,,,1
code:45615,45615,,,Secondary Road,,,,,1
code:45079,45079,,,Secondary Road,,,,,1
code:42221,42221,,,Secondary Road,,,,,1
code:43925,43925,,,Main Road,,,,,1
code:40467,40467,,,Secondary Road,,,,,1
code:41821,41821,,,Secondary Road,,,,,1
code:41922,41922,,,Secondary Road,,,,,1
code:51113,51113,,,Secondary Road,,,,,1
code:51028,51028,,,Secondary Road,,,,,1
code:51031,51031,,,Secondary Road,,,,,1
code:47420,47420,,,Secondary Road,,,,,1
code:50813,50813,,,Secondary Road,,,,,1
code:50327,50327,,,Secondary Road,,,,,1
code:50396,50396,,,Secondary Road,,,,,1
code:42104,42104,,,Secondary Road,,,,,1
code:40081,40081,,,Secondary Road,,,,,1
code:44144,44144,,,Secondary Road,,,,,1
code:40132,40132,,,Secondary Road,,,,,1
code:48424,48424,,,Secondary Road,,,,,1
code:42808,42808,,,Secondary Road,,,,,1
code:40018,40018,,,Secondary Road,,,,,1
code:41353,41353,,,Secondary Road,,,,,1
code:42625,42625,,,Secondary Road,,,,,1
code:40903,40903,,,Secondary Road,,,,,1
code:49541,49541,,,Secondary Road,,,,,1
code:47401,47401,,,Secondary Road,,,,,1
code:44143,44143,,,Secondary Road,,,,,1
code:41571,41571,,,Secondary Road,,,,,1
code:40232,40232,,,Secondary Road,,,,,1
code:43707,43707,,,Secondary Road,,,,,1
code:50323,50323,,,Secondary Road,,,,,1
code:50968,50968,,,Secondary Road,,,,,1
code:41865,41865,,,Secondary Road,,,,,1
code:43514,43514,,,Secondary Road,,,,,1
code:42101,42101,,,Secondary Road,,,,,1
code:44082,44082,,,Secondary Road,,,,,1
code:43771,43771,,,Secondary Road,,,,,1
code:40572,40572,,,Secondary Road,,,,,1
code:41501,41501,,,Secondary Road,,,,,1
code:51536,51536,,,Secondary Road,,,,,1
code:53040,53040,,,Secondary Road,,,,,1
code:48124,48124,,,Secondary Road,,,,,1
code:49394,49394,,,Secondary Road,,,,,1
code:40963,40963,,,Secondary Road,,,,,1
code:42544,42544,,,Secondary Road,,,,,1
code:40329,40329,,,Secondary Road,,,,,1
code:48426,48426,,,Secondary Road,,,,,1
code:49764,49764,,,Secondary Road,,,,,1
code:44180,44180,,,Secondary Road,,,,,1
code:41565,41565,,,Secondary Road,,,,,1
code:48926,48926,,,Secondary Road,,,,,1
code:43578,43578,,,Secondary Road,,,,,1
code:49489,49489,,,Secondary Road,,,,,1
code:41542,41542,,,Secondary Road,,,,,1
code:43905,43905,,,Secondary Road,,,,,1
code:47890,47890,,,Secondary Road,,,,,1
code:48060,48060,,,Secondary Road,,,,,1
code:46145,46145,,,Secondary Road,,,,,1
code:45409,45409,,,Secondary Road,,,,,1
code:46147,46147,,,Secondary Road,,,,,1
code:46152,46152,,,Secondary Road,,,,,1
code:50266,50266,,,Secondary Road,,,,,1
code:40665,40665,,,Secondary Road,,,,,1
code:50623,50623,,,Secondary Road,,,,,1
code:45007,45007,,,Secondary Road,,,,,1
code:50221,50221,,,Secondary Road,,,,,1
code:45384,45384,,,Secondary Road,,,,,1
code:45475,45475,,,Secondary Road,,,,,1
code:40504,40504,,,Secondary Road,,,,,1
code:40529,40529,,,Secondary Road,,,,,1
code:40974,40974,,,Secondary Road,,,,,1
code:45241,45241,,,Secondary Road,,,,,1
code:50543,50543,,,Secondary Road,,,,,1
code:47921,47921,,,Secondary Road,,,,,1
code:42742,42742,,,Secondary Road,,,,,1
code:40048,40048,,,Secondary Road,,,,,1
code:44295,44295,,,Secondary Road,,,,,1
code:42170,42170,,,Secondary Road,,,,,1
code:40151,40151,,,Highway,,,,,1
code:43777,43777,,,Secondary Road,,,,,1
code:42691,42691,,,Secondary Road,,,,,1
code:41270,41270,,,Secondary Road,,,,,1
code:49407,49407,,,Secondary Road,,,,,1
code:50312,50312,,,Secondary Road,,,,,1
code:42724,42724,,,Secondary Road,,,,,1
code:43577,43577,,,Secondary Road,,,,,1
code:41519,41519,,,Secondary Road,,,,,1
code:41502,41502,,,Secondary Road,,,,,1
code:50812,50812,,,Secondary Road,,,,,1
code:41905,41905,,,Secondary Road,,,,,1
code:42824,42824,,,Secondary Road,,,,,1
code:43927,43927,,,Secondary Road,,,,,1
code:50711,50711,,,Secondary Road,,,,,1
code:51062,51062,,,Secondary Road,,,,,1
code:50612,50612,,,Secondary Road,,,,,1
code:41855,41855,,,Secondary Road,,,,,1
code:41987,41987,,,Secondary Road,,,,,1
code:51312,51312,,,Secondary Road,,,,,1
code:47504,47504,,,Secondary Road,,,,,1
code:43641,43641,,,Secondary Road,,,,,1
code:46818,46818,,,Secondary Road,,,,,1
code:44027,44027,,,Secondary Road,,,,,1
code:44496,44496,,,Secondary Road,,,,,1
code:44078,44078,,,Secondary Road,,,,,1
code:40783,40783,,,Highway,,,,,1
code:43560,43560,,,Secondary Road,,,,,1
code:41856,41856,,,Secondary Road,,,,,1
code:40970,40970,,,Secondary Road,,,,,1
code:49039,49039,,,Secondary Road,,,,,1
code:50580,50580,,,Secondary Road,,,,,1
code:48139,48139,,,Secondary Road,,,,,1
code:48725,48725,,,Secondary Road,,,,,1
code:43273,43273,,,Secondary Road,,,,,1
code:49584,49584,,,Secondary Road,,,,,1
code:49216,49216,,,Secondary Road,,,,,1
code:40124,40124,,,Secondary Road,,,,,1
code:40543,40543,,,Secondary Road,,,,,1
code:52360,52360,,,Secondary Road,,,,,1
code:53043,53043,,,Secondary Road,,,,,1
code:47229,47229,,,Secondary Road,,,,,1
code:53075,53075,,,Secondary Road,,,,,1
code:44970,44970,,,Secondary Road,,,,,1
code:45872,45872,,,Restricted Road,,,,,1
code:45606,45606,,,Secondary Road,,,,,1
code:45638,45638,,,Secondary Road,,,,,1
code:40775,40775,,,Secondary Road,,,,,1
code:51054,51054,,,Secondary Road,,,,,1
code:49784,49784,,,Secondary Road,,,,,1
code:42113,42113,,,Secondary Road,,,,,1
code:50969,50969,,,Track,,,,,1
code:47110,47110,,,Secondary Road,,,,,1
code:40741,40741,,,Main Road,,,,,1
code:49499,49499,,,Secondary Road,,,,,1
code:47912,47912,,,Secondary Road,,,,,1
code:44836,44836,,,Secondary Road,,,,,1
code:44136,44136,,,Secondary Road,,,,,1
code:46908,46908,,,Secondary Road,,,,,1
code:42096,42096,,,Secondary Road,,,,,1
code:43417,43417,,,Secondary Road,,,,,1
code:48759,48759,,,Secondary Road,,,,,1
code:46194,46194,,,Main Road,,,,,1
code:47784,47784,,,Secondary Road,,,,,1
code:45433,45433,,,Secondary Road,,,,,1
code:46973,46973,,,Secondary Road,,,,,1
code:49763,49763,,,Secondary Road,,,,,1
code:53107,53107,,,Secondary Road,,,,,1
code:45358,45358,,,Secondary Road,,,,,1
code:50674,50674,,,Secondary Road,,,,,1
code:47341,47341,,,Secondary Road,,,,,1
code:50617,50617,,,Secondary Road,,,,,1
code:43654,43654,,,Secondary Road,,,,,1
code:47916,47916,,,Highway,,,,,1
code:49745,49745,,,Secondary Road,,,,,1
code:51385,51385,,,Secondary Road,,,,,1
code:47073,47073,,,Secondary Road,,,,,1
code:42693,42693,,,Secondary Road,,,,,1
code:43515,43515,,,Secondary Road,,,,,1
code:40239,40239,,,Secondary Road,,,,,1
code:49320,49320,,,Secondary Road,,,,,1
code:44140,44140,,,Secondary Road,,,,,1
code:40446,40446,,,Secondary Road,,,,,1
code:47323,47323,,,Secondary Road,,,,,1
code:50306,50306,,,Secondary Road,,,,,1
code:47348,47348,,,Secondary Road,,,,,1
code:40085,40085,,,Secondary Road,,,,,1
code:46362,46362,,,Main Road,,,,,1
code:47384,47384,,,Secondary Road,,,,,1
code:40539,40539,,,Secondary Road,,,,,1
code:49213,49213,,,Secondary Road,,,,,1
code:52889,52889,,,Secondary Road,,,,,1
code:45051,45051,,,Secondary Road,,,,,1
code:40607,40607,,,Secondary Road,,,,,1
code:52060,52060,,,Secondary Road,,,,,1
code:50199,50199,,,Secondary Road,,,,,1
code:51132,51132,,,Secondary Road,,,,,1
code:40565,40565,,,Secondary Road,,,,,1
code:45309,45309,,,Secondary Road,,,,,1
code:51670,51670,,,Secondary Road,,,,,1
code:50466,50466,,,Secondary Road,,,,,1
code:45609,45609,,,Secondary Road,,,,,1
code:41599,41599,,,Track,,,,,1
code:45745,45745,,,Secondary Road,,,,,1
code:51636,51636,,,Secondary Road,,,,,1
code:49789,49789,,,Secondary Road,,,,,1
code:43339,43339,,,Secondary Road,,,,,1
code:45720,45720,,,Track,,,,,1
code:45075,45075,,,Secondary Road,,,,,1
code:42810,42810,,,Secondary Road,,,,,1
code:51059,51059,,,Secondary Road,,,,,1
code:47158,47158,,,Secondary Road,,,,,1
code:40306,40306,,,Secondary Road,,,,,1
code:42944,42944,,,Secondary Road,,,,,1
code:42537,42537,,,Secondary Road,,,,,1
code:51002,51002,,,Main Road,,,,,1
code:42644,42644,,,Secondary Road,,,,,1
code:40570,40570,,,Secondary Road,,,,,1
code:51032,51032,,,Secondary Road,,,,,1
code:40095,40095,,,Secondary Road,,,,,1
code:49723,49723,,,Secondary Road,,,,,1
code:51861,51861,,,Secondary Road,,,,,1
code:41942,41942,,,Secondary Road,,,,,1
code:41808,41808,,,Secondary Road,,,,,1
code:42267,42267,,,Secondary Road,,,,,1
code:49623,49623,,,Secondary Road,,,,,1
code:44114,44114,,,Secondary Road,,,,,1
code:49689,49689,,,Secondary Road,,,,,1
code:41740,41740,,,Secondary Road,,,,,1
code:47047,47047,,,Secondary Road,,,,,1
code:40363,40363,,,Secondary Road,,,,,1
code:40261,40261,,,Secondary Road,,,,,1
code:48953,48953,,,Secondary Road,,,,,1
code:47615,47615,,,Secondary Road,,,,,1
code:43414,43414,,,Secondary Road,,,,,1
code:51364,51364,,,Secondary Road,,,,,1
code:45497,45497,,,Secondary Road,,,,,1
code:51549,51549,,,Secondary Road,,,,,1
code:45412,45412,,,Secondary Road,,,,,1
code:45498,45498,,,Restricted Road,,,,,1
code:41167,41167,,,Secondary Road,,,,,1
code:49778,49778,,,Secondary Road,,,,,1
code:50660,50660,,,Secondary Road,,,,,1
code:45429,45429,,,Secondary Road,,,,,1
code:47369,47369,,,Secondary Road,,,,,1
code:49992,49992,,,Main Road,,,,,1
code:50445,50445,,,Secondary Road,,,,,1
code:46265,46265,,,Secondary Road,,,,,1
code:50178,50178,,,Secondary Road,,,,,1
code:43444,43444,,,Secondary Road,,,,,1
code:50896,50896,,,Secondary Road,,,,,1
code:49224,49224,,,Secondary Road,,,,,1
code:50009,50009,,,Secondary Road,,,,,1
code:46148,46148,,,Secondary Road,,,,,1
code:45583,45583,,,Secondary Road,,,,,1
code:45966,45966,,,Secondary Road,,,,,1
code:48856,48856,,,Secondary Road,,,,,1
code:50495,50495,,,Secondary Road,,,,,1
code:46484,46484,,,Secondary Road,,,,,1
code:42471,42471,,,Secondary Road,,,,,1
code:43025,43025,,,Secondary Road,,,,,1
code:50042,50042,,,Secondary Road,,,,,1
code:49878,49878,,,Secondary Road,,,,,1
code:43357,43357,,,Secondary Road,,,,,1
code:45947,45947,,,Secondary Road,,,,,1
code:49674,49674,,,Secondary Road,,,,,1
code:42976,42976,,,Secondary Road,,,,,1
code:53135,53135,,,Secondary Road,,,,,1
code:50610,50610,,,Secondary Road,,,,,1
code:42103,42103,,,Secondary Road,,,,,1
code:47201,47201,,,Secondary Road,,,,,1
code:40200,40200,,,Secondary Road,,,,,1
code:40850,40850,,,Restricted Road,,,,,1
code:46583,46583,,,Secondary Road,,,,,1
code:47037,47037,,,Secondary Road,,,,,1
code:51531,51531,,,Secondary Road,,,,,1
code:42658,42658,,,Secondary Road,,,,,1
code:43576,43576,,,Secondary Road,,,,,1
code:43661,43661,,,Secondary Road,,,,,1
code:50613,50613,,,Secondary Road,,,,,1
code:43784,43784,,,Secondary Road,,,,,1
code:49049,49049,,,Secondary Road,,,,,1
code:49349,49349,,,Secondary Road,,,,,1
code:40978,40978,,,Secondary Road,,,,,1
code:50134,50134,,,Secondary Road,,,,,1
code:46492,46492,,,Secondary Road,,,,,1
code:49268,49268,,,Secondary Road,,,,,1
code:53095,53095,,,Secondary Road,,,,,1
code:46558,46558,,,Secondary Road,,,,,1
code:49985,49985,,,Secondary Road,,,,,1
code:47911,47911,,,Secondary Road,,,,,1
code:47998,47998,,,Secondary Road,,,,,1
code:49164,49164,,,Secondary Road,,,,,1
code:44254,44254,,,Secondary Road,,,,,1
code:49047,49047,,,Secondary Road,,,,,1
code:46141,46141,,,Secondary Road,,,,,1
code:45505,45505,,,Secondary Road,,,,,1
code:40676,40676,,,Secondary Road,,,,,1
code:40627,40627,,,Secondary Road,,,,,1
code:40659,40659,,,Main Road,,,,,1
code:41044,41044,,,Secondary Road,,,,,1
code:51304,51304,,,Secondary Road,,,,,1
code:50268,50268,,,Secondary Road,,,,,1
code:48379,48379,,,Secondary Road,,,,,1
code:49519,49519,,,Secondary Road,,,,,1
code:51604,51604,,,Secondary Road,,,,,1
code:48230,48230,,,Secondary Road,,,,,1
code:51072,51072,,,Secondary Road,,,,,1
code:43165,43165,,,Secondary Road,,,,,1
code:50102,50102,,,Secondary Road,,,,,1
code:49919,49919,,,Secondary Road,,,,,1
code:50653,50653,,,Secondary Road,,,,,1
code:50036,50036,,,Secondary Road,,,,,1
code:49970,49970,,,Secondary Road,,,,,1
code:45990,45990,,,Secondary Road,,,,,1
code:51440,51440,,,Secondary Road,,,,,1
code:51055,51055,,,Secondary Road,,,,,1
code:40042,40042,,,Secondary Road,,,,,1
code:43767,43767,,,Secondary Road,,,,,1
code:51270,51270,,,Secondary Road,,,,,1
code:50736,50736,,,Secondary Road,,,,,1
code:44137,44137,,,Secondary Road,,,,,1
code:44822,44822,,,Secondary Road,,,,,1
code:49334,49334,,,Secondary Road,,,,,1
code:42631,42631,,,Secondary Road,,,,,1
code:40093,40093,,,Secondary Road,,,,,1
code:49466,49466,,,Secondary Road,,,,,1
code:44518,44518,,,Secondary Road,,,,,1
code:49081,49081,,,Secondary Road,,,,,1
code:43601,43601,,,Secondary Road,,,,,1
code:46677,46677,,,Secondary Road,,,,,1
code:43967,43967,,,Secondary Road,,,,,1
code:43969,43969,,,Secondary Road,,,,,1
code:43901,43901,,,Secondary Road,,,,,1
code:40391,40391,,,Secondary Road,,,,,1
code:44522,44522,,,Secondary Road,,,,,1
code:41190,41190,,,Secondary Road,,,,,1
code:45000,45000,,,Secondary Road,,,,,1
code:40745,40745,,,Secondary Road,,,,,1
code:46529,46529,,,Secondary Road,,,,,1
code:45159,45159,,,Secondary Road,,,,,1
code:45938,45938,,,Secondary Road,,,,,1
code:50484,50484,,,Secondary Road,,,,,1
code:44132,44132,,,Secondary Road,,,,,1
code:41090,41090,,,Secondary Road,,,,,1
code:43664,43664,,,Secondary Road,,,,,1
code:50614,50614,,,Secondary Road,,,,,1
code:43921,43921,,,Secondary Road,,,,,1
code:44659,44659,,,Secondary Road,,,,,1
code:44559,44559,,,Secondary Road,,,,,1
code:49339,49339,,,Secondary Road,,,,,1
code:47072,47072,,,Secondary Road,,,,,1
code:42628,42628,,,Secondary Road,,,,,1
code:53324,53324,,,Secondary Road,,,,,1
code:51443,51443,,,Secondary Road,,,,,1
code:47399,47399,,,Secondary Road,,,,,1
code:47533,47533,,,Secondary Road,,,,,1
code:46706,46706,,,Secondary Road,,,,,1
code:50641,50641,,,Secondary Road,,,,,1
code:40445,40445,,,Secondary Road,,,,,1
code:46565,46565,,,Secondary Road,,,,,1
code:51377,51377,,,Secondary Road,,,,,1
code:41858,41858,,,Secondary Road,,,,,1
code:53224,53224,,,Secondary Road,,,,,1
code:42819,42819,,,Secondary Road,,,,,1
code:47567,47567,,,Secondary Road,,,,,1
code:49280,49280,,,Secondary Road,,,,,1
code:50046,50046,,,Secondary Road,,,,,1
code:45102,45102,,,Secondary Road,,,,,1
code:51411,51411,,,Secondary Road,,,,,1
code:45057,45057,,,Secondary Road,,,,,1
code:43430,43430,,,Secondary Road,,,,,1
code:42305,42305,,,Secondary Road,,,,,1
code:43059,43059,,,Secondary Road,,,,,1
code:41387,41387,,,Secondary Road,,,,,1
code:45614,45614,,,Secondary Road,,,,,1
code:45631,45631,,,Secondary Road,,,,,1
code:50526,50526,,,Secondary Road,,,,,1
code:41670,41670,,,Secondary Road,,,,,1
code:45381,45381,,,Secondary Road,,,,,1
code:51579,51579,,,Track,,,,,1
code:51347,51347,,,Secondary Road,,,,,1
code:50476,50476,,,Secondary Road,,,,,1
code:47000,47000,,,Secondary Road,,,,,1
code:49725,49725,,,Secondary Road,,,,,1
code:41923,41923,,,Secondary Road,,,,,1
code:41970,41970,,,Secondary Road,,,,,1
code:41973,41973,,,Secondary Road,,,,,1
code:40901,40901,,,Secondary Road,,,,,1
code:51061,51061,,,Secondary Road,,,,,1
code:46753,46753,,,Secondary Road,,,,,1
code:41870,41870,,,Secondary Road,,,,,1
code:44763,44763,,,Secondary Road,,,,,1
code:47068,47068,,,Secondary Road,,,,,1
code:40383,40383,,,Highway,,,,,1
code:41588,41588,,,Secondary Road,,,,,1
code:51498,51498,,,Secondary Road,,,,,1
code:44128,44128,,,Secondary Road,,,,,1
code:40734,40734,,,Secondary Road,,,,,1
code:49540,49540,,,Secondary Road,,,,,1
code:41570,41570,,,Secondary Road,,,,,1
code:50744,50744,,,Secondary Road,,,,,1
code:51447,51447,,,Secondary Road,,,,,1
code:47350,47350,,,Secondary Road,,,,,1
code:50215,50215,,,Secondary Road,,,,,1
code:40973,40973,,,Secondary Road,,,,,1
code:47171,47171,,,Secondary Road,,,,,1
code:48829,48829,,,Secondary Road,,,,,1
code:45478,45478,,,Secondary Road,,,,,1
code:46489,46489,,,Secondary Road,,,,,1
code:53323,53323,,,Secondary Road,,,,,1
code:45610,45610,,,Secondary Road,,,,,1
code:45567,45567,,,Secondary Road,,,,,1
code:43188,43188,,,Secondary Road,,,,,1
code:43563,43563,,,Secondary Road,,,,,1
code:45678,45678,,,Secondary Road,,,,,1
code:45860,45860,,,Main Road,,,,,1
code:46428,46428,,,Secondary Road,,,,,1
code:51065,51065,,,Secondary Road,,,,,1
code:40162,40162,,,Secondary Road,,,,,1
code:41323,41323,,,Secondary Road,,,,,1
code:51433,51433,,,Secondary Road,,,,,1
code:47943,47943,,,Secondary Road,,,,,1
code:47207,47207,,,Secondary Road,,,,,1
code:40737,40737,,,Secondary Road,,,,,1
code:49704,49704,,,Secondary Road,,,,,1
code:42595,42595,,,Secondary Road,,,,,1
code:44492,44492,,,Secondary Road,,,,,1
code:42870,42870,,,Secondary Road,,,,,1
code:50308,50308,,,Secondary Road,,,,,1
code:51001,51001,,,Secondary Road,,,,,1
code:40723,40723,,,Secondary Road,,,,,1
code:40180,40180,,,Restricted Road,,,,,1
code:48568,48568,,,Secondary Road,,,,,1
code:51108,51108,,,Secondary Road,,,,,1
code:51301,51301,,,Secondary Road,,,,,1
code:42352,42352,,,Secondary Road,,,,,1
code:50440,50440,,,Secondary Road,,,,,1
code:43286,43286,,,Secondary Road,,,,,1
code:40971,40971,,,Secondary Road,,,,,1
code:43279,43279,,,Secondary Road,,,,,1
code:42186,42186,,,Secondary Road,,,,,1
code:41257,41257,,,Secondary Road,,,,,1
code:51503,51503,,,Secondary Road,,,,,1
code:47316,47316,,,Main Road,,,,,1
code:51210,51210,,,Secondary Road,,,,,1
code:47759,47759,,,Secondary Road,,,,,1
code:49506,49506,,,Secondary Road,,,,,1
code:43447,43447,,,Secondary Road,,,,,1
code:51478,51478,,,Secondary Road,,,,,1
code:45419,45419,,,Secondary Road,,,,,1
code:43297,43297,,,Secondary Road,,,,,1
code:50706,50706,,,Secondary Road,,,,,1
code:46112,46112,,,Secondary Road,,,,,1
code:42375,42375,,,Secondary Road,,,,,1
code:45819,45819,,,Secondary Road,,,,,1
code:45812,45812,,,Secondary Road,,,,,1
code:50649,50649,,,Secondary Road,,,,,1
code:42425,42425,,,Secondary Road,,,,,1
code:51160,51160,,,Secondary Road,,,,,1
code:47841,47841,,,Secondary Road,,,,,1
code:45576,45576,,,Secondary Road,,,,,1
code:45976,45976,,,Secondary Road,,,,,1
code:46448,46448,,,Secondary Road,,,,,1
code:49913,49913,,,Secondary Road,,,,,1
code:43804,43804,,,Secondary Road,,,,,1
code:43640,43640,,,Secondary Road,,,,,1
code:47048,47048,,,Secondary Road,,,,,1
code:44826,44826,,,Secondary Road,,,,,1
code:42100,42100,,,Secondary Road,,,,,1
code:47409,47409,,,Secondary Road,,,,,1
code:47748,47748,,,Secondary Road,,,,,1
code:49331,49331,,,Secondary Road,,,,,1
code:41575,41575,,,Secondary Road,,,,,1
code:41782,41782,,,Secondary Road,,,,,1
code:47734,47734,,,Secondary Road,,,,,1
code:50960,50960,,,Secondary Road,,,,,1
code:44022,44022,,,Secondary Road,,,,,1
code:53064,53064,,,Secondary Road,,,,,1
code:41103,41103,,,Secondary Road,,,,,1
code:46416,46416,,,Secondary Road,,,,,1
code:45061,45061,,,Secondary Road,,,,,1
code:50277,50277,,,Secondary Road,,,,,1
code:45416,45416,,,Secondary Road,,,,,1
code:45415,45415,,,Secondary Road,,,,,1
code:51064,51064,,,Secondary Road,,,,,1
code:42039,42039,,,Secondary Road,,,,,1
code:46333,46333,,,Secondary Road,,,,,1
code:44594,44594,,,Secondary Road,,,,,1
code:51396,51396,,,Secondary Road,,,,,1
code:46970,46970,,,Secondary Road,,,,,1
code:50359,50359,,,Secondary Road,,,,,1
code:42053,42053,,,Secondary Road,,,,,1
code:47251,47251,,,Secondary Road,,,,,1
code:45129,45129,,,Secondary Road,,,,,1
code:44562,44562,,,Secondary Road,,,,,1
code:42054,42054,,,Secondary Road,,,,,1
code:50931,50931,,,Secondary Road,,,,,1
code:40549,40549,,,Secondary Road,,,,,1
code:46551,46551,,,Secondary Road,,,,,1
code:50695,50695,,,Secondary Road,,,,,1
code:44912,44912,,,Secondary Road,,,,,1
code:46452,46452,,,Secondary Road,,,,,1
code:46348,46348,,,Secondary Road,,,,,1
code:51163,51163,,,Secondary Road,,,,,1
code:45698,45698,,,Secondary Road,,,,,1
code:40972,40972,,,Secondary Road,,,,,1
code:43405,43405,,,Secondary Road,,,,,1
code:44807,44807,,,Secondary Road,,,,,1
code:41138,41138,,,Secondary Road,,,,,1
code:53106,53106,,,Secondary Road,,,,,1
code:43280,43280,,,Secondary Road,,,,,1
code:41574,41574,,,Secondary Road,,,,,1
code:50893,50893,,,Secondary Road,,,,,1
code:45477,45477,,,Secondary Road,,,,,1
code:40606,40606,,,Secondary Road,,,,,1
code:46222,46222,,,Secondary Road,,,,,1
code:45275,45275,,,Secondary Road,,,,,1
code:47990,47990,,,Secondary Road,,,,,1
code:50632,50632,,,Secondary Road,,,,,1
code:40899,40899,,,Secondary Road,,,,,1
code:47288,47288,,,Secondary Road,,,,,1
code:44582,44582,,,Secondary Road,,,,,1
code:46949,46949,,,Secondary Road,,,,,1
code:53074,53074,,,Secondary Road,,,,,1
code:45411,45411,,,Secondary Road,,,,,1
code:46456,46456,,,Secondary Road,,,,,1
code:42301,42301,,,Secondary Road,,,,,1
code:46654,46654,,,Secondary Road,,,,,1
code:43244,43244,,,Secondary Road,,,,,1
code:43205,43205,,,Secondary Road,,,,,1
code:47383,47383,,,Secondary Road,,,,,1
code:51527,51527,,,Secondary Road,,,,,1
code:51091,51091,,,Secondary Road,,,,,1
code:46579,46579,,,Secondary Road,,,,,1
code:46820,46820,,,Secondary Road,,,,,1
code:47915,47915,,,Highway,,,,,1
code:49464,49464,,,Secondary Road,,,,,1
code:41274,41274,,,Secondary Road,,,,,1
code:44141,44141,,,Secondary Road,,,,,1
code:47858,47858,,,Secondary Road,,,,,1
code:40906,40906,,,Secondary Road,,,,,1
code:50732,50732,,,Track,,,,,1
code:47683,47683,,,Secondary Road,,,,,1
code:44179,44179,,,Secondary Road,,,,,1
code:50713,50713,,,Secondary Road,,,,,1
code:46934,46934,,,Secondary Road,,,,,1
code:44847,44847,,,Secondary Road,,,,,1
code:50778,50778,,,Secondary Road,,,,,1
code:49492,49492,,,Secondary Road,,,,,1
code:41335,41335,,,Secondary Road,,,,,1
code:50645,50645,,,Secondary Road,,,,,1
code:47387,47387,,,Secondary Road,,,,,1
code:51231,51231,,,Secondary Road,,,,,1
code:49527,49527,,,Secondary Road,,,,,1
code:50260,50260,,,Secondary Road,,,,,1
code:51045,51045,,,Secondary Road,,,,,1
code:47337,47337,,,Secondary Road,,,,,1
code:47302,47302,,,Secondary Road,,,,,1
code:44462,44462,,,Secondary Road,,,,,1
code:53103,53103,,,Secondary Road,,,,,1
code:42657,42657,,,Secondary Road,,,,,1
code:49810,49810,,,Secondary Road,,,,,1
code:49360,49360,,,Secondary Road,,,,,1
code:49524,49524,,,Secondary Road,,,,,1
code:50428,50428,,,Secondary Road,,,,,1
code:51196,51196,,,Secondary Road,,,,,1
code:47187,47187,,,Secondary Road,,,,,1
code:43276,43276,,,Secondary Road,,,,,1
code:46116,46116,,,Secondary Road,,,,,1
code:50570,50570,,,Secondary Road,,,,,1
code:44052,44052,,,Secondary Road,,,,,1
code:46994,46994,,,Secondary Road,,,,,1
code:42112,42112,,,Secondary Road,,,,,1
code:50153,50153,,,Secondary Road,,,,,1
code:46143,46143,,,Secondary Road,,,,,1
code:41078,41078,,,Secondary Road,,,,,1
code:49700,49700,,,Secondary Road,,,,,1
code:51204,51204,,,Secondary Road,,,,,1
code:46092,46092,,,Secondary Road,,,,,1
code:42229,42229,,,Secondary Road,,,,,1
code:46611,46611,,,Secondary Road,,,,,1
code:43282,43282,,,Secondary Road,,,,,1
code:43284,43284,,,Secondary Road,,,,,1
code:43467,43467,,,Secondary Road,,,,,1
code:49217,49217,,,Secondary Road,,,,,1
code:47009,47009,,,Secondary Road,,,,,1
code:47296,47296,,,Secondary Road,,,,,1
code:50019,50019,,,Secondary Road,,,,,1
code:40895,40895,,,Secondary Road,,,,,1
code:41178,41178,,,Secondary Road,,,,,1
code:50002,50002,,,Secondary Road,,,,,1
code:45892,45892,,,Secondary Road,,,,,1
code:50204,50204,,,Secondary Road,,,,,1
code:45439,45439,,,Secondary Road,,,,,1
code:44571,44571,,,Secondary Road,,,,,1
code:46660,46660,,,Secondary Road,,,,,1
code:45788,45788,,,Main Road,,,,,1
code:43182,43182,,,Secondary Road,,,,,1
code:40688,40688,,,Secondary Road,,,,,1
code:51520,51520,,,Secondary Road,,,,,1
code:45266,45266,,,Secondary Road,,,,,1
code:45227,45227,,,Secondary Road,,,,,1
code:49046,49046,,,Secondary Road,,,,,1
code:50414,50414,,,Secondary Road,,,,,1
code:48401,48401,,,Secondary Road,,,,,1
code:50548,50548,,,Secondary Road,,,,,1
code:40879,40879,,,Secondary Road,,,,,1
code:49982,49982,,,Secondary Road,,,,,1
code:49246,49246,,,Secondary Road,,,,,1
code:47776,47776,,,Secondary Road,,,,,1
code:51182,51182,,,Secondary Road,,,,,1
code:48378,48378,,,Secondary Road,,,,,1
code:49505,49505,,,Secondary Road,,,,,1
code:41258,41258,,,Secondary Road,,,,,1
code:47308,47308,,,Secondary Road,,,,,1
code:49548,49548,,,Secondary Road,,,,,1
code:45961,45961,,,Secondary Road,,,,,1
code:50709,50709,,,Secondary Road,,,,,1
code:42260,42260,,,Secondary Road,,,,,1
code:51441,51441,,,Secondary Road,,,,,1
code:50748,50748,,,Secondary Road,,,,,1
code:44155,44155,,,Secondary Road,,,,,1
code:41692,41692,,,Secondary Road,,,,,1
code:42526,42526,,,Secondary Road,,,,,1
code:46874,46874,,,Secondary Road,,,,,1
code:51284,51284,,,Secondary Road,,,,,1
code:49235,49235,,,Secondary Road,,,,,1
code:48635,48635,,,Secondary Road,,,,,1
code:40956,40956,,,Secondary Road,,,,,1
code:43628,43628,,,Secondary Road,,,,,1
code:42721,42721,,,Secondary Road,,,,,1
code:40522,40522,,,Secondary Road,,,,,1
code:43428,43428,,,Secondary Road,,,,,1
code:41515,41515,,,Secondary Road,,,,,1
code:48676,48676,,,Secondary Road,,,,,1
code:49003,49003,,,Secondary Road,,,,,1
code:50573,50573,,,Secondary Road,,,,,1
code:44584,44584,,,Secondary Road,,,,,1
code:51161,51161,,,Secondary Road,,,,,1
code:48294,48294,,,Secondary Road,,,,,1
code:49796,49796,,,Secondary Road,,,,,1
code:50693,50693,,,Secondary Road,,,,,1
code:47222,47222,,,Secondary Road,,,,,1
code:40997,40997,,,Secondary Road,,,,,1
code:51602,51602,,,Secondary Road,,,,,1
code:42199,42199,,,Highway,,,,,1
code:45186,45186,,,Secondary Road,,,,,1
code:45418,45418,,,Secondary Road,,,,,1
code:41131,41131,,,Secondary Road,,,,,1
code:47190,47190,,,Secondary Road,,,,,1
code:45443,45443,,,Secondary Road,,,,,1
code:42308,42308,,,Secondary Road,,,,,1
code:47758,47758,,,Secondary Road,,,,,1
code:47013,47013,,,Secondary Road,,,,,1
code:49030,49030,,,Secondary Road,,,,,1
code:51261,51261,,,Secondary Road,,,,,1
code:45109,45109,,,Secondary Road,,,,,1
code:45486,45486,,,Secondary Road,,,,,1
code:49998,49998,,,Secondary Road,,,,,1
code:51193,51193,,,Secondary Road,,,,,1
code:50089,50089,,,Secondary Road,,,,,1
code:42067,42067,,,Secondary Road,,,,,1
code:40663,40663,,,Secondary Road,,,,,1
code:50927,50927,,,Secondary Road,,,,,1
code:41140,41140,,,Secondary Road,,,,,1
code:42278,42278,,,Secondary Road,,,,,1
code:45420,45420,,,Secondary Road,,,,,1
code:45341,45341,,,Secondary Road,,,,,1
code:41240,41240,,,Secondary Road,,,,,1
code:45041,45041,,,Secondary Road,,,,,1
code:51425,51425,,,Secondary Road,,,,,1
code:44984,44984,,,Secondary Road,,,,,1
code:43868,43868,,,Secondary Road,,,,,1
code:50569,50569,,,Secondary Road,,,,,1
code:42983,42983,,,Secondary Road,,,,,1
code:46810,46810,,,Secondary Road,,,,,1
code:44521,44521,,,Secondary Road,,,,,1
code:51190,51190,,,Secondary Road,,,,,1
code:40041,40041,,,Secondary Road,,,,,1
code:44034,44034,,,Secondary Road,,,,,1
code:49652,49652,,,Secondary Road,,,,,1
code:49650,49650,,,Secondary Road,,,,,1
code:50622,50622,,,Secondary Road,,,,,1
code:50135,50135,,,Secondary Road,,,,,1
code:51305,51305,,,Secondary Road,,,,,1
code:44972,44972,,,Secondary Road,,,,,1
code:47797,47797,,,Secondary Road,,,,,1
code:49516,49516,,,Secondary Road,,,,,1
code:42028,42028,,,Secondary Road,,,,,1
code:40492,40492,,,Secondary Road,,,,,1
code:45440,45440,,,Secondary Road,,,,,1
code:45270,45270,,,Secondary Road,,,,,1
code:49048,49048,,,Secondary Road,,,,,1
code:47012,47012,,,Secondary Road,,,,,1
code:45521,45521,,,Secondary Road,,,,,1
code:47293,47293,,,Secondary Road,,,,,1
code:44572,44572,,,Secondary Road,,,,,1
code:45508,45508,,,Secondary Road,,,,,1
code:48280,48280,,,Secondary Road,,,,,1
code:46042,46042,,,Secondary Road,,,,,1
code:49165,49165,,,Secondary Road,,,,,1
code:45274,45274,,,Secondary Road,,,,,1
code:49167,49167,,,Secondary Road,,,,,1
code:43302,43302,,,Secondary Road,,,,,1
code:45489,45489,,,Secondary Road,,,,,1
code:43766,43766,,,Secondary Road,,,,,1
code:47529,47529,,,Secondary Road,,,,,1
code:47544,47544,,,Secondary Road,,,,,1
code:49418,49418,,,Secondary Road,,,,,1
code:44904,44904,,,Secondary Road,,,,,1
code:40107,40107,,,Secondary Road,,,,,1
code:49718,49718,,,Secondary Road,,,,,1
code:44772,44772,,,Secondary Road,,,,,1
code:47895,47895,,,Secondary Road,,,,,1
code:50973,50973,,,Secondary Road,,,,,1
code:47914,47914,,,Highway,,,,,1
code:43610,43610,,,Secondary Road,,,,,1
code:43323,43323,,,Secondary Road,,,,,1
code:50276,50276,,,Secondary Road,,,,,1
code:50362,50362,,,Secondary Road,,,,,1
code:49276,49276,,,Secondary Road,,,,,1
code:48707,48707,,,Secondary Road,,,,,1
code:46649,46649,,,Secondary Road,,,,,1
code:40216,40216,,,Secondary Road,,,,,1
code:47886,47886,,,Secondary Road,,,,,1
code:43274,43274,,,Secondary Road,,,,,1
code:45064,45064,,,Secondary Road,,,,,1
code:45681,45681,,,Secondary Road,,,,,1
code:46450,46450,,,Secondary Road,,,,,1
code:42224,42224,,,Secondary Road,,,,,1
code:50043,50043,,,Secondary Road,,,,,1
code:43024,43024,,,Secondary Road,,,,,1
code:45713,45713,,,Secondary Road,,,,,1
code:46367,46367,,,Secondary Road,,,,,1
code:46449,46449,,,Secondary Road,,,,,1
code:45732,45732,,,Secondary Road,,,,,1
code:46800,46800,,,Secondary Road,,,,,1
code:43810,43810,,,Secondary Road,,,,,1
code:40984,40984,,,Secondary Road,,,,,1
code:50779,50779,,,Secondary Road,,,,,1
code:41419,41419,,,Secondary Road,,,,,1
code:44796,44796,,,Secondary Road,,,,,1
code:43878,43878,,,Secondary Road,,,,,1
code:42823,42823,,,Secondary Road,,,,,1
code:49256,49256,,,Secondary Road,,,,,1
code:51596,51596,,,Secondary Road,,,,,1
code:51599,51599,,,Secondary Road,,,,,1
code:50259,50259,,,Secondary Road,,,,,1
code:44243,44243,,,Secondary Road,,,,,1
code:49273,49273,,,Secondary Road,,,,,1
code:47252,47252,,,Secondary Road,,,,,1
code:43358,43358,,,Secondary Road,,,,,1
code:51432,51432,,,Secondary Road,,,,,1
code:42490,42490,,,Restricted Road,,,,,1
code:49427,49427,,,Secondary Road,,,,,1
code:40014,40014,,,Secondary Road,,,,,1
code:50159,50159,,,Secondary Road,,,,,1
code:46933,46933,,,Secondary Road,,,,,1
code:51063,51063,,,Secondary Road,,,,,1
code:43408,43408,,,Restricted Road,,,,,1
code:49710,49710,,,Secondary Road,,,,,1
code:53303,53303,,,Main Road,,,,,1
code:41371,41371,,,Secondary Road,,,,,1
code:50777,50777,,,Secondary Road,,,,,1
code:40049,40049,,,Secondary Road,,,,,1
code:43876,43876,,,Secondary Road,,,,,1
code:40735,40735,,,Secondary Road,,,,,1
code:40150,40150,,,Highway,,,,,1
code:41622,41622,,,Secondary Road,,,,,1
code:41739,41739,,,Restricted Road,,,,,1
code:47455,47455,,,Secondary Road,,,,,1
code:41872,41872,,,Secondary Road,,,,,1
code:48270,48270,,,Secondary Road,,,,,1
code:49441,49441,,,Secondary Road,,,,,1
code:40586,40586,,,Secondary Road,,,,,1
code:44694,44694,,,Secondary Road,,,,,1
code:51014,51014,,,Secondary Road,,,,,1
code:41268,41268,,,Secondary Road,,,,,1
code:46901,46901,,,Secondary Road,,,,,1
code:40968,40968,,,Secondary Road,,,,,1
code:53304,53304,,,Secondary Road,,,,,1
code:47101,47101,,,Secondary Road,,,,,1
code:50710,50710,,,Secondary Road,,,,,1
code:49323,49323,,,Secondary Road,,,,,1
code:51145,51145,,,Secondary Road,,,,,1
code:44585,44585,,,Secondary Road,,,,,1
code:46525,46525,,,Secondary Road,,,,,1
code:41177,41177,,,Secondary Road,,,,,1
code:50067,50067,,,Secondary Road,,,,,1
code:49535,49535,,,Secondary Road,,,,,1
code:45421,45421,,,Secondary Road,,,,,1
code:50435,50435,,,Secondary Road,,,,,1
code:47763,47763,,,Secondary Road,,,,,1
code:40709,40709,,,Secondary Road,,,,,1
code:41026,41026,,,Secondary Road,,,,,1
code:49082,49082,,,Secondary Road,,,,,1
code:41243,41243,,,Secondary Road,,,,,1
code:47363,47363,,,Secondary Road,,,,,1
code:46527,46527,,,Secondary Road,,,,,1
code:46610,46610,,,Secondary Road,,,,,1
code:45438,45438,,,Secondary Road,,,,,1
code:46106,46106,,,Secondary Road,,,,,1
code:51505,51505,,,Secondary Road,,,,,1
code:43285,43285,,,Secondary Road,,,,,1
code:46544,46544,,,Secondary Road,,,,,1
code:50837,50837,,,Secondary Road,,,,,1
code:40675,40675,,,Secondary Road,,,,,1
code:50635,50635,,,Secondary Road,,,,,1
code:45942,45942,,,Secondary Road,,,,,1
code:45155,45155,,,Secondary Road,,,,,1
code:40858,40858,,,Restricted Road,,,,,1
code:49752,49752,,,Secondary Road,,,,,1
code:48882,48882,,,Secondary Road,,,,,1
code:43049,43049,,,Secondary Road,,,,,1
code:45591,45591,,,Secondary Road,,,,,1
code:45723,45723,,,Secondary Road,,,,,1
code:49852,49852,,,Secondary Road,,,,,1
code:45070,45070,,,Secondary Road,,,,,1
code:51500,51500,,,Secondary Road,,,,,1
code:51559,51559,,,Secondary Road,,,,,1
code:42008,42008,,,Secondary Road,,,,,1
code:40904,40904,,,Secondary Road,,,,,1
code:44175,44175,,,Secondary Road,,,,,1
code:43680,43680,,,Secondary Road,,,,,1
code:49419,49419,,,Secondary Road,,,,,1
code:48821,48821,,,Secondary Road,,,,,1
code:49496,49496,,,Secondary Road,,,,,1
code:47692,47692,,,Secondary Road,,,,,1
code:46888,46888,,,Secondary Road,,,,,1
code:47815,47815,,,Secondary Road,,,,,1
code:49621,49621,,,Secondary Road,,,,,1
code:47760,47760,,,Secondary Road,,,,,1
code:47756,47756,,,Secondary Road,,,,,1
code:49498,49498,,,Secondary Road,,,,,1
code:48251,48251,,,Highway,,,,,1
code:50664,50664,,,Secondary Road,,,,,1
code:50834,50834,,,Secondary Road,,,,,1
code:49364,49364,,,Secondary Road,,,,,1
code:45484,45484,,,Secondary Road,,,,,1
code:49264,49264,,,Secondary Road,,,,,1
code:50055,50055,,,Secondary Road,,,,,1
code:40672,40672,,,Secondary Road,,,,,1
code:40874,40874,,,Secondary Road,,,,,1
code:50430,50430,,,Secondary Road,,,,,1
code:50766,50766,,,Secondary Road,,,,,1
code:42501,42501,,,Secondary Road,,,,,1
code:45509,45509,,,Secondary Road,,,,,1
code:51327,51327,,,Secondary Road,,,,,1
code:42176,42176,,,Secondary Road,,,,,1
code:50264,50264,,,Secondary Road,,,,,1
code:49221,49221,,,Secondary Road,,,,,1
code:42548,42548,,,Secondary Road,,,,,1
code:47894,47894,,,Secondary Road,,,,,1
code:44371,44371,,,Secondary Road,,,,,1
code:44903,44903,,,Secondary Road,,,,,1
code:44620,44620,,,Secondary Road,,,,,1
code:49685,49685,,,Secondary Road,,,,,1
code:40259,40259,,,Secondary Road,,,,,1
code:42965,42965,,,Secondary Road,,,,,1
code:43703,43703,,,Secondary Road,,,,,1
code:41527,41527,,,Secondary Road,,,,,1
code:42582,42582,,,Secondary Road,,,,,1
code:46828,46828,,,Secondary Road,,,,,1
code:41978,41978,,,Secondary Road,,,,,1
code:47011,47011,,,Secondary Road,,,,,1
code:48315,48315,,,Secondary Road,,,,,1
code:43552,43552,,,Secondary Road,,,,,1
code:40106,40106,,,Secondary Road,,,,,1
code:48198,48198,,,Main Road,,,,,1
code:47226,47226,,,Secondary Road,,,,,1
code:44320,44320,,,Secondary Road,,,,,1
code:48832,48832,,,Secondary Road,,,,,1
code:47245,47245,,,Secondary Road,,,,,1
code:50636,50636,,,Secondary Road,,,,,1
code:50085,50085,,,Secondary Road,,,,,1
code:49515,49515,,,Secondary Road,,,,,1
code:50451,50451,,,Secondary Road,,,,,1
code:46224,46224,,,Secondary Road,,,,,1
code:45103,45103,,,Secondary Road,,,,,1
code:42197,42197,,,Secondary Road,,,,,1
code:42195,42195,,,Secondary Road,,,,,1
code:48215,48215,,,Main Road,,,,,1
code:42012,42012,,,Secondary Road,,,,,1
code:45454,45454,,,Secondary Road,,,,,1
code:43265,43265,,,Secondary Road,,,,,1
code:49517,49517,,,Secondary Road,,,,,1
code:48732,48732,,,Secondary Road,,,,,1
code:41195,41195,,,Secondary Road,,,,,1
code:47981,47981,,,Main Road,,,,,1
code:40557,40557,,,Secondary Road,,,,,1
code:41227,41227,,,Secondary Road,,,,,1
code:46156,46156,,,Secondary Road,,,,,1
code:43318,43318,,,Secondary Road,,,,,1
code:41144,41144,,,Secondary Road,,,,,1
code:46243,46243,,,Secondary Road,,,,,1
code:43299,43299,,,Secondary Road,,,,,1
code:50887,50887,,,Secondary Road,,,,,1
code:49183,49183,,,Secondary Road,,,,,1
code:46209,46209,,,Secondary Road,,,,,1
code:40957,40957,,,Secondary Road,,,,,1
code:44533,44533,,,Secondary Road,,,,,1
code:49670,49670,,,Secondary Road,,,,,1
code:41464,41464,,,Secondary Road,,,,,1
code:40071,40071,,,Secondary Road,,,,,1
code:47091,47091,,,Secondary Road,,,,,1
code:40428,40428,,,Secondary Road,,,,,1
code:42818,42818,,,Secondary Road,,,,,1
code:40153,40153,,,Secondary Road,,,,,1
code:44969,44969,,,Secondary Road,,,,,1
code:50667,50667,,,Secondary Road,,,,,1
code:50449,50449,,,Secondary Road,,,,,1
code:50781,50781,,,Secondary Road,,,,,1
code:47991,47991,,,Secondary Road,,,,,1
code:41557,41557,,,Secondary Road,,,,,1
code:47230,47230,,,Secondary Road,,,,,1
code:47273,47273,,,Secondary Road,,,,,1
code:47766,47766,,,Secondary Road,,,,,1
code:51042,51042,,,Secondary Road,,,,,1
code:40839,40839,,,Secondary Road,,,,,1
code:45701,45701,,,Secondary Road,,,,,1
code:40596,40596,,,Secondary Road,,,,,1
code:43004,43004,,,Secondary Road,,,,,1
code:43979,43979,,,Secondary Road,,,,,1
code:45058,45058,,,Secondary Road,,,,,1
code:42418,42418,,,Restricted Road,,,,,1
code:43154,43154,,,Secondary Road,,,,,1
code:42475,42475,,,Secondary Road,,,,,1
code:53047,53047,,,Secondary Road,,,,,1
code:48637,48637,,,Secondary Road,,,,,1
code:50639,50639,,,Secondary Road,,,,,1
code:41790,41790,,,Secondary Road,,,,,1
code:44266,44266,,,Secondary Road,,,,,1
code:51409,51409,,,Secondary Road,,,,,1
code:42921,42921,,,Secondary Road,,,,,1
code:51175,51175,,,Secondary Road,,,,,1
code:50716,50716,,,Secondary Road,,,,,1
code:51107,51107,,,Secondary Road,,,,,1
code:44657,44657,,,Secondary Road,,,,,1
code:46506,46506,,,Secondary Road,,,,,1
code:41449,41449,,,Secondary Road,,,,,1
code:47967,47967,,,Main Road,,,,,1
code:45300,45300,,,Secondary Road,,,,,1
code:51207,51207,,,Secondary Road,,,,,1
code:46261,46261,,,Secondary Road,,,,,1
code:40654,40654,,,Secondary Road,,,,,1
code:53088,53088,,,Secondary Road,,,,,1
code:51143,51143,,,Secondary Road,,,,,1
code:41247,41247,,,Secondary Road,,,,,1
code:51252,51252,,,Secondary Road,,,,,1
code:46629,46629,,,Secondary Road,,,,,1
code:43194,43194,,,Secondary Road,,,,,1
code:45134,45134,,,Secondary Road,,,,,1
code:42226,42226,,,Secondary Road,,,,,1
code:49112,49112,,,Secondary Road,,,,,1
code:50514,50514,,,Secondary Road,,,,,1
code:50105,50105,,,Secondary Road,,,,,1
code:51654,51654,,,Secondary Road,,,,,1
code:49839,49839,,,Secondary Road,,,,,1
code:50475,50475,,,Secondary Road,,,,,1
code:51652,51652,,,Secondary Road,,,,,1
code:45770,45770,,,Secondary Road,,,,,1
code:45995,45995,,,Secondary Road,,,,,1
code:40867,40867,,,Secondary Road,,,,,1
code:41067,41067,,,Secondary Road,,,,,1
code:45516,45516,,,Secondary Road,,,,,1
code:50895,50895,,,Secondary Road,,,,,1
code:42289,42289,,,Secondary Road,,,,,1
code:53321,53321,,,Secondary Road,,,,,1
code:50127,50127,,,Secondary Road,,,,,1
code:47270,47270,,,Secondary Road,,,,,1
code:51046,51046,,,Secondary Road,,,,,1
code:45011,45011,,,Secondary Road,,,,,1
code:49910,49910,,,Secondary Road,,,,,1
code:51614,51614,,,Secondary Road,,,,,1
code:45665,45665,,,Secondary Road,,,,,1
code:42257,42257,,,Secondary Road,,,,,1
code:44961,44961,,,Secondary Road,,,,,1
code:46716,46716,,,Track,,,,,1
code:47137,47137,,,Secondary Road,,,,,1
code:40568,40568,,,Secondary Road,,,,,1
code:41904,41904,,,Secondary Road,,,,,1
code:41986,41986,,,Secondary Road,,,,,1
code:40349,40349,,,Secondary Road,,,,,1
code:43858,43858,,,Secondary Road,,,,,1
code:42522,42522,,,Secondary Road,,,,,1
code:47402,47402,,,Secondary Road,,,,,1
code:49342,49342,,,Secondary Road,,,,,1
code:49409,49409,,,Secondary Road,,,,,1
code:50255,50255,,,Secondary Road,,,,,1
code:49528,49528,,,Secondary Road,,,,,1
code:51236,51236,,,Secondary Road,,,,,1
code:40397,40397,,,Secondary Road,,,,,1
code:40629,40629,,,Secondary Road,,,,,1
code:42178,42178,,,Secondary Road,,,,,1
code:46052,46052,,,Secondary Road,,,,,1
code:53499,53499,,,Secondary Road,,,,,1
code:50355,50355,,,Secondary Road,,,,,1
code:45618,45618,,,Secondary Road,,,,,1
code:42210,42210,,,Secondary Road,,,,,1
code:42412,42412,,,Secondary Road,,,,,1
code:50900,50900,,,Secondary Road,,,,,1
code:41810,41810,,,Secondary Road,,,,,1
code:50559,50559,,,Secondary Road,,,,,1
code:46756,46756,,,Secondary Road,,,,,1
code:50157,50157,,,Secondary Road,,,,,1
code:40072,40072,,,Secondary Road,,,,,1
code:40070,40070,,,Secondary Road,,,,,1
code:42503,42503,,,Secondary Road,,,,,1
code:51291,51291,,,Secondary Road,,,,,1
code:49494,49494,,,Secondary Road,,,,,1
code:51027,51027,,,Secondary Road,,,,,1
code:44684,44684,,,Secondary Road,,,,,1
code:40531,40531,,,Secondary Road,,,,,1
code:49587,49587,,,Secondary Road,,,,,1
code:41969,41969,,,Secondary Road,,,,,1
code:40231,40231,,,Secondary Road,,,,,1
code:47156,47156,,,Secondary Road,,,,,1
code:41540,41540,,,Secondary Road,,,,,1
code:42108,42108,,,Secondary Road,,,,,1
code:43473,43473,,,Secondary Road,,,,,1
code:51300,51300,,,Secondary Road,,,,,1
code:47917,47917,,,Secondary Road,,,,,1
code:44850,44850,,,Secondary Road,,,,,1
code:48802,48802,,,Secondary Road,,,,,1
code:41807,41807,,,Secondary Road,,,,,1
code:46941,46941,,,Secondary Road,,,,,1
code:40821,40821,,,Secondary Road,,,,,1
code:42086,42086,,,Secondary Road,,,,,1
code:43422,43422,,,Secondary Road,,,,,1
code:44297,44297,,,Secondary Road,,,,,1
code:44683,44683,,,Secondary Road,,,,,1
code:44365,44365,,,Secondary Road,,,,,1
code:51060,51060,,,Secondary Road,,,,,1
code:49338,49338,,,Secondary Road,,,,,1
code:43722,43722,,,Secondary Road,,,,,1
code:42586,42586,,,Secondary Road,,,,,1
code:49770,49770,,,Secondary Road,,,,,1
code:42550,42550,,,Secondary Road,,,,,1
code:50213,50213,,,Secondary Road,,,,,1
code:43965,43965,,,Secondary Road,,,,,1
code:48834,48834,,,Secondary Road,,,,,1
code:49688,49688,,,Secondary Road,,,,,1
code:44033,44033,,,Secondary Road,,,,,1
code:41289,41289,,,Secondary Road,,,,,1
code:47448,47448,,,Secondary Road,,,,,1
code:42000,42000,,,Secondary Road,,,,,1
code:41582,41582,,,Secondary Road,,,,,1
code:40721,40721,,,Restricted Road,,,,,1
code:43479,43479,,,Secondary Road,,,,,1
code:41993,41993,,,Secondary Road,,,,,1
code:48134,48134,,,Secondary Road,,,,,1
code:48327,48327,,,Secondary Road,,,,,1
code:50806,50806,,,Secondary Road,,,,,1
code:44801,44801,,,Secondary Road,,,,,1
code:49613,49613,,,Secondary Road,,,,,1
code:50106,50106,,,Secondary Road,,,,,1
code:41932,41932,,,Secondary Road,,,,,1
code:49556,49556,,,Secondary Road,,,,,1
code:40321,40321,,,Secondary Road,,,,,1
code:50063,50063,,,Secondary Road,,,,,1
code:40614,40614,,,Secondary Road,,,,,1
code:48291,48291,,,Secondary Road,,,,,1
code:40013,40013,,,Secondary Road,,,,,1
code:49671,49671,,,Secondary Road,,,,,1
code:46831,46831,,,Secondary Road,,,,,1
code:43394,43394,,,Secondary Road,,,,,1
code:49403,49403,,,Secondary Road,,,,,1
code:43798,43798,,,Secondary Road,,,,,1
code:40288,40288,,,Secondary Road,,,,,1
code:43955,43955,,,Secondary Road,,,,,1
code:43396,43396,,,Secondary Road,,,,,1
code:50148,50148,,,Secondary Road,,,,,1
code:46729,46729,,,Main Road,,,,,1
code:51118,51118,,,Secondary Road,,,,,1
code:44832,44832,,,Secondary Road,,,,,1
code:42960,42960,,,Secondary Road,,,,,1
code:42796,42796,,,Secondary Road,,,,,1
code:47431,47431,,,Secondary Road,,,,,1
code:42528,42528,,,Secondary Road,,,,,1
code:44800,44800,,,Secondary Road,,,,,1
code:43891,43891,,,Secondary Road,,,,,1
code:40422,40422,,,Secondary Road,,,,,1
code:48269,48269,,,Secondary Road,,,,,1
code:44091,44091,,,Secondary Road,,,,,1
code:49346,49346,,,Secondary Road,,,,,1
code:49748,49748,,,Secondary Road,,,,,1
code:51386,51386,,,Secondary Road,,,,,1
code:43596,43596,,,Secondary Road,,,,,1
code:41451,41451,,,Secondary Road,,,,,1
code:43930,43930,,,Secondary Road,,,,,1
code:49378,49378,,,Secondary Road,,,,,1
code:41458,41458,,,Secondary Road,,,,,1
code:50107,50107,,,Secondary Road,,,,,1
code:47706,47706,,,Secondary Road,,,,,1
code:53322,53322,,,Secondary Road,,,,,1
code:41215,41215,,,Secondary Road,,,,,1
code:41013,41013,,,Secondary Road,,,,,1
code:45461,45461,,,Secondary Road,,,,,1
code:42857,42857,,,Secondary Road,,,,,1
code:43961,43961,,,Secondary Road,,,,,1
code:43958,43958,,,Secondary Road,,,,,1
code:46766,46766,,,Secondary Road,,,,,1
code:46334,46334,,,Secondary Road,,,,,1
code:51195,51195,,,Secondary Road,,,,,1
code:43290,43290,,,Secondary Road,,,,,1
code:46234,46234,,,Secondary Road,,,,,1
code:50413,50413,,,Secondary Road,,,,,1
code:48955,48955,,,Secondary Road,,,,,1
code:45212,45212,,,Secondary Road,,,,,1
code:41168,41168,,,Secondary Road,,,,,1
code:42354,42354,,,Main Road,,,,,1
code:51146,51146,,,Secondary Road,,,,,1
code:50242,50242,,,Secondary Road,,,,,1
code:50278,50278,,,Secondary Road,,,,,1
code:45765,45765,,,Secondary Road,,,,,1
code:49309,49309,,,Secondary Road,,,,,1
code:43093,43093,,,Secondary Road,,,,,1
code:43057,43057,,,Secondary Road,,,,,1
code:42389,42389,,,Secondary Road,,,,,1
code:50877,50877,,,Secondary Road,,,,,1
code:41636,41636,,,Secondary Road,,,,,1
code:43039,43039,,,Secondary Road,,,,,1
code:51095,51095,,,Secondary Road,,,,,1
code:42254,42254,,,Secondary Road,,,,,1
code:50463,50463,,,Secondary Road,,,,,1
code:45633,45633,,,Secondary Road,,,,,1
code:46352,46352,,,Secondary Road,,,,,1
code:48206,48206,,,Highway,,,,,1
code:50696,50696,,,Secondary Road,,,,,1
code:48238,48238,,,Main Road,,,,,1
code:44948,44948,,,Secondary Road,,,,,1
code:51981,51981,,,Secondary Road,,,,,1
code:51999,51999,,,Secondary Road,,,,,1
code:52014,52014,,,Secondary Road,,,,,1
code:50734,50734,,,Secondary Road,,,,,1
code:40036,40036,,,Restricted Road,,,,,1
code:49696,49696,,,Secondary Road,,,,,1
code:49296,49296,,,Secondary Road,,,,,1
code:46454,46454,,,Secondary Road,,,,,1
code:41065,41065,,,Secondary Road,,,,,1
code:50925,50925,,,Secondary Road,,,,,1
code:42203,42203,,,Highway,,,,,1
code:51459,51459,,,Secondary Road,,,,,1
code:41031,41031,,,Secondary Road,,,,,1
code:45243,45243,,,Secondary Road,,,,,1
code:47258,47258,,,Secondary Road,,,,,1
code:41506,41506,,,Secondary Road,,,,,1
code:46356,46356,,,Main Road,,,,,1
code:45250,45250,,,Secondary Road,,,,,1
code:50198,50198,,,Secondary Road,,,,,1
code:44907,44907,,,Secondary Road,,,,,1
code:46354,46354,,,Secondary Road,,,,,1
code:45911,45911,,,Main Road,,,,,1
code:49864,49864,,,Secondary Road,,,,,1
code:49823,49823,,,Secondary Road,,,,,1
code:43607,43607,,,Secondary Road,,,,,1
code:49321,49321,,,Secondary Road,,,,,1
code:40404,40404,,,Secondary Road,,,,,1
code:47054,47054,,,Secondary Road,,,,,1
code:48117,48117,,,Secondary Road,,,,,1
code:44250,44250,,,Secondary Road,,,,,1
code:49555,49555,,,Secondary Road,,,,,1
code:40304,40304,,,Secondary Road,,,,,1
code:48129,48129,,,Secondary Road,,,,,1
code:51290,51290,,,Secondary Road,,,,,1
code:42715,42715,,,Secondary Road,,,,,1
code:46825,46825,,,Secondary Road,,,,,1
code:43400,43400,,,Secondary Road,,,,,1
code:48346,48346,,,Secondary Road,,,,,1
code:46876,46876,,,Secondary Road,,,,,1
code:40792,40792,,,Secondary Road,,,,,1
code:41377,41377,,,Secondary Road,,,,,1
code:49633,49633,,,Secondary Road,,,,,1
code:46791,46791,,,Secondary Road,,,,,1
code:40056,40056,,,Secondary Road,,,,,1
code:42513,42513,,,Secondary Road,,,,,1
code:49465,49465,,,Secondary Road,,,,,1
code:40207,40207,,,Secondary Road,,,,,1
code:43700,43700,,,Secondary Road,,,,,1
code:41443,41443,,,Secondary Road,,,,,1
code:40073,40073,,,Secondary Road,,,,,1
code:46576,46576,,,Secondary Road,,,,,1
code:41930,41930,,,Secondary Road,,,,,1
code:43783,43783,,,Secondary Road,,,,,1
code:42198,42198,,,Highway,,,,,1
code:46457,46457,,,Secondary Road,,,,,1
code:50747,50747,,,Secondary Road,,,,,1
code:46767,46767,,,Secondary Road,,,,,1
code:50961,50961,,,Secondary Road,,,,,1
code:42105,42105,,,Secondary Road,,,,,1
code:51380,51380,,,Secondary Road,,,,,1
code:40098,40098,,,Secondary Road,,,,,1
code:45132,45132,,,Secondary Road,,,,,1
code:48071,48071,,,Main Road,,,,,1
code:49508,49508,,,Secondary Road,,,,,1
code:50644,50644,,,Secondary Road,,,,,1
code:51530,51530,,,Main Road,,,,,1
code:49626,49626,,,Secondary Road,,,,,1
code:49761,49761,,,Secondary Road,,,,,1
code:44845,44845,,,Secondary Road,,,,,1
code:48140,48140,,,Secondary Road,,,,,1
code:48440,48440,,,Secondary Road,,,,,1
code:43292,43292,,,Secondary Road,,,,,1
code:44563,44563,,,Secondary Road,,,,,1
code:40601,40601,,,Secondary Road,,,,,1
code:40683,40683,,,Secondary Road,,,,,1
code:46517,46517,,,Secondary Road,,,,,1
code:47253,47253,,,Secondary Road,,,,,1
code:41805,41805,,,Secondary Road,,,,,1
code:40619,40619,,,Secondary Road,,,,,1
code:49357,49357,,,Secondary Road,,,,,1
code:40666,40666,,,Secondary Road,,,,,1
code:50629,50629,,,Secondary Road,,,,,1
code:50126,50126,,,Secondary Road,,,,,1
code:42588,42588,,,Secondary Road,,,,,1
code:50176,50176,,,Main Road,,,,,1
code:50094,50094,,,Secondary Road,,,,,1
code:42391,42391,,,Secondary Road,,,,,1
code:45682,45682,,,Secondary Road,,,,,1
code:44680,44680,,,Secondary Road,,,,,1
code:42825,42825,,,Secondary Road,,,,,1
code:43794,43794,,,Secondary Road,,,,,1
code:51363,51363,,,Secondary Road,,,,,1
code:50395,50395,,,Secondary Road,,,,,1
code:48591,48591,,,Secondary Road,,,,,1
code:48474,48474,,,Secondary Road,,,,,1
code:44544,44544,,,Secondary Road,,,,,1
code:40082,40082,,,Secondary Road,,,,,1
code:44511,44511,,,Secondary Road,,,,,1
code:40432,40432,,,Secondary Road,,,,,1
code:46870,46870,,,Secondary Road,,,,,1
code:46666,46666,,,Secondary Road,,,,,1
code:46616,46616,,,Secondary Road,,,,,1
code:43525,43525,,,Secondary Road,,,,,1
code:50995,50995,,,Secondary Road,,,,,1
code:42958,42958,,,Secondary Road,,,,,1
code:45297,45297,,,Secondary Road,,,,,1
code:46501,46501,,,Secondary Road,,,,,1
code:44579,44579,,,Secondary Road,,,,,1
code:45397,45397,,,Secondary Road,,,,,1
code:51413,51413,,,Secondary Road,,,,,1
code:42339,42339,,,Secondary Road,,,,,1
code:45015,45015,,,Secondary Road,,,,,1
code:45398,45398,,,Secondary Road,,,,,1
code:50228,50228,,,Secondary Road,,,,,1
code:51181,51181,,,Secondary Road,,,,,1
code:50346,50346,,,Secondary Road,,,,,1
code:45997,45997,,,Secondary Road,,,,,1
code:45998,45998,,,Secondary Road,,,,,1
code:42390,42390,,,Secondary Road,,,,,1
code:45965,45965,,,Secondary Road,,,,,1
code:45648,45648,,,Secondary Road,,,,,1
code:45565,45565,,,Secondary Road,,,,,1
code:45566,45566,,,Secondary Road,,,,,1
code:43089,43089,,,Secondary Road,,,,,1
code:43090,43090,,,Secondary Road,,,,,1
code:43873,43873,,,Secondary Road,,,,,1
code:51325,51325,,,Secondary Road,,,,,1
code:52197,52197,,,Secondary Road,,,,,1
code:41476,41476,,,Secondary Road,,,,,1
code:47188,47188,,,Secondary Road,,,,,1
code:42333,42333,,,Secondary Road,,,,,1
code:47292,47292,,,Secondary Road,,,,,1
code:47315,47315,,,Secondary Road,,,,,1
code:51402,51402,,,Secondary Road,,,,,1
code:45107,45107,,,Secondary Road,,,,,1
code:46554,46554,,,Secondary Road,,,,,1
code:49294,49294,,,Secondary Road,,,,,1
code:52595,52595,,,Main Road,,,,,1
code:42335,42335,,,Secondary Road,,,,,1
code:41474,41474,,,Secondary Road,,,,,1
code:46020,46020,,,Secondary Road,,,,,1
code:45886,45886,,,Secondary Road,,,,,1
code:45577,45577,,,Secondary Road,,,,,1
code:49921,49921,,,Secondary Road,,,,,1
code:45377,45377,,,Secondary Road,,,,,1
code:45820,45820,,,Secondary Road,,,,,1
code:48851,48851,,,Secondary Road,,,,,1
code:51659,51659,,,Secondary Road,,,,,1
code:45643,45643,,,Secondary Road,,,,,1
code:42467,42467,,,Secondary Road,,,,,1
code:49832,49832,,,Secondary Road,,,,,1
code:45284,45284,,,Secondary Road,,,,,1
code:49855,49855,,,Secondary Road,,,,,1
code:45780,45780,,,Secondary Road,,,,,1
code:45715,45715,,,Secondary Road,,,,,1
code:49892,49892,,,Secondary Road,,,,,1
code:42422,42422,,,Secondary Road,,,,,1
code:50345,50345,,,Secondary Road,,,,,1
code:48037,48037,,,Secondary Road,,,,,1
code:52886,52886,,,Secondary Road,,,,,1
code:52282,52282,,,Secondary Road,,,,,1
code:49709,49709,,,Secondary Road,,,,,1
code:49759,49759,,,Secondary Road,,,,,1
code:49724,49724,,,Secondary Road,,,,,1
code:41703,41703,,,Secondary Road,,,,,1
code:48688,48688,,,Secondary Road,,,,,1
code:44161,44161,,,Secondary Road,,,,,1
code:49677,49677,,,Secondary Road,,,,,1
code:41336,41336,,,Secondary Road,,,,,1
code:51431,51431,,,Secondary Road,,,,,1
code:47001,47001,,,Secondary Road,,,,,1
code:48555,48555,,,Secondary Road,,,,,1
code:41603,41603,,,Secondary Road,,,,,1
code:41736,41736,,,Secondary Road,,,,,1
code:50310,50310,,,Secondary Road,,,,,1
code:51499,51499,,,Secondary Road,,,,,1
code:49742,49742,,,Secondary Road,,,,,1
code:41453,41453,,,Secondary Road,,,,,1
code:41454,41454,,,Secondary Road,,,,,1
code:44880,44880,,,Secondary Road,,,,,1
code:44879,44879,,,Secondary Road,,,,,1
code:51264,51264,,,Secondary Road,,,,,1
code:48423,48423,,,Secondary Road,,,,,1
code:47919,47919,,,Secondary Road,,,,,1
code:42675,42675,,,Secondary Road,,,,,1
code:40117,40117,,,Secondary Road,,,,,1
code:50560,50560,,,Secondary Road,,,,,1
code:40099,40099,,,Secondary Road,,,,,1
code:49641,49641,,,Secondary Road,,,,,1
code:48755,48755,,,Secondary Road,,,,,1
code:46534,46534,,,Secondary Road,,,,,1
code:42290,42290,,,Secondary Road,,,,,1
code:42357,42357,,,Secondary Road,,,,,1
code:49274,49274,,,Secondary Road,,,,,1
code:47334,47334,,,Secondary Road,,,,,1
code:44897,44897,,,Secondary Road,,,,,1
code:49174,49174,,,Secondary Road,,,,,1
code:41085,41085,,,Secondary Road,,,,,1
code:49286,49286,,,Secondary Road,,,,,1
code:49990,49990,,,Secondary Road,,,,,1
code:47189,47189,,,Secondary Road,,,,,1
code:49740,49740,,,Secondary Road,,,,,1
code:47300,47300,,,Secondary Road,,,,,1
code:44567,44567,,,Secondary Road,,,,,1
code:42202,42202,,,Highway,,,,,1
code:41198,41198,,,Secondary Road,,,,,1
code:46503,46503,,,Secondary Road,,,,,1
code:46228,46228,,,Secondary Road,,,,,1
code:46414,46414,,,Secondary Road,,,,,1
code:46653,46653,,,Secondary Road,,,,,1
code:51419,51419,,,Secondary Road,,,,,1
code:47850,47850,,,Secondary Road,,,,,1
code:50097,50097,,,Secondary Road,,,,,1
code:43045,43045,,,Secondary Road,,,,,1
code:46796,46796,,,Secondary Road,,,,,1
code:49322,49322,,,Secondary Road,,,,,1
code:47114,47114,,,Secondary Road,,,,,1
code:53498,53498,,,Highway,,,,,1
code:51358,51358,,,Secondary Road,,,,,1
code:51101,51101,,,Secondary Road,,,,,1
code:50726,50726,,,Secondary Road,,,,,1
code:50983,50983,,,Secondary Road,,,,,1
code:48361,48361,,,Secondary Road,,,,,1
code:43763,43763,,,Secondary Road,,,,,1
code:43806,43806,,,Secondary Road,,,,,1
code:53091,53091,,,Highway,,,,,1
code:41902,41902,,,Secondary Road,,,,,1
code:46696,46696,,,Secondary Road,,,,,1
code:46180,46180,,,Secondary Road,,,,,1
code:50681,50681,,,Secondary Road,,,,,1
code:46087,46087,,,Secondary Road,,,,,1
code:50817,50817,,,Secondary Road,,,,,1
code:50792,50792,,,Secondary Road,,,,,1
code:49795,49795,,,Secondary Road,,,,,1
code:51074,51074,,,Secondary Road,,,,,1
code:42193,42193,,,Secondary Road,,,,,1
code:41925,41925,,,Secondary Road,,,,,1
code:50367,50367,,,Secondary Road,,,,,1
code:49302,49302,,,Secondary Road,,,,,1
code:47927,47927,,,Secondary Road,,,,,1
code:49388,49388,,,Secondary Road,,,,,1
code:46830,46830,,,Secondary Road,,,,,1
code:43629,43629,,,Secondary Road,,,,,1
code:44065,44065,,,Secondary Road,,,,,1
code:47055,47055,,,Secondary Road,,,,,1
code:49520,49520,,,Secondary Road,,,,,1
code:50917,50917,,,Secondary Road,,,,,1
code:43972,43972,,,Secondary Road,,,,,1
code:43872,43872,,,Secondary Road,,,,,1
code:44876,44876,,,Secondary Road,,,,,1
code:44347,44347,,,Secondary Road,,,,,1
code:49406,49406,,,Secondary Road,,,,,1
code:47223,47223,,,Secondary Road,,,,,1
code:42968,42968,,,Secondary Road,,,,,1
code:46930,46930,,,Secondary Road,,,,,1
code:48888,48888,,,Secondary Road,,,,,1
code:47166,47166,,,Secondary Road,,,,,1
code:42711,42711,,,Secondary Road,,,,,1
code:51267,51267,,,Secondary Road,,,,,1
code:43897,43897,,,Secondary Road,,,,,1
code:50574,50574,,,Secondary Road,,,,,1
code:41675,41675,,,Secondary Road,,,,,1
code:44158,44158,,,Secondary Road,,,,,1
code:48945,48945,,,Secondary Road,,,,,1
code:46473,46473,,,Secondary Road,,,,,1
code:47491,47491,,,Secondary Road,,,,,1
code:45008,45008,,,Secondary Road,,,,,1
code:45151,45151,,,Main Road,,,,,1
code:51167,51167,,,Secondary Road,,,,,1
code:43247,43247,,,Secondary Road,,,,,1
code:47272,47272,,,Secondary Road,,,,,1
code:45359,45359,,,Secondary Road,,,,,1
code:49178,49178,,,Secondary Road,,,,,1
code:47174,47174,,,Secondary Road,,,,,1
code:50784,50784,,,Secondary Road,,,,,1
code:45336,45336,,,Secondary Road,,,,,1
code:45161,45161,,,Secondary Road,,,,,1
code:42994,42994,,,Secondary Road,,,,,1
code:40077,40077,,,Secondary Road,,,,,1
code:46640,46640,,,Secondary Road,,,,,1
code:41951,41951,,,Secondary Road,,,,,1
code:43887,43887,,,Secondary Road,,,,,1
code:40354,40354,,,Secondary Road,,,,,1
code:44625,44625,,,Secondary Road,,,,,1
code:44523,44523,,,Secondary Road,,,,,1
code:51186,51186,,,Secondary Road,,,,,1
code:41356,41356,,,Secondary Road,,,,,1
code:41815,41815,,,Secondary Road,,,,,1
code:41917,41917,,,Secondary Road,,,,,1
code:40213,40213,,,Secondary Road,,,,,1
code:49703,49703,,,Secondary Road,,,,,1
code:49771,49771,,,Secondary Road,,,,,1
code:43655,43655,,,Secondary Road,,,,,1
code:51009,51009,,,Secondary Road,,,,,1
code:46697,46697,,,Secondary Road,,,,,1
code:42026,42026,,,Secondary Road,,,,,1
code:49714,49714,,,Secondary Road,,,,,1
code:48074,48074,,,Main Road,,,,,1
code:46227,46227,,,Secondary Road,,,,,1
code:46270,46270,,,Secondary Road,,,,,1
code:45400,45400,,,Secondary Road,,,,,1
code:49269,49269,,,Secondary Road,,,,,1
code:49144,49144,,,Secondary Road,,,,,1
code:49980,49980,,,Secondary Road,,,,,1
code:45522,45522,,,Secondary Road,,,,,1
code:46509,46509,,,Secondary Road,,,,,1
code:43301,43301,,,Secondary Road,,,,,1
code:45890,45890,,,Secondary Road,,,,,1
code:49968,49968,,,Secondary Road,,,,,1
code:51089,51089,,,Secondary Road,,,,,1
code:43365,43365,,,Secondary Road,,,,,1
code:42448,42448,,,Secondary Road,,,,,1
code:46443,46443,,,Secondary Road,,,,,1
code:49551,49551,,,Secondary Road,,,,,1
code:50368,50368,,,Secondary Road,,,,,1
code:49317,49317,,,Secondary Road,,,,,1
code:41744,41744,,,Secondary Road,,,,,1
code:41461,41461,,,Secondary Road,,,,,1
code:51038,51038,,,Secondary Road,,,,,1
code:41344,41344,,,Secondary Road,,,,,1
code:48683,48683,,,Secondary Road,,,,,1
code:44003,44003,,,Secondary Road,,,,,1
code:49385,49385,,,Secondary Road,,,,,1
code:44401,44401,,,Secondary Road,,,,,1
code:49602,49602,,,Secondary Road,,,,,1
code:46728,46728,,,Secondary Road,,,,,1
code:48347,48347,,,Secondary Road,,,,,1
code:51555,51555,,,Secondary Road,,,,,1
code:49000,49000,,,Secondary Road,,,,,1
code:49315,49315,,,Secondary Road,,,,,1
code:41012,41012,,,Secondary Road,,,,,1
code:45139,45139,,,Secondary Road,,,,,1
code:47796,47796,,,Secondary Road,,,,,1
code:40942,40942,,,Secondary Road,,,,,1
code:50555,50555,,,Secondary Road,,,,,1
code:40561,40561,,,Secondary Road,,,,,1
code:45105,45105,,,Secondary Road,,,,,1
code:41595,41595,,,Secondary Road,,,,,1
code:50236,50236,,,Secondary Road,,,,,1
code:45239,45239,,,Secondary Road,,,,,1
code:50619,50619,,,Secondary Road,,,,,1
code:49249,49249,,,Secondary Road,,,,,1
code:49266,49266,,,Secondary Road,,,,,1
code:47003,47003,,,Secondary Road,,,,,1
code:46585,46585,,,Secondary Road,,,,,1
code:40987,40987,,,Secondary Road,,,,,1
code:42806,42806,,,Secondary Road,,,,,1
code:51398,51398,,,Secondary Road,,,,,1
code:47135,47135,,,Secondary Road,,,,,1
code:41388,41388,,,Secondary Road,,,,,1
code:44828,44828,,,Secondary Road,,,,,1
code:43942,43942,,,Secondary Road,,,,,1
code:46903,46903,,,Secondary Road,,,,,1
code:40384,40384,,,Secondary Road,,,,,1
code:40583,40583,,,Secondary Road,,,,,1
code:41337,41337,,,Secondary Road,,,,,1
code:44095,44095,,,Secondary Road,,,,,1
code:45399,45399,,,Secondary Road,,,,,1
code:46014,46014,,,Secondary Road,,,,,1
code:40884,40884,,,Secondary Road,,,,,1
code:45164,45164,,,Secondary Road,,,,,1
code:50376,50376,,,Secondary Road,,,,,1
code:43460,43460,,,Secondary Road,,,,,1
code:50226,50226,,,Secondary Road,,,,,1
code:46335,46335,,,Secondary Road,,,,,1
code:48072,48072,,,Main Road,,,,,1
code:50243,50243,,,Secondary Road,,,,,1
code:46249,46249,,,Secondary Road,,,,,1
code:49176,49176,,,Secondary Road,,,,,1
code:49594,49594,,,Secondary Road,,,,,1
code:40616,40616,,,Secondary Road,,,,,1
code:50680,50680,,,Secondary Road,,,,,1
code:46114,46114,,,Secondary Road,,,,,1
code:41576,41576,,,Secondary Road,,,,,1
code:53065,53065,,,Secondary Road,,,,,1
code:44877,44877,,,Secondary Road,,,,,1
code:47892,47892,,,Secondary Road,,,,,1
code:41706,41706,,,Secondary Road,,,,,1
code:43805,43805,,,Secondary Road,,,,,1
code:43882,43882,,,Secondary Road,,,,,1
code:50991,50991,,,Secondary Road,,,,,1
code:41735,41735,,,Secondary Road,,,,,1
code:50966,50966,,,Secondary Road,,,,,1
code:48553,48553,,,Secondary Road,,,,,1
code:41306,41306,,,Secondary Road,,,,,1
code:41399,41399,,,Secondary Road,,,,,1
code:41406,41406,,,Secondary Road,,,,,1
code:52172,52172,,,Secondary Road,,,,,1
code:48417,48417,,,Secondary Road,,,,,1
code:50564,50564,,,Secondary Road,,,,,1
code:44014,44014,,,Secondary Road,,,,,1
code:49228,49228,,,Secondary Road,,,,,1
code:44073,44073,,,Secondary Road,,,,,1
code:50598,50598,,,Secondary Road,,,,,1
code:50189,50189,,,Secondary Road,,,,,1
code:49757,49757,,,Secondary Road,,,,,1
code:48483,48483,,,Secondary Road,,,,,1
code:44173,44173,,,Secondary Road,,,,,1
code:49155,49155,,,Secondary Road,,,,,1
code:50534,50534,,,Secondary Road,,,,,1
code:44843,44843,,,Secondary Road,,,,,1
code:47994,47994,,,Secondary Road,,,,,1
code:43439,43439,,,Secondary Road,,,,,1
code:50130,50130,,,Secondary Road,,,,,1
code:49187,49187,,,Secondary Road,,,,,1
code:49698,49698,,,Secondary Road,,,,,1
code:46513,46513,,,Secondary Road,,,,,1
code:44748,44748,,,Secondary Road,,,,,1
code:49362,49362,,,Secondary Road,,,,,1
code:45197,45197,,,Secondary Road,,,,,1
code:42307,42307,,,Secondary Road,,,,,1
code:48287,48287,,,Secondary Road,,,,,1
code:46084,46084,,,Secondary Road,,,,,1
code:41035,41035,,,Secondary Road,,,,,1
code:46266,46266,,,Secondary Road,,,,,1
code:48706,48706,,,Secondary Road,,,,,1
code:50845,50845,,,Secondary Road,,,,,1
code:50827,50827,,,Secondary Road,,,,,1
code:41118,41118,,,Secondary Road,,,,,1
code:53086,53086,,,Secondary Road,,,,,1
code:45112,45112,,,Secondary Road,,,,,1
code:43075,43075,,,Secondary Road,,,,,1
code:49827,49827,,,Secondary Road,,,,,1
code:50477,50477,,,Secondary Road,,,,,1
code:52885,52885,,,Secondary Road,,,,,1
code:51731,51731,,,Secondary Road,,,,,1
code:52682,52682,,,Secondary Road,,,,,1
code:52685,52685,,,Secondary Road,,,,,1
code:52686,52686,,,Secondary Road,,,,,1
code:52699,52699,,,Secondary Road,,,,,1
code:45848,45848,,,Secondary Road,,,,,1
code:45880,45880,,,Secondary Road,,,,,1
code:44930,44930,,,Secondary Road,,,,,1
code:45748,45748,,,Secondary Road,,,,,1
code:45798,45798,,,Secondary Road,,,,,1
code:45697,45697,,,Secondary Road,,,,,1
code:51532,51532,,,Secondary Road,,,,,1
code:45680,45680,,,Secondary Road,,,,,1
code:50646,50646,,,Secondary Road,,,,,1
code:49006,49006,,,Secondary Road,,,,,1
code:49571,49571,,,Secondary Road,,,,,1
code:47299,47299,,,Secondary Road,,,,,1
code:49135,49135,,,Secondary Road,,,,,1
code:45727,45727,,,Secondary Road,,,,,1
code:50918,50918,,,Secondary Road,,,,,1
code:50582,50582,,,Secondary Road,,,,,1
code:40615,40615,,,Secondary Road,,,,,1
code:43321,43321,,,Secondary Road,,,,,1
code:46027,46027,,,Secondary Road,,,,,1
code:42019,42019,,,Secondary Road,,,,,1
code:45002,45002,,,Secondary Road,,,,,1
code:49314,49314,,,Secondary Road,,,,,1
code:46406,46406,,,Secondary Road,,,,,1
code:50550,50550,,,Secondary Road,,,,,1
code:46272,46272,,,Secondary Road,,,,,1
code:47172,47172,,,Secondary Road,,,,,1
code:49780,49780,,,Secondary Road,,,,,1
code:40620,40620,,,Secondary Road,,,,,1
code:49035,49035,,,Secondary Road,,,,,1
code:41558,41558,,,Secondary Road,,,,,1
code:45259,45259,,,Secondary Road,,,,,1
code:46463,46463,,,Secondary Road,,,,,1
code:44391,44391,,,Secondary Road,,,,,1
code:42594,42594,,,Secondary Road,,,,,1
code:49044,49044,,,Secondary Road,,,,,1
code:49937,49937,,,Secondary Road,,,,,1
code:51675,51675,,,Secondary Road,,,,,1
code:51677,51677,,,Secondary Road,,,,,1
code:50884,50884,,,Secondary Road,,,,,1
code:44064,44064,,,Secondary Road,,,,,1
code:40088,40088,,,Secondary Road,,,,,1
code:49344,49344,,,Secondary Road,,,,,1
code:40715,40715,,,Restricted Road,,,,,1
code:42826,42826,,,Secondary Road,,,,,1
code:49405,49405,,,Secondary Road,,,,,1
code:46704,46704,,,Secondary Road,,,,,1
code:41783,41783,,,Secondary Road,,,,,1
code:41824,41824,,,Secondary Road,,,,,1
code:43896,43896,,,Secondary Road,,,,,1
code:43857,43857,,,Secondary Road,,,,,1
code:40022,40022,,,Secondary Road,,,,,1
code:40020,40020,,,Secondary Road,,,,,1
code:49337,49337,,,Secondary Road,,,,,1
code:44157,44157,,,Secondary Road,,,,,1
code:50714,50714,,,Secondary Road,,,,,1
code:46693,46693,,,Secondary Road,,,,,1
code:53528,53528,,,Secondary Road,,,,,1
code:42196,42196,,,Secondary Road,,,,,1
code:41009,41009,,,Secondary Road,,,,,1
code:51171,51171,,,Secondary Road,,,,,1
code:45504,45504,,,Secondary Road,,,,,1
code:46223,46223,,,Secondary Road,,,,,1
code:46357,46357,,,Main Road,,,,,1
code:50588,50588,,,Secondary Road,,,,,1
code:48297,48297,,,Secondary Road,,,,,1
code:40156,40156,,,Secondary Road,,,,,1
code:40426,40426,,,Secondary Road,,,,,1
code:43970,43970,,,Secondary Road,,,,,1
code:50722,50722,,,Secondary Road,,,,,1
code:44889,44889,,,Secondary Road,,,,,1
code:44536,44536,,,Secondary Road,,,,,1
code:42713,42713,,,Secondary Road,,,,,1
code:41679,41679,,,Secondary Road,,,,,1
code:51454,51454,,,Secondary Road,,,,,1
code:41828,41828,,,Secondary Road,,,,,1
code:47210,47210,,,Secondary Road,,,,,1
code:50637,50637,,,Secondary Road,,,,,1
code:40058,40058,,,Highway,,,,,1
code:43551,43551,,,Secondary Road,,,,,1
code:43666,43666,,,Secondary Road,,,,,1
code:40845,40845,,,Secondary Road,,,,,1
code:48599,48599,,,Secondary Road,,,,,1
code:50786,50786,,,Secondary Road,,,,,1
code:49050,49050,,,Secondary Road,,,,,1
code:50603,50603,,,Secondary Road,,,,,1
code:47295,47295,,,Secondary Road,,,,,1
code:46240,46240,,,Secondary Road,,,,,1
code:49886,49886,,,Secondary Road,,,,,1
code:50788,50788,,,Secondary Road,,,,,1
code:40677,40677,,,Secondary Road,,,,,1
code:48862,48862,,,Secondary Road,,,,,1
code:45450,45450,,,Secondary Road,,,,,1
code:41072,41072,,,Secondary Road,,,,,1
code:46522,46522,,,Secondary Road,,,,,1
code:48194,48194,,,Main Road,,,,,1
code:42142,42142,,,Secondary Road,,,,,1
code:51668,51668,,,Secondary Road,,,,,1
code:47415,47415,,,Secondary Road,,,,,1
code:40738,40738,,,Secondary Road,,,,,1
code:43948,43948,,,Secondary Road,,,,,1
code:40361,40361,,,Secondary Road,,,,,1
code:42878,42878,,,Secondary Road,,,,,1
code:47317,47317,,,Secondary Road,,,,,1
code:50634,50634,,,Secondary Road,,,,,1
code:40406,40406,,,Secondary Road,,,,,1
code:50957,50957,,,Secondary Road,,,,,1
code:50064,50064,,,Secondary Road,,,,,1
code:51702,51702,,,Secondary Road,,,,,1
code:50691,50691,,,Secondary Road,,,,,1
code:50432,50432,,,Secondary Road,,,,,1
code:50132,50132,,,Secondary Road,,,,,1
code:40563,40563,,,Secondary Road,,,,,1
code:49262,49262,,,Secondary Road,,,,,1
code:48853,48853,,,Secondary Road,,,,,1
code:50631,50631,,,Secondary Road,,,,,1
code:42361,42361,,,Secondary Road,,,,,1
code:53082,53082,,,Secondary Road,,,,,1
code:45844,45844,,,Secondary Road,,,,,1
code:45569,45569,,,Secondary Road,,,,,1
code:43372,43372,,,Secondary Road,,,,,1
code:42500,42500,,,Secondary Road,,,,,1
code:42243,42243,,,Secondary Road,,,,,1
code:42493,42493,,,Restricted Road,,,,,1
code:51217,51217,,,Secondary Road,,,,,1
code:43997,43997,,,Secondary Road,,,,,1
code:47105,47105,,,Secondary Road,,,,,1
code:50992,50992,,,Secondary Road,,,,,1
code:42529,42529,,,Secondary Road,,,,,1
code:47698,47698,,,Secondary Road,,,,,1
code:41682,41682,,,Secondary Road,,,,,1
code:41350,41350,,,Secondary Road,,,,,1
code:47709,47709,,,Secondary Road,,,,,1
code:41407,41407,,,Secondary Road,,,,,1
code:40135,40135,,,Secondary Road,,,,,1
code:41907,41907,,,Secondary Road,,,,,1
code:51467,51467,,,Secondary Road,,,,,1
code:46730,46730,,,Secondary Road,,,,,1
code:46916,46916,,,Secondary Road,,,,,1
code:49681,49681,,,Secondary Road,,,,,1
code:42075,42075,,,Secondary Road,,,,,1
code:50774,50774,,,Secondary Road,,,,,1
code:40314,40314,,,Secondary Road,,,,,1
code:53046,53046,,,Secondary Road,,,,,1
code:44626,44626,,,Secondary Road,,,,,1
code:44083,44083,,,Secondary Road,,,,,1
code:47616,47616,,,Secondary Road,,,,,1
code:43975,43975,,,Secondary Road,,,,,1
code:52450,52450,,,Secondary Road,,,,,1
code:51282,51282,,,Secondary Road,,,,,1
code:52467,52467,,,Secondary Road,,,,,1
code:52468,52468,,,Secondary Road,,,,,1
code:50577,50577,,,Secondary Road,,,,,1
code:52482,52482,,,Secondary Road,,,,,1
code:52499,52499,,,Secondary Road,,,,,1
code:52500,52500,,,Secondary Road,,,,,1
code:52517,52517,,,Secondary Road,,,,,1
code:52518,52518,,,Secondary Road,,,,,1
code:53117,53117,,,Secondary Road,,,,,1
code:52918,52918,,,Secondary Road,,,,,1
code:52535,52535,,,Secondary Road,,,,,1
code:45766,45766,,,Secondary Road,,,,,1
code:48237,48237,,,Main Road,,,,,1
code:49841,49841,,,Secondary Road,,,,,1
code:43376,43376,,,Secondary Road,,,,,1
code:51714,51714,,,Secondary Road,,,,,1
code:42157,42157,,,Secondary Road,,,,,1
code:45616,45616,,,Secondary Road,,,,,1
code:46365,46365,,,Secondary Road,,,,,1
code:48304,48304,,,Secondary Road,,,,,1
code:51079,51079,,,Secondary Road,,,,,1
code:49207,49207,,,Secondary Road,,,,,1
code:50062,50062,,,Secondary Road,,,,,1
code:47371,47371,,,Secondary Road,,,,,1
code:47185,47185,,,Secondary Road,,,,,1
code:42355,42355,,,Secondary Road,,,,,1
code:40016,40016,,,Secondary Road,,,,,1
code:40015,40015,,,Secondary Road,,,,,1
code:53301,53301,,,Secondary Road,,,,,1
code:51112,51112,,,Secondary Road,,,,,1
code:51497,51497,,,Secondary Road,,,,,1
code:40001,40001,,,Secondary Road,,,,,1
code:40416,40416,,,Secondary Road,,,,,1
code:42959,42959,,,Secondary Road,,,,,1
code:43409,43409,,,Secondary Road,,,,,1
code:44846,44846,,,Secondary Road,,,,,1
code:43427,43427,,,Secondary Road,,,,,1
code:47871,47871,,,Secondary Road,,,,,1
code:47035,47035,,,Secondary Road,,,,,1
code:46817,46817,,,Secondary Road,,,,,1
code:49375,49375,,,Secondary Road,,,,,1
code:43860,43860,,,Secondary Road,,,,,1
code:49408,49408,,,Secondary Road,,,,,1
code:49440,49440,,,Secondary Road,,,,,1
code:44092,44092,,,Secondary Road,,,,,1
code:50998,50998,,,Secondary Road,,,,,1
code:46953,46953,,,Secondary Road,,,,,1
code:50217,50217,,,Secondary Road,,,,,1
code:50853,50853,,,Secondary Road,,,,,1
code:42348,42348,,,Secondary Road,,,,,1
code:49800,49800,,,Main Road,,,,,1
code:47777,47777,,,Secondary Road,,,,,1
code:47377,47377,,,Secondary Road,,,,,1
code:41212,41212,,,Secondary Road,,,,,1
code:43048,43048,,,Secondary Road,,,,,1
code:50353,50353,,,Secondary Road,,,,,1
code:45875,45875,,,Secondary Road,,,,,1
code:45673,45673,,,Secondary Road,,,,,1
code:45773,45773,,,Secondary Road,,,,,1
code:51708,51708,,,Secondary Road,,,,,1
code:50521,50521,,,Secondary Road,,,,,1
code:43084,43084,,,Secondary Road,,,,,1
code:45707,45707,,,Secondary Road,,,,,1
code:45288,45288,,,Secondary Road,,,,,1
code:51087,51087,,,Secondary Road,,,,,1
code:45824,45824,,,Main Road,,,,,1
code:46658,46658,,,Secondary Road,,,,,1
code:45556,45556,,,Secondary Road,,,,,1
code:42714,42714,,,Secondary Road,,,,,1
code:47075,47075,,,Secondary Road,,,,,1
code:40291,40291,,,Secondary Road,,,,,1
code:43820,43820,,,Secondary Road,,,,,1
code:42078,42078,,,Secondary Road,,,,,1
code:46692,46692,,,Secondary Road,,,,,1
code:53093,53093,,,Secondary Road,,,,,1
code:44486,44486,,,Secondary Road,,,,,1
code:44335,44335,,,Secondary Road,,,,,1
code:48479,48479,,,Secondary Road,,,,,1
code:42716,42716,,,Secondary Road,,,,,1
code:50819,50819,,,Secondary Road,,,,,1
code:42514,42514,,,Secondary Road,,,,,1
code:43986,43986,,,Secondary Road,,,,,1
code:50953,50953,,,Secondary Road,,,,,1
code:49055,49055,,,Secondary Road,,,,,1
code:50666,50666,,,Secondary Road,,,,,1
code:49260,49260,,,Secondary Road,,,,,1
code:47792,47792,,,Secondary Road,,,,,1
code:50455,50455,,,Secondary Road,,,,,1
code:42603,42603,,,Secondary Road,,,,,1
code:50793,50793,,,Secondary Road,,,,,1
code:40704,40704,,,Secondary Road,,,,,1
code:43512,43512,,,Secondary Road,,,,,1
code:50291,50291,,,Secondary Road,,,,,1
code:50057,50057,,,Secondary Road,,,,,1
code:43103,43103,,,Secondary Road,,,,,1
code:45852,45852,,,Secondary Road,,,,,1
code:43171,43171,,,Secondary Road,,,,,1
code:43146,43146,,,Secondary Road,,,,,1
code:43178,43178,,,Secondary Road,,,,,1
code:44909,44909,,,Secondary Road,,,,,1
code:52899,52899,,,Secondary Road,,,,,1
code:50866,50866,,,Secondary Road,,,,,1
code:44950,44950,,,Secondary Road,,,,,1
code:53104,53104,,,Secondary Road,,,,,1
code:51993,51993,,,Secondary Road,,,,,1
code:53072,53072,,,Secondary Road,,,,,1
code:49932,49932,,,Secondary Road,,,,,1
code:46445,46445,,,Main Road,,,,,1
code:44016,44016,,,Secondary Road,,,,,1
code:45977,45977,,,Secondary Road,,,,,1
code:49787,49787,,,Secondary Road,,,,,1
code:43139,43139,,,Secondary Road,,,,,1
code:50332,50332,,,Secondary Road,,,,,1
code:42242,42242,,,Secondary Road,,,,,1
code:43980,43980,,,Secondary Road,,,,,1
code:40804,40804,,,Secondary Road,,,,,1
code:49957,49957,,,Secondary Road,,,,,1
code:45645,45645,,,Secondary Road,,,,,1
code:49962,49962,,,Secondary Road,,,,,1
code:42167,42167,,,Secondary Road,,,,,1
code:49791,49791,,,Secondary Road,,,,,1
code:47837,47837,,,Secondary Road,,,,,1
code:42404,42404,,,Secondary Road,,,,,1
code:40703,40703,,,Secondary Road,,,,,1
code:49828,49828,,,Secondary Road,,,,,1
code:49959,49959,,,Secondary Road,,,,,1
code:45865,45865,,,Secondary Road,,,,,1
code:45783,45783,,,Highway,,,,,1
code:50378,50378,,,Secondary Road,,,,,1
code:43176,43176,,,Secondary Road,,,,,1
code:41635,41635,,,Secondary Road,,,,,1
code:45933,45933,,,Main Road,,,,,1
code:51663,51663,,,Secondary Road,,,,,1
code:45580,45580,,,Secondary Road,,,,,1
code:53068,53068,,,Secondary Road,,,,,1
code:47852,47852,,,Track,,,,,1
code:51814,51814,,,Secondary Road,,,,,1
code:51817,51817,,,Secondary Road,,,,,1
code:44261,44261,,,Secondary Road,,,,,1
code:40335,40335,,,Secondary Road,,,,,1
code:51831,51831,,,Secondary Road,,,,,1
code:53118,53118,,,Secondary Road,,,,,1
code:51832,51832,,,Secondary Road,,,,,1
code:51850,51850,,,Secondary Road,,,,,1
code:51863,51863,,,Secondary Road,,,,,1
code:51882,51882,,,Secondary Road,,,,,1
code:51899,51899,,,Secondary Road,,,,,1
code:51900,51900,,,Secondary Road,,,,,1
code:53100,53100,,,Secondary Road,,,,,1
code:51932,51932,,,Secondary Road,,,,,1
code:51949,51949,,,Secondary Road,,,,,1
code:51950,51950,,,Secondary Road,,,,,1
code:51931,51931,,,Secondary Road,,,,,1
code:51964,51964,,,Secondary Road,,,,,1
code:53136,53136,,,Secondary Road,,,,,1
code:52438,52438,,,Secondary Road,,,,,1
code:47783,47783,,,Secondary Road,,,,,1
code:52495,52495,,,Secondary Road,,,,,1
code:52504,52504,,,Secondary Road,,,,,1
code:49353,49353,,,Secondary Road,,,,,1
code:52529,52529,,,Secondary Road,,,,,1
code:52536,52536,,,Secondary Road,,,,,1
code:52538,52538,,,Secondary Road,,,,,1
code:48960,48960,,,Track,,,,,1
code:45877,45877,,,Secondary Road,,,,,1
code:40806,40806,,,Secondary Road,,,,,1
code:50032,50032,,,Secondary Road,,,,,1
code:45150,45150,,,Secondary Road,,,,,1
code:48226,48226,,,Highway,,,,,1
code:48224,48224,,,Highway,,,,,1
code:43005,43005,,,Secondary Road,,,,,1
code:44239,44239,,,Secondary Road,,,,,1
code:43612,43612,,,Secondary Road,,,,,1
code:43046,43046,,,Secondary Road,,,,,1
code:52561,52561,,,Secondary Road,,,,,1
code:53153,53153,,,Secondary Road,,,,,1
code:53154,53154,,,Secondary Road,,,,,1
code:53167,53167,,,Secondary Road,,,,,1
code:53168,53168,,,Secondary Road,,,,,1
code:53185,53185,,,Secondary Road,,,,,1
code:53067,53067,,,Secondary Road,,,,,1
code:52718,52718,,,Secondary Road,,,,,1
code:52735,52735,,,Secondary Road,,,,,1
code:52749,52749,,,Secondary Road,,,,,1
code:52767,52767,,,Secondary Road,,,,,1
code:52785,52785,,,Secondary Road,,,,,1
code:52786,52786,,,Secondary Road,,,,,1
code:52800,52800,,,Secondary Road,,,,,1
code:52817,52817,,,Secondary Road,,,,,1
code:52818,52818,,,Secondary Road,,,,,1
code:52836,52836,,,Secondary Road,,,,,1
code:52031,52031,,,Secondary Road,,,,,1
code:52032,52032,,,Secondary Road,,,,,1
code:52049,52049,,,Secondary Road,,,,,1
code:52064,52064,,,Secondary Road,,,,,1
code:53371,53371,,,Secondary Road,,,,,1
code:53368,53368,,,Secondary Road,,,,,1
code:53385,53385,,,Secondary Road,,,,,1
code:53386,53386,,,Secondary Road,,,,,1
code:53404,53404,,,Secondary Road,,,,,1
code:52570,52570,,,Secondary Road,,,,,1
code:52572,52572,,,Secondary Road,,,,,1
code:52597,52597,,,Secondary Road,,,,,1
code:52636,52636,,,Secondary Road,,,,,1
code:52640,52640,,,Main Road,,,,,1
code:52661,52661,,,Secondary Road,,,,,1
code:52663,52663,,,Secondary Road,,,,,1
code:41531,41531,,,Secondary Road,,,,,1
code:48887,48887,,,Secondary Road,,,,,1
code:47417,47417,,,Secondary Road,,,,,1
code:45620,45620,,,Secondary Road,,,,,1
code:47826,47826,,,Secondary Road,,,,,1
code:53435,53435,,,Secondary Road,,,,,1
code:53436,53436,,,Secondary Road,,,,,1
code:44911,44911,,,Restricted Road,,,,,1
code:46383,46383,,,Secondary Road,,,,,1
code:44011,44011,,,Secondary Road,,,,,1
code:50881,50881,,,Secondary Road,,,,,1
code:51763,51763,,,Secondary Road,,,,,1
code:44361,44361,,,Secondary Road,,,,,1
code:51446,51446,,,Secondary Road,,,,,1
code:50309,50309,,,Secondary Road,,,,,1
code:52849,52849,,,Secondary Road,,,,,1
code:52868,52868,,,Secondary Road,,,,,1
code:51799,51799,,,Secondary Road,,,,,1
code:43957,43957,,,Secondary Road,,,,,1
code:40252,40252,,,Secondary Road,,,,,1
code:40547,40547,,,Secondary Road,,,,,1
code:40881,40881,,,Secondary Road,,,,,1
code:44589,44589,,,Secondary Road,,,,,1
code:45059,45059,,,Secondary Road,,,,,1
code:49237,49237,,,Secondary Road,,,,,1
code:41581,41581,,,Secondary Road,,,,,1
code:49537,49537,,,Secondary Road,,,,,1
code:49739,49739,,,Secondary Road,,,,,1
code:43294,43294,,,Secondary Road,,,,,1
code:45261,45261,,,Secondary Road,,,,,1
code:50216,50216,,,Secondary Road,,,,,1
code:41015,41015,,,Secondary Road,,,,,1
code:50005,50005,,,Secondary Road,,,,,1
code:43998,43998,,,Secondary Road,,,,,1
code:42117,42117,,,Secondary Road,,,,,1
code:41626,41626,,,Secondary Road,,,,,1
code:49873,49873,,,Secondary Road,,,,,1
code:45729,45729,,,Secondary Road,,,,,1
code:45902,45902,,,Secondary Road,,,,,1
code:51709,51709,,,Secondary Road,,,,,1
code:43087,43087,,,Secondary Road,,,,,1
code:49305,49305,,,Secondary Road,,,,,1
code:45561,45561,,,Secondary Road,,,,,1
code:49837,49837,,,Secondary Road,,,,,1
code:42228,42228,,,Secondary Road,,,,,1
code:42485,42485,,,Restricted Road,,,,,1
code:43989,43989,,,Secondary Road,,,,,1
code:45868,45868,,,Secondary Road,,,,,1
code:49871,49871,,,Secondary Road,,,,,1
code:49914,49914,,,Secondary Road,,,,,1
code:40513,40513,,,Secondary Road,,,,,1
code:44253,44253,,,Secondary Road,,,,,1
code:40894,40894,,,Secondary Road,,,,,1
code:51120,51120,,,Secondary Road,,,,,1
code:40626,40626,,,Secondary Road,,,,,1
code:49735,49735,,,Secondary Road,,,,,1
code:40992,40992,,,Secondary Road,,,,,1
code:45121,45121,,,Secondary Road,,,,,1
code:44351,44351,,,Secondary Road,,,,,1
code:49184,49184,,,Secondary Road,,,,,1
code:45474,45474,,,Secondary Road,,,,,1
code:50303,50303,,,Secondary Road,,,,,1
code:45004,45004,,,Secondary Road,,,,,1
code:45974,45974,,,Secondary Road,,,,,1
code:52007,52007,,,Main Road,,,,,1
code:47680,47680,,,Secondary Road,,,,,1
code:46842,46842,,,Secondary Road,,,,,1
code:46844,46844,,,Secondary Road,,,,,1
code:42079,42079,,,Main Road,,,,,1
code:51105,51105,,,Secondary Road,,,,,1
code:46727,46727,,,Secondary Road,,,,,1
code:40324,40324,,,Secondary Road,,,,,1
code:40226,40226,,,Secondary Road,,,,,1
code:42964,42964,,,Secondary Road,,,,,1
code:47127,47127,,,Secondary Road,,,,,1
code:51139,51139,,,Secondary Road,,,,,1
code:42866,42866,,,Secondary Road,,,,,1
code:49384,49384,,,Secondary Road,,,,,1
code:43953,43953,,,Secondary Road,,,,,1
code:43968,43968,,,Secondary Road,,,,,1
code:40969,40969,,,Secondary Road,,,,,1
code:51098,51098,,,Secondary Road,,,,,1
code:49358,49358,,,Secondary Road,,,,,1
code:51297,51297,,,Secondary Road,,,,,1
code:49193,49193,,,Secondary Road,,,,,1
code:46167,46167,,,Secondary Road,,,,,1
code:51047,51047,,,Secondary Road,,,,,1
code:51097,51097,,,Secondary Road,,,,,1
code:50125,50125,,,Secondary Road,,,,,1
code:45331,45331,,,Secondary Road,,,,,1
code:41220,41220,,,Secondary Road,,,,,1
code:47336,47336,,,Secondary Road,,,,,1
code:41187,41187,,,Secondary Road,,,,,1
code:46468,46468,,,Secondary Road,,,,,1
code:46117,46117,,,Secondary Road,,,,,1
code:44913,44913,,,Restricted Road,,,,,1
code:45078,45078,,,Secondary Road,,,,,1
code:49557,49557,,,Secondary Road,,,,,1
code:51430,51430,,,Secondary Road,,,,,1
code:49343,49343,,,Secondary Road,,,,,1
code:41552,41552,,,Secondary Road,,,,,1
code:50394,50394,,,Secondary Road,,,,,1
code:49226,49226,,,Secondary Road,,,,,1
code:48271,48271,,,Secondary Road,,,,,1
code:42891,42891,,,Secondary Road,,,,,1
code:44109,44109,,,Secondary Road,,,,,1
code:47136,47136,,,Secondary Road,,,,,1
code:42873,42873,,,Secondary Road,,,,,1
code:42906,42906,,,Secondary Road,,,,,1
code:41720,41720,,,Secondary Road,,,,,1
code:44159,44159,,,Secondary Road,,,,,1
code:41587,41587,,,Secondary Road,,,,,1
code:41455,41455,,,Secondary Road,,,,,1
code:45296,45296,,,Secondary Road,,,,,1
code:50361,50361,,,Secondary Road,,,,,1
code:44578,44578,,,Secondary Road,,,,,1
code:41898,41898,,,Secondary Road,,,,,1
code:48682,48682,,,Secondary Road,,,,,1
code:40160,40160,,,Secondary Road,,,,,1
code:41711,41711,,,Secondary Road,,,,,1
code:50954,50954,,,Secondary Road,,,,,1
code:47261,47261,,,Secondary Road,,,,,1
code:50001,50001,,,Secondary Road,,,,,1
code:40658,40658,,,Secondary Road,,,,,1
code:42764,42764,,,Secondary Road,,,,,1
code:48029,48029,,,Secondary Road,,,,,1
code:46674,46674,,,Secondary Road,,,,,1
code:49267,49267,,,Secondary Road,,,,,1
code:51322,51322,,,Secondary Road,,,,,1
code:50620,50620,,,Secondary Road,,,,,1
code:50201,50201,,,Secondary Road,,,,,1
code:45338,45338,,,Secondary Road,,,,,1
code:53094,53094,,,Secondary Road,,,,,1
code:50050,50050,,,Secondary Road,,,,,1
code:51473,51473,,,Secondary Road,,,,,1
code:46008,46008,,,Main Road,,,,,1
code:44570,44570,,,Secondary Road,,,,,1
code:42349,42349,,,Secondary Road,,,,,1
code:50218,50218,,,Secondary Road,,,,,1
code:51205,51205,,,Secondary Road,,,,,1
code:50069,50069,,,Secondary Road,,,,,1
code:45840,45840,,,Secondary Road,,,,,1
code:49920,49920,,,Secondary Road,,,,,1
code:49816,49816,,,Secondary Road,,,,,1
code:49550,49550,,,Secondary Road,,,,,1
code:50505,50505,,,Secondary Road,,,,,1
code:51073,51073,,,Secondary Road,,,,,1
code:45038,45038,,,Secondary Road,,,,,1
code:48750,48750,,,Track,,,,,1
code:44053,44053,,,Secondary Road,,,,,1
code:40927,40927,,,Secondary Road,,,,,1
code:40357,40357,,,Secondary Road,,,,,1
code:40408,40408,,,Secondary Road,,,,,1
code:40508,40508,,,Restricted Road,,,,,1
code:40057,40057,,,Secondary Road,,,,,1
code:46575,46575,,,Secondary Road,,,,,1
code:41929,41929,,,Secondary Road,,,,,1
code:47328,47328,,,Secondary Road,,,,,1
code:49636,49636,,,Secondary Road,,,,,1
code:43869,43869,,,Secondary Road,,,,,1
code:44405,44405,,,Secondary Road,,,,,1
code:46241,46241,,,Secondary Road,,,,,1
code:50285,50285,,,Secondary Road,,,,,1
code:46292,46292,,,Secondary Road,,,,,1
code:46022,46022,,,Secondary Road,,,,,1
code:50219,50219,,,Secondary Road,,,,,1
code:50453,50453,,,Secondary Road,,,,,1
code:51591,51591,,,Secondary Road,,,,,1
code:43465,43465,,,Secondary Road,,,,,1
code:43065,43065,,,Secondary Road,,,,,1
code:51338,51338,,,Secondary Road,,,,,1
code:49866,49866,,,Secondary Road,,,,,1
code:50100,50100,,,Secondary Road,,,,,1
code:45758,45758,,,Secondary Road,,,,,1
code:45039,45039,,,Secondary Road,,,,,1
code:53112,53112,,,Main Road,,,,,1
code:50685,50685,,,Secondary Road,,,,,1
code:46326,46326,,,Secondary Road,,,,,1
code:46309,46309,,,Secondary Road,,,,,1
code:46407,46407,,,Secondary Road,,,,,1
code:45958,45958,,,Secondary Road,,,,,1
code:43067,43067,,,Secondary Road,,,,,1
code:42085,42085,,,Secondary Road,,,,,1
code:40754,40754,,,Secondary Road,,,,,1
code:50307,50307,,,Secondary Road,,,,,1
code:44900,44900,,,Secondary Road,,,,,1
code:40222,40222,,,Secondary Road,,,,,1
code:47901,47901,,,Secondary Road,,,,,1
code:41681,41681,,,Secondary Road,,,,,1
code:47474,47474,,,Secondary Road,,,,,1
code:44902,44902,,,Secondary Road,,,,,1
code:48367,48367,,,Secondary Road,,,,,1
code:50316,50316,,,Secondary Road,,,,,1
code:48944,48944,,,Secondary Road,,,,,1
code:49078,49078,,,Secondary Road,,,,,1
code:40520,40520,,,Secondary Road,,,,,1
code:49001,49001,,,Secondary Road,,,,,1
code:41526,41526,,,Secondary Road,,,,,1
code:46774,46774,,,Secondary Road,,,,,1
code:48712,48712,,,Secondary Road,,,,,1
code:50575,50575,,,Secondary Road,,,,,1
code:44023,44023,,,Secondary Road,,,,,1
code:49614,49614,,,Secondary Road,,,,,1
code:47063,47063,,,Secondary Road,,,,,1
code:43662,43662,,,Secondary Road,,,,,1
code:40313,40313,,,Secondary Road,,,,,1
code:47865,47865,,,Secondary Road,,,,,1
code:48067,48067,,,Main Road,,,,,1
code:50073,50073,,,Secondary Road,,,,,1
code:46497,46497,,,Secondary Road,,,,,1
code:40545,40545,,,Secondary Road,,,,,1
code:50441,50441,,,Secondary Road,,,,,1
code:49478,49478,,,Secondary Road,,,,,1
code:40979,40979,,,Secondary Road,,,,,1
code:43287,43287,,,Secondary Road,,,,,1
code:46163,46163,,,Secondary Road,,,,,1
code:50214,50214,,,Secondary Road,,,,,1
code:50850,50850,,,Secondary Road,,,,,1
code:51209,51209,,,Secondary Road,,,,,1
code:40679,40679,,,Secondary Road,,,,,1
code:47374,47374,,,Secondary Road,,,,,1
code:49271,49271,,,Secondary Road,,,,,1
code:48403,48403,,,Main Road,,,,,1
code:49573,49573,,,Secondary Road,,,,,1
code:41475,41475,,,Secondary Road,,,,,1
code:49531,49531,,,Secondary Road,,,,,1
code:43436,43436,,,Secondary Road,,,,,1
code:41214,41214,,,Secondary Road,,,,,1
code:41125,41125,,,Highway,,,,,1
code:45333,45333,,,Secondary Road,,,,,1
code:40864,40864,,,Secondary Road,,,,,1
code:50374,50374,,,Secondary Road,,,,,1
code:51142,51142,,,Secondary Road,,,,,1
code:47305,47305,,,Secondary Road,,,,,1
code:49738,49738,,,Secondary Road,,,,,1
code:45144,45144,,,Secondary Road,,,,,1
code:41189,41189,,,Secondary Road,,,,,1
code:44690,44690,,,Secondary Road,,,,,1
code:45158,45158,,,Secondary Road,,,,,1
code:45401,45401,,,Secondary Road,,,,,1
code:47773,47773,,,Secondary Road,,,,,1
code:47180,47180,,,Secondary Road,,,,,1
code:41071,41071,,,Secondary Road,,,,,1
code:46019,46019,,,Secondary Road,,,,,1
code:45476,45476,,,Secondary Road,,,,,1
code:51303,51303,,,Secondary Road,,,,,1
code:52253,52253,,,Secondary Road,,,,,1
code:46337,46337,,,Secondary Road,,,,,1
code:46380,46380,,,Secondary Road,,,,,1
code:45719,45719,,,Secondary Road,,,,,1
code:51553,51553,,,Secondary Road,,,,,1
code:45626,45626,,,Restricted Road,,,,,1
code:43036,43036,,,Secondary Road,,,,,1
code:51067,51067,,,Secondary Road,,,,,1
code:45762,45762,,,Secondary Road,,,,,1
code:50874,50874,,,Secondary Road,,,,,1
code:49824,49824,,,Secondary Road,,,,,1
code:52903,52903,,,Secondary Road,,,,,1
code:52900,52900,,,Secondary Road,,,,,1
code:53050,53050,,,Secondary Road,,,,,1
code:52935,52935,,,Secondary Road,,,,,1
code:52950,52950,,,Secondary Road,,,,,1
code:52953,52953,,,Secondary Road,,,,,1
code:52967,52967,,,Secondary Road,,,,,1
code:52968,52968,,,Secondary Road,,,,,1
code:52986,52986,,,Secondary Road,,,,,1
code:53017,53017,,,Secondary Road,,,,,1
code:43040,43040,,,Secondary Road,,,,,1
code:43143,43143,,,Secondary Road,,,,,1
code:43207,43207,,,Secondary Road,,,,,1
code:49909,49909,,,Secondary Road,,,,,1
code:49574,49574,,,Secondary Road,,,,,1
code:50510,50510,,,Secondary Road,,,,,1
code:45530,45530,,,Secondary Road,,,,,1
code:50363,50363,,,Secondary Road,,,,,1
code:46851,46851,,,Secondary Road,,,,,1
code:44812,44812,,,Secondary Road,,,,,1
code:44229,44229,,,Secondary Road,,,,,1
code:40717,40717,,,Secondary Road,,,,,1
code:52099,52099,,,Secondary Road,,,,,1
code:52114,52114,,,Secondary Road,,,,,1
code:52131,52131,,,Main Road,,,,,1
code:52668,52668,,,Secondary Road,,,,,1
code:52149,52149,,,Secondary Road,,,,,1
code:52150,52150,,,Secondary Road,,,,,1
code:45386,45386,,,Secondary Road,,,,,1
code:48487,48487,,,Secondary Road,,,,,1
code:48787,48787,,,Secondary Road,,,,,1
code:43080,43080,,,Secondary Road,,,,,1
code:49830,49830,,,Secondary Road,,,,,1
code:50464,50464,,,Main Road,,,,,1
code:46422,46422,,,Secondary Road,,,,,1
code:41208,41208,,,Secondary Road,,,,,1
code:50898,50898,,,Secondary Road,,,,,1
code:45952,45952,,,Secondary Road,,,,,1
code:49923,49923,,,Secondary Road,,,,,1
code:48185,48185,,,Secondary Road,,,,,1
code:44952,44952,,,Secondary Road,,,,,1
code:49887,49887,,,Secondary Road,,,,,1
code:42437,42437,,,Track,,,,,1
code:47651,47651,,,Secondary Road,,,,,1
code:44941,44941,,,Secondary Road,,,,,1
code:51802,51802,,,Secondary Road,,,,,1
code:53097,53097,,,Secondary Road,,,,,1
code:51393,51393,,,Secondary Road,,,,,1
code:51259,51259,,,Secondary Road,,,,,1
code:51829,51829,,,Secondary Road,,,,,1
code:51859,51859,,,Secondary Road,,,,,1
code:51834,51834,,,Secondary Road,,,,,1
code:51895,51895,,,Secondary Road,,,,,1
code:51902,51902,,,Secondary Road,,,,,1
code:51936,51936,,,Secondary Road,,,,,1
code:51938,51938,,,Secondary Road,,,,,1
code:51961,51961,,,Secondary Road,,,,,1
code:53133,53133,,,Secondary Road,,,,,1
code:53138,53138,,,Secondary Road,,,,,1
code:53140,53140,,,Secondary Road,,,,,1
code:52167,52167,,,Secondary Road,,,,,1
code:50527,50527,,,Secondary Road,,,,,1
code:52200,52200,,,Secondary Road,,,,,1
code:52199,52199,,,Secondary Road,,,,,1
code:52214,52214,,,Secondary Road,,,,,1
code:52217,52217,,,Secondary Road,,,,,1
code:52232,52232,,,Secondary Road,,,,,1
code:52231,52231,,,Secondary Road,,,,,1
code:52267,52267,,,Secondary Road,,,,,1
code:53504,53504,,,Secondary Road,,,,,1
code:53186,53186,,,Secondary Road,,,,,1
code:53200,53200,,,Secondary Road,,,,,1
code:53204,53204,,,Secondary Road,,,,,1
code:53218,53218,,,Secondary Road,,,,,1
code:53235,53235,,,Secondary Road,,,,,1
code:53236,53236,,,Secondary Road,,,,,1
code:53267,53267,,,Secondary Road,,,,,1
code:53268,53268,,,Secondary Road,,,,,1
code:53285,53285,,,Secondary Road,,,,,1
code:53286,53286,,,Secondary Road,,,,,1
code:47287,47287,,,Secondary Road,,,,,1
code:53317,53317,,,Secondary Road,,,,,1
code:53353,53353,,,Secondary Road,,,,,1
code:53354,53354,,,Secondary Road,,,,,1
code:51631,51631,,,Secondary Road,,,,,1
code:45797,45797,,,Secondary Road,,,,,1
code:50478,50478,,,Secondary Road,,,,,1
code:42239,42239,,,Secondary Road,,,,,1
code:51345,51345,,,Secondary Road,,,,,1
code:44126,44126,,,Secondary Road,,,,,1
code:42207,42207,,,Secondary Road,,,,,1
code:45883,45883,,,Secondary Road,,,,,1
code:45630,45630,,,Restricted Road,,,,,1
code:48223,48223,,,Highway,,,,,1
code:42327,42327,,,Secondary Road,,,,,1
code:49840,49840,,,Secondary Road,,,,,1
code:50833,50833,,,Track,,,,,1
code:48107,48107,,,Secondary Road,,,,,1
code:51251,51251,,,Secondary Road,,,,,1
code:50808,50808,,,Secondary Road,,,,,1
code:47314,47314,,,Secondary Road,,,,,1
code:51601,51601,,,Secondary Road,,,,,1
code:44992,44992,,,Secondary Road,,,,,1
code:49697,49697,,,Secondary Road,,,,,1
code:45010,45010,,,Secondary Road,,,,,1
code:45442,45442,,,Secondary Road,,,,,1
code:41348,41348,,,Secondary Road,,,,,1
code:41041,41041,,,Secondary Road,,,,,1
code:40605,40605,,,Secondary Road,,,,,1
code:43281,43281,,,Secondary Road,,,,,1
code:44581,44581,,,Secondary Road,,,,,1
code:41016,41016,,,Secondary Road,,,,,1
code:50540,50540,,,Secondary Road,,,,,1
code:40705,40705,,,Secondary Road,,,,,1
code:45292,45292,,,Secondary Road,,,,,1
code:51044,51044,,,Secondary Road,,,,,1
code:46196,46196,,,Secondary Road,,,,,1
code:47164,47164,,,Secondary Road,,,,,1
code:41173,41173,,,Secondary Road,,,,,1
code:51244,51244,,,Secondary Road,,,,,1
code:47289,47289,,,Secondary Road,,,,,1
code:41066,41066,,,Secondary Road,,,,,1
code:46421,46421,,,Secondary Road,,,,,1
code:40537,40537,,,Secondary Road,,,,,1
code:49522,49522,,,Secondary Road,,,,,1
code:45542,45542,,,Secondary Road,,,,,1
code:41073,41073,,,Secondary Road,,,,,1
code:49254,49254,,,Secondary Road,,,,,1
code:44924,44924,,,Secondary Road,,,,,1
code:49579,49579,,,Secondary Road,,,,,1
code:45946,45946,,,Secondary Road,,,,,1
code:53163,53163,,,Secondary Road,,,,,1
code:53165,53165,,,Secondary Road,,,,,1
code:53172,53172,,,Secondary Road,,,,,1
code:53199,53199,,,Secondary Road,,,,,1
code:53208,53208,,,Secondary Road,,,,,1
code:53240,53240,,,Secondary Road,,,,,1
code:53272,53272,,,Secondary Road,,,,,1
code:52629,52629,,,Secondary Road,,,,,1
code:49732,49732,,,Secondary Road,,,,,1
code:51736,51736,,,Secondary Road,,,,,1
code:52706,52706,,,Secondary Road,,,,,1
code:42410,42410,,,Secondary Road,,,,,1
code:53038,53038,,,Secondary Road,,,,,1
code:52763,52763,,,Secondary Road,,,,,1
code:52765,52765,,,Secondary Road,,,,,1
code:52770,52770,,,Secondary Road,,,,,1
code:52772,52772,,,Secondary Road,,,,,1
code:40840,40840,,,Secondary Road,,,,,1
code:52797,52797,,,Secondary Road,,,,,1
code:52804,52804,,,Secondary Road,,,,,1
code:52829,52829,,,Secondary Road,,,,,1
code:52840,52840,,,Secondary Road,,,,,1
code:52004,52004,,,Secondary Road,,,,,1
code:52002,52002,,,Secondary Road,,,,,1
code:40789,40789,,,Secondary Road,,,,,1
code:47898,47898,,,Secondary Road,,,,,1
code:40296,40296,,,Secondary Road,,,,,1
code:41564,41564,,,Secondary Road,,,,,1
code:44147,44147,,,Secondary Road,,,,,1
code:51135,51135,,,Secondary Road,,,,,1
code:43854,43854,,,Secondary Road,,,,,1
code:49756,49756,,,Main Road,,,,,1
code:43729,43729,,,Secondary Road,,,,,1
code:49620,49620,,,Secondary Road,,,,,1
code:43954,43954,,,Secondary Road,,,,,1
code:43715,43715,,,Secondary Road,,,,,1
code:44515,44515,,,Secondary Road,,,,,1
code:50556,50556,,,Secondary Road,,,,,1
code:49245,49245,,,Secondary Road,,,,,1
code:51024,51024,,,Secondary Road,,,,,1
code:43254,43254,,,Secondary Road,,,,,1
code:49163,49163,,,Secondary Road,,,,,1
code:49974,49974,,,Secondary Road,,,,,1
code:50124,50124,,,Secondary Road,,,,,1
code:47884,47884,,,Secondary Road,,,,,1
code:50581,50581,,,Secondary Road,,,,,1
code:47298,47298,,,Secondary Road,,,,,1
code:41157,41157,,,Secondary Road,,,,,1
code:49588,49588,,,Secondary Road,,,,,1
code:45126,45126,,,Secondary Road,,,,,1
code:49988,49988,,,Secondary Road,,,,,1
code:46119,46119,,,Secondary Road,,,,,1
code:48391,48391,,,Secondary Road,,,,,1
code:46498,46498,,,Secondary Road,,,,,1
code:51048,51048,,,Secondary Road,,,,,1
code:49811,49811,,,Secondary Road,,,,,1
code:50293,50293,,,Secondary Road,,,,,1
code:45114,45114,,,Secondary Road,,,,,1
code:45481,45481,,,Secondary Road,,,,,1
code:49157,49157,,,Secondary Road,,,,,1
code:49525,49525,,,Secondary Road,,,,,1
code:42337,42337,,,Secondary Road,,,,,1
code:40870,40870,,,Secondary Road,,,,,1
code:45949,45949,,,Secondary Road,,,,,1
code:43977,43977,,,Secondary Road,,,,,1
code:45781,45781,,,Secondary Road,,,,,1
code:43141,43141,,,Secondary Road,,,,,1
code:48872,48872,,,Secondary Road,,,,,1
code:49307,49307,,,Secondary Road,,,,,1
code:45714,45714,,,Secondary Road,,,,,1
code:51683,51683,,,Secondary Road,,,,,1
code:46667,46667,,,Secondary Road,,,,,1
code:49843,49843,,,Secondary Road,,,,,1
code:48889,48889,,,Secondary Road,,,,,1
code:51566,51566,,,Secondary Road,,,,,1
code:45646,45646,,,Secondary Road,,,,,1
code:45832,45832,,,Secondary Road,,,,,1
code:43410,43410,,,Restricted Road,,,,,1
code:51665,51665,,,Secondary Road,,,,,1
code:44577,44577,,,Secondary Road,,,,,1
code:49214,49214,,,Secondary Road,,,,,1
code:46161,46161,,,Secondary Road,,,,,1
code:46431,46431,,,Secondary Road,,,,,1
code:49973,49973,,,Secondary Road,,,,,1
code:45125,45125,,,Secondary Road,,,,,1
code:49371,49371,,,Secondary Road,,,,,1
code:49512,49512,,,Secondary Road,,,,,1
code:45493,45493,,,Secondary Road,,,,,1
code:46536,46536,,,Secondary Road,,,,,1
code:50039,50039,,,Secondary Road,,,,,1
code:50684,50684,,,Secondary Road,,,,,1
code:42626,42626,,,Secondary Road,,,,,1
code:40179,40179,,,Secondary Road,,,,,1
code:44691,44691,,,Secondary Road,,,,,1
code:50146,50146,,,Secondary Road,,,,,1
code:41985,41985,,,Secondary Road,,,,,1
code:48801,48801,,,Secondary Road,,,,,1
code:47699,47699,,,Secondary Road,,,,,1
code:43562,43562,,,Secondary Road,,,,,1
code:42653,42653,,,Secondary Road,,,,,1
code:47006,47006,,,Secondary Road,,,,,1
code:49712,49712,,,Secondary Road,,,,,1
code:42585,42585,,,Secondary Road,,,,,1
code:42192,42192,,,Secondary Road,,,,,1
code:48001,48001,,,Secondary Road,,,,,1
code:50016,50016,,,Secondary Road,,,,,1
code:42051,42051,,,Secondary Road,,,,,1
code:43455,43455,,,Secondary Road,,,,,1
code:51518,51518,,,Secondary Road,,,,,1
code:45402,45402,,,Secondary Road,,,,,1
code:41149,41149,,,Secondary Road,,,,,1
code:50273,50273,,,Secondary Road,,,,,1
code:49067,49067,,,Secondary Road,,,,,1
code:40277,40277,,,Secondary Road,,,,,1
code:49416,49416,,,Secondary Road,,,,,1
code:41981,41981,,,Secondary Road,,,,,1
code:40026,40026,,,Secondary Road,,,,,1
code:50735,50735,,,Secondary Road,,,,,1
code:41462,41462,,,Secondary Road,,,,,1
code:49767,49767,,,Secondary Road,,,,,1
code:50186,50186,,,Secondary Road,,,,,1
code:49484,49484,,,Secondary Road,,,,,1
code:42900,42900,,,Secondary Road,,,,,1
code:40326,40326,,,Secondary Road,,,,,1
code:47178,47178,,,Secondary Road,,,,,1
code:42064,42064,,,Secondary Road,,,,,1
code:40360,40360,,,Secondary Road,,,,,1
code:40524,40524,,,Secondary Road,,,,,1
code:43432,43432,,,Secondary Road,,,,,1
code:45089,45089,,,Secondary Road,,,,,1
code:49518,49518,,,Secondary Road,,,,,1
code:48399,48399,,,Secondary Road,,,,,1
code:45255,45255,,,Secondary Road,,,,,1
code:49150,49150,,,Secondary Road,,,,,1
code:46493,46493,,,Secondary Road,,,,,1
code:49801,49801,,,Secondary Road,,,,,1
code:49350,49350,,,Secondary Road,,,,,1
code:45491,45491,,,Secondary Road,,,,,1
code:50371,50371,,,Secondary Road,,,,,1
code:41045,41045,,,Secondary Road,,,,,1
code:43251,43251,,,Secondary Road,,,,,1
code:45189,45189,,,Main Road,,,,,1
code:50384,50384,,,Secondary Road,,,,,1
code:43366,43366,,,Secondary Road,,,,,1
code:45738,45738,,,Secondary Road,,,,,1
code:45138,45138,,,Secondary Road,,,,,1
code:48867,48867,,,Secondary Road,,,,,1
code:45608,45608,,,Secondary Road,,,,,1
code:51154,51154,,,Secondary Road,,,,,1
code:49581,49581,,,Secondary Road,,,,,1
code:46355,46355,,,Main Road,,,,,1
code:45519,45519,,,Secondary Road,,,,,1
code:41900,41900,,,Secondary Road,,,,,1
code:46455,46455,,,Secondary Road,,,,,1
code:46487,46487,,,Secondary Road,,,,,1
code:42593,42593,,,Secondary Road,,,,,1
code:50849,50849,,,Secondary Road,,,,,1
code:45276,45276,,,Secondary Road,,,,,1
code:50785,50785,,,Secondary Road,,,,,1
code:40882,40882,,,Secondary Road,,,,,1
code:46966,46966,,,Secondary Road,,,,,1
code:46144,46144,,,Secondary Road,,,,,1
code:46612,46612,,,Secondary Road,,,,,1
code:46562,46562,,,Secondary Road,,,,,1
code:40278,40278,,,Secondary Road,,,,,1
code:40178,40178,,,Secondary Road,,,,,1
code:43404,43404,,,Secondary Road,,,,,1
code:48684,48684,,,Secondary Road,,,,,1
code:40146,40146,,,Secondary Road,,,,,1
code:50749,50749,,,Secondary Road,,,,,1
code:49470,49470,,,Secondary Road,,,,,1
code:49481,49481,,,Secondary Road,,,,,1
code:43790,43790,,,Secondary Road,,,,,1
code:44851,44851,,,Secondary Road,,,,,1
code:49720,49720,,,Secondary Road,,,,,1
code:43815,43815,,,Secondary Road,,,,,1
code:50317,50317,,,Secondary Road,,,,,1
code:41325,41325,,,Secondary Road,,,,,1
code:49713,49713,,,Secondary Road,,,,,1
code:43840,43840,,,Secondary Road,,,,,1
code:44004,44004,,,Secondary Road,,,,,1
code:51360,51360,,,Secondary Road,,,,,1
code:44447,44447,,,Secondary Road,,,,,1
code:48384,48384,,,Secondary Road,,,,,1
code:46305,46305,,,Secondary Road,,,,,1
code:45326,45326,,,Secondary Road,,,,,1
code:40564,40564,,,Secondary Road,,,,,1
code:41450,41450,,,Secondary Road,,,,,1
code:42168,42168,,,Secondary Road,,,,,1
code:46405,46405,,,Secondary Road,,,,,1
code:42286,42286,,,Secondary Road,,,,,1
code:45301,45301,,,Secondary Road,,,,,1
code:50692,50692,,,Secondary Road,,,,,1
code:48066,48066,,,Main Road,,,,,1
code:45344,45344,,,Secondary Road,,,,,1
code:42407,42407,,,Secondary Road,,,,,1
code:43190,43190,,,Secondary Road,,,,,1
code:43993,43993,,,Secondary Road,,,,,1
code:49592,49592,,,Secondary Road,,,,,1
code:52549,52549,,,Secondary Road,,,,,1
code:52567,52567,,,Secondary Road,,,,,1
code:52582,52582,,,Secondary Road,,,,,1
code:52585,52585,,,Secondary Road,,,,,1
code:52599,52599,,,Secondary Road,,,,,1
code:52600,52600,,,Secondary Road,,,,,1
code:42121,42121,,,Secondary Road,,,,,1
code:49324,49324,,,Secondary Road,,,,,1
code:52635,52635,,,Secondary Road,,,,,1
code:52649,52649,,,Secondary Road,,,,,1
code:52667,52667,,,Secondary Road,,,,,1
code:53521,53521,,,Secondary Road,,,,,1
code:47338,47338,,,Secondary Road,,,,,1
code:53554,53554,,,Main Road,,,,,1
code:53553,53553,,,Secondary Road,,,,,1
code:40217,40217,,,Secondary Road,,,,,1
code:52299,52299,,,Secondary Road,,,,,1
code:52300,52300,,,Secondary Road,,,,,1
code:52317,52317,,,Secondary Road,,,,,1
code:52318,52318,,,Secondary Road,,,,,1
code:52332,52332,,,Secondary Road,,,,,1
code:52335,52335,,,Secondary Road,,,,,1
code:52350,52350,,,Secondary Road,,,,,1
code:44997,44997,,,Secondary Road,,,,,1
code:52036,52036,,,Secondary Road,,,,,1
code:52038,52038,,,Secondary Road,,,,,1
code:40695,40695,,,Secondary Road,,,,,1
code:52061,52061,,,Secondary Road,,,,,1
code:52095,52095,,,Secondary Road,,,,,1
code:53372,53372,,,Secondary Road,,,,,1
code:53374,53374,,,Secondary Road,,,,,1
code:53338,53338,,,Secondary Road,,,,,1
code:52606,52606,,,Secondary Road,,,,,1
code:53431,53431,,,Secondary Road,,,,,1
code:53433,53433,,,Secondary Road,,,,,1
code:53440,53440,,,Secondary Road,,,,,1
code:53442,53442,,,Secondary Road,,,,,1
code:42369,42369,,,Secondary Road,,,,,1
code:42378,42378,,,Secondary Road,,,,,1
code:50491,50491,,,Secondary Road,,,,,1
code:49898,49898,,,Secondary Road,,,,,1
code:46379,46379,,,Secondary Road,,,,,1
code:49964,49964,,,Secondary Road,,,,,1
code:49396,49396,,,Secondary Road,,,,,1
code:47233,47233,,,Secondary Road,,,,,1
code:42358,42358,,,Secondary Road,,,,,1
code:49805,49805,,,Secondary Road,,,,,1
code:45091,45091,,,Secondary Road,,,,,1
code:45334,45334,,,Secondary Road,,,,,1
code:45100,45100,,,Secondary Road,,,,,1
code:45604,45604,,,Secondary Road,,,,,1
code:43096,43096,,,Secondary Road,,,,,1
code:48235,48235,,,Secondary Road,,,,,1
code:45570,45570,,,Secondary Road,,,,,1
code:51684,51684,,,Secondary Road,,,,,1
code:51686,51686,,,Secondary Road,,,,,1
code:45861,45861,,,Secondary Road,,,,,1
code:45761,45761,,,Secondary Road,,,,,1
code:43160,43160,,,Secondary Road,,,,,1
code:43889,43889,,,Secondary Road,,,,,1
code:46036,46036,,,Secondary Road,,,,,1
code:50339,50339,,,Secondary Road,,,,,1
code:50341,50341,,,Secondary Road,,,,,1
code:48242,48242,,,Secondary Road,,,,,1
code:48035,48035,,,Secondary Road,,,,,1
code:44927,44927,,,Secondary Road,,,,,1
code:49578,49578,,,Secondary Road,,,,,1
code:45734,45734,,,Secondary Road,,,,,1
code:45027,45027,,,Secondary Road,,,,,1
code:50041,50041,,,Secondary Road,,,,,1
code:42124,42124,,,Secondary Road,,,,,1
code:51420,51420,,,Secondary Road,,,,,1
code:43353,43353,,,Secondary Road,,,,,1
code:51679,51679,,,Secondary Road,,,,,1
code:45829,45829,,,Secondary Road,,,,,1
code:51150,51150,,,Secondary Road,,,,,1
code:48201,48201,,,Highway,,,,,1
code:50473,50473,,,Secondary Road,,,,,1
code:46606,46606,,,Secondary Road,,,,,1
code:48430,48430,,,Secondary Road,,,,,1
code:47947,47947,,,Secondary Road,,,,,1
code:47594,47594,,,Secondary Road,,,,,1
code:44135,44135,,,Secondary Road,,,,,1
code:53110,53110,,,Secondary Road,,,,,1
code:42948,42948,,,Secondary Road,,,,,1
code:40310,40310,,,Secondary Road,,,,,1
code:47745,47745,,,Secondary Road,,,,,1
code:43750,43750,,,Secondary Road,,,,,1
code:43716,43716,,,Secondary Road,,,,,1
code:41061,41061,,,Secondary Road,,,,,1
code:44354,44354,,,Secondary Road,,,,,1
code:44535,44535,,,Secondary Road,,,,,1
code:44337,44337,,,Secondary Road,,,,,1
code:40008,40008,,,Secondary Road,,,,,1
code:49402,49402,,,Secondary Road,,,,,1
code:50185,50185,,,Secondary Road,,,,,1
code:41697,41697,,,Secondary Road,,,,,1
code:41412,41412,,,Secondary Road,,,,,1
code:46260,46260,,,Secondary Road,,,,,1
code:46058,46058,,,Secondary Road,,,,,1
code:46609,46609,,,Secondary Road,,,,,1
code:45154,45154,,,Secondary Road,,,,,1
code:53076,53076,,,Secondary Road,,,,,1
code:50053,50053,,,Secondary Road,,,,,1
code:49181,49181,,,Secondary Road,,,,,1
code:49198,49198,,,Secondary Road,,,,,1
code:45171,45171,,,Secondary Road,,,,,1
code:42314,42314,,,Secondary Road,,,,,1
code:45488,45488,,,Secondary Road,,,,,1
code:46009,46009,,,Secondary Road,,,,,1
code:45256,45256,,,Secondary Road,,,,,1
code:50253,50253,,,Secondary Road,,,,,1
code:44788,44788,,,Secondary Road,,,,,1
code:51023,51023,,,Secondary Road,,,,,1
code:50202,50202,,,Secondary Road,,,,,1
code:50302,50302,,,Secondary Road,,,,,1
code:46524,46524,,,Secondary Road,,,,,1
code:41076,41076,,,Secondary Road,,,,,1
code:49034,49034,,,Secondary Road,,,,,1
code:49802,49802,,,Secondary Road,,,,,1
code:40827,40827,,,Secondary Road,,,,,1
code:40876,40876,,,Secondary Road,,,,,1
code:46659,46659,,,Secondary Road,,,,,1
code:46340,46340,,,Secondary Road,,,,,1
code:45889,45889,,,Secondary Road,,,,,1
code:49935,49935,,,Secondary Road,,,,,1
code:46427,46427,,,Secondary Road,,,,,1
code:45823,45823,,,Secondary Road,,,,,1
code:42396,42396,,,Secondary Road,,,,,1
code:43115,43115,,,Secondary Road,,,,,1
code:51975,51975,,,Secondary Road,,,,,1
code:51990,51990,,,Secondary Road,,,,,1
code:52009,52009,,,Secondary Road,,,,,1
code:52024,52024,,,Secondary Road,,,,,1
code:49635,49635,,,Secondary Road,,,,,1
code:47346,47346,,,Secondary Road,,,,,1
code:41677,41677,,,Secondary Road,,,,,1
code:47593,47593,,,Secondary Road,,,,,1
code:47008,47008,,,Secondary Road,,,,,1
code:41379,41379,,,Secondary Road,,,,,1
code:44087,44087,,,Secondary Road,,,,,1
code:42530,42530,,,Secondary Road,,,,,1
code:51137,51137,,,Secondary Road,,,,,1
code:40375,40375,,,Secondary Road,,,,,1
code:47710,47710,,,Secondary Road,,,,,1
code:50401,50401,,,Secondary Road,,,,,1
code:43736,43736,,,Secondary Road,,,,,1
code:50154,50154,,,Secondary Road,,,,,1
code:44787,44787,,,Secondary Road,,,,,1
code:40039,40039,,,Restricted Road,,,,,1
code:43519,43519,,,Secondary Road,,,,,1
code:40092,40092,,,Secondary Road,,,,,1
code:44504,44504,,,Secondary Road,,,,,1
code:40273,40273,,,Secondary Road,,,,,1
code:44170,44170,,,Secondary Road,,,,,1
code:51373,51373,,,Secondary Road,,,,,1
code:45355,45355,,,Secondary Road,,,,,1
code:51507,51507,,,Secondary Road,,,,,1
code:50003,50003,,,Secondary Road,,,,,1
code:43543,43543,,,Secondary Road,,,,,1
code:52399,52399,,,Secondary Road,,,,,1
code:52400,52400,,,Secondary Road,,,,,1
code:52432,52432,,,Secondary Road,,,,,1
code:52435,52435,,,Secondary Road,,,,,1
code:49609,49609,,,Secondary Road,,,,,1
code:53468,53468,,,Secondary Road,,,,,1
code:53471,53471,,,Secondary Road,,,,,1
code:53485,53485,,,Secondary Road,,,,,1
code:53486,53486,,,Secondary Road,,,,,1
code:49558,49558,,,Secondary Road,,,,,1
code:47321,47321,,,Secondary Road,,,,,1
code:43910,43910,,,Secondary Road,,,,,1
code:49026,49026,,,Secondary Road,,,,,1
code:47735,47735,,,Secondary Road,,,,,1
code:40084,40084,,,Secondary Road,,,,,1
code:46918,46918,,,Secondary Road,,,,,1
code:53102,53102,,,Secondary Road,,,,,1
code:49726,49726,,,Secondary Road,,,,,1
code:40301,40301,,,Secondary Road,,,,,1
code:53052,53052,,,Secondary Road,,,,,1
code:41351,41351,,,Secondary Road,,,,,1
code:40719,40719,,,Restricted Road,,,,,1
code:44177,44177,,,Secondary Road,,,,,1
code:44178,44178,,,Secondary Road,,,,,1
code:41787,41787,,,Secondary Road,,,,,1
code:40148,40148,,,Secondary Road,,,,,1
code:40334,40334,,,Secondary Road,,,,,1
code:47421,47421,,,Secondary Road,,,,,1
code:43474,43474,,,Secondary Road,,,,,1
code:48422,48422,,,Secondary Road,,,,,1
code:46149,46149,,,Secondary Road,,,,,1
code:50211,50211,,,Secondary Road,,,,,1
code:49058,49058,,,Secondary Road,,,,,1
code:53037,53037,,,Secondary Road,,,,,1
code:47235,47235,,,Secondary Road,,,,,1
code:48372,48372,,,Secondary Road,,,,,1
code:41184,41184,,,Secondary Road,,,,,1
code:42655,42655,,,Secondary Road,,,,,1
code:41069,41069,,,Secondary Road,,,,,1
code:46217,46217,,,Secondary Road,,,,,1
code:49507,49507,,,Secondary Road,,,,,1
code:48740,48740,,,Secondary Road,,,,,1
code:42274,42274,,,Secondary Road,,,,,1
code:50844,50844,,,Secondary Road,,,,,1
code:49257,49257,,,Secondary Road,,,,,1
code:45414,45414,,,Secondary Road,,,,,1
code:45834,45834,,,Secondary Road,,,,,1
code:45870,45870,,,Secondary Road,,,,,1
code:45827,45827,,,Secondary Road,,,,,1
code:50541,50541,,,Secondary Road,,,,,1
code:52445,52445,,,Secondary Road,,,,,1
code:52447,52447,,,Secondary Road,,,,,1
code:52454,52454,,,Secondary Road,,,,,1
code:42896,42896,,,Secondary Road,,,,,1
code:52486,52486,,,Secondary Road,,,,,1
code:52488,52488,,,Secondary Road,,,,,1
code:52513,52513,,,Secondary Road,,,,,1
code:52520,52520,,,Secondary Road,,,,,1
code:52522,52522,,,Secondary Road,,,,,1
code:51988,51988,,,Highway,,,,,1
code:52688,52688,,,Secondary Road,,,,,1
code:52690,52690,,,Secondary Road,,,,,1
code:52713,52713,,,Secondary Road,,,,,1
code:52715,52715,,,Secondary Road,,,,,1
code:52720,52720,,,Secondary Road,,,,,1
code:52745,52745,,,Secondary Road,,,,,1
code:52754,52754,,,Secondary Road,,,,,1
code:52779,52779,,,Secondary Road,,,,,1
code:52781,52781,,,Secondary Road,,,,,1
code:52788,52788,,,Secondary Road,,,,,1
code:52815,52815,,,Secondary Road,,,,,1
code:52822,52822,,,Highway,,,,,1
code:53090,53090,,,Secondary Road,,,,,1
code:52013,52013,,,Secondary Road,,,,,1
code:44066,44066,,,Secondary Road,,,,,1
code:52043,52043,,,Secondary Road,,,,,1
code:52045,52045,,,Secondary Road,,,,,1
code:46129,46129,,,Secondary Road,,,,,1
code:52052,52052,,,Secondary Road,,,,,1
code:52054,52054,,,Secondary Road,,,,,1
code:52481,52481,,,Secondary Road,,,,,1
code:53056,53056,,,Secondary Road,,,,,1
code:52079,52079,,,Secondary Road,,,,,1
code:52086,52086,,,Secondary Road,,,,,1
code:52088,52088,,,Secondary Road,,,,,1
code:53381,53381,,,Secondary Road,,,,,1
code:53383,53383,,,Secondary Road,,,,,1
code:53388,53388,,,Secondary Road,,,,,1
code:53390,53390,,,Secondary Road,,,,,1
code:53392,53392,,,Secondary Road,,,,,1
code:45249,45249,,,Secondary Road,,,,,1
code:40684,40684,,,Secondary Road,,,,,1
code:45028,45028,,,Secondary Road,,,,,1
code:44546,44546,,,Secondary Road,,,,,1
code:40569,40569,,,Secondary Road,,,,,1
code:47318,47318,,,Secondary Road,,,,,1
code:43792,43792,,,Secondary Road,,,,,1
code:49376,49376,,,Secondary Road,,,,,1
code:48589,48589,,,Secondary Road,,,,,1
code:49676,49676,,,Secondary Road,,,,,1
code:41320,41320,,,Secondary Road,,,,,1
code:40165,40165,,,Secondary Road,,,,,1
code:46785,46785,,,Secondary Road,,,,,1
code:44446,44446,,,Secondary Road,,,,,1
code:45095,45095,,,Secondary Road,,,,,1
code:47822,47822,,,Secondary Road,,,,,1
code:42341,42341,,,Secondary Road,,,,,1
code:48708,48708,,,Secondary Road,,,,,1
code:48122,48122,,,Secondary Road,,,,,1
code:51329,51329,,,Secondary Road,,,,,1
code:45163,45163,,,Secondary Road,,,,,1
code:43939,43939,,,Secondary Road,,,,,1
code:50689,50689,,,Secondary Road,,,,,1
code:51795,51795,,,Secondary Road,,,,,1
code:44982,44982,,,Secondary Road,,,,,1
code:52863,52863,,,Secondary Road,,,,,1
code:52865,52865,,,Secondary Road,,,,,1
code:52874,52874,,,Secondary Road,,,,,1
code:52895,52895,,,Secondary Road,,,,,1
code:52897,52897,,,Main Road,,,,,1
code:52904,52904,,,Secondary Road,,,,,1
code:52906,52906,,,Secondary Road,,,,,1
code:52929,52929,,,Main Road,,,,,1
code:52931,52931,,,Secondary Road,,,,,1
code:52938,52938,,,Secondary Road,,,,,1
code:50398,50398,,,Secondary Road,,,,,1
code:52974,52974,,,Secondary Road,,,,,1
code:52972,52972,,,Secondary Road,,,,,1
code:52997,52997,,,Secondary Road,,,,,1
code:53004,53004,,,Secondary Road,,,,,1
code:53006,53006,,,Secondary Road,,,,,1
code:53029,53029,,,Secondary Road,,,,,1
code:45986,45986,,,Secondary Road,,,,,1
code:52295,52295,,,Secondary Road,,,,,1
code:50096,50096,,,Secondary Road,,,,,1
code:43144,43144,,,Secondary Road,,,,,1
code:46413,46413,,,Secondary Road,,,,,1
code:45813,45813,,,Secondary Road,,,,,1
code:45918,45918,,,Secondary Road,,,,,1
code:47281,47281,,,Secondary Road,,,,,1
code:45277,45277,,,Secondary Road,,,,,1
code:50523,50523,,,Secondary Road,,,,,1
code:45043,45043,,,Secondary Road,,,,,1
code:43982,43982,,,Secondary Road,,,,,1
code:45879,45879,,,Secondary Road,,,,,1
code:50489,50489,,,Secondary Road,,,,,1
code:51157,51157,,,Secondary Road,,,,,1
code:47481,47481,,,Secondary Road,,,,,1
code:44676,44676,,,Secondary Road,,,,,1
code:42311,42311,,,Secondary Road,,,,,1
code:45269,45269,,,Secondary Road,,,,,1
code:43172,43172,,,Secondary Road,,,,,1
code:41668,41668,,,Secondary Road,,,,,1
code:51653,51653,,,Secondary Road,,,,,1
code:46030,46030,,,Secondary Road,,,,,1
code:44933,44933,,,Secondary Road,,,,,1
code:45744,45744,,,Secondary Road,,,,,1
code:43379,43379,,,Secondary Road,,,,,1
code:45726,45726,,,Secondary Road,,,,,1
code:45787,45787,,,Main Road,,,,,1
code:45912,45912,,,Main Road,,,,,1
code:45944,45944,,,Secondary Road,,,,,1
code:45694,45694,,,Secondary Road,,,,,1
code:53057,53057,,,Main Road,,,,,1
code:45637,45637,,,Secondary Road,,,,,1
code:49899,49899,,,Secondary Road,,,,,1
code:45044,45044,,,Secondary Road,,,,,1
code:50342,50342,,,Secondary Road,,,,,1
code:44215,44215,,,Secondary Road,,,,,1
code:51978,51978,,,Secondary Road,,,,,1
code:51678,51678,,,Secondary Road,,,,,1
code:50699,50699,,,Track,,,,,1
code:45676,45676,,,Secondary Road,,,,,1
code:45826,45826,,,Secondary Road,,,,,1
code:41057,41057,,,Secondary Road,,,,,1
code:52446,52446,,,Secondary Road,,,,,1
code:51049,51049,,,Secondary Road,,,,,1
code:42315,42315,,,Secondary Road,,,,,1
code:41109,41109,,,Secondary Road,,,,,1
code:45036,45036,,,Secondary Road,,,,,1
code:50671,50671,,,Secondary Road,,,,,1
code:45153,45153,,,Secondary Road,,,,,1
code:45157,45157,,,Secondary Road,,,,,1
code:47042,47042,,,Secondary Road,,,,,1
code:49803,49803,,,Secondary Road,,,,,1
code:47812,47812,,,Secondary Road,,,,,1
code:50237,50237,,,Secondary Road,,,,,1
code:42583,42583,,,Secondary Road,,,,,1
code:41060,41060,,,Secondary Road,,,,,1
code:46442,46442,,,Secondary Road,,,,,1
code:50888,50888,,,Secondary Road,,,,,1
code:46408,46408,,,Secondary Road,,,,,1
code:42264,42264,,,Secondary Road,,,,,1
code:45772,45772,,,Secondary Road,,,,,1
code:45204,45204,,,Secondary Road,,,,,1
code:53292,53292,,,Secondary Road,,,,,1
code:51722,51722,,,Secondary Road,,,,,1
code:48816,48816,,,Secondary Road,,,,,1
code:42447,42447,,,Secondary Road,,,,,1
code:45825,45825,,,Secondary Road,,,,,1
code:51422,51422,,,Secondary Road,,,,,1
code:47378,47378,,,Secondary Road,,,,,1
code:44953,44953,,,Secondary Road,,,,,1
code:41613,41613,,,Secondary Road,,,,,1
code:44906,44906,,,Secondary Road,,,,,1
code:51337,51337,,,Secondary Road,,,,,1
code:51605,51605,,,Secondary Road,,,,,1
code:51607,51607,,,Secondary Road,,,,,1
code:41647,41647,,,Secondary Road,,,,,1
code:53011,53011,,,Track,,,,,1
code:45808,45808,,,Secondary Road,,,,,1
code:42362,42362,,,Secondary Road,,,,,1
code:45774,45774,,,Secondary Road,,,,,1
code:53417,53417,,,Secondary Road,,,,,1
code:53424,53424,,,Secondary Road,,,,,1
code:53447,53447,,,Secondary Road,,,,,1
code:45704,45704,,,Secondary Road,,,,,1
code:45470,45470,,,Secondary Road,,,,,1
code:42517,42517,,,Secondary Road,,,,,1
code:51552,51552,,,Highway,,,,,1
code:45795,45795,,,Secondary Road,,,,,1
code:45629,45629,,,Restricted Road,,,,,1
code:43121,43121,,,Secondary Road,,,,,1
code:43062,43062,,,Secondary Road,,,,,1
code:45893,45893,,,Secondary Road,,,,,1
code:44959,44959,,,Secondary Road,,,,,1
code:43162,43162,,,Secondary Road,,,,,1
code:48208,48208,,,Highway,,,,,1
code:48233,48233,,,Secondary Road,,,,,1
code:51618,51618,,,Secondary Road,,,,,1
code:49814,49814,,,Secondary Road,,,,,1
code:43030,43030,,,Secondary Road,,,,,1
code:51752,51752,,,Secondary Road,,,,,1
code:44925,44925,,,Secondary Road,,,,,1
code:42828,42828,,,Secondary Road,,,,,1
code:53081,53081,,,Secondary Road,,,,,1
code:43932,43932,,,Secondary Road,,,,,1
code:44055,44055,,,Secondary Road,,,,,1
code:41823,41823,,,Secondary Road,,,,,1
code:43606,43606,,,Secondary Road,,,,,1
code:40044,40044,,,Secondary Road,,,,,1
code:40037,40037,,,Restricted Road,,,,,1
code:42695,42695,,,Secondary Road,,,,,1
code:50665,50665,,,Secondary Road,,,,,1
code:50165,50165,,,Secondary Road,,,,,1
code:44481,44481,,,Secondary Road,,,,,1
code:44088,44088,,,Secondary Road,,,,,1
code:44113,44113,,,Secondary Road,,,,,1
code:47007,47007,,,Secondary Road,,,,,1
code:43738,43738,,,Secondary Road,,,,,1
code:41280,41280,,,Secondary Road,,,,,1
code:41934,41934,,,Secondary Road,,,,,1
code:50597,50597,,,Secondary Road,,,,,1
code:40019,40019,,,Secondary Road,,,,,1
code:51494,51494,,,Secondary Road,,,,,1
code:40562,40562,,,Secondary Road,,,,,1
code:50458,50458,,,Secondary Road,,,,,1
code:45253,45253,,,Secondary Road,,,,,1
code:42191,42191,,,Secondary Road,,,,,1
code:48100,48100,,,Main Road,,,,,1
code:50858,50858,,,Main Road,,,,,1
code:46664,46664,,,Secondary Road,,,,,1
code:48804,48804,,,Secondary Road,,,,,1
code:42241,42241,,,Secondary Road,,,,,1
code:43981,43981,,,Secondary Road,,,,,1
code:42282,42282,,,Secondary Road,,,,,1
code:51240,51240,,,Secondary Road,,,,,1
code:50168,50168,,,Secondary Road,,,,,1
code:41059,41059,,,Secondary Road,,,,,1
code:40878,40878,,,Secondary Road,,,,,1
code:41480,41480,,,Secondary Road,,,,,1
code:50334,50334,,,Secondary Road,,,,,1
code:45907,45907,,,Secondary Road,,,,,1
code:53044,53044,,,Highway,,,,,1
code:49064,49064,,,Secondary Road,,,,,1
code:40793,40793,,,Secondary Road,,,,,1
code:48364,48364,,,Secondary Road,,,,,1
code:40142,40142,,,Secondary Road,,,,,1
code:41812,41812,,,Secondary Road,,,,,1
code:48362,48362,,,Secondary Road,,,,,1
code:41463,41463,,,Secondary Road,,,,,1
code:42665,42665,,,Secondary Road,,,,,1
code:50187,50187,,,Secondary Road,,,,,1
code:47211,47211,,,Secondary Road,,,,,1
code:40308,40308,,,Secondary Road,,,,,1
code:47913,47913,,,Highway,,,,,1
code:49719,49719,,,Secondary Road,,,,,1
code:51504,51504,,,Secondary Road,,,,,1
code:47747,47747,,,Secondary Road,,,,,1
code:51387,51387,,,Secondary Road,,,,,1
code:43952,43952,,,Secondary Road,,,,,1
code:40544,40544,,,Secondary Road,,,,,1
code:43250,43250,,,Secondary Road,,,,,1
code:45173,45173,,,Secondary Road,,,,,1
code:42329,42329,,,Secondary Road,,,,,1
code:51474,51474,,,Secondary Road,,,,,1
code:47279,47279,,,Secondary Road,,,,,1
code:40710,40710,,,Secondary Road,,,,,1
code:48330,48330,,,Secondary Road,,,,,1
code:44573,44573,,,Secondary Road,,,,,1
code:43412,43412,,,Secondary Road,,,,,1
code:46154,46154,,,Secondary Road,,,,,1
code:41097,41097,,,Secondary Road,,,,,1
code:52127,52127,,,Secondary Road,,,,,1
code:52136,52136,,,Main Road,,,,,1
code:52163,52163,,,Secondary Road,,,,,1
code:52168,52168,,,Secondary Road,,,,,1
code:52202,52202,,,Secondary Road,,,,,1
code:44046,44046,,,Secondary Road,,,,,1
code:53506,53506,,,Secondary Road,,,,,1
code:47256,47256,,,Secondary Road,,,,,1
code:53297,53297,,,Secondary Road,,,,,1
code:53306,53306,,,Secondary Road,,,,,1
code:53308,53308,,,Secondary Road,,,,,1
code:53331,53331,,,Track,,,,,1
code:53333,53333,,,Secondary Road,,,,,1
code:53340,53340,,,Secondary Road,,,,,1
code:53342,53342,,,Secondary Road,,,,,1
code:51786,51786,,,Secondary Road,,,,,1
code:51779,51779,,,Secondary Road,,,,,1
code:44389,44389,,,Secondary Road,,,,,1
code:47740,47740,,,Secondary Road,,,,,1
code:52856,52856,,,Secondary Road,,,,,1
code:52913,52913,,,Secondary Road,,,,,1
code:52915,52915,,,Secondary Road,,,,,1
code:52924,52924,,,Secondary Road,,,,,1
code:52947,52947,,,Secondary Road,,,,,1
code:52949,52949,,,Secondary Road,,,,,1
code:52979,52979,,,Secondary Road,,,,,1
code:52981,52981,,,Secondary Road,,,,,1
code:52988,52988,,,Secondary Road,,,,,1
code:52990,52990,,,Secondary Road,,,,,1
code:53022,53022,,,Secondary Road,,,,,1
code:50348,50348,,,Secondary Road,,,,,1
code:51324,51324,,,Secondary Road,,,,,1
code:52489,52489,,,Secondary Road,,,,,1
code:49924,49924,,,Secondary Road,,,,,1
code:43904,43904,,,Secondary Road,,,,,1
code:47434,47434,,,Secondary Road,,,,,1
code:52503,52503,,,Secondary Road,,,,,1
code:52521,52521,,,Secondary Road,,,,,1
code:52528,52528,,,Secondary Road,,,,,1
code:52539,52539,,,Secondary Road,,,,,1
code:51628,51628,,,Secondary Road,,,,,1
code:51642,51642,,,Secondary Road,,,,,1
code:50338,50338,,,Secondary Road,,,,,1
code:51578,51578,,,Secondary Road,,,,,1
code:47966,47966,,,Main Road,,,,,1
code:49931,49931,,,Main Road,,,,,1
code:45069,45069,,,Main Road,,,,,1
code:41632,41632,,,Secondary Road,,,,,1
code:42136,42136,,,Secondary Road,,,,,1
code:45980,45980,,,Secondary Road,,,,,1
code:48191,48191,,,Secondary Road,,,,,1
code:42443,42443,,,Track,,,,,1
code:45937,45937,,,Main Road,,,,,1
code:48184,48184,,,Main Road,,,,,1
code:47823,47823,,,Secondary Road,,,,,1
code:50492,50492,,,Secondary Road,,,,,1
code:49545,49545,,,Secondary Road,,,,,1
code:43054,43054,,,Secondary Road,,,,,1
code:48234,48234,,,Secondary Road,,,,,1
code:49831,49831,,,Secondary Road,,,,,1
code:50517,50517,,,Secondary Road,,,,,1
code:45951,45951,,,Secondary Road,,,,,1
code:46412,46412,,,Secondary Road,,,,,1
code:45837,45837,,,Secondary Road,,,,,1
code:50356,50356,,,Secondary Road,,,,,1
code:49874,49874,,,Secondary Road,,,,,1
code:44926,44926,,,Secondary Road,,,,,1
code:42461,42461,,,Secondary Road,,,,,1
code:50899,50899,,,Secondary Road,,,,,1
code:42918,42918,,,Secondary Road,,,,,1
code:51603,51603,,,Secondary Road,,,,,1
code:51821,51821,,,Secondary Road,,,,,1
code:51810,51810,,,Secondary Road,,,,,1
code:53365,53365,,,Secondary Road,,,,,1
code:53542,53542,,,Secondary Road,,,,,1
code:51534,51534,,,Secondary Road,,,,,1
code:48319,48319,,,Secondary Road,,,,,1
code:43044,43044,,,Secondary Road,,,,,1
code:47090,47090,,,Secondary Road,,,,,1
code:52270,52270,,,Secondary Road,,,,,1
code:52297,52297,,,Secondary Road,,,,,1
code:49653,49653,,,Secondary Road,,,,,1
code:52361,52361,,,Secondary Road,,,,,1
code:52372,52372,,,Secondary Road,,,,,1
code:49589,49589,,,Secondary Road,,,,,1
code:52395,52395,,,Secondary Road,,,,,1
code:52397,52397,,,Secondary Road,,,,,1
code:52406,52406,,,Secondary Road,,,,,1
code:41601,41601,,,Secondary Road,,,,,1
code:50400,50400,,,Secondary Road,,,,,1
code:52431,52431,,,Secondary Road,,,,,1
code:52436,52436,,,Secondary Road,,,,,1
code:53467,53467,,,Secondary Road,,,,,1
code:53472,53472,,,Secondary Road,,,,,1
code:53474,53474,,,Secondary Road,,,,,1
code:41470,41470,,,Secondary Road,,,,,1
code:46118,46118,,,Secondary Road,,,,,1
code:40633,40633,,,Secondary Road,,,,,1
code:47853,47853,,,Secondary Road,,,,,1
code:45764,45764,,,Secondary Road,,,,,1
code:51647,51647,,,Secondary Road,,,,,1
code:50343,50343,,,Secondary Road,,,,,1
code:50929,50929,,,Secondary Road,,,,,1
code:49944,49944,,,Secondary Road,,,,,1
code:43992,43992,,,Secondary Road,,,,,1
code:52502,52502,,,Secondary Road,,,,,1
code:51983,51983,,,Secondary Road,,,,,1
code:45563,45563,,,Secondary Road,,,,,1
code:51212,51212,,,Secondary Road,,,,,1
code:45767,45767,,,Secondary Road,,,,,1
code:50044,50044,,,Main Road,,,,,1
code:45178,45178,,,Secondary Road,,,,,1
code:42206,42206,,,Secondary Road,,,,,1
code:45999,45999,,,Secondary Road,,,,,1
code:45931,45931,,,Secondary Road,,,,,1
code:47854,47854,,,Track,,,,,1
code:50493,50493,,,Secondary Road,,,,,1
code:49875,49875,,,Secondary Road,,,,,1
code:45650,45650,,,Secondary Road,,,,,1
code:42455,42455,,,Secondary Road,,,,,1
code:45670,45670,,,Secondary Road,,,,,1
code:42428,42428,,,Secondary Road,,,,,1
code:50875,50875,,,Secondary Road,,,,,1
code:42217,42217,,,Secondary Road,,,,,1
code:51218,51218,,,Secondary Road,,,,,1
code:51341,51341,,,Secondary Road,,,,,1
code:45759,45759,,,Secondary Road,,,,,1
code:46204,46204,,,Secondary Road,,,,,1
code:51718,51718,,,Secondary Road,,,,,1
code:49278,49278,,,Secondary Road,,,,,1
code:42853,42853,,,Secondary Road,,,,,1
code:52113,52113,,,Secondary Road,,,,,1
code:52118,52118,,,Secondary Road,,,,,1
code:52120,52120,,,Secondary Road,,,,,1
code:52122,52122,,,Secondary Road,,,,,1
code:52143,52143,,,Secondary Road,,,,,1
code:52147,52147,,,Secondary Road,,,,,1
code:52154,52154,,,Secondary Road,,,,,1
code:52188,52188,,,Secondary Road,,,,,1
code:52211,52211,,,Secondary Road,,,,,1
code:52213,52213,,,Secondary Road,,,,,1
code:52222,52222,,,Secondary Road,,,,,1
code:52245,52245,,,Secondary Road,,,,,1
code:52247,52247,,,Secondary Road,,,,,1
code:52252,52252,,,Secondary Road,,,,,1
code:51667,51667,,,Secondary Road,,,,,1
code:51796,51796,,,Secondary Road,,,,,1
code:51835,51835,,,Secondary Road,,,,,1
code:51871,51871,,,Secondary Road,,,,,1
code:51910,51910,,,Secondary Road,,,,,1
code:51921,51921,,,Restricted Road,,,,,1
code:51928,51928,,,Secondary Road,,,,,1
code:51946,51946,,,Secondary Road,,,,,1
code:51953,51953,,,Secondary Road,,,,,1
code:53121,53121,,,Secondary Road,,,,,1
code:53146,53146,,,Secondary Road,,,,,1
code:53157,53157,,,Secondary Road,,,,,1
code:53171,53171,,,Secondary Road,,,,,1
code:53189,53189,,,Secondary Road,,,,,1
code:53196,53196,,,Secondary Road,,,,,1
code:53214,53214,,,Secondary Road,,,,,1
code:53221,53221,,,Secondary Road,,,,,1
code:53239,53239,,,Secondary Road,,,,,1
code:50531,50531,,,Secondary Road,,,,,1
code:50524,50524,,,Secondary Road,,,,,1
code:48227,48227,,,Main Road,,,,,1
code:51428,51428,,,Secondary Road,,,,,1
code:43136,43136,,,Secondary Road,,,,,1
code:42686,42686,,,Secondary Road,,,,,1
code:43386,43386,,,Secondary Road,,,,,1
code:46444,46444,,,Secondary Road,,,,,1
code:45587,45587,,,Secondary Road,,,,,1
code:45894,45894,,,Secondary Road,,,,,1
code:45962,45962,,,Secondary Road,,,,,1
code:43072,43072,,,Secondary Road,,,,,1
code:52146,52146,,,Main Road,,,,,1
code:51660,51660,,,Secondary Road,,,,,1
code:47416,47416,,,Secondary Road,,,,,1
code:49820,49820,,,Secondary Road,,,,,1
code:52441,52441,,,Secondary Road,,,,,1
code:52443,52443,,,Secondary Road,,,,,1
code:49033,49033,,,Secondary Road,,,,,1
code:51405,51405,,,Secondary Road,,,,,1
code:50805,50805,,,Secondary Road,,,,,1
code:52460,52460,,,Secondary Road,,,,,1
code:45404,45404,,,Secondary Road,,,,,1
code:43134,43134,,,Secondary Road,,,,,1
code:52475,52475,,,Secondary Road,,,,,1
code:52477,52477,,,Secondary Road,,,,,1
code:52490,52490,,,Secondary Road,,,,,1
code:52492,52492,,,Secondary Road,,,,,1
code:52509,52509,,,Secondary Road,,,,,1
code:52524,52524,,,Secondary Road,,,,,1
code:52541,52541,,,Secondary Road,,,,,1
code:43185,43185,,,Secondary Road,,,,,1
code:48178,48178,,,Main Road,,,,,1
code:50654,50654,,,Track,,,,,1
code:42262,42262,,,Secondary Road,,,,,1
code:45725,45725,,,Secondary Road,,,,,1
code:49933,49933,,,Secondary Road,,,,,1
code:41645,41645,,,Secondary Road,,,,,1
code:51103,51103,,,Secondary Road,,,,,1
code:53328,53328,,,Secondary Road,,,,,1
code:53326,53326,,,Secondary Road,,,,,1
code:45287,45287,,,Secondary Road,,,,,1
code:45221,45221,,,Secondary Road,,,,,1
code:51705,51705,,,Secondary Road,,,,,1
code:50101,50101,,,Track,,,,,1
code:42147,42147,,,Secondary Road,,,,,1
code:41028,41028,,,Secondary Road,,,,,1
code:42296,42296,,,Secondary Road,,,,,1
code:43333,43333,,,Secondary Road,,,,,1
code:51155,51155,,,Secondary Road,,,,,1
code:46494,46494,,,Secondary Road,,,,,1
code:45624,45624,,,Restricted Road,,,,,1
code:42146,42146,,,Secondary Road,,,,,1
code:45156,45156,,,Secondary Road,,,,,1
code:42482,42482,,,Restricted Road,,,,,1
code:45724,45724,,,Secondary Road,,,,,1
code:50687,50687,,,Secondary Road,,,,,1
code:45605,45605,,,Secondary Road,,,,,1
code:45641,45641,,,Secondary Road,,,,,1
code:45622,45622,,,Secondary Road,,,,,1
code:51153,51153,,,Secondary Road,,,,,1
code:43833,43833,,,Secondary Road,,,,,1
code:49115,49115,,,Highway,,,,,1
code:42399,42399,,,Secondary Road,,,,,1
code:45741,45741,,,Secondary Road,,,,,1
code:45705,45705,,,Secondary Road,,,,,1
code:50902,50902,,,Secondary Road,,,,,1
code:51972,51972,,,Secondary Road,,,,,1
code:52474,52474,,,Secondary Road,,,,,1
code:51989,51989,,,Secondary Road,,,,,1
code:44954,44954,,,Secondary Road,,,,,1
code:49853,49853,,,Secondary Road,,,,,1
code:46341,46341,,,Secondary Road,,,,,1
code:51487,51487,,,Secondary Road,,,,,1
code:45675,45675,,,Secondary Road,,,,,1
code:52440,52440,,,Secondary Road,,,,,1
code:52442,52442,,,Secondary Road,,,,,1
code:52459,52459,,,Secondary Road,,,,,1
code:52546,52546,,,Secondary Road,,,,,1
code:52564,52564,,,Secondary Road,,,,,1
code:52571,52571,,,Secondary Road,,,,,1
code:52596,52596,,,Secondary Road,,,,,1
code:52603,52603,,,Secondary Road,,,,,1
code:52621,52621,,,Secondary Road,,,,,1
code:52628,52628,,,Secondary Road,,,,,1
code:52653,52653,,,Secondary Road,,,,,1
code:52678,52678,,,Secondary Road,,,,,1
code:46623,46623,,,Secondary Road,,,,,1
code:47941,47941,,,Secondary Road,,,,,1
code:53525,53525,,,Secondary Road,,,,,1
code:52476,52476,,,Secondary Road,,,,,1
code:52491,52491,,,Secondary Road,,,,,1
code:44803,44803,,,Secondary Road,,,,,1
code:48713,48713,,,Secondary Road,,,,,1
code:52508,52508,,,Secondary Road,,,,,1
code:52510,52510,,,Secondary Road,,,,,1
code:52525,52525,,,Secondary Road,,,,,1
code:52527,52527,,,Secondary Road,,,,,1
code:52693,52693,,,Secondary Road,,,,,1
code:52708,52708,,,Secondary Road,,,,,1
code:52710,52710,,,Secondary Road,,,,,1
code:52759,52759,,,Secondary Road,,,,,1
code:52761,52761,,,Secondary Road,,,,,1
code:52774,52774,,,Secondary Road,,,,,1
code:52776,52776,,,Secondary Road,,,,,1
code:46777,46777,,,Secondary Road,,,,,1
code:52791,52791,,,Secondary Road,,,,,1
code:52793,52793,,,Secondary Road,,,,,1
code:52808,52808,,,Secondary Road,,,,,1
code:53364,53364,,,Secondary Road,,,,,1
code:49956,49956,,,Secondary Road,,,,,1
code:52689,52689,,,Secondary Road,,,,,1
code:52696,52696,,,Secondary Road,,,,,1
code:52714,52714,,,Secondary Road,,,,,1
code:52721,52721,,,Main Road,,,,,1
code:52728,52728,,,Secondary Road,,,,,1
code:53039,53039,,,Secondary Road,,,,,1
code:52739,52739,,,Secondary Road,,,,,1
code:52746,52746,,,Secondary Road,,,,,1
code:52757,52757,,,Secondary Road,,,,,1
code:52764,52764,,,Secondary Road,,,,,1
code:52771,52771,,,Secondary Road,,,,,1
code:52782,52782,,,Secondary Road,,,,,1
code:52796,52796,,,Secondary Road,,,,,1
code:52814,52814,,,Secondary Road,,,,,1
code:52832,52832,,,Secondary Road,,,,,1
code:52839,52839,,,Secondary Road,,,,,1
code:51846,51846,,,Secondary Road,,,,,1
code:52846,52846,,,Secondary Road,,,,,1
code:52003,52003,,,Secondary Road,,,,,1
code:53071,53071,,,Secondary Road,,,,,1
code:53132,53132,,,Secondary Road,,,,,1
code:44090,44090,,,Secondary Road,,,,,1
code:53114,53114,,,Secondary Road,,,,,1
code:50894,50894,,,Secondary Road,,,,,1
code:50694,50694,,,Secondary Road,,,,,1
code:43159,43159,,,Secondary Road,,,,,1
code:48239,48239,,,Main Road,,,,,1
code:47754,47754,,,Secondary Road,,,,,1
code:50494,50494,,,Secondary Road,,,,,1
code:44945,44945,,,Secondary Road,,,,,1
code:46768,46768,,,Secondary Road,,,,,1
code:49825,49825,,,Secondary Road,,,,,1
code:45282,45282,,,Secondary Road,,,,,1
code:49826,49826,,,Secondary Road,,,,,1
code:51816,51816,,,Secondary Road,,,,,1
code:43491,43491,,,Secondary Road,,,,,1
code:51798,51798,,,Secondary Road,,,,,1
code:46850,46850,,,Secondary Road,,,,,1
code:50811,50811,,,Secondary Road,,,,,1
code:51833,51833,,,Secondary Road,,,,,1
code:51865,51865,,,Secondary Road,,,,,1
code:51880,51880,,,Secondary Road,,,,,1
code:51883,51883,,,Secondary Road,,,,,1
code:51897,51897,,,Secondary Road,,,,,1
code:53101,53101,,,Secondary Road,,,,,1
code:51933,51933,,,Secondary Road,,,,,1
code:51947,51947,,,Secondary Road,,,,,1
code:53034,53034,,,Secondary Road,,,,,1
code:53134,53134,,,Secondary Road,,,,,1
code:53137,53137,,,Secondary Road,,,,,1
code:50365,50365,,,Secondary Road,,,,,1
code:45996,45996,,,Secondary Road,,,,,1
code:49872,49872,,,Secondary Road,,,,,1
code:51258,51258,,,Secondary Road,,,,,1
code:53116,53116,,,Secondary Road,,,,,1
code:51158,51158,,,Secondary Road,,,,,1
code:44349,44349,,,Secondary Road,,,,,1
code:50029,50029,,,Secondary Road,,,,,1
code:48886,48886,,,Secondary Road,,,,,1
code:51058,51058,,,Secondary Road,,,,,1
code:44099,44099,,,Secondary Road,,,,,1
code:46782,46782,,,Secondary Road,,,,,1
code:43681,43681,,,Secondary Road,,,,,1
code:43799,43799,,,Secondary Road,,,,,1
code:43856,43856,,,Secondary Road,,,,,1
code:47875,47875,,,Secondary Road,,,,,1
code:47900,47900,,,Secondary Road,,,,,1
code:51408,51408,,,Secondary Road,,,,,1
code:44356,44356,,,Secondary Road,,,,,1
code:40244,40244,,,Secondary Road,,,,,1
code:49679,49679,,,Secondary Road,,,,,1
code:51458,51458,,,Secondary Road,,,,,1
code:41666,41666,,,Secondary Road,,,,,1
code:44799,44799,,,Secondary Road,,,,,1
code:47032,47032,,,Secondary Road,,,,,1
code:47464,47464,,,Secondary Road,,,,,1
code:49404,49404,,,Secondary Road,,,,,1
code:51119,51119,,,Main Road,,,,,1
code:41991,41991,,,Secondary Road,,,,,1
code:52825,52825,,,Secondary Road,,,,,1
code:52827,52827,,,Secondary Road,,,,,1
code:52842,52842,,,Secondary Road,,,,,1
code:52023,52023,,,Secondary Road,,,,,1
code:44167,44167,,,Secondary Road,,,,,1
code:52025,52025,,,Secondary Road,,,,,1
code:52040,52040,,,Secondary Road,,,,,1
code:51857,51857,,,Secondary Road,,,,,1
code:52042,52042,,,Secondary Road,,,,,1
code:52057,52057,,,Secondary Road,,,,,1
code:52557,52557,,,Secondary Road,,,,,1
code:52091,52091,,,Secondary Road,,,,,1
code:53395,53395,,,Secondary Road,,,,,1
code:53410,53410,,,Secondary Road,,,,,1
code:53412,53412,,,Secondary Road,,,,,1
code:53429,53429,,,Secondary Road,,,,,1
code:53444,53444,,,Secondary Road,,,,,1
code:53446,53446,,,Secondary Road,,,,,1
code:49934,49934,,,Secondary Road,,,,,1
code:50485,50485,,,Secondary Road,,,,,1
code:51691,51691,,,Secondary Road,,,,,1
code:43116,43116,,,Secondary Road,,,,,1
code:43131,43131,,,Secondary Road,,,,,1
code:45775,45775,,,Secondary Road,,,,,1
code:47372,47372,,,Secondary Road,,,,,1
code:49941,49941,,,Secondary Road,,,,,1
code:49946,49946,,,Secondary Road,,,,,1
code:43996,43996,,,Secondary Road,,,,,1
code:43130,43130,,,Secondary Road,,,,,1
code:42851,42851,,,Secondary Road,,,,,1
code:45702,45702,,,Secondary Road,,,,,1
code:45895,45895,,,Secondary Road,,,,,1
code:47406,47406,,,Secondary Road,,,,,1
code:47835,47835,,,Secondary Road,,,,,1
code:46363,46363,,,Secondary Road,,,,,1
code:45661,45661,,,Secondary Road,,,,,1
code:45593,45593,,,Secondary Road,,,,,1
code:50516,50516,,,Secondary Road,,,,,1
code:45904,45904,,,Secondary Road,,,,,1
code:48210,48210,,,Highway,,,,,1
code:46395,46395,,,Secondary Road,,,,,1
code:50818,50818,,,Secondary Road,,,,,1
code:49846,49846,,,Secondary Road,,,,,1
code:48174,48174,,,Secondary Road,,,,,1
code:42460,42460,,,Secondary Road,,,,,1
code:43055,43055,,,Secondary Road,,,,,1
code:40379,40379,,,Highway,,,,,1
code:51820,51820,,,Secondary Road,,,,,1
code:46829,46829,,,Secondary Road,,,,,1
code:44768,44768,,,Secondary Road,,,,,1
code:51811,51811,,,Secondary Road,,,,,1
code:51854,51854,,,Secondary Road,,,,,1
code:51852,51852,,,Secondary Road,,,,,1
code:51879,51879,,,Secondary Road,,,,,1
code:51886,51886,,,Secondary Road,,,,,1
code:51888,51888,,,Secondary Road,,,,,1
code:51913,51913,,,Secondary Road,,,,,1
code:51918,51918,,,Secondary Road,,,,,1
code:51920,51920,,,Secondary Road,,,,,1
code:51943,51943,,,Secondary Road,,,,,1
code:51952,51952,,,Secondary Road,,,,,1
code:48195,48195,,,Main Road,,,,,1
code:43351,43351,,,Secondary Road,,,,,1
code:46342,46342,,,Secondary Road,,,,,1
code:51488,51488,,,Secondary Road,,,,,1
code:47846,47846,,,Secondary Road,,,,,1
code:41662,41662,,,Secondary Road,,,,,1
code:45923,45923,,,Secondary Road,,,,,1
code:51424,51424,,,Secondary Road,,,,,1
code:51639,51639,,,Secondary Road,,,,,1
code:45691,45691,,,Secondary Road,,,,,1
code:43583,43583,,,Secondary Road,,,,,1
code:43081,43081,,,Secondary Road,,,,,1
code:43083,43083,,,Secondary Road,,,,,1
code:51805,51805,,,Secondary Road,,,,,1
code:51807,51807,,,Secondary Road,,,,,1
code:51822,51822,,,Secondary Road,,,,,1
code:51556,51556,,,Secondary Road,,,,,1
code:51671,51671,,,Secondary Road,,,,,1
code:51858,51858,,,Secondary Road,,,,,1
code:51892,51892,,,Secondary Road,,,,,1
code:53062,53062,,,Secondary Road,,,,,1
code:51905,51905,,,Secondary Road,,,,,1
code:51907,51907,,,Secondary Road,,,,,1
code:53060,53060,,,Secondary Road,,,,,1
code:51922,51922,,,Secondary Road,,,,,1
code:51924,51924,,,Secondary Road,,,,,1
code:51956,51956,,,Main Road,,,,,1
code:53145,53145,,,Secondary Road,,,,,1
code:53162,53162,,,Secondary Road,,,,,1
code:42381,42381,,,Restricted Road,,,,,1
code:45555,45555,,,Secondary Road,,,,,1
code:47486,47486,,,Secondary Road,,,,,1
code:45900,45900,,,Secondary Road,,,,,1
code:49926,49926,,,Secondary Road,,,,,1
code:51111,51111,,,Secondary Road,,,,,1
code:50344,50344,,,Secondary Road,,,,,1
code:42005,42005,,,Secondary Road,,,,,1
code:45850,45850,,,Secondary Road,,,,,1
code:45849,45849,,,Secondary Road,,,,,1
code:45532,45532,,,Secondary Road,,,,,1
code:50544,50544,,,Secondary Road,,,,,1
code:51698,51698,,,Secondary Road,,,,,1
code:49107,49107,,,Secondary Road,,,,,1
code:48404,48404,,,Secondary Road,,,,,1
code:49576,49576,,,Secondary Road,,,,,1
code:46349,46349,,,Secondary Road,,,,,1
code:49911,49911,,,Secondary Road,,,,,1
code:48240,48240,,,Main Road,,,,,1
code:46549,46549,,,Secondary Road,,,,,1
code:52452,52452,,,Secondary Road,,,,,1
code:52451,52451,,,Secondary Road,,,,,1
code:51180,51180,,,Secondary Road,,,,,1
code:52065,52065,,,Secondary Road,,,,,1
code:52465,52465,,,Secondary Road,,,,,1
code:52466,52466,,,Secondary Road,,,,,1
code:52483,52483,,,Secondary Road,,,,,1
code:52484,52484,,,Secondary Road,,,,,1
code:52501,52501,,,Secondary Road,,,,,1
code:52515,52515,,,Secondary Road,,,,,1
code:52516,52516,,,Secondary Road,,,,,1
code:47872,47872,,,Secondary Road,,,,,1
code:52035,52035,,,Secondary Road,,,,,1
code:52478,52478,,,Secondary Road,,,,,1
code:52046,52046,,,Secondary Road,,,,,1
code:52053,52053,,,Secondary Road,,,,,1
code:52071,52071,,,Secondary Road,,,,,1
code:52085,52085,,,Secondary Road,,,,,1
code:53375,53375,,,Secondary Road,,,,,1
code:53382,53382,,,Secondary Road,,,,,1
code:53389,53389,,,Secondary Road,,,,,1
code:53400,53400,,,Secondary Road,,,,,1
code:53425,53425,,,Secondary Road,,,,,1
code:53439,53439,,,Secondary Road,,,,,1
code:53432,53432,,,Secondary Road,,,,,1
code:51703,51703,,,Secondary Road,,,,,1
code:50474,50474,,,Secondary Road,,,,,1
code:45869,45869,,,Secondary Road,,,,,1
code:44958,44958,,,Secondary Road,,,,,1
code:42125,42125,,,Secondary Road,,,,,1
code:43161,43161,,,Secondary Road,,,,,1
code:48209,48209,,,Highway,,,,,1
code:49813,49813,,,Secondary Road,,,,,1
code:45662,45662,,,Secondary Road,,,,,1
code:42416,42416,,,Secondary Road,,,,,1
code:42382,42382,,,Secondary Road,,,,,1
code:48232,48232,,,Main Road,,,,,1
code:51621,51621,,,Secondary Road,,,,,1
code:51623,51623,,,Secondary Road,,,,,1
code:43633,43633,,,Secondary Road,,,,,1
code:51738,51738,,,Secondary Road,,,,,1
code:51757,51757,,,Secondary Road,,,,,1
code:41229,41229,,,Secondary Road,,,,,1
code:44054,44054,,,Secondary Road,,,,,1
code:51789,51789,,,Secondary Road,,,,,1
code:51172,51172,,,Secondary Road,,,,,1
code:52859,52859,,,Secondary Road,,,,,1
code:52876,52876,,,Secondary Road,,,,,1
code:52891,52891,,,Highway,,,,,1
code:52893,52893,,,Secondary Road,,,,,1
code:52942,52942,,,Secondary Road,,,,,1
code:52944,52944,,,Secondary Road,,,,,1
code:52959,52959,,,Secondary Road,,,,,1
code:52961,52961,,,Secondary Road,,,,,1
code:52993,52993,,,Secondary Road,,,,,1
code:52995,52995,,,Secondary Road,,,,,1
code:53008,53008,,,Secondary Road,,,,,1
code:53010,53010,,,Secondary Road,,,,,1
code:51954,51954,,,Secondary Road,,,,,1
code:53147,53147,,,Secondary Road,,,,,1
code:53149,53149,,,Secondary Road,,,,,1
code:53156,53156,,,Secondary Road,,,,,1
code:53158,53158,,,Secondary Road,,,,,1
code:53181,53181,,,Secondary Road,,,,,1
code:53183,53183,,,Secondary Road,,,,,1
code:53188,53188,,,Secondary Road,,,,,1
code:53190,53190,,,Secondary Road,,,,,1
code:53213,53213,,,Secondary Road,,,,,1
code:53215,53215,,,Secondary Road,,,,,1
code:53222,53222,,,Secondary Road,,,,,1
code:53247,53247,,,Secondary Road,,,,,1
code:53249,53249,,,Secondary Road,,,,,1
code:53258,53258,,,Secondary Road,,,,,1
code:53283,53283,,,Secondary Road,,,,,1
code:53313,53313,,,Secondary Road,,,,,1
code:53347,53347,,,Secondary Road,,,,,1
code:53349,53349,,,Secondary Road,,,,,1
code:53358,53358,,,Secondary Road,,,,,1
code:53356,53356,,,Secondary Road,,,,,1
code:47799,47799,,,Secondary Road,,,,,1
code:51586,51586,,,Secondary Road,,,,,1
code:49110,49110,,,Secondary Road,,,,,1
code:50507,50507,,,Secondary Road,,,,,1
code:51343,51343,,,Secondary Road,,,,,1
code:48869,48869,,,Secondary Road,,,,,1
code:52145,52145,,,Main Road,,,,,1
code:52547,52547,,,Secondary Road,,,,,1
code:52554,52554,,,Secondary Road,,,,,1
code:46393,46393,,,Secondary Road,,,,,1
code:45223,45223,,,Secondary Road,,,,,1
code:42128,42128,,,Secondary Road,,,,,1
code:49114,49114,,,Highway,,,,,1
code:41611,41611,,,Secondary Road,,,,,1
code:50486,50486,,,Secondary Road,,,,,1
code:51656,51656,,,Secondary Road,,,,,1
code:43985,43985,,,Secondary Road,,,,,1
code:50369,50369,,,Secondary Road,,,,,1
code:44000,44000,,,Secondary Road,,,,,1
code:51573,51573,,,Secondary Road,,,,,1
code:48180,48180,,,Main Road,,,,,1
code:49667,49667,,,Secondary Road,,,,,1
code:48331,48331,,,Secondary Road,,,,,1
code:52139,52139,,,Secondary Road,,,,,1
code:52175,52175,,,Secondary Road,,,,,1
code:52190,52190,,,Secondary Road,,,,,1
code:52192,52192,,,Secondary Road,,,,,1
code:52207,52207,,,Secondary Road,,,,,1
code:52224,52224,,,Secondary Road,,,,,1
code:52209,52209,,,Secondary Road,,,,,1
code:52239,52239,,,Secondary Road,,,,,1
code:52241,52241,,,Secondary Road,,,,,1
code:53025,53025,,,Secondary Road,,,,,1
code:49834,49834,,,Secondary Road,,,,,1
code:46409,46409,,,Secondary Road,,,,,1
code:51657,51657,,,Secondary Road,,,,,1
code:46375,46375,,,Secondary Road,,,,,1
code:45558,45558,,,Secondary Road,,,,,1
code:49870,49870,,,Secondary Road,,,,,1
code:45822,45822,,,Secondary Road,,,,,1
code:41612,41612,,,Secondary Road,,,,,1
code:43016,43016,,,Secondary Road,,,,,1
code:42429,42429,,,Secondary Road,,,,,1
code:47930,47930,,,Secondary Road,,,,,1
code:49868,49868,,,Secondary Road,,,,,1
code:50468,50468,,,Secondary Road,,,,,1
code:49883,49883,,,Secondary Road,,,,,1
code:50470,50470,,,Secondary Road,,,,,1
code:48196,48196,,,Main Road,,,,,1
code:46207,46207,,,Secondary Road,,,,,1
code:45273,45273,,,Restricted Road,,,,,1
code:51706,51706,,,Secondary Road,,,,,1
code:40040,40040,,,Restricted Road,,,,,1
code:51523,51523,,,Secondary Road,,,,,1
code:52106,52106,,,Secondary Road,,,,,1
code:52457,52457,,,Secondary Road,,,,,1
code:52123,52123,,,Secondary Road,,,,,1
code:52125,52125,,,Secondary Road,,,,,1
code:52140,52140,,,Secondary Road,,,,,1
code:52159,52159,,,Secondary Road,,,,,1
code:52176,52176,,,Secondary Road,,,,,1
code:52189,52189,,,Secondary Road,,,,,1
code:53059,53059,,,Secondary Road,,,,,1
code:52206,52206,,,Secondary Road,,,,,1
code:52208,52208,,,Secondary Road,,,,,1
code:52223,52223,,,Secondary Road,,,,,1
code:52225,52225,,,Secondary Road,,,,,1
code:52240,52240,,,Secondary Road,,,,,1
code:52242,52242,,,Secondary Road,,,,,1
code:53493,53493,,,Secondary Road,,,,,1
code:52588,52588,,,Secondary Road,,,,,1
code:53015,53015,,,Secondary Road,,,,,1
code:52581,52581,,,Secondary Road,,,,,1
code:40622,40622,,,Secondary Road,,,,,1
code:52613,52613,,,Secondary Road,,,,,1
code:53054,53054,,,Secondary Road,,,,,1
code:52656,52656,,,Secondary Road,,,,,1
code:52681,52681,,,Secondary Road,,,,,1
code:53515,53515,,,Secondary Road,,,,,1
code:53522,53522,,,Secondary Road,,,,,1
code:53524,53524,,,Secondary Road,,,,,1
code:53547,53547,,,Secondary Road,,,,,1
code:53556,53556,,,Secondary Road,,,,,1
code:52277,52277,,,Secondary Road,,,,,1
code:52279,52279,,,Secondary Road,,,,,1
code:52286,52286,,,Secondary Road,,,,,1
code:52288,52288,,,Secondary Road,,,,,1
code:53024,53024,,,Secondary Road,,,,,1
code:52311,52311,,,Secondary Road,,,,,1
code:52345,52345,,,Secondary Road,,,,,1
code:51730,51730,,,Secondary Road,,,,,1
code:52683,52683,,,Secondary Road,,,,,1
code:52719,52719,,,Secondary Road,,,,,1
code:52733,52733,,,Secondary Road,,,,,1
code:52734,52734,,,Secondary Road,,,,,1
code:52751,52751,,,Secondary Road,,,,,1
code:52769,52769,,,Secondary Road,,,,,1
code:52783,52783,,,Secondary Road,,,,,1
code:52784,52784,,,Secondary Road,,,,,1
code:52802,52802,,,Secondary Road,,,,,1
code:46285,46285,,,Secondary Road,,,,,1
code:52819,52819,,,Secondary Road,,,,,1
code:52833,52833,,,Secondary Road,,,,,1
code:52834,52834,,,Secondary Road,,,,,1
code:53083,53083,,,Restricted Road,,,,,1
code:51997,51997,,,Secondary Road,,,,,1
code:52015,52015,,,Secondary Road,,,,,1
code:53069,53069,,,Secondary Road,,,,,1
code:52034,52034,,,Secondary Road,,,,,1
code:52048,52048,,,Secondary Road,,,,,1
code:53084,53084,,,Secondary Road,,,,,1
code:51785,51785,,,Secondary Road,,,,,1
code:51778,51778,,,Secondary Road,,,,,1
code:41593,41593,,,Secondary Road,,,,,1
code:52871,52871,,,Secondary Road,,,,,1
code:52882,52882,,,Secondary Road,,,,,1
code:52932,52932,,,Secondary Road,,,,,1
code:52939,52939,,,Secondary Road,,,,,1
code:52946,52946,,,Secondary Road,,,,,1
code:52982,52982,,,Secondary Road,,,,,1
code:52989,52989,,,Secondary Road,,,,,1
code:52996,52996,,,Secondary Road,,,,,1
code:53007,53007,,,Secondary Road,,,,,1
code:53014,53014,,,Secondary Road,,,,,1
code:53021,53021,,,Secondary Road,,,,,1
code:49888,49888,,,Secondary Road,,,,,1
code:46344,46344,,,Secondary Road,,,,,1
code:45851,45851,,,Secondary Road,,,,,1
code:45594,45594,,,Secondary Road,,,,,1
code:48241,48241,,,Secondary Road,,,,,1
code:48177,48177,,,Main Road,,,,,1
code:42275,42275,,,Secondary Road,,,,,1
code:40176,40176,,,Secondary Road,,,,,1
code:53510,53510,,,Secondary Road,,,,,1
code:45639,45639,,,Secondary Road,,,,,1
code:41644,41644,,,Secondary Road,,,,,1
code:44018,44018,,,Secondary Road,,,,,1
code:45056,45056,,,Secondary Road,,,,,1
code:41444,41444,,,Secondary Road,,,,,1
code:41112,41112,,,Secondary Road,,,,,1
code:45588,45588,,,Secondary Road,,,,,1
code:41025,41025,,,Secondary Road,,,,,1
code:53061,53061,,,Secondary Road,,,,,1
code:45220,45220,,,Secondary Road,,,,,1
code:46775,46775,,,Secondary Road,,,,,1
code:49736,49736,,,Secondary Road,,,,,1
code:49817,49817,,,Secondary Road,,,,,1
code:51255,51255,,,Secondary Road,,,,,1
code:45688,45688,,,Secondary Road,,,,,1
code:42414,42414,,,Secondary Road,,,,,1
code:45739,45739,,,Secondary Road,,,,,1
code:51640,51640,,,Secondary Road,,,,,1
code:48849,48849,,,Secondary Road,,,,,1
code:49500,49500,,,Secondary Road,,,,,1
code:45873,45873,,,Secondary Road,,,,,1
code:43082,43082,,,Secondary Road,,,,,1
code:50519,50519,,,Track,,,,,1
code:51808,51808,,,Secondary Road,,,,,1
code:46960,46960,,,Secondary Road,,,,,1
code:51389,51389,,,Secondary Road,,,,,1
code:45924,45924,,,Secondary Road,,,,,1
code:51855,51855,,,Secondary Road,,,,,1
code:51838,51838,,,Track,,,,,1
code:51842,51842,,,Secondary Road,,,,,1
code:51872,51872,,,Secondary Road,,,,,1
code:51874,51874,,,Secondary Road,,,,,1
code:51891,51891,,,Secondary Road,,,,,1
code:51906,51906,,,Secondary Road,,,,,1
code:52352,52352,,,Secondary Road,,,,,1
code:53115,53115,,,Secondary Road,,,,,1
code:52379,52379,,,Secondary Road,,,,,1
code:52381,52381,,,Main Road,,,,,1
code:53049,53049,,,Secondary Road,,,,,1
code:52386,52386,,,Secondary Road,,,,,1
code:42219,42219,,,Secondary Road,,,,,1
code:52388,52388,,,Secondary Road,,,,,1
code:52413,52413,,,Main Road,,,,,1
code:52420,52420,,,Secondary Road,,,,,1
code:52422,52422,,,Secondary Road,,,,,1
code:53456,53456,,,Secondary Road,,,,,1
code:53458,53458,,,Secondary Road,,,,,1
code:53483,53483,,,Secondary Road,,,,,1
code:53490,53490,,,Secondary Road,,,,,1
code:52258,52258,,,Secondary Road,,,,,1
code:53494,53494,,,Secondary Road,,,,,1
code:52694,52694,,,Secondary Road,,,,,1
code:52709,52709,,,Secondary Road,,,,,1
code:52711,52711,,,Secondary Road,,,,,1
code:52726,52726,,,Secondary Road,,,,,1
code:52741,52741,,,Secondary Road,,,,,1
code:49833,49833,,,Secondary Road,,,,,1
code:52775,52775,,,Secondary Road,,,,,1
code:52777,52777,,,Secondary Road,,,,,1
code:52792,52792,,,Secondary Road,,,,,1
code:52794,52794,,,Secondary Road,,,,,1
code:52809,52809,,,Secondary Road,,,,,1
code:52811,52811,,,Secondary Road,,,,,1
code:52824,52824,,,Secondary Road,,,,,1
code:52828,52828,,,Secondary Road,,,,,1
code:52841,52841,,,Restricted Road,,,,,1
code:52843,52843,,,Secondary Road,,,,,1
code:52039,52039,,,Secondary Road,,,,,1
code:52041,52041,,,Secondary Road,,,,,1
code:52056,52056,,,Secondary Road,,,,,1
code:52058,52058,,,Secondary Road,,,,,1
code:42247,42247,,,Secondary Road,,,,,1
code:45072,45072,,,Secondary Road,,,,,1
code:51220,51220,,,Secondary Road,,,,,1
code:52090,52090,,,Secondary Road,,,,,1
code:52092,52092,,,Secondary Road,,,,,1
code:53379,53379,,,Secondary Road,,,,,1
code:53409,53409,,,Secondary Road,,,,,1
code:53411,53411,,,Secondary Road,,,,,1
code:53413,53413,,,Secondary Road,,,,,1
code:51717,51717,,,Track,,,,,1
code:51435,51435,,,Secondary Road,,,,,1
code:41100,41100,,,Secondary Road,,,,,1
code:41096,41096,,,Secondary Road,,,,,1
code:46862,46862,,,Highway,,,,,1
code:52096,52096,,,Secondary Road,,,,,1
code:52103,52103,,,Secondary Road,,,,,1
code:52128,52128,,,Secondary Road,,,,,1
code:52153,52153,,,Secondary Road,,,,,1
code:52178,52178,,,Secondary Road,,,,,1
code:52196,52196,,,Secondary Road,,,,,1
code:44944,44944,,,Secondary Road,,,,,1
code:52210,52210,,,Secondary Road,,,,,1
code:52221,52221,,,Secondary Road,,,,,1
code:52228,52228,,,Secondary Road,,,,,1
code:52235,52235,,,Secondary Road,,,,,1
code:52246,52246,,,Secondary Road,,,,,1
code:52264,52264,,,Secondary Road,,,,,1
code:53500,53500,,,Secondary Road,,,,,1
code:50642,50642,,,Secondary Road,,,,,1
code:53370,53370,,,Secondary Road,,,,,1
code:53369,53369,,,Secondary Road,,,,,1
code:53402,53402,,,Secondary Road,,,,,1
code:53434,53434,,,Secondary Road,,,,,1
code:49894,49894,,,Secondary Road,,,,,1
code:43192,43192,,,Secondary Road,,,,,1
code:48289,48289,,,Secondary Road,,,,,1
code:46485,46485,,,Secondary Road,,,,,1
code:43124,43124,,,Secondary Road,,,,,1
code:53443,53443,,,Secondary Road,,,,,1
code:53445,53445,,,Secondary Road,,,,,1
code:53428,53428,,,Secondary Road,,,,,1
code:53045,53045,,,Secondary Road,,,,,1
code:43117,43117,,,Secondary Road,,,,,1
code:43064,43064,,,Secondary Road,,,,,1
code:42030,42030,,,Secondary Road,,,,,1
code:42415,42415,,,Secondary Road,,,,,1
code:51622,51622,,,Secondary Road,,,,,1
code:51624,51624,,,Secondary Road,,,,,1
code:49867,49867,,,Secondary Road,,,,,1
code:51522,51522,,,Secondary Road,,,,,1
code:41211,41211,,,Secondary Road,,,,,1
code:50869,50869,,,Secondary Road,,,,,1
code:45053,45053,,,Secondary Road,,,,,1
code:51739,51739,,,Secondary Road,,,,,1
code:51758,51758,,,Secondary Road,,,,,1
code:51756,51756,,,Secondary Road,,,,,1
code:47697,47697,,,Secondary Road,,,,,1
code:51588,51588,,,Secondary Road,,,,,1
code:51790,51790,,,Secondary Road,,,,,1
code:51288,51288,,,Secondary Road,,,,,1
code:44402,44402,,,Secondary Road,,,,,1
code:53507,53507,,,Secondary Road,,,,,1
code:53232,53232,,,Secondary Road,,,,,1
code:53246,53246,,,Secondary Road,,,,,1
code:53250,53250,,,Secondary Road,,,,,1
code:53257,53257,,,Secondary Road,,,,,1
code:53264,53264,,,Secondary Road,,,,,1
code:53271,53271,,,Secondary Road,,,,,1
code:53275,53275,,,Secondary Road,,,,,1
code:53325,53325,,,Secondary Road,,,,,1
code:53332,53332,,,Secondary Road,,,,,1
code:53350,53350,,,Secondary Road,,,,,1
code:53357,53357,,,Secondary Road,,,,,1
code:50767,50767,,,Secondary Road,,,,,1
code:49195,49195,,,Secondary Road,,,,,1
code:53557,53557,,,Main Road,,,,,1
code:53550,53550,,,Secondary Road,,,,,1
code:52289,52289,,,Secondary Road,,,,,1
code:52321,52321,,,Secondary Road,,,,,1
code:52339,52339,,,Secondary Road,,,,,1
code:51971,51971,,,Secondary Road,,,,,1
code:48680,48680,,,Secondary Road,,,,,1
code:52860,52860,,,Secondary Road,,,,,1
code:53109,53109,,,Secondary Road,,,,,1
code:52875,52875,,,Secondary Road,,,,,1
code:52877,52877,,,Secondary Road,,,,,1
code:49316,49316,,,Secondary Road,,,,,1
code:52958,52958,,,Secondary Road,,,,,1
code:52960,52960,,,Secondary Road,,,,,1
code:52975,52975,,,Secondary Road,,,,,1
code:52977,52977,,,Secondary Road,,,,,1
code:52992,52992,,,Secondary Road,,,,,1
code:52994,52994,,,Secondary Road,,,,,1
code:53009,53009,,,Secondary Road,,,,,1
code:53128,53128,,,Secondary Road,,,,,1
code:53026,53026,,,Secondary Road,,,,,1
code:53511,53511,,,Secondary Road,,,,,1
code:53179,53179,,,Secondary Road,,,,,1
code:53226,53226,,,Secondary Road,,,,,1
code:53243,53243,,,Secondary Road,,,,,1
code:53245,53245,,,Secondary Road,,,,,1
code:53262,53262,,,Secondary Road,,,,,1
code:52389,52389,,,Secondary Road,,,,,1
code:52396,52396,,,Secondary Road,,,,,1
code:52414,52414,,,Track,,,,,1
code:52428,52428,,,Secondary Road,,,,,1
code:53457,53457,,,Secondary Road,,,,,1
code:53464,53464,,,Secondary Road,,,,,1
code:53475,53475,,,Secondary Road,,,,,1
code:53489,53489,,,Secondary Road,,,,,1
code:53294,53294,,,Secondary Road,,,,,1
code:53309,53309,,,Secondary Road,,,,,1
code:53343,53343,,,Secondary Road,,,,,1
code:53345,53345,,,Secondary Road,,,,,1
code:53362,53362,,,Secondary Road,,,,,1
code:45106,45106,,,Secondary Road,,,,,1
code:51590,51590,,,Secondary Road,,,,,1
code:49750,49750,,,Secondary Road,,,,,1
code:50886,50886,,,Secondary Road,,,,,1
code:44955,44955,,,Secondary Road,,,,,1
code:42379,42379,,,Secondary Road,,,,,1
code:43066,43066,,,Secondary Road,,,,,1
code:43068,43068,,,Secondary Road,,,,,1
code:48850,48850,,,Secondary Road,,,,,1
code:50705,50705,,,Secondary Road,,,,,1
code:49835,49835,,,Secondary Road,,,,,1
code:42430,42430,,,Secondary Road,,,,,1
code:45589,45589,,,Secondary Road,,,,,1
code:50652,50652,,,Secondary Road,,,,,1
code:44019,44019,,,Secondary Road,,,,,1
code:45989,45989,,,Secondary Road,,,,,1
code:50033,50033,,,Secondary Road,,,,,1
code:45621,45621,,,Secondary Road,,,,,1
code:45742,45742,,,Secondary Road,,,,,1
code:51354,51354,,,Secondary Road,,,,,1
code:50871,50871,,,Secondary Road,,,,,1
code:49903,49903,,,Secondary Road,,,,,1
code:41179,41179,,,Secondary Road,,,,,1
code:42432,42432,,,Secondary Road,,,,,1
code:43168,43168,,,Secondary Road,,,,,1
code:52543,52543,,,Secondary Road,,,,,1
code:52558,52558,,,Secondary Road,,,,,1
code:52575,52575,,,Secondary Road,,,,,1
code:52594,52594,,,Secondary Road,,,,,1
code:40358,40358,,,Secondary Road,,,,,1
code:52609,52609,,,Secondary Road,,,,,1
code:51940,51940,,,Secondary Road,,,,,1
code:51957,51957,,,Secondary Road,,,,,1
code:53127,53127,,,Secondary Road,,,,,1
code:53159,53159,,,Secondary Road,,,,,1
code:53161,53161,,,Secondary Road,,,,,1
code:53176,53176,,,Secondary Road,,,,,1
code:53178,53178,,,Secondary Road,,,,,1
code:53193,53193,,,Secondary Road,,,,,1
code:53195,53195,,,Secondary Road,,,,,1
code:53210,53210,,,Secondary Road,,,,,1
code:53227,53227,,,Secondary Road,,,,,1
code:53242,53242,,,Secondary Road,,,,,1
code:53244,53244,,,Secondary Road,,,,,1
code:53259,53259,,,Secondary Road,,,,,1
code:53261,53261,,,Secondary Road,,,,,1
code:53293,53293,,,Secondary Road,,,,,1
code:53312,53312,,,Secondary Road,,,,,1
code:53327,53327,,,Secondary Road,,,,,1
code:53329,53329,,,Secondary Road,,,,,1
code:53344,53344,,,Secondary Road,,,,,1
code:53346,53346,,,Secondary Road,,,,,1
code:53361,53361,,,Secondary Road,,,,,1
code:42431,42431,,,Secondary Road,,,,,1
code:45037,45037,,,Secondary Road,,,,,1
code:43835,43835,,,Secondary Road,,,,,1
code:49819,49819,,,Secondary Road,,,,,1
code:43033,43033,,,Secondary Road,,,,,1
code:53461,53461,,,Secondary Road,,,,,1
code:50770,50770,,,Secondary Road,,,,,1
code:46258,46258,,,Secondary Road,,,,,1
code:42748,42748,,,Secondary Road,,,,,1
code:52574,52574,,,Secondary Road,,,,,1
code:52576,52576,,,Secondary Road,,,,,1
code:52610,52610,,,Secondary Road,,,,,1
code:47647,47647,,,Secondary Road,,,,,1
code:52675,52675,,,Secondary Road,,,,,1
code:53513,53513,,,Secondary Road,,,,,1
code:53545,53545,,,Secondary Road,,,,,1
code:53562,53562,,,Secondary Road,,,,,1
code:52290,52290,,,Secondary Road,,,,,1
code:52292,52292,,,Secondary Road,,,,,1
code:52307,52307,,,Secondary Road,,,,,1
code:52309,52309,,,Secondary Road,,,,,1
code:52324,52324,,,Secondary Road,,,,,1
code:52326,52326,,,Secondary Road,,,,,1
code:52341,52341,,,Secondary Road,,,,,1
code:52343,52343,,,Secondary Road,,,,,1
code:52358,52358,,,Secondary Road,,,,,1
code:51256,51256,,,Secondary Road,,,,,1
code:52373,52373,,,Secondary Road,,,,,1
code:52375,52375,,,Secondary Road,,,,,1
code:52390,52390,,,Secondary Road,,,,,1
code:52392,52392,,,Secondary Road,,,,,1
code:46650,46650,,,Secondary Road,,,,,1
code:43241,43241,,,Secondary Road,,,,,1
code:42424,42424,,,Secondary Road,,,,,1
code:49958,49958,,,Secondary Road,,,,,1
code:51747,51747,,,Secondary Road,,,,,1
code:45814,45814,,,Secondary Road,,,,,1
code:45464,45464,,,Secondary Road,,,,,1
code:42541,42541,,,Secondary Road,,,,,1
code:40302,40302,,,Secondary Road,,,,,1
code:51580,51580,,,Secondary Road,,,,,1
code:43609,43609,,,Secondary Road,,,,,1
code:45564,45564,,,Secondary Road,,,,,1
code:48153,48153,,,Secondary Road,,,,,1
code:49443,49443,,,Secondary Road,,,,,1
code:49543,49543,,,Main Road,,,,,1
code:47954,47954,,,Secondary Road,,,,,1
code:42373,42373,,,Secondary Road,,,,,1
code:44160,44160,,,Secondary Road,,,,,1
code:49625,49625,,,Secondary Road,,,,,1
code:52866,52866,,,Secondary Road,,,,,1
code:52883,52883,,,Secondary Road,,,,,1
code:53087,53087,,,Secondary Road,,,,,1
code:52951,52951,,,Secondary Road,,,,,1
code:52952,52952,,,Secondary Road,,,,,1
code:52969,52969,,,Secondary Road,,,,,1
code:52970,52970,,,Secondary Road,,,,,1
code:52983,52983,,,Secondary Road,,,,,1
code:52984,52984,,,Secondary Road,,,,,1
code:53058,53058,,,Secondary Road,,,,,1
code:52407,52407,,,Secondary Road,,,,,1
code:47310,47310,,,Secondary Road,,,,,1
code:53460,53460,,,Secondary Road,,,,,1
code:53462,53462,,,Secondary Road,,,,,1
code:53477,53477,,,Secondary Road,,,,,1
code:47478,47478,,,Secondary Road,,,,,1
code:53042,53042,,,Secondary Road,,,,,1
code:52627,52627,,,Secondary Road,,,,,1
code:52642,52642,,,Main Road,,,,,1
code:52644,52644,,,Secondary Road,,,,,1
code:46624,46624,,,Secondary Road,,,,,1
code:53378,53378,,,Secondary Road,,,,,1
code:53546,53546,,,Secondary Road,,,,,1
code:50919,50919,,,Secondary Road,,,,,1
code:52274,52274,,,Secondary Road,,,,,1
code:52276,52276,,,Secondary Road,,,,,1
code:52293,52293,,,Secondary Road,,,,,1
code:53001,53001,,,Secondary Road,,,,,1
code:53020,53020,,,Secondary Road,,,,,1
code:50697,50697,,,Secondary Road,,,,,1
code:43174,43174,,,Secondary Road,,,,,1
code:42387,42387,,,Restricted Road,,,,,1
code:45964,45964,,,Secondary Road,,,,,1
code:51565,51565,,,Secondary Road,,,,,1
code:49844,49844,,,Secondary Road,,,,,1
code:49943,49943,,,Secondary Road,,,,,1
code:45967,45967,,,Secondary Road,,,,,1
code:42155,42155,,,Secondary Road,,,,,1
code:50026,50026,,,Secondary Road,,,,,1
code:50879,50879,,,Secondary Road,,,,,1
code:40215,40215,,,Secondary Road,,,,,1
code:40519,40519,,,Secondary Road,,,,,1
code:52101,52101,,,Secondary Road,,,,,1
code:50112,50112,,,Secondary Road,,,,,1
code:52115,52115,,,Secondary Road,,,,,1
code:52133,52133,,,Secondary Road,,,,,1
code:52148,52148,,,Secondary Road,,,,,1
code:52151,52151,,,Secondary Road,,,,,1
code:52166,52166,,,Secondary Road,,,,,1
code:52183,52183,,,Secondary Road,,,,,1
code:52184,52184,,,Secondary Road,,,,,1
code:52201,52201,,,Secondary Road,,,,,1
code:52215,52215,,,Secondary Road,,,,,1
code:52216,52216,,,Secondary Road,,,,,1
code:52233,52233,,,Secondary Road,,,,,1
code:52234,52234,,,Secondary Road,,,,,1
code:52248,52248,,,Secondary Road,,,,,1
code:52251,52251,,,Secondary Road,,,,,1
code:45539,45539,,,Secondary Road,,,,,1
code:52308,52308,,,Secondary Road,,,,,1
code:52310,52310,,,Secondary Road,,,,,1
code:52325,52325,,,Secondary Road,,,,,1
code:52342,52342,,,Secondary Road,,,,,1
code:43535,43535,,,Secondary Road,,,,,1
code:52357,52357,,,Secondary Road,,,,,1
code:52359,52359,,,Secondary Road,,,,,1
code:52374,52374,,,Secondary Road,,,,,1
code:45841,45841,,,Secondary Road,,,,,1
code:52393,52393,,,Secondary Road,,,,,1
code:52408,52408,,,Secondary Road,,,,,1
code:52410,52410,,,Secondary Road,,,,,1
code:52425,52425,,,Secondary Road,,,,,1
code:52427,52427,,,Secondary Road,,,,,1
code:53463,53463,,,Secondary Road,,,,,1
code:43718,43718,,,Secondary Road,,,,,1
code:53476,53476,,,Secondary Road,,,,,1
code:53478,53478,,,Secondary Road,,,,,1
code:53502,53502,,,Main Road,,,,,1
code:53501,53501,,,Secondary Road,,,,,1
code:52415,52415,,,Secondary Road,,,,,1
code:49293,49293,,,Secondary Road,,,,,1
code:53187,53187,,,Secondary Road,,,,,1
code:53201,53201,,,Secondary Road,,,,,1
code:53219,53219,,,Secondary Road,,,,,1
code:53220,53220,,,Secondary Road,,,,,1
code:53237,53237,,,Secondary Road,,,,,1
code:53234,53234,,,Secondary Road,,,,,1
code:53269,53269,,,Secondary Road,,,,,1
code:53270,53270,,,Secondary Road,,,,,1
code:53302,53302,,,Secondary Road,,,,,1
code:53319,53319,,,Secondary Road,,,,,1
code:53337,53337,,,Secondary Road,,,,,1
code:53351,53351,,,Secondary Road,,,,,1
code:53352,53352,,,Secondary Road,,,,,1
code:49544,49544,,,Secondary Road,,,,,1
code:49876,49876,,,Secondary Road,,,,,1
code:45664,45664,,,Secondary Road,,,,,1
code:50930,50930,,,Secondary Road,,,,,1
code:45750,45750,,,Secondary Road,,,,,1
code:43009,43009,,,Secondary Road,,,,,1
code:42438,42438,,,Track,,,,,1
code:45817,45817,,,Secondary Road,,,,,1
code:45231,45231,,,Secondary Road,,,,,1
code:41638,41638,,,Secondary Road,,,,,1
code:46814,46814,,,Secondary Road,,,,,1
code:44810,44810,,,Secondary Road,,,,,1
code:50758,50758,,,Secondary Road,,,,,1
code:41791,41791,,,Secondary Road,,,,,1
code:41984,41984,,,Secondary Road,,,,,1
code:44842,44842,,,Secondary Road,,,,,1
code:47575,47575,,,Secondary Road,,,,,1
code:47707,47707,,,Secondary Road,,,,,1
code:50583,50583,,,Secondary Road,,,,,1
code:40873,40873,,,Secondary Road,,,,,1
code:47014,47014,,,Secondary Road,,,,,1
code:40698,40698,,,Secondary Road,,,,,1
code:46364,46364,,,Secondary Road,,,,,1
code:46121,46121,,,Secondary Road,,,,,1
code:41105,41105,,,Secondary Road,,,,,1
code:50926,50926,,,Secondary Road,,,,,1
code:42845,42845,,,Secondary Road,,,,,1
code:40830,40830,,,Restricted Road,,,,,1
code:49529,49529,,,Secondary Road,,,,,1
code:51587,51587,,,Secondary Road,,,,,1
code:51594,51594,,,Secondary Road,,,,,1
code:43438,43438,,,Main Road,,,,,1
code:50676,50676,,,Secondary Road,,,,,1
code:45060,45060,,,Secondary Road,,,,,1
code:51701,51701,,,Secondary Road,,,,,1
code:42570,42570,,,Secondary Road,,,,,1
code:50776,50776,,,Secondary Road,,,,,1
code:40269,40269,,,Secondary Road,,,,,1
code:44231,44231,,,Secondary Road,,,,,1
code:43949,43949,,,Secondary Road,,,,,1
code:43406,43406,,,Secondary Road,,,,,1
code:51512,51512,,,Secondary Road,,,,,1
code:41466,41466,,,Secondary Road,,,,,1
code:46757,46757,,,Secondary Road,,,,,1
code:48475,48475,,,Secondary Road,,,,,1
code:42809,42809,,,Secondary Road,,,,,1
code:43770,43770,,,Secondary Road,,,,,1
code:44885,44885,,,Secondary Road,,,,,1
code:49665,49665,,,Secondary Road,,,,,1
code:46939,46939,,,Secondary Road,,,,,1
code:50640,50640,,,Secondary Road,,,,,1
code:44031,44031,,,Secondary Road,,,,,1
code:43331,43331,,,Secondary Road,,,,,1
code:48207,48207,,,Highway,,,,,1
code:48222,48222,,,Highway,,,,,1
code:45782,45782,,,Secondary Road,,,,,1
code:42406,42406,,,Secondary Road,,,,,1
code:43006,43006,,,Secondary Road,,,,,1
code:52919,52919,,,Secondary Road,,,,,1
code:52565,52565,,,Secondary Road,,,,,1
code:52583,52583,,,Secondary Road,,,,,1
code:52584,52584,,,Secondary Road,,,,,1
code:52601,52601,,,Secondary Road,,,,,1
code:52602,52602,,,Secondary Road,,,,,1
code:44595,44595,,,Secondary Road,,,,,1
code:52616,52616,,,Secondary Road,,,,,1
code:45599,45599,,,Secondary Road,,,,,1
code:52633,52633,,,Secondary Road,,,,,1
code:52634,52634,,,Secondary Road,,,,,1
code:52652,52652,,,Secondary Road,,,,,1
code:52669,52669,,,Secondary Road,,,,,1
code:53520,53520,,,Secondary Road,,,,,1
code:53538,53538,,,Secondary Road,,,,,1
code:47335,47335,,,Secondary Road,,,,,1
code:53551,53551,,,Secondary Road,,,,,1
code:53552,53552,,,Secondary Road,,,,,1
code:52284,52284,,,Secondary Road,,,,,1
code:42295,42295,,,Secondary Road,,,,,1
code:49136,49136,,,Secondary Road,,,,,1
code:40823,40823,,,Secondary Road,,,,,1
code:49297,49297,,,Secondary Road,,,,,1
code:50222,50222,,,Secondary Road,,,,,1
code:50447,50447,,,Secondary Road,,,,,1
code:45467,45467,,,Secondary Road,,,,,1
code:50272,50272,,,Secondary Road,,,,,1
code:43252,43252,,,Secondary Road,,,,,1
code:45353,45353,,,Secondary Road,,,,,1
code:40798,40798,,,Secondary Road,,,,,1
code:50415,50415,,,Secondary Road,,,,,1
code:50372,50372,,,Secondary Road,,,,,1
code:49361,49361,,,Secondary Road,,,,,1
code:50015,50015,,,Secondary Road,,,,,1
code:49997,49997,,,Secondary Road,,,,,1
code:43095,43095,,,Secondary Road,,,,,1
code:48211,48211,,,Secondary Road,,,,,1
code:42484,42484,,,Restricted Road,,,,,1
code:45603,45603,,,Secondary Road,,,,,1
code:53459,53459,,,Secondary Road,,,,,1
code:48868,48868,,,Secondary Road,,,,,1
code:45710,45710,,,Secondary Road,,,,,1
code:45878,45878,,,Secondary Road,,,,,1
code:45149,45149,,,Secondary Road,,,,,1
code:43145,43145,,,Secondary Road,,,,,1
code:50901,50901,,,Secondary Road,,,,,1
code:44217,44217,,,Secondary Road,,,,,1
code:52298,52298,,,Secondary Road,,,,,1
code:52301,52301,,,Secondary Road,,,,,1
code:52315,52315,,,Secondary Road,,,,,1
code:52316,52316,,,Secondary Road,,,,,1
code:52333,52333,,,Secondary Road,,,,,1
code:52351,52351,,,Secondary Road,,,,,1
code:52384,52384,,,Secondary Road,,,,,1
code:42624,42624,,,Secondary Road,,,,,1
code:49775,49775,,,Secondary Road,,,,,1
code:52401,52401,,,Secondary Road,,,,,1
code:52416,52416,,,Secondary Road,,,,,1
code:41287,41287,,,Secondary Road,,,,,1
code:53487,53487,,,Secondary Road,,,,,1
code:41091,41091,,,Secondary Road,,,,,1
code:43874,43874,,,Secondary Road,,,,,1
code:46864,46864,,,Secondary Road,,,,,1
code:44624,44624,,,Secondary Road,,,,,1
code:51133,51133,,,Secondary Road,,,,,1
code:49690,49690,,,Secondary Road,,,,,1
code:41373,41373,,,Secondary Road,,,,,1
code:47082,47082,,,Secondary Road,,,,,1
code:42888,42888,,,Secondary Road,,,,,1
code:51033,51033,,,Secondary Road,,,,,1
code:49354,49354,,,Secondary Road,,,,,1
code:51283,51283,,,Secondary Road,,,,,1
code:43888,43888,,,Secondary Road,,,,,1
code:51533,51533,,,Secondary Road,,,,,1
code:50397,50397,,,Secondary Road,,,,,1
code:48486,48486,,,Secondary Road,,,,,1
code:46989,46989,,,Secondary Road,,,,,1
code:48679,48679,,,Secondary Road,,,,,1
code:47482,47482,,,Secondary Road,,,,,1
code:45453,45453,,,Secondary Road,,,,,1
code:49261,49261,,,Secondary Road,,,,,1
code:49043,49043,,,Secondary Road,,,,,1
code:47800,47800,,,Secondary Road,,,,,1
code:50826,50826,,,Secondary Road,,,,,1
code:48068,48068,,,Main Road,,,,,1
code:49029,49029,,,Secondary Road,,,,,1
code:45142,45142,,,Secondary Road,,,,,1
code:51326,51326,,,Secondary Road,,,,,1
code:42041,42041,,,Secondary Road,,,,,1
code:44999,44999,,,Secondary Road,,,,,1
code:46135,46135,,,Secondary Road,,,,,1
code:47957,47957,,,Secondary Road,,,,,1
code:50297,50297,,,Secondary Road,,,,,1
code:41030,41030,,,Secondary Road,,,,,1
code:50626,50626,,,Secondary Road,,,,,1
code:46278,46278,,,Secondary Road,,,,,1
code:41548,41548,,,Secondary Road,,,,,1
code:43170,43170,,,Secondary Road,,,,,1
code:43177,43177,,,Secondary Road,,,,,1
code:48032,48032,,,Secondary Road,,,,,1
code:50183,50183,,,Secondary Road,,,,,1
code:48468,48468,,,Secondary Road,,,,,1
code:49079,49079,,,Secondary Road,,,,,1
code:43924,43924,,,Secondary Road,,,,,1
code:50158,50158,,,Secondary Road,,,,,1
code:51176,51176,,,Track,,,,,1
code:50551,50551,,,Secondary Road,,,,,1
code:42902,42902,,,Secondary Road,,,,,1
code:51276,51276,,,Secondary Road,,,,,1
code:44367,44367,,,Secondary Road,,,,,1
code:42009,42009,,,Secondary Road,,,,,1
code:50408,50408,,,Secondary Road,,,,,1
code:40462,40462,,,Secondary Road,,,,,1
code:49036,49036,,,Secondary Road,,,,,1
code:49054,49054,,,Secondary Road,,,,,1
code:43513,43513,,,Secondary Road,,,,,1
code:49372,49372,,,Secondary Road,,,,,1
code:49179,49179,,,Secondary Road,,,,,1
code:51476,51476,,,Secondary Road,,,,,1
code:49779,49779,,,Secondary Road,,,,,1
code:49186,49186,,,Secondary Road,,,,,1
code:40630,40630,,,Secondary Road,,,,,1
code:49272,49272,,,Secondary Road,,,,,1
code:40612,40612,,,Secondary Road,,,,,1
code:48879,48879,,,Secondary Road,,,,,1
code:50633,50633,,,Main Road,,,,,1
code:48293,48293,,,Secondary Road,,,,,1
code:46603,46603,,,Secondary Road,,,,,1
code:45717,45717,,,Secondary Road,,,,,1
code:49854,49854,,,Secondary Road,,,,,1
code:52137,52137,,,Secondary Road,,,,,1
code:46328,46328,,,Secondary Road,,,,,1
code:45628,45628,,,Restricted Road,,,,,1
code:42234,42234,,,Secondary Road,,,,,1
code:42427,42427,,,Secondary Road,,,,,1
code:49929,49929,,,Secondary Road,,,,,1
code:45978,45978,,,Secondary Road,,,,,1
code:42209,42209,,,Secondary Road,,,,,1
code:42409,42409,,,Secondary Road,,,,,1
code:45135,45135,,,Secondary Road,,,,,1
code:43127,43127,,,Secondary Road,,,,,1
code:45778,45778,,,Secondary Road,,,,,1
code:40730,40730,,,Secondary Road,,,,,1
code:50508,50508,,,Secondary Road,,,,,1
code:48300,48300,,,Secondary Road,,,,,1
code:49829,49829,,,Secondary Road,,,,,1
code:42459,42459,,,Secondary Road,,,,,1
code:45703,45703,,,Secondary Road,,,,,1
code:45928,45928,,,Secondary Road,,,,,1
code:47375,47375,,,Secondary Road,,,,,1
code:49915,49915,,,Secondary Road,,,,,1
code:51526,51526,,,Secondary Road,,,,,1
code:41634,41634,,,Secondary Road,,,,,1
code:50876,50876,,,Secondary Road,,,,,1
code:46396,46396,,,Secondary Road,,,,,1
code:45953,45953,,,Secondary Road,,,,,1
code:44949,44949,,,Secondary Road,,,,,1
code:44942,44942,,,Secondary Road,,,,,1
code:49790,49790,,,Secondary Road,,,,,1
code:43481,43481,,,Secondary Road,,,,,1
code:51812,51812,,,Secondary Road,,,,,1
code:51451,51451,,,Secondary Road,,,,,1
code:41055,41055,,,Secondary Road,,,,,1
code:43077,43077,,,Secondary Road,,,,,1
code:51801,51801,,,Secondary Road,,,,,1
code:51008,51008,,,Secondary Road,,,,,1
code:51844,51844,,,Secondary Road,,,,,1
code:51887,51887,,,Secondary Road,,,,,1
code:51894,51894,,,Secondary Road,,,,,1
code:51901,51901,,,Secondary Road,,,,,1
code:51912,51912,,,Secondary Road,,,,,1
code:48200,48200,,,Main Road,,,,,1
code:45960,45960,,,Secondary Road,,,,,1
code:43831,43831,,,Secondary Road,,,,,1
code:45528,45528,,,Secondary Road,,,,,1
code:43138,43138,,,Secondary Road,,,,,1
code:49922,49922,,,Secondary Road,,,,,1
code:50333,50333,,,Secondary Road,,,,,1
code:45835,45835,,,Secondary Road,,,,,1
code:51651,51651,,,Secondary Road,,,,,1
code:52444,52444,,,Secondary Road,,,,,1
code:52455,52455,,,Secondary Road,,,,,1
code:42109,42109,,,Secondary Road,,,,,1
code:52462,52462,,,Secondary Road,,,,,1
code:52469,52469,,,Secondary Road,,,,,1
code:51308,51308,,,Secondary Road,,,,,1
code:52487,52487,,,Secondary Road,,,,,1
code:52494,52494,,,Secondary Road,,,,,1
code:52498,52498,,,Secondary Road,,,,,1
code:52505,52505,,,Secondary Road,,,,,1
code:52519,52519,,,Secondary Road,,,,,1
code:52523,52523,,,Secondary Road,,,,,1
code:52530,52530,,,Secondary Road,,,,,1
code:52537,52537,,,Secondary Road,,,,,1
code:45903,45903,,,Secondary Road,,,,,1
code:45871,45871,,,Secondary Road,,,,,1
code:49947,49947,,,Secondary Road,,,,,1
code:49954,49954,,,Secondary Road,,,,,1
code:43745,43745,,,Secondary Road,,,,,1
code:52887,52887,,,Secondary Road,,,,,1
code:52287,52287,,,Secondary Road,,,,,1
code:52294,52294,,,Secondary Road,,,,,1
code:52319,52319,,,Secondary Road,,,,,1
code:52330,52330,,,Secondary Road,,,,,1
code:52337,52337,,,Secondary Road,,,,,1
code:52362,52362,,,Secondary Road,,,,,1
code:51194,51194,,,Secondary Road,,,,,1
code:52387,52387,,,Secondary Road,,,,,1
code:51269,51269,,,Secondary Road,,,,,1
code:52394,52394,,,Secondary Road,,,,,1
code:52405,52405,,,Secondary Road,,,,,1
code:47146,47146,,,Secondary Road,,,,,1
code:52419,52419,,,Secondary Road,,,,,1
code:52430,52430,,,Secondary Road,,,,,1
code:52437,52437,,,Secondary Road,,,,,1
code:53455,53455,,,Secondary Road,,,,,1
code:46589,46589,,,Secondary Road,,,,,1
code:40755,40755,,,Secondary Road,,,,,1
code:51501,51501,,,Secondary Road,,,,,1
code:52698,52698,,,Secondary Road,,,,,1
code:52712,52712,,,Secondary Road,,,,,1
code:52762,52762,,,Secondary Road,,,,,1
code:52773,52773,,,Secondary Road,,,,,1
code:52780,52780,,,Secondary Road,,,,,1
code:52787,52787,,,Secondary Road,,,,,1
code:53080,53080,,,Secondary Road,,,,,1
code:52823,52823,,,Secondary Road,,,,,1
code:52480,52480,,,Secondary Road,,,,,1
code:53055,53055,,,Secondary Road,,,,,1
code:52837,52837,,,Secondary Road,,,,,1
code:51976,51976,,,Secondary Road,,,,,1
code:51987,51987,,,Secondary Road,,,,,1
code:51469,51469,,,Main Road,,,,,1
code:52012,52012,,,Secondary Road,,,,,1
code:52019,52019,,,Secondary Road,,,,,1
code:52026,52026,,,Secondary Road,,,,,1
code:52030,52030,,,Secondary Road,,,,,1
code:41255,41255,,,Secondary Road,,,,,1
code:52051,52051,,,Secondary Road,,,,,1
code:52062,52062,,,Secondary Road,,,,,1
code:52080,52080,,,Secondary Road,,,,,1
code:52087,52087,,,Secondary Road,,,,,1
code:52094,52094,,,Secondary Road,,,,,1
code:53373,53373,,,Secondary Road,,,,,1
code:53380,53380,,,Secondary Road,,,,,1
code:53391,53391,,,Secondary Road,,,,,1
code:53398,53398,,,Secondary Road,,,,,1
code:53405,53405,,,Secondary Road,,,,,1
code:53416,53416,,,Secondary Road,,,,,1
code:53441,53441,,,Secondary Road,,,,,1
code:43120,43120,,,Secondary Road,,,,,1
code:44631,44631,,,Secondary Road,,,,,1
code:50515,50515,,,Secondary Road,,,,,1
code:45771,45771,,,Secondary Road,,,,,1
code:50040,50040,,,Secondary Road,,,,,1
code:51619,51619,,,Secondary Road,,,,,1
code:49815,49815,,,Secondary Road,,,,,1
code:45885,45885,,,Secondary Road,,,,,1
code:43356,43356,,,Secondary Road,,,,,1
code:42434,42434,,,Secondary Road,,,,,1
code:47046,47046,,,Secondary Road,,,,,1
code:42134,42134,,,Secondary Road,,,,,1
code:50751,50751,,,Secondary Road,,,,,1
code:51794,51794,,,Secondary Road,,,,,1
code:53066,53066,,,Secondary Road,,,,,1
code:52848,52848,,,Secondary Road,,,,,1
code:52855,52855,,,Restricted Road,,,,,1
code:52862,52862,,,Secondary Road,,,,,1
code:52873,52873,,,Secondary Road,,,,,1
code:52880,52880,,,Secondary Road,,,,,1
code:52905,52905,,,Secondary Road,,,,,1
code:52912,52912,,,Secondary Road,,,,,1
code:52930,52930,,,Secondary Road,,,,,1
code:52937,52937,,,Secondary Road,,,,,1
code:52948,52948,,,Secondary Road,,,,,1
code:52955,52955,,,Secondary Road,,,,,1
code:52962,52962,,,Secondary Road,,,,,1
code:52980,52980,,,Secondary Road,,,,,1
code:52987,52987,,,Secondary Road,,,,,1
code:52991,52991,,,Secondary Road,,,,,1
code:52998,52998,,,Secondary Road,,,,,1
code:53005,53005,,,Secondary Road,,,,,1
code:53012,53012,,,Secondary Road,,,,,1
code:53073,53073,,,Secondary Road,,,,,1
code:53016,53016,,,Secondary Road,,,,,1
code:53023,53023,,,Secondary Road,,,,,1
code:53030,53030,,,Secondary Road,,,,,1
code:45971,45971,,,Secondary Road,,,,,1
code:46389,46389,,,Main Road,,,,,1
code:48236,48236,,,Main Road,,,,,1
code:49304,49304,,,Secondary Road,,,,,1
code:49847,49847,,,Secondary Road,,,,,1
code:51612,51612,,,Secondary Road,,,,,1
code:45592,45592,,,Secondary Road,,,,,1
code:48225,48225,,,Highway,,,,,1
code:49236,49236,,,Main Road,,,,,1
code:52544,52544,,,Secondary Road,,,,,1
code:52548,52548,,,Secondary Road,,,,,1
code:52555,52555,,,Secondary Road,,,,,1
code:52573,52573,,,Secondary Road,,,,,1
code:52580,52580,,,Secondary Road,,,,,1
code:52587,52587,,,Secondary Road,,,,,1
code:52598,52598,,,Secondary Road,,,,,1
code:48968,48968,,,Secondary Road,,,,,1
code:52630,52630,,,Secondary Road,,,,,1
code:52637,52637,,,Secondary Road,,,,,1
code:52655,52655,,,Secondary Road,,,,,1
code:52662,52662,,,Secondary Road,,,,,1
code:53448,53448,,,Track,,,,,1
code:52673,52673,,,Secondary Road,,,,,1
code:53516,53516,,,Secondary Road,,,,,1
code:53523,53523,,,Secondary Road,,,,,1
code:53534,53534,,,Secondary Road,,,,,1
code:53541,53541,,,Secondary Road,,,,,1
code:53548,53548,,,Secondary Road,,,,,1
code:44792,44792,,,Secondary Road,,,,,1
code:47832,47832,,,Secondary Road,,,,,1
code:47818,47818,,,Secondary Road,,,,,1
code:50058,50058,,,Secondary Road,,,,,1
code:45667,45667,,,Secondary Road,,,,,1
code:46439,46439,,,Secondary Road,,,,,1
code:42152,42152,,,Main Road,,,,,1
code:43999,43999,,,Secondary Road,,,,,1
code:46096,46096,,,Secondary Road,,,,,1
code:48843,48843,,,Secondary Road,,,,,1
code:49311,49311,,,Secondary Road,,,,,1
code:45210,45210,,,Secondary Road,,,,,1
code:44735,44735,,,Highway,,,,,1
code:40512,40512,,,Restricted Road,,,,,1
code:52112,52112,,,Secondary Road,,,,,1
code:52119,52119,,,Secondary Road,,,,,1
code:52130,52130,,,Secondary Road,,,,,1
code:53041,53041,,,Secondary Road,,,,,1
code:52144,52144,,,Secondary Road,,,,,1
code:52169,52169,,,Secondary Road,,,,,1
code:45267,45267,,,Secondary Road,,,,,1
code:52194,52194,,,Secondary Road,,,,,1
code:52205,52205,,,Secondary Road,,,,,1
code:52212,52212,,,Secondary Road,,,,,1
code:52219,52219,,,Secondary Road,,,,,1
code:52230,52230,,,Secondary Road,,,,,1
code:52244,52244,,,Secondary Road,,,,,1
code:52237,52237,,,Secondary Road,,,,,1
code:50815,50815,,,Secondary Road,,,,,1
code:53509,53509,,,Secondary Road,,,,,1
code:51926,51926,,,Secondary Road,,,,,1
code:51944,51944,,,Secondary Road,,,,,1
code:51951,51951,,,Secondary Road,,,,,1
code:53123,53123,,,Secondary Road,,,,,1
code:53148,53148,,,Secondary Road,,,,,1
code:51015,51015,,,Secondary Road,,,,,1
code:53155,53155,,,Secondary Road,,,,,1
code:53166,53166,,,Secondary Road,,,,,1
code:53173,53173,,,Secondary Road,,,,,1
code:53180,53180,,,Secondary Road,,,,,1
code:53191,53191,,,Secondary Road,,,,,1
code:53198,53198,,,Secondary Road,,,,,1
code:53205,53205,,,Secondary Road,,,,,1
code:53216,53216,,,Secondary Road,,,,,1
code:53223,53223,,,Secondary Road,,,,,1
code:53241,53241,,,Secondary Road,,,,,1
code:53248,53248,,,Secondary Road,,,,,1
code:53255,53255,,,Secondary Road,,,,,1
code:53266,53266,,,Secondary Road,,,,,1
code:53273,53273,,,Secondary Road,,,,,1
code:53280,53280,,,Secondary Road,,,,,1
code:50115,50115,,,Secondary Road,,,,,1
code:53291,53291,,,Secondary Road,,,,,1
code:53341,53341,,,Secondary Road,,,,,1
code:53348,53348,,,Secondary Road,,,,,1
code:53355,53355,,,Secondary Road,,,,,1
code:53366,53366,,,Secondary Road,,,,,1
code:53466,53466,,,Secondary Road,,,,,1
code:50733,50733,,,Secondary Road,,,,,1
code:53473,53473,,,Secondary Road,,,,,1
code:53484,53484,,,Secondary Road,,,,,1
code:52312,52312,,,Secondary Road,,,,,1
code:53491,53491,,,Secondary Road,,,,,1
code:39427,39427,1ST LANE KEI LUN WAI,麒麟圍１巷,Secondary Road,,,,,1
code:39428,39428,2ND LANE KEI LUN WAI,麒麟圍２巷,Track,,,,,1
code:39429,39429,3RD LANE KEI LUN WAI,麒麟圍３巷,Track,,,,,1
code:39430,39430,4TH LANE KEI LUN WAI,麒麟圍４巷,Track,,,,,1
code:39431,39431,5TH LANE KEI LUN WAI,麒麟圍５巷,Track,,,,,1
code:14289,14289,A KUNG NGAM VILLAGE LANE,阿公岩村里,Secondary Road,,,,,1
code:39603,39603,ALGAR COURT,亞厘架巷,Track,,,,,1
code:10015,10015,ALNWICK ROAD,安域道,Secondary Road,,,,,1
code:39453,39453,AMENITY ROAD,康樂道,Secondary Road,,,,,1
code:10017,10017,AMOY STREET,廈門街,Secondary Road,,,,,1
code:39293,39293,ANGEL ISLAND AVENUE,安島徑,Secondary Road,,,,,1
code:10020,10020,ANHUI STREET,安徽街,Secondary Road,1935,1935-04-26,/egazette/en/1935-gn334.pdf,/egazette/zh/1935-gn334.pdf,1
code:10021,10021,ANTON STREET,晏頓街,Secondary Road,,,,,1
code:10026,10026,ARBUTHNOT ROAD,亞畢諾道,Secondary Road,,,,,1
code:10028,10028,ARRAN LANE,雅蘭里,Secondary Road,,,,,1
code:10033,10033,ASH STREET,槐樹街,Secondary Road,1927,1927-11-25,/egazette/en/1927-gn699.pdf,/egazette/zh/1927-gn699.pdf,1
code:39590,39590,BAGRIE STREET,白加力街,Secondary Road,,,,,1
code:39561,39561,BAHANS AVENUE,巴恩大道,Secondary Road,,,,,1
code:10040,10040,BAKER COURT,必嘉圍,Track,1954,1954-02-19,/egazette/en/1954-gn208.pdf,/egazette/zh/1954-gn208.pdf,1
code:10042,10042,BANK STREET,銀行街,Secondary Road,1974,1974-07-19,/egazette/en/1974-gn1822.pdf,/egazette/zh/1974-gn1822.pdf,1
code:39264,39264,BANYAN PATH,青榕徑,Secondary Road,,,,,1
code:10044,10044,BASEL ROAD,巴色道,Secondary Road,,,,,1
code:10045,10045,BATTERY PATH,炮台里,Track,1958,1958-06-27,/egazette/en/1958-gn865.pdf,/egazette/zh/1958-gn865.pdf,1
code:39063,39063,BEGONIA PATH,海棠徑,Secondary Road,,,,,1
code:14291,14291,BEL-AIR PEAK RISE,貝沙山徑,Secondary Road,,,,,1
code:14229,14229,BEL-AIR RISE,貝沙徑,Secondary Road,,,,,1
code:10058,10058,BELFRAN ROAD,巴芬道,Secondary Road,,,,,1
code:39570,39570,BERN AVENUE,伯恩大道,Secondary Road,,,,,1
code:39372,39372,BIOTECHNOLOGY AVENUE,生物科技路,Secondary Road,,,,,1
code:39300,39300,BIRCH PATH,白楊徑,Secondary Road,,,,,1
code:39632,39632,BLISS LINK,,Secondary Road,,,,,1
code:10067,10067,BLUFF PATH,百祿徑,Secondary Road,,,/egazette/en/1978-gn1459.pdf,,1
code:10068,10068,BOAT STREET,艇街,Secondary Road,1931,1931-05-15,/egazette/en/1931-gn300.pdf,/egazette/zh/1931-gn300.pdf,1
code:39518,39518,BOILER ROAD EAST,鍋爐路東段,Secondary Road,,,,,1
code:10071,10071,BONHAM STRAND WEST,文咸西街,Secondary Road,,,,,1
code:39436,39436,BOULEVARD DE CASCADE,萊茵道,Secondary Road,,,,,1
code:39437,39437,BOULEVARD DE FORET,翠樺道,Track,,,,,1
code:39439,39439,BOULEVARD DU LAC,湖景道,Secondary Road,,,,,1
code:39440,39440,BOULEVARD DU PALAIS,溫莎道,Secondary Road,,,,,1
code:10080,10080,BOYCE ROAD,布思道,Secondary Road,,,,,1
code:10084,10084,BREEZY PATH,卑利士道,Secondary Road,,,,,1
code:10087,10087,BRIAR AVENUE,比雅道,Secondary Road,1940,1940-02-07,/egazette/en/1940-gn154.pdf,/egazette/zh/1940-gn154.pdf,1
code:10090,10090,BRISTOL AVENUE,碧仙桃路,Secondary Road,1955,1955-08-19,/egazette/en/1955-gn925.pdf,/egazette/zh/1955-gn925.pdf,1
code:10097,10097,BULLOCK LANE,普樂里,Secondary Road,,,,,1
code:10102,10102,BUTTS AVENUE,畢斯路,Secondary Road,,,,,1
code:10104,10104,CAINE LANE,堅巷,Secondary Road,,,,,1
code:10107,10107,CALDER PATH,歌老打路,Track,,,,,1
code:10118,10118,CAPE DRIVE,環角徑,Secondary Road,,,,,1
code:13665,13665,CAPELAND DRIVE,蘅安徑,Secondary Road,,,,,1
code:13664,13664,CAPEVALE DRIVE,蘅暉徑,Secondary Road,,,,,1
code:39286,39286,CARMEL AVENUE,卡米爾徑,Secondary Road,,,,,1
code:10122,10122,CARMEL VILLAGE STREET,迦密村街,Secondary Road,,,,,1
code:14288,14288,CASTLE PEAK ROAD - NEW TAI LAM,青山公路　－　新大欖段,Secondary Road,,,,,1
code:39296,39296,CATALINA AVENUE,卡連拿徑,Secondary Road,,,,,1
code:39471,39471,CEDAR DRIVE,松柏徑,Secondary Road,,,,,1
code:39244,39244,CEDAR PATH,金松徑,Secondary Road,,,,,1
code:39622,39622,CENTRAL ROAD,中路,Secondary Road,,,,,1
code:39610,39610,CERVIA BOULEVARD,卓維雅大道,Secondary Road,,,,,1
code:12991,12991,CHAK FUNG STREET,澤豐街,Secondary Road,,,,,1
code:14059,14059,CHAK ON ROAD SOUTH,澤安道南,Secondary Road,,,,,1
code:10157,10157,CHAN MAN STREET,親民街,Secondary Road,,,,,1
code:10158,10158,CHAN TONG LANE,陳東里,Secondary Road,,,,,1
code:10159,10159,CHANCERY LANE,贊善里,Secondary Road,,,,,1
code:10160,10160,CHANG FA AVENUE,橙花路,Secondary Road,,,,,1
code:39389,39389,CHAPEL ROAD,教堂路,Secondary Road,,,,,1
code:10164,10164,CHATHAM COURT,漆咸圍,Secondary Road,1949,1949-08-19,/egazette/en/1949-gn787.pdf,/egazette/zh/1949-gn787.pdf,1
code:14012,14012,CHAU TAU SOUTH ROAD,洲頭南路,Secondary Road,,,,,1
code:10168,10168,CHE FONG STREET,智芳街,Track,1974,1974-04-19,/egazette/en/1974-gn1023.pdf,/egazette/zh/1974-gn1023.pdf,1
code:10170,10170,CHE PING STREET,車坪街,Secondary Road,1983,1983-04-29,/egazette/en/1983-gn1316.pdf,/egazette/zh/1983-gn1316.pdf,1
code:39373,39373,CHENG MING LINK,誠明徑,Secondary Road,,,,,1
code:10172,10172,CHEONG HANG LANE,暢行里,Secondary Road,1979,1979-06-22,/egazette/en/1979-gn1564.pdf,,1
code:10174,10174,CHEONG LOK STREET,長樂街,Secondary Road,1915,1915-06-18,/egazette/en/1915-gn271.pdf,/egazette/zh/1915-gn271.pdf,1
code:10175,10175,CHEONG MING STREET,昌明街,Secondary Road,1930,1930-03-07,/egazette/en/1930-gn138.pdf,/egazette/zh/1930-gn138.pdf,1
code:10178,10178,CHEONG TAI STREET,昌泰街,Track,,,,,1
code:39261,39261,CHERRY PATH,櫻桃徑,Secondary Road,,,,,1
code:13668,13668,CHEUK WAN STREET,卓運街,Secondary Road,,,,,1
code:10184,10184,CHEUNG CHAU CHURCH ROAD,長洲教堂路,Track,,,,,1
code:14315,14315,CHEUNG CHAU ELECTRIC PATH,長洲電廠徑,Track,2008,2008-12-05,/egazette/en/2008-12-49-8315.pdf,/egazette/zh/2008-12-49-8315.pdf,1
code:10185,10185,CHEUNG CHAU HOSPITAL ROAD,長洲醫院路,Track,,,,,1
code:10192,10192,CHEUNG HO STREET,長好街,Secondary Road,,,,,1
code:10194,10194,CHEUNG KAN LANE,長庚里,Track,,,,,1
code:13000,13000,CHEUNG KIN ROAD,長健路,Track,,,,,1
code:10199,10199,CHEUNG LUNG STREET,長隆街,Secondary Road,1983,1983-12-02,/egazette/en/1983-gn3793.pdf,/egazette/zh/1983-gn3793.pdf,1
code:10203,10203,CHEUNG ON LANE,長安里,Track,,,,,1
code:39311,39311,CHEUNG PO CHAI ROAD,張保仔路,Track,,,,,1
code:10205,10205,CHEUNG SHA WAN PATH,長沙灣徑,Track,1976,1976-06-18,/egazette/en/1976-gn1302.pdf,,1
code:10213,10213,CHEUNG TAK LANE,祥德里,Track,,,,,1
code:10218,10218,CHEUNG WONG ROAD,長旺道,Secondary Road,,,,,1
code:10219,10219,CHEUNG WOO LANE,祥和里,Secondary Road,,,,,1
code:13001,13001,CHEUNG YAN LANE,長仁巷,Track,,,,,1
code:10222,10222,CHEUNG YUE STREET,長裕街,Secondary Road,1976,1976-06-18,/egazette/en/1976-gn1302.pdf,,1
code:14081,14081,CHI KA LANE,置嘉里,Secondary Road,,,,,1
code:13659,13659,CHI LIN DRIVE,志蓮道,Secondary Road,,,,,1
code:14526,14526,CHI LIT PATH,誌烈徑,Secondary Road,2022,2022-10-21,/egazette/en/2022-26-42-6005.pdf,/egazette/zh/2022-26-42-6005.pdf,1
code:13730,13730,CHI MA HANG ROAD,芝麻坑路,Track,,,,,1
code:10229,10229,CHI MAN STREET,治民街,Secondary Road,1974,1974-11-29,/egazette/en/1974-gn3037.pdf,/egazette/zh/1974-gn3037.pdf,1
code:13671,13671,CHI MING STREET,智明街,Secondary Road,,,,,1
code:13842,13842,CHI NGONG ROAD,志昂路,Secondary Road,,,,,1
code:10230,10230,CHI SHING LANE,志成里,Track,,,,,1
code:39458,39458,CHI SHING ROAD,志盛路,Secondary Road,,,,,1
code:14540,14540,CHI TIN STREET,智田街,Secondary Road,2023,2023-07-28,https://www.landsd.gov.hk/doc/en/street-name/egazette/2023/egn202327304517.pdf,https://www.landsd.gov.hk/doc/tc/street-name/egazette/2023/cgn202327304517.pdf,1
code:10232,10232,CHI YAN FIRST LANE,志仁一里,Track,,,,,1
code:10234,10234,CHICO TERRACE,芝古臺,Track,,,,,1
code:10235,10235,CHIK CHOI LANE,積財里,Track,,,,,1
code:10237,10237,CHIK FAI STREET,積輝街,Secondary Road,1984,1984-06-15,/egazette/en/1984-gn1737.pdf,/egazette/zh/1984-gn1737.pdf,1
code:10240,10240,CHIK LUK LANE,積祿里,Secondary Road,,,,,1
code:10241,10241,CHIK SAU LANE,積壽里,Track,,,,,1
code:10244,10244,CHIK TAK LANE,積德里,Secondary Road,,,,,1
code:14348,14348,CHIM UK ROAD,詹屋路,Secondary Road,,,,,1
code:10246,10246,CHIN STREET,前街,Track,,,,,1
code:13994,13994,CHING SHAN STREET,靖山街,Secondary Road,,,,,1
code:10257,10257,CHIU LUNG STREET,昭隆街,Track,,,,,1
code:14297,14297,CHOI HING LANE,彩興里,Secondary Road,,,,,1
code:10264,10264,CHOI SHEK LANE,彩石里,Secondary Road,,,,,1
code:10265,10265,CHOI SHEK ROAD,彩石道,Secondary Road,,,,,1
code:13709,13709,CHOI SHUN STREET,彩順街,Secondary Road,,,,,1
code:10266,10266,CHOI WAN ROAD,彩雲道,Secondary Road,,,,,1
code:14333,14333,CHOI WING LANE,彩榮里,Secondary Road,2010,2010-07-16,/egazette/en/2010-14-28-4562.pdf,/egazette/zh/2010-14-28-4562.pdf,1
code:39426,39426,CHOI YEE BRIDGE ROAD,蔡意橋路,Secondary Road,,,,,1
code:13143,13143,CHUI HANG STREET,翠杏街,Secondary Road,,,,,1
code:10271,10271,CHUK HING LANE,竹興里,Track,,,,,1
code:10273,10273,CHUK LIN LANE,竹連里,Track,,,,,1
code:10274,10274,CHUK ON LANE,竹安里,Track,,,,,1
code:14420,14420,CHUN CHI LANE NORTH,振翅里北,Track,2017,2017-03-03,https://www.landsd.gov.hk/doc/en/street-name/egazette/2017/egn201721091160.pdf,https://www.landsd.gov.hk/doc/tc/street-name/egazette/2017/cgn201721091160.pdf,1
code:10278,10278,CHUN FAI TERRACE,春暉臺,Secondary Road,,,,,1
code:13823,13823,CHUN KWAN ROAD,駿群路,Secondary Road,,,,,1
code:10280,10280,CHUN SHING STREET,春勝街,Secondary Road,,,,,1
code:10281,10281,CHUN TIN STREET,春田街,Secondary Road,1955,1955-02-18,/egazette/en/1955-gn200.pdf,/egazette/zh/1955-gn200.pdf,1
code:13817,13817,CHUN WAN ROAD SOUTH,駿運南路,Secondary Road,,,,,1
code:10283,10283,CHUN WING STREET,振榮街,Secondary Road,1954,1954-12-24,/egazette/en/1954-gn1562.pdf,/egazette/zh/1954-gn1562.pdf,1
code:10285,10285,CHUN YEUNG STREET,春秧街,Secondary Road,1933,1933-07-28,/egazette/en/1933-gn511.pdf,/egazette/zh/1933-gn511.pdf,1
code:10288,10288,CHUNG CHING STREET,忠正街,Secondary Road,,,,,1
code:10293,10293,CHUNG HOK ROAD,中學路,Track,,,,,1
code:13519,13519,CHUNG KING ROAD,中景道,Secondary Road,,,,,1
code:13610,13610,CHUNG LING PATH,松齡徑,Secondary Road,,,,,1
code:10295,10295,CHUNG MAN STREET,忠民街,Secondary Road,1974,1974-11-29,/egazette/en/1974-gn3037.pdf,/egazette/zh/1974-gn3037.pdf,1
code:10299,10299,CHUNG PAK ROAD,松柏路,Secondary Road,1982,1982-03-05,/egazette/en/1982-gn754.pdf,/egazette/zh/1982-gn754.pdf,1
code:13905,13905,CHUNG SHING STREET,涌盛街,Track,,,,,1
code:10300,10300,CHUNG SING PATH,鐘聲徑,Track,1983,1983-06-03,/egazette/en/1983-gn1752.pdf,/egazette/zh/1983-gn1752.pdf,1
code:10301,10301,CHUNG SUM LANE,中心里,Track,,,,,1
code:39152,39152,CHUNG SUM TSUEN LANE NO.1,中心村第一巷,Track,,,,,1
code:39153,39153,CHUNG SUM TSUEN LANE NO.2,中心村第二巷,Track,,,,,1
code:39154,39154,CHUNG SUM TSUEN LANE NO.3,中心村第三巷,Track,,,,,1
code:39155,39155,CHUNG SUM TSUEN LANE NO.4,中心村第四巷,Track,,,,,1
code:39304,39304,CHUNG SUM TSUEN LANE NO.5,中心村第五巷,Track,,,,,1
code:39156,39156,CHUNG SUM TSUEN LANE NO.6,中心村第六巷,Track,,,,,1
code:39305,39305,CHUNG SUM TSUEN LANE NO.8,中心村第八巷,Track,,,,,1
code:13555,13555,CHUNG WA ROAD,重華路,Secondary Road,,,,,1
code:13968,13968,CHUNG WAI STREET,松慧街,Secondary Road,,,,,1
code:10303,10303,CHUNG WO LANE,中和里,Track,,,,,1
code:13966,13966,CHUNG YAT STREET,松逸街,Secondary Road,,,,,1
code:13635,13635,CHUNG YEE STREET,忠義街,Secondary Road,,,,,1
code:10305,10305,CHUNG YING STREET,中英街,Secondary Road,1983,1983-04-29,/egazette/en/1983-gn1316.pdf,/egazette/zh/1983-gn1316.pdf,1
code:13749,13749,CHUNG YIP ROAD,涌業路,Secondary Road,,,,,1
code:10307,10307,CHURCH STREET,教堂街,Secondary Road,1931,1931-05-15,/egazette/en/1931-gn300.pdf,/egazette/zh/1931-gn300.pdf,1
code:10309,10309,CLARENCE TERRACE,加倫臺,Secondary Road,,,,,1
code:10313,10313,CLEVELAND STREET,加寧街,Secondary Road,,,,,1
code:10315,10315,CLIFF ROAD,石壁道,Secondary Road,1935,1935-02-22,/egazette/en/1935-gn139.pdf,/egazette/zh/1935-gn139.pdf,1
code:10317,10317,CLOVELLY PATH,高化利徑,Secondary Road,1919,1919-09-26,/egazette/en/1919-gn450.pdf,/egazette/zh/1919-gn450.pdf,1
code:10318,10318,CLUB STREET,會所街,Secondary Road,1935,1935-04-12,/egazette/en/1935-gn302.pdf,/egazette/zh/1935-gn302.pdf,1
code:39509,39509,COAL PLANT ROAD,,Secondary Road,,,,,1
code:10321,10321,COLLEGE VIEW,育賢坊,Track,,,,,1
code:10322,10322,COLLINSON STREET,歌連臣街,Secondary Road,,,,,1
code:39633,39633,COLMO LINK,,Secondary Road,,,,,1
code:13807,13807,CONTROL TOWER ROAD,管制塔路,Secondary Road,,,,,1
code:39284,39284,CORONADO AVENUE,嘉拿多徑,Secondary Road,,,,,1
code:10340,10340,CORONATION TERRACE,加冕臺,Track,,,,,1
code:10343,10343,COWELL CLOSE,,Secondary Road,,,,,1
code:10350,10350,CROWN TERRACE,冠冕臺,Secondary Road,,,,,1
code:14516,14516,CULTURAL DRIVE,文化道,Secondary Road,2021,2021-09-17,/egazette/en/2021-25-37-5801.pdf,/egazette/zh/2021-25-37-5801.pdf,1
code:13844,13844,DAI FUK STREET,大福街,Secondary Road,,,,,1
code:13843,13843,DAI HUNG STREET,大鴻街,Secondary Road,,,,,1
code:10359,10359,DAI LI STREET,大利街,Secondary Road,1979,1979-04-20,/egazette/en/1979-gn1002.pdf,,1
code:10362,10362,DAI SHUN STREET,大順街,Secondary Road,1979,1979-04-20,/egazette/en/1979-gn1002.pdf,,1
code:10363,10363,DAI WANG STREET,大宏街,Secondary Road,1980,1980-08-08,/egazette/en/1980-gn2486.pdf,,1
code:10364,10364,DAKOTA DRIVE,德高道,Secondary Road,1987,1987-11-13,/egazette/en/2023-27-17-2594.pdf,/egazette/zh/2023-27-17-2594.pdf,1
code:10366,10366,DAVID LANE,爹核里,Track,,,,,1
code:10368,10368,DAWN DRIVE,朝暉路,Secondary Road,,,,,1
code:39524,39524,DEMINERALISATION PLANT ROAD,除鹽設備路,Secondary Road,,,,,1
code:39477,39477,DISCOVERY BAY TUNNEL,愉景灣隧道,Tunnel,,,,,1
code:39609,39609,DIVERIA BOULEVARD,迪維尼亞大道,Secondary Road,,,,,1
code:10381,10381,DON BOSCO ROAD,思高路,Track,,,,,1
code:10383,10383,DOUGLAS LANE,德忌利士巷,Track,,,,,1
code:10384,10384,DOUGLAS STREET,德忌利士街,Track,,,,,1
code:10385,10385,DRAGON ROAD,皇龍道,Secondary Road,1930,1930-11-28,/egazette/en/1930-gn708.pdf,/egazette/zh/1930-gn708.pdf,1
code:10386,10386,DRAGON TERRACE,金龍臺,Secondary Road,,,,,1
code:10388,10388,DUDDELL STREET,都爹利街,Secondary Road,,,,,1
code:10389,10389,DUKE STREET,公爵街,Secondary Road,1929,1929-06-21,/egazette/en/1929-gn331.pdf,/egazette/zh/1929-gn331.pdf,1
code:10391,10391,DUNBAR ROAD,登巴道,Secondary Road,1951,1951-06-15,/egazette/en/1951-gn636.pdf,/egazette/zh/1951-gn636.pdf,1
code:10396,10396,EARL STREET,伯爵街,Secondary Road,1935,1935-04-26,/egazette/en/1935-gn334.pdf,/egazette/zh/1935-gn334.pdf,1
code:10397,10397,EAST EMBANKMENT,東堤,Track,,,,,1
code:13745,13745,EAST LAGUNA STREET,麗港東街,Secondary Road,,,,,1
code:10398,10398,EAST POINT ROAD,東角道,Secondary Road,1954,1954-06-04,/egazette/en/1954-gn673.pdf,/egazette/zh/1954-gn673.pdf,1
code:10399,10399,EASTBOURNE ROAD,義本道,Secondary Road,,,,,1
code:39347,39347,EIGHTH STREET TAI WAI,大圍第八街,Track,,,,,1
code:10407,10407,ELECTRIC STREET,電氣街,Secondary Road,1929,1929-03-15,/egazette/en/1929-gn140.pdf,/egazette/zh/1929-gn140.pdf,1
code:10408,10408,ELEGANCE ROAD,雅麗道,Secondary Road,,,,,1
code:10410,10410,ELLIOT CRESCENT,,Track,,,,,1
code:10411,10411,ELM STREET,榆樹街,Secondary Road,1927,1927-11-25,/egazette/en/1927-gn699.pdf,/egazette/zh/1927-gn699.pdf,1
code:10413,10413,EMMA AVENUE,艷馬道,Secondary Road,1925,1925-10-09,/egazette/en/1925-gn575.pdf,/egazette/zh/1925-gn575.pdf,1
code:39613,39613,ENNA BOULEVARD,茵娜大道,Secondary Road,,,,,1
code:39593,39593,EWIN WAY,依榮徑,Secondary Road,,,,,1
code:10416,10416,EZRA'S LANE,伊沙里,Track,1958,1958-06-27,/egazette/en/1958-gn865.pdf,/egazette/zh/1958-gn865.pdf,1
code:39214,39214,FAIRVIEW PARK 1ST STREET RIVER NORTH,錦綉花園河北第一街,Secondary Road,,,,,1
code:39215,39215,FAIRVIEW PARK 2ND STREET RIVER NORTH,錦綉花園河北第二街,Secondary Road,,,,,1
code:39216,39216,FAIRVIEW PARK 3RD STREET RIVER NORTH,錦綉花園河北第三街,Secondary Road,,,,,1
code:39217,39217,FAIRVIEW PARK 4TH STREET RIVER NORTH,錦綉花園河北第四街,Secondary Road,,,,,1
code:39218,39218,FAIRVIEW PARK 5TH STREET RIVER NORTH,錦綉花園河北第五街,Secondary Road,,,,,1
code:39219,39219,FAIRVIEW PARK 6TH STREET RIVER NORTH,錦綉花園河北第六街,Secondary Road,,,,,1
code:39220,39220,FAIRVIEW PARK 7TH STREET RIVER NORTH,錦綉花園河北第七街,Secondary Road,,,,,1
code:39108,39108,"FAIRVIEW PARK SECTION B, 1ST STREET",錦綉花園Ｂ段第一街,Secondary Road,,,,,1
code:39109,39109,"FAIRVIEW PARK SECTION B, 2ND STREET",錦綉花園Ｂ段第二街,Secondary Road,,,,,1
code:39110,39110,"FAIRVIEW PARK SECTION B, 3RD STREET",錦綉花園Ｂ段第三街,Secondary Road,,,,,1
code:39111,39111,"FAIRVIEW PARK SECTION B, 4TH STREET",錦綉花園Ｂ段第四街,Secondary Road,,,,,1
code:39112,39112,"FAIRVIEW PARK SECTION B, 5TH STREET",錦綉花園Ｂ段第五街,Secondary Road,,,,,1
code:39113,39113,"FAIRVIEW PARK SECTION B, 6TH STREET",錦綉花園Ｂ段第六街,Secondary Road,,,,,1
code:39114,39114,"FAIRVIEW PARK SECTION B, 7TH STREET",錦綉花園Ｂ段第七街,Secondary Road,,,,,1
code:10427,10427,"FAIRVIEW PARK SECTION C, 2ND STREET",錦綉花園Ｃ段第二街,Secondary Road,,,,,1
code:10428,10428,"FAIRVIEW PARK SECTION C, 3RD STREET",錦綉花園Ｃ段第三街,Secondary Road,,,,,1
code:10429,10429,"FAIRVIEW PARK SECTION C, 4TH STREET",錦綉花園Ｃ段第四街,Secondary Road,,,,,1
code:10430,10430,"FAIRVIEW PARK SECTION C, 5TH STREET",錦綉花園Ｃ段第五街,Secondary Road,,,,,1
code:10431,10431,"FAIRVIEW PARK SECTION C, 6TH STREET",錦綉花園Ｃ段第六街,Secondary Road,,,,,1
code:10432,10432,"FAIRVIEW PARK SECTION C, 7TH STREET",錦綉花園Ｃ段第七街,Secondary Road,,,,,1
code:39115,39115,"FAIRVIEW PARK SECTION C, 8TH STREET",錦綉花園Ｃ段第八街,Secondary Road,,,,,1
code:39116,39116,"FAIRVIEW PARK SECTION C, 9TH STREET",錦綉花園Ｃ段第九街,Secondary Road,,,,,1
code:10433,10433,"FAIRVIEW PARK SECTION D, 1ST STREET",錦綉花園Ｄ段第一街,Secondary Road,,,,,1
code:10434,10434,"FAIRVIEW PARK SECTION D, 2ND STREET",錦綉花園Ｄ段第二街,Secondary Road,,,,,1
code:10435,10435,"FAIRVIEW PARK SECTION D, 3RD STREET",錦綉花園Ｄ段第三街,Secondary Road,,,,,1
code:10436,10436,"FAIRVIEW PARK SECTION D, 4TH STREET",錦綉花園Ｄ段第四街,Secondary Road,,,,,1
code:39117,39117,"FAIRVIEW PARK SECTION E, 1ST STREET",錦綉花園Ｅ段第一街,Secondary Road,,,,,1
code:39118,39118,"FAIRVIEW PARK SECTION E, 2ND STREET",錦綉花園Ｅ段第二街,Secondary Road,,,,,1
code:39119,39119,"FAIRVIEW PARK SECTION E, 3RD STREET",錦綉花園Ｅ段第三街,Secondary Road,,,,,1
code:39120,39120,"FAIRVIEW PARK SECTION E, 4TH STREET",錦綉花園Ｅ段第四街,Secondary Road,,,,,1
code:39130,39130,"FAIRVIEW PARK SECTION F, 10TH STREET",錦綉花園Ｆ段第十街,Secondary Road,,,,,1
code:39122,39122,"FAIRVIEW PARK SECTION F, 2ND STREET",錦綉花園Ｆ段第二街,Secondary Road,,,,,1
code:39125,39125,"FAIRVIEW PARK SECTION F, 5TH STREET",錦綉花園Ｆ段第五街,Secondary Road,,,,,1
code:39127,39127,"FAIRVIEW PARK SECTION F, 7TH STREET",錦綉花園Ｆ段第七街,Secondary Road,,,,,1
code:39129,39129,"FAIRVIEW PARK SECTION F, 9TH STREET",錦綉花園Ｆ段第九街,Secondary Road,,,,,1
code:10437,10437,"FAIRVIEW PARK SECTION G, 1ST STREET",錦綉花園Ｇ段第一街,Secondary Road,,,,,1
code:10438,10438,"FAIRVIEW PARK SECTION G, 2ND STREET",錦綉花園Ｇ段第二街,Secondary Road,,,,,1
code:10439,10439,"FAIRVIEW PARK SECTION H, 1ST STREET",錦綉花園Ｈ段第一街,Secondary Road,,,,,1
code:10440,10440,"FAIRVIEW PARK SECTION H, 2ND STREET",錦綉花園Ｈ段第二街,Secondary Road,,,,,1
code:10441,10441,"FAIRVIEW PARK SECTION H, 3RD STREET",錦綉花園Ｈ段第三街,Secondary Road,,,,,1
code:10442,10442,"FAIRVIEW PARK SECTION I, 1ST STREET",錦綉花園Ｉ段第一街,Secondary Road,,,,,1
code:10443,10443,"FAIRVIEW PARK SECTION I, 2ND STREET",錦綉花園Ｉ段第二街,Secondary Road,,,,,1
code:10444,10444,"FAIRVIEW PARK SECTION I, 3RD STREET",錦綉花園Ｉ段第三街,Secondary Road,,,,,1
code:10445,10445,"FAIRVIEW PARK SECTION I, 4TH STREET",錦綉花園Ｉ段第四街,Secondary Road,,,,,1
code:10446,10446,"FAIRVIEW PARK SECTION I, 5TH STREET",錦綉花園Ｉ段第五街,Secondary Road,,,,,1
code:10447,10447,"FAIRVIEW PARK SECTION J, 1ST STREET",錦綉花園Ｊ段第一街,Secondary Road,,,,,1
code:10448,10448,"FAIRVIEW PARK SECTION J, 2ND STREET",錦綉花園Ｊ段第二街,Secondary Road,,,,,1
code:10449,10449,"FAIRVIEW PARK SECTION J, 3RD STREET",錦綉花園Ｊ段第三街,Secondary Road,,,,,1
code:10451,10451,"FAIRVIEW PARK SECTION J, 5TH STREET",錦綉花園Ｊ段第五街,Secondary Road,,,,,1
code:10452,10452,"FAIRVIEW PARK SECTION K, 1ST STREET",錦綉花園Ｋ段第一街,Secondary Road,,,,,1
code:10453,10453,"FAIRVIEW PARK SECTION K, 2ND STREET",錦綉花園Ｋ段第二街,Secondary Road,,,,,1
code:10454,10454,"FAIRVIEW PARK SECTION K, 3RD STREET",錦綉花園Ｋ段第三街,Secondary Road,,,,,1
code:10455,10455,"FAIRVIEW PARK SECTION K, 4TH STREET",錦綉花園Ｋ段第四街,Secondary Road,,,,,1
code:10456,10456,"FAIRVIEW PARK SECTION K, 5TH STREET",錦綉花園Ｋ段第五街,Secondary Road,,,,,1
code:10457,10457,"FAIRVIEW PARK SECTION L, 1ST STREET",錦綉花園Ｌ段第一街,Secondary Road,,,,,1
code:10458,10458,"FAIRVIEW PARK SECTION L, 2ND STREET",錦綉花園Ｌ段第二街,Secondary Road,,,,,1
code:10459,10459,"FAIRVIEW PARK SECTION L, 3RD STREET",錦綉花園Ｌ段第三街,Secondary Road,,,,,1
code:10460,10460,"FAIRVIEW PARK SECTION L, 4TH STREET",錦綉花園Ｌ段第四街,Secondary Road,,,,,1
code:10461,10461,"FAIRVIEW PARK SECTION L, 5TH STREET",錦綉花園Ｌ段第五街,Secondary Road,,,,,1
code:10462,10462,"FAIRVIEW PARK SECTION M, 1ST STREET",錦綉花園Ｍ段第一街,Secondary Road,,,,,1
code:10463,10463,"FAIRVIEW PARK SECTION M, 2ND STREET",錦綉花園Ｍ段第二街,Secondary Road,,,,,1
code:10464,10464,"FAIRVIEW PARK SECTION M, 3RD STREET",錦綉花園Ｍ段第三街,Secondary Road,,,,,1
code:10465,10465,"FAIRVIEW PARK SECTION M, 4TH STREET",錦綉花園Ｍ段第四街,Secondary Road,,,,,1
code:10466,10466,"FAIRVIEW PARK SECTION M, 5TH STREET",錦綉花園Ｍ段第五街,Secondary Road,,,,,1
code:10467,10467,"FAIRVIEW PARK SECTION M, 6TH STREET",錦綉花園Ｍ段第六街,Secondary Road,,,,,1
code:10469,10469,FAN WA STREET,繁華街,Secondary Road,1974,1974-08-02,/egazette/en/1974-gn1982.pdf,/egazette/zh/1974-gn1982.pdf,1
code:10472,10472,FAT HING STREET,發興街,Track,,,,,1
code:14316,14316,FAT KWONG STREET FLYOVER,佛光街天橋,Main Road,2009,2009-02-06,/egazette/en/2009-13-6-852.pdf,/egazette/zh/2009-13-6-852.pdf,1
code:10474,10474,FAT LEE STREET,發利街,Track,,,,,1
code:10476,10476,FAT YIP LANE,發業里,Secondary Road,,,,,1
code:13168,13168,FEI WAN ROAD,飛雲路,Secondary Road,,,,,1
code:10484,10484,FESSENDEN ROAD,范信達道,Secondary Road,,,,,1
code:39583,39583,FGD ROAD,脫硫路,Secondary Road,,,,,1
code:39274,39274,FICUS PATH,榕翠徑,Secondary Road,,,,,1
code:10488,10488,FINDLAY ROAD,芬梨道,Secondary Road,1915,1915-05-28,/egazette/en/1915-gn244.pdf,/egazette/zh/1915-gn244.pdf,1
code:14354,14354,FIRE DRAGON PATH,火龍徑,Track,,,,,1
code:39621,39621,FIRENZE VIALE,佛洛斯大道,Secondary Road,,,,,1
code:10491,10491,FIRST LANE,第一巷,Track,,,,,1
code:14517,14517,FIRST SKY STREET,航天城第一街,Secondary Road,2021,2021-09-24,/egazette/en/2021-25-38-6003.pdf,/egazette/zh/2021-25-38-6003.pdf,1
code:14094,14094,FLOWER MARKET PATH,花墟徑,Track,,,,,1
code:10499,10499,FONG WAH LANE,芳華里,Track,,,,,1
code:10501,10501,FOO MING STREET,富明街,Secondary Road,,,,,1
code:10507,10507,FOOK YAT PATH,福日徑,Track,1983,1983-06-03,/egazette/en/1983-gn1752.pdf,/egazette/zh/1983-gn1752.pdf,1
code:10510,10510,FORFAR ROAD,科發道,Secondary Road,1933,1933-12-22,/egazette/en/1933-gn823.pdf,/egazette/zh/1933-gn823.pdf,1
code:10513,10513,FORTUNE STREET,幸福街,Secondary Road,,,,,1
code:39589,39589,FRASER RISE,符理善徑,Secondary Road,,,,,1
code:10516,10516,FRASER ROAD,符禮修路,Secondary Road,,,,,1
code:14211,14211,FU CHEONG PATH,富昌徑,Secondary Road,,,,,1
code:10517,10517,FU CHI PATH,富池徑,Track,1983,1983-04-22,/egazette/en/1983-gn1265.pdf,/egazette/zh/1983-gn1265.pdf,1
code:10518,10518,FU FAT LANE,富發里,Secondary Road,,,,,1
code:14473,14473,FU FUK ROAD,富福路,Secondary Road,2018,2018-03-29,https://www.landsd.gov.hk/doc/en/street-name/egazette/2018/egn201822132325.pdf,https://www.landsd.gov.hk/doc/tc/street-name/egazette/2018/cgn201822132325.pdf,1
code:10522,10522,FU KWAI PATH,富貴徑,Track,,,,,1
code:13927,13927,FU PO ROAD,富寶路,Secondary Road,,,,,1
code:10528,10528,FU SHIN STREET,富善街,Track,1930,1930-05-02,/egazette/en/1930-gn262.pdf,/egazette/zh/1930-gn262.pdf,1
code:10533,10533,FU WAH STREET,富華街,Track,,,,,1
code:10534,10534,FU WAN STREET,富運街,Secondary Road,,,,,1
code:10535,10535,FU WING STREET,富榮街,Track,,,,,1
code:10537,10537,FU YIP STREET,富業街,Secondary Road,1957,1957-02-22,/egazette/en/1957-gn264.pdf,/egazette/zh/1957-gn264.pdf,1
code:10540,10540,FUI SHA WAI LANE,灰沙圍里,Secondary Road,,,,,1
code:10541,10541,FUI YIU KOK STREET,灰窰角街,Secondary Road,,,,,1
code:10542,10542,FUK CHAK STREET,福澤街,Secondary Road,,,,,1
code:10543,10543,FUK CHEUNG STREET,福祥街,Secondary Road,,,,,1
code:10544,10544,FUK CHI STREET,福至街,Secondary Road,1980,1980-05-23,/egazette/en/1980-gn1581.pdf,,1
code:10545,10545,FUK HANG STREET,福恒街,Secondary Road,1984,1984-05-04,/egazette/en/1984-gn1312.pdf,/egazette/zh/1984-gn1312.pdf,1
code:13918,13918,FUK HANG TSUEN LANE,福亨村里,Secondary Road,,,,,1
code:10547,10547,FUK HING LANE,福興里,Track,,,,,1
code:10551,10551,FUK LOI LANE,福來里,Track,,,,,1
code:10553,10553,FUK NING ROAD,福寧道,Secondary Road,,,,,1
code:10554,10554,FUK ON LANE,福安里,Track,,,,,1
code:10555,10555,FUK SAU LANE,福壽里,Secondary Road,,,,,1
code:13133,13133,FUK TIN PATH,福田徑,Track,,,,,1
code:10558,10558,FUK TONG ROAD,福塘道,Secondary Road,,,,,1
code:10563,10563,FUK YAN STREET,福欣街,Secondary Road,1984,1984-10-19,/egazette/en/1984-gn3073.pdf,/egazette/zh/1984-gn3073.pdf,1
code:10564,10564,FUK YUEN STREET,福元街,Track,1931,1931-05-15,/egazette/en/1931-gn300.pdf,/egazette/zh/1931-gn300.pdf,1
code:14455,14455,FUNG CHEUNG PATH,鳳翔徑,Track,2017,2017-10-13,https://www.landsd.gov.hk/doc/en/street-name/egazette/2017/egn201721417595.pdf,https://www.landsd.gov.hk/doc/tc/street-name/egazette/2017/cgn201721417595.pdf,1
code:14009,14009,FUNG CHUK ROAD,豐竹路,Secondary Road,,,,,1
code:10569,10569,FUNG HEUNG STREET,鳳香街,Secondary Road,1981,1981-12-18,/egazette/en/1981-gn3742.pdf,/egazette/zh/1981-gn3742.pdf,1
code:14219,14219,FUNG KI ROAD,鳳麒路,Secondary Road,,,,,1
code:14456,14456,FUNG KWAN PATH,鳳群徑,Track,2017,2017-10-13,https://www.landsd.gov.hk/doc/en/street-name/egazette/2017/egn201721417595.pdf,https://www.landsd.gov.hk/doc/tc/street-name/egazette/2017/cgn201721417595.pdf,1
code:14575,14575,FUNG LING ROAD,鳳嶺路,Secondary Road,2026,2026-03-27,/egazette/en/2026-30-13-1839.pdf,/egazette/zh/2026-30-13-1839.pdf,1
code:13134,13134,FUNG LOK LANE,豐樂里,Secondary Road,,,,,1
code:10574,10574,FUNG MEI PATH,鳳美徑,Track,,,,,1
code:13929,13929,FUNG NAM LANE,鳳南里,Secondary Road,,,,,1
code:10577,10577,FUNG PING LANE,鳳坪里,Secondary Road,1984,1984-11-09,/egazette/en/1984-gn3320.pdf,/egazette/zh/1984-gn3320.pdf,1
code:10578,10578,FUNG SAU ROAD,鳳秀路,Secondary Road,,,,,1
code:10585,10585,FUNG TIN STREET,奉天街,Secondary Road,1979,1979-03-16,/egazette/en/1979-gn713.pdf,,1
code:10586,10586,FUNG UN STREET,逢源街,Track,,,,,1
code:10587,10587,FUNG WAH STREET,豐華街,Secondary Road,,,,,1
code:14457,14457,FUNG YAU PATH,鳳攸徑,Track,2017,2017-10-13,https://www.landsd.gov.hk/doc/en/street-name/egazette/2017/egn201721417595.pdf,https://www.landsd.gov.hk/doc/tc/street-name/egazette/2017/cgn201721417595.pdf,1
code:10592,10592,FUNG YAU STREET SOUTH,鳳攸南街,Secondary Road,1981,1981-12-18,/egazette/en/1981-gn3742.pdf,/egazette/zh/1981-gn3742.pdf,1
code:10593,10593,FUNG YI STREET,鳳儀街,Secondary Road,1959,1959-04-17,/egazette/en/1959-gn548.pdf,/egazette/zh/1959-gn548.pdf,1
code:39573,39573,GENEVA EAST AVENUE,日內瓦大道東,Secondary Road,,,,,1
code:39615,39615,GENOVA BOULEVARD,珍諾華大道,Secondary Road,,,,,1
code:10604,10604,GILMAN'S BAZAAR,機利文新街,Track,,,,,1
code:10606,10606,GLASS STREET,玻璃街,Secondary Road,1931,1931-05-15,/egazette/en/1931-gn300.pdf,/egazette/zh/1931-gn300.pdf,1
code:39270,39270,GMELINA PATH,華梓徑,Secondary Road,,,,,1
code:10613,10613,GOLDSMITH ROAD,高士美道,Secondary Road,1954,1954-06-25,/egazette/en/1954-gn765.pdf,/egazette/zh/1954-gn765.pdf,1
code:10615,10615,GORDON ROAD,歌頓道,Main Road,,,,,1
code:10618,10618,GOUGH STREET,歌賦街,Secondary Road,,,,,1
code:10621,10621,GRANVILLE CIRCUIT,嘉蘭圍,Secondary Road,1949,1949-07-29,/egazette/en/1949-gn715.pdf,/egazette/zh/1949-gn715.pdf,1
code:10623,10623,GRANVILLE SQUARE,加連威老廣場,Secondary Road,,,,,1
code:10626,10626,GREIG CRESCENT,基利坊,Secondary Road,1978,1978-02-24,/egazette/en/1978-gn465.pdf,,1
code:10628,10628,GRESSON STREET,機利臣街,Secondary Road,,,,,1
code:10633,10633,HA KO TAN STREET,下高灘街,Secondary Road,,,,,1
code:39147,39147,HA PAK TSUEN LANE No.1,下北村第一巷,Track,,,,,1
code:39148,39148,HA PAK TSUEN LANE No.2,下北村第二巷,Track,,,,,1
code:39149,39149,HA PAK TSUEN LANE No.3,下北村第三巷,Track,,,,,1
code:39150,39150,HA PAK TSUEN LANE No.4,下北村第四巷,Track,,,,,1
code:39151,39151,HA PAK TSUEN LANE No.5,下北村第五巷,Track,,,,,1
code:14010,14010,HA SAN WAI ROAD,下新圍路,Secondary Road,,,,,1
code:13105,13105,HA YEUNG ROAD,下洋路,Secondary Road,,,,,1
code:10638,10638,HAK PAI ROAD,黑排路,Track,1983,1983-08-12,/egazette/en/1983-gn2627.pdf,/egazette/zh/1983-gn2627.pdf,1
code:10641,10641,HAM YU STREET,鹹魚街,Track,,,,,1
code:10644,10644,HAMPSHIRE ROAD,衡州道,Secondary Road,1951,1951-05-18,/egazette/en/1951-gn522.pdf,/egazette/zh/1951-gn522.pdf,1
code:13599,13599,HANG KWONG STREET,恆光街,Secondary Road,,,,,1
code:13530,13530,HANG LOK LANE,恆樂里,Secondary Road,,,,,1
code:10649,10649,HANG ON STREET,恆安街,Secondary Road,1957,1957-02-22,/egazette/en/1957-gn264.pdf,/egazette/zh/1957-gn264.pdf,1
code:10650,10650,HANG PING STREET,坑坪街,Secondary Road,,,,,1
code:10651,10651,HANG SHING STREET,恒城街,Secondary Road,,,,,1
code:10653,10653,HANG TAK STREET,恆德街,Secondary Road,,,,,1
code:10655,10655,HANG WAN ROAD,幸運道,Secondary Road,,,,,1
code:13096,13096,HANG YIP STREET,恆業街,Secondary Road,,,,,1
code:14000,14000,HANG YIU STREET,恆耀街,Secondary Road,,,,,1
code:10657,10657,HANOI ROAD,河內道,Secondary Road,1909,1909-03-19,/egazette/en/1909-gn184.pdf,/egazette/zh/1909-gn184.pdf,1
code:10658,10658,HAPPY VIEW TERRACE,樂景臺,Secondary Road,,,,,1
code:10659,10659,HARBOUR DRIVE,港灣徑,Secondary Road,1984,1984-06-29,/egazette/en/1984-gn1900.pdf,/egazette/zh/1984-gn1900.pdf,1
code:13877,13877,HARMONY ROAD,富欣道,Secondary Road,,,,,1
code:14044,14044,HAU CHEUNG STREET,巧翔街,Secondary Road,,,,,1
code:10667,10667,HAU FOOK STREET,厚福街,Secondary Road,1958,1958-06-27,/egazette/en/1958-gn865.pdf,/egazette/zh/1958-gn865.pdf,1
code:10670,10670,HAU TAK LANE,厚德里,Secondary Road,1959,1959-09-11,/egazette/en/1959-gn1258.pdf,/egazette/zh/1959-gn1258.pdf,1
code:10672,10672,HAU WO STREET,厚和街,Secondary Road,,,,,1
code:39560,39560,HAUT-BRION AVENUE,比昂大道,Secondary Road,,,,,1
code:10675,10675,HAVEN STREET,希雲街,Secondary Road,1931,1931-03-20,/egazette/en/1931-gn172.pdf,/egazette/zh/1931-gn172.pdf,1
code:13868,13868,HEI TUNG STREET,喜東街,Secondary Road,,,,,1
code:10685,10685,HEI WO STREET,熙和街,Secondary Road,1956,1956-03-16,/egazette/en/1956-gn355.pdf,/egazette/zh/1956-gn355.pdf,1
code:10686,10686,HEI YUEN STREET,戲院街,Secondary Road,1936,1936-04-17,/egazette/en/1936-gn360.pdf,/egazette/zh/1936-gn360.pdf,1
code:14091,14091,HEUNG CHUNG ROAD,響鐘路,Secondary Road,,,,,1
code:10693,10693,HEUNG HING LANE,香馨里,Track,,,,,1
code:10695,10695,HEUNG SZE WUI SQUARE,鄉事會坊,Secondary Road,,,,,1
code:14447,14447,HEUNG YIP PATH,香葉徑,Track,2017,2017-04-07,https://www.landsd.gov.hk/doc/en/street-name/egazette/2017/egn201721141922.pdf,https://www.landsd.gov.hk/doc/tc/street-name/egazette/2017/cgn201721141922.pdf,1
code:10699,10699,HI LEE PATH,喜利徑,Track,1983,1983-06-03,/egazette/en/1983-gn1752.pdf,/egazette/zh/1983-gn1752.pdf,1
code:14006,14006,HI TAI STREET,喜泰街,Secondary Road,,,,,1
code:10702,10702,HI YIP STREET,喜業街,Secondary Road,1983,1983-01-28,/egazette/en/1983-gn325.pdf,/egazette/zh/1983-gn325.pdf,1
code:39275,39275,HIBISCUS PATH,紅花徑,Secondary Road,,,,,1
code:13250,13250,HILL SIDE TERRACE,山坡臺,Track,1959,1959-02-27,/egazette/en/1959-gn315.pdf,/egazette/zh/1959-gn315.pdf,1
code:39594,39594,HILL STREET,侯介賢街,Secondary Road,,,,,1
code:10711,10711,HIN HONG STREET,顯康街,Secondary Road,,,,,1
code:10719,10719,HING HON ROAD,興漢道,Secondary Road,,,,,1
code:10720,10720,HING LEE STREET,興利街,Track,,,,,1
code:10721,10721,HING LUNG BACK STREET,興隆後街,Track,,,,,1
code:10722,10722,HING LUNG LANE EAST,興隆東街,Track,,,,,1
code:10723,10723,HING LUNG LANE WEST,興隆西街,Track,,,,,1
code:10724,10724,HING LUNG MAIN STREET,興隆正街,Track,,,,,1
code:10728,10728,HING PING ROAD,慶平路,Secondary Road,1984,1984-11-30,/egazette/en/1984-gn3531.pdf,/egazette/zh/1984-gn3531.pdf,1
code:13762,13762,HING TUNG STREET,慶東街,Secondary Road,,,,,1
code:10734,10734,HING WONG STREET,興旺街,Secondary Road,1975,1975-08-01,/egazette/en/1975-gn1693.pdf,,1
code:10735,10735,HING YAN STREET,興仁街,Secondary Road,1959,1959-05-15,/egazette/en/1959-gn670.pdf,/egazette/zh/1959-gn670.pdf,1
code:39203,39203,HING YAN TSUEN LANE No.1,興仁村第一巷,Track,,,,,1
code:39204,39204,HING YAN TSUEN LANE No.2,興仁村第二巷,Track,,,,,1
code:39205,39205,HING YAN TSUEN LANE No.3,興仁村第三巷,Track,,,,,1
code:39206,39206,HING YAN TSUEN LANE No.4,興仁村第四巷,Track,,,,,1
code:39207,39207,HING YAN TSUEN LANE No.5,興仁村第五巷,Track,,,,,1
code:10736,10736,HING YIN STREET,興賢街,Secondary Road,1959,1959-05-15,/egazette/en/1959-gn670.pdf,/egazette/zh/1959-gn670.pdf,1
code:10737,10737,HING YIP STREET,興業街,Secondary Road,1957,1957-02-22,/egazette/en/1957-gn264.pdf,/egazette/zh/1957-gn264.pdf,1
code:10743,10743,HIU MING STREET,曉明街,Secondary Road,,,,,1
code:13098,13098,HIU PO PATH,曉波徑,Secondary Road,,,,,1
code:10745,10745,HIU YUK PATH,曉育徑,Secondary Road,,,,,1
code:10746,10746,HO CHOI LANE,浩財里,Secondary Road,,,,,1
code:39336,39336,HO CHUNG EIGHTH LANE,蠔涌村八巷,Track,,,,,1
code:39333,39333,HO CHUNG FIFTH LANE,蠔涌村五巷,Track,,,,,1
code:39329,39329,HO CHUNG FIRST LANE,蠔涌村一巷,Track,,,,,1
code:39332,39332,HO CHUNG FOURTH LANE,蠔涌村四巷,Track,,,,,1
code:39337,39337,HO CHUNG NINTH LANE,蠔涌村九巷,Track,,,,,1
code:14492,14492,HO CHUNG NORTH ROAD,蠔涌北路,Secondary Road,2020,2020-06-12,https://www.landsd.gov.hk/doc/en/street-name/egazette/2020/egn202024243236.pdf,https://www.landsd.gov.hk/doc/tc/street-name/egazette/2020/cgn202024243236.pdf,1
code:39330,39330,HO CHUNG SECOND LANE,蠔涌村二巷,Track,,,,,1
code:39335,39335,HO CHUNG SEVENTH LANE,蠔涌村七巷,Track,,,,,1
code:39334,39334,HO CHUNG SIXTH LANE,蠔涌村六巷,Track,,,,,1
code:39331,39331,HO CHUNG THIRD LANE,蠔涌村三巷,Track,,,,,1
code:10747,10747,HO FAT LANE,浩發里,Secondary Road,,,,,1
code:10749,10749,HO HOI STREET,浩海街,Secondary Road,,,,,1
code:10750,10750,HO KING STREET,好景街,Track,1932,1932-04-22,/egazette/en/1932-gn245.pdf,/egazette/zh/1932-gn245.pdf,1
code:10752,10752,HO KWOK LANE,何郭里,Track,,,,,1
code:10753,10753,HO LEE STREET,好利街,Track,,,,,1
code:10756,10756,HO MAN TIN STREET,何文田街,Secondary Road,1929,1929-11-29,/egazette/en/1929-gn616.pdf,/egazette/zh/1929-gn616.pdf,1
code:10762,10762,HO WAN STREET,浩運街,Secondary Road,,,,,1
code:10766,10766,HOI CHAK STREET,海澤街,Secondary Road,,,,,1
code:10773,10773,HOI HONG STREET,海康街,Secondary Road,,,,,1
code:10776,10776,HOI KOK STREET,海角街,Secondary Road,,,,,1
code:10777,10777,HOI KWONG STREET,海光街,Secondary Road,1960,1960-11-04,/egazette/en/1960-gn1673.pdf,,1
code:10778,10778,HOI LEE STREET,海利街,Secondary Road,,,,,1
code:14323,14323,HOI LONG PATH,海浪徑,Secondary Road,2009,2009-12-18,/egazette/en/2009-13-51-7996.pdf,/egazette/zh/2009-13-51-7996.pdf,1
code:10782,10782,HOI PING ROAD,開平道,Secondary Road,1936,1936-01-10,/egazette/en/1936-gn35.pdf,/egazette/zh/1936-gn35.pdf,1
code:14529,14529,HOI SHIN LANE,海善里,Secondary Road,2022,2022-12-09,/egazette/en/2022-26-49-7138.pdf,/egazette/zh/2022-26-49-7138.pdf,1
code:10785,10785,HOI TAK STREET,海德街,Secondary Road,,,,,1
code:14524,14524,HOI TAT STREET,海達街,Secondary Road,2022,2022-09-02,https://www.landsd.gov.hk/doc/en/street-name/egazette/2022/egn202226354919.pdf,https://www.landsd.gov.hk/doc/tc/street-name/egazette/2022/cgn202226354919.pdf,1
code:12951,12951,HOK CHEUNG STREET,鶴翔街,Secondary Road,,,,,1
code:13849,13849,HOK LAM LANE,學林里,Secondary Road,,,,,1
code:10789,10789,HOK LING STREET,鶴齡街,Secondary Road,1959,1959-04-17,/egazette/en/1959-gn548.pdf,/egazette/zh/1959-gn548.pdf,1
code:10790,10790,HOK LOO LANE,學佬巷,Track,,,,,1
code:14047,14047,HOK YUEN LANE,鶴園里,Secondary Road,,,,,1
code:10796,10796,HOLLAND STREET,荷蘭街,Secondary Road,,,,,1
code:10797,10797,HOLLY ROAD,冬青道,Secondary Road,1940,1940-02-07,/egazette/en/1940-gn154.pdf,/egazette/zh/1940-gn154.pdf,1
code:10800,10800,HOMESTEAD ROAD,堪仕達道,Secondary Road,1939,1939-12-15,/egazette/en/1939-gn1178.pdf,/egazette/zh/1939-gn1178.pdf,1
code:13840,13840,HONG CHAI STREET,巷仔街,Track,,,,,1
code:12968,12968,HONG FU ROAD,康富路,Secondary Road,,,,,1
code:13569,13569,HONG LOK YUEN EIGHTH STREET,康樂園第八街,Secondary Road,,,,,1
code:10812,10812,HONG LOK YUEN FIFTEENTH STREET,康樂園第十五街,Secondary Road,,,,,1
code:10814,10814,HONG LOK YUEN FIRST STREET,康樂園第一街,Secondary Road,,,,,1
code:10817,10817,HONG LOK YUEN NINETEENTH STREET,康樂園第十九街,Secondary Road,,,,,1
code:10820,10820,HONG LOK YUEN SECOND STREET,康樂園第二街,Secondary Road,,,,,1
code:10823,10823,HONG LOK YUEN SIXTH STREET,康樂園第六街,Secondary Road,,,,,1
code:10825,10825,HONG LOK YUEN THIRD STREET,康樂園第三街,Secondary Road,,,,,1
code:10827,10827,HONG LOK YUEN TWELFTH STREET,康樂園第十二街,Secondary Road,,,,,1
code:13571,13571,HONG LOK YUEN TWENTY-FIRST STREET,康樂園第二十一街,Secondary Road,,,,,1
code:13572,13572,HONG LOK YUEN TWENTY-FOURTH STREET,康樂園第二十四街,Secondary Road,,,,,1
code:10829,10829,HONG LOK YUEN TWENTY-SECOND STREET,康樂園第二十二街,Secondary Road,,,,,1
code:10830,10830,HONG LOK YUEN TWENTY-THIRD STREET,康樂園第二十三街,Secondary Road,,,,,1
code:10832,10832,HONG NIN PATH,康年徑,Secondary Road,,,,,1
code:10835,10835,HONG PAK PATH,康柏徑,Secondary Road,,,,,1
code:10836,10836,HONG PING STREET,康平街,Secondary Road,1977,1977-04-15,/egazette/en/1977-gn858.pdf,/egazette/zh/1977-gn858.pdf,1
code:10839,10839,HONG TAK ROAD,康德道,Secondary Road,1976,1976-08-06,/egazette/en/1976-gn1712.pdf,,1
code:10841,10841,HONG TING PATH,康定徑,Track,,,,,1
code:13797,13797,HONG WAN PATH,康運徑,Secondary Road,,,,,1
code:10845,10845,HONG WING PATH,康榮徑,Main Road,,,,,1
code:10848,10848,HONITON ROAD,漢寧頓道,Secondary Road,,,,,1
code:10850,10850,HOP KWAN STREET,合群街,Secondary Road,,,,,1
code:10851,10851,HOP YAT ROAD,合一道,Secondary Road,,,,,1
code:10854,10854,HORNSEY ROAD,香雪道,Secondary Road,,,,,1
code:10855,10855,HORSE SHOE LANE,馬蹄徑,Secondary Road,,,,,1
code:10858,10858,HOUSTON STREET,厚誠街,Track,,,,,1
code:10859,10859,HOW MING LANE,巧明里,Track,1957,1957-02-22,/egazette/en/1957-gn264.pdf,/egazette/zh/1957-gn264.pdf,1
code:10861,10861,HUMBERT STREET,恒柏道,Secondary Road,,,,,1
code:10862,10862,HUMPHREYS AVENUE,堪富利士道,Secondary Road,,,,,1
code:10868,10868,HUNG HOM WAN STREET,紅磡灣街,Track,1980,1980-05-23,/egazette/en/1980-gn1581.pdf,,1
code:13531,13531,HUNG KIU LANE,紅橋里,Secondary Road,,,,,1
code:10869,10869,HUNG KWONG STREET,鴻光街,Track,1958,1958-10-31,/egazette/en/1958-gn1478.pdf,/egazette/zh/1958-gn1478.pdf,1
code:14119,14119,HUNG LEONG ROAD,洪亮路,Secondary Road,,,,,1
code:14116,14116,HUNG ON LANE,洪安里,Secondary Road,,,,,1
code:13976,13976,HUNG TAK ROAD,洪德路,Secondary Road,,,,,1
code:10877,10877,HUNG WAN STREET,鴻運街,Secondary Road,1959,1959-04-17,/egazette/en/1959-gn548.pdf,/egazette/zh/1959-gn548.pdf,1
code:10878,10878,HUNG YIP STREET,鴻業街,Secondary Road,1976,1976-12-24,/egazette/en/1976-gn2874.pdf,,1
code:14118,14118,HUNG YU ROAD,洪儒路,Secondary Road,,,,,1
code:10881,10881,ICHANG STREET,宜昌街,Secondary Road,1935,1935-04-26,/egazette/en/1935-gn334.pdf,/egazette/zh/1935-gn334.pdf,1
code:10882,10882,ILLUMINATION TERRACE,光明臺,Track,,,,,1
code:10883,10883,IN KU LANE,賢居里,Track,,,,,1
code:10885,10885,IRVING STREET,伊榮街,Secondary Road,,,,,1
code:10891,10891,JADE LANE,翡翠里,Secondary Road,1983,1983-01-28,/egazette/en/1983-gn324.pdf,/egazette/zh/1983-gn324.pdf,1
code:10893,10893,JARDINE'S BAZAAR,渣甸街,Secondary Road,,,,,1
code:10901,10901,JOINT STREET,聯接街,Secondary Road,1977,1977-11-25,/egazette/en/1977-gn2860.pdf,/egazette/zh/1977-gn2860.pdf,1
code:10908,10908,JULIA AVENUE,棗梨雅道,Secondary Road,1925,1925-10-09,/egazette/en/1925-gn575.pdf,/egazette/zh/1925-gn575.pdf,1
code:10911,10911,JUPITER STREET,木星街,Secondary Road,1952,1952-08-15,/egazette/en/1952-gn972.pdf,/egazette/zh/1952-gn972.pdf,1
code:10913,10913,KA HING ROAD,嘉慶路,Secondary Road,,,,,1
code:14407,14407,KA HONG LANE,嘉康里,Secondary Road,,,,,1
code:14406,14406,KA KIN LANE,嘉健里,Secondary Road,2015,2015-06-12,/egazette/en/2015-19-24-4273.pdf,/egazette/zh/2015-19-24-4273.pdf,1
code:14386,14386,KA KING LANE,嘉敬里,Secondary Road,2013,2013-11-01,/egazette/en/2013-17-44-6570.pdf,/egazette/zh/2013-17-44-6570.pdf,1
code:10914,10914,KA LOK STREET,嘉樂街,Secondary Road,,,,,1
code:10916,10916,KA ON STREET,嘉安街,Secondary Road,1983,1983-03-18,/egazette/en/1983-gn874.pdf,/egazette/zh/1983-gn874.pdf,1
code:10917,10917,KA SHIN STREET,嘉善街,Secondary Road,1958,1958-01-24,/egazette/en/1958-gn125.pdf,/egazette/zh/1958-gn125.pdf,1
code:13169,13169,KA SHUE ROAD,嘉澍路,Secondary Road,,,,,1
code:13674,13674,KA SIU CLOSE,嘉兆里,Secondary Road,,,,,1
code:10918,10918,KA TING ROAD,嘉定路,Secondary Road,,,,,1
code:10921,10921,KA WING STREET,嘉榮街,Secondary Road,1979,1979-11-09,/egazette/en/1979-gn2899.pdf,,1
code:10922,10922,KA WO STREET,嘉禾街,Secondary Road,1956,1956-07-06,/egazette/en/1956-gn849.pdf,/egazette/zh/1956-gn849.pdf,1
code:10925,10925,KADOORIE CLOSE,,Secondary Road,,,,,1
code:39008,39008,KAI CHEUNG ROAD FLYOVER,啓祥道天橋,Secondary Road,,,,,1
code:10927,10927,KAI CHI CLOSE,啟志街,Secondary Road,,,,,1
code:10929,10929,KAI FAT PATH,啟發徑,Track,1975,1975-08-01,/egazette/en/1975-gn1693.pdf,,1
code:13004,13004,KAI HAM ROAD,界咸路,Secondary Road,,,,,1
code:10932,10932,KAI HONG CLOSE,啟康街,Secondary Road,,,,,1
code:10934,10934,KAI LIM ROAD,佳廉道,Secondary Road,,,,,1
code:12963,12963,KAI TAI LANE,啟泰里,Track,,,,,1
code:10940,10940,KAI TAK ROAD,啓德道,Secondary Road,1926,1926-06-25,/egazette/en/1926-gn342.pdf,/egazette/zh/1926-gn342.pdf,1
code:10942,10942,KAI WAH STREET,啓華街,Secondary Road,,,,,1
code:10947,10947,KAI YUEN TERRACE,繼園臺,Secondary Road,,,,,1
code:14422,14422,KAI YUNG LANE,啟融里,Track,2017,2017-03-03,https://www.landsd.gov.hk/doc/en/street-name/egazette/2017/egn201721091160.pdf,https://www.landsd.gov.hk/doc/tc/street-name/egazette/2017/cgn201721091160.pdf,1
code:39023,39023,KAK TIN VILLAGE 2ND STREET,隔田村第二街,Track,,,,,1
code:39024,39024,KAK TIN VILLAGE 3RD STREET,隔田村第三街,Track,,,,,1
code:39025,39025,KAK TIN VILLAGE 4TH STREET,隔田村第四街,Track,,,,,1
code:39026,39026,KAK TIN VILLAGE 5TH STREET,隔田村第五街,Track,,,,,1
code:39027,39027,KAK TIN VILLAGE 6TH STREET,隔田村第六街,Track,,,,,1
code:39028,39028,KAK TIN VILLAGE HIGH STREET,隔田村高街,Track,,,,,1
code:39022,39022,KAK TIN VILLAGE MAIN STREET,隔田村正街,Track,,,,,1
code:39029,39029,KAK TIN VILLAGE PINE PATH,隔田村松林徑,Track,,,,,1
code:10949,10949,KAM CHEUNG SQUARE,金祥坊,Secondary Road,1983,1983-06-03,/egazette/en/1983-gn1752.pdf,/egazette/zh/1983-gn1752.pdf,1
code:10952,10952,KAM FAI PATH,金輝徑,Track,1983,1983-06-03,/egazette/en/1983-gn1752.pdf,/egazette/zh/1983-gn1752.pdf,1
code:10953,10953,KAM FONG STREET,甘芳街,Secondary Road,,,,,1
code:13770,13770,KAM KA STREET,金嘉街,Secondary Road,,,,,1
code:10956,10956,KAM LAM STREET,甘霖街,Secondary Road,,,,,1
code:14379,14379,KAM POK ROAD EAST,錦壆路東,Secondary Road,2013,2013-05-10,/egazette/en/2013-17-19-2719.pdf,/egazette/zh/2013-17-19-2719.pdf,1
code:13170,13170,KAM SHUE ROAD,甘澍路,Secondary Road,,,,,1
code:14277,14277,KAM TIN SHI STREET,錦田市街,Secondary Road,,,,,1
code:39096,39096,KAM TSIN 10TH LANE,金錢第十巷,Track,,,,,1
code:39097,39097,KAM TSIN 11TH LANE,金錢第十一巷,Track,,,,,1
code:39098,39098,KAM TSIN 12TH LANE,金錢第十二巷,Track,,,,,1
code:39099,39099,KAM TSIN 13TH LANE,金錢第十三巷,Track,,,,,1
code:39391,39391,KAM TSIN 14TH LANE,金錢第十四巷,Track,,,,,1
code:39087,39087,KAM TSIN 1ST LANE,金錢第一巷,Track,,,,,1
code:39088,39088,KAM TSIN 2ND LANE,金錢第二巷,Track,,,,,1
code:39089,39089,KAM TSIN 3RD LANE,金錢第三巷,Track,,,,,1
code:39090,39090,KAM TSIN 4TH LANE,金錢第四巷,Track,,,,,1
code:39091,39091,KAM TSIN 5TH LANE,金錢第五巷,Track,,,,,1
code:39092,39092,KAM TSIN 6TH LANE,金錢第六巷,Track,,,,,1
code:39093,39093,KAM TSIN 7TH LANE,金錢第七巷,Track,,,,,1
code:39095,39095,KAM TSIN 9TH LANE,金錢第九巷,Track,,,,,1
code:14034,14034,KAM TSIN PATH,金錢徑,Secondary Road,2000,2000-07-21,/egazette/en/2000-gn4742.pdf,/egazette/zh/2000-gn4742.pdf,1
code:10964,10964,KAM WING STREET,錦榮街,Secondary Road,,,,,1
code:13735,13735,KAM WO BRIDGE,錦和橋,Track,,,,,1
code:39395,39395,KAM YUE ROAD,甘雨路,Secondary Road,,,,,1
code:10965,10965,KAM YUEN LANE,金源里,Secondary Road,1983,1983-08-12,/egazette/en/1983-gn2626.pdf,/egazette/zh/1983-gn2626.pdf,1
code:13063,13063,KAP PIN LONG UPPER LANE,甲邊朗上里,Secondary Road,,,,,1
code:39271,39271,KAPOK PATH,紅棉徑,Secondary Road,,,,,1
code:13622,13622,KAT CHEUNG CRESCENT,吉祥街,Secondary Road,,,,,1
code:10967,10967,KAT HING BACK STREET,吉慶後街,Track,1983,1983-12-02,/egazette/en/1983-gn3792.pdf,/egazette/zh/1983-gn3792.pdf,1
code:10968,10968,KAT HING STREET,吉慶街,Track,1983,1983-12-02,/egazette/en/1983-gn3792.pdf,/egazette/zh/1983-gn3792.pdf,1
code:14175,14175,KAT WAI PATH,吉圍徑,Track,,,,,1
code:10970,10970,KAU HUI CHIK STREET,舊墟直街,Secondary Road,,,,,1
code:10973,10973,KAU U FONG,九如坊,Secondary Road,,,,,1
code:10974,10974,KAU U FONG NORTH,九如坊北,Track,,,,,1
code:39411,39411,KAU YUK ROAD,教育路,Track,1977,1977-12-02,/egazette/en/1977-gn2944.pdf,/egazette/zh/1977-gn2944.pdf,1
code:10977,10977,KEI LUN PATH,麒麟徑,Track,1983,1983-01-28,/egazette/en/1983-gn326.pdf,/egazette/zh/1983-gn326.pdf,1
code:10978,10978,KEI YIP LANE,基業里,Secondary Road,1989,1989-01-27,/egazette/en/2026-30-07-996.pdf,/egazette/zh/2026-30-07-996.pdf,1
code:10981,10981,KENG SHAN LANE,瓊山里,Track,,,,,1
code:39551,39551,KENSINGTON AVENUE,逸林路,Secondary Road,,,,,1
code:39552,39552,KENSINGTON DRIVE,逸林徑,Secondary Road,,,,,1
code:39550,39550,KENSINGTON LANE,逸林里,Secondary Road,,,,,1
code:39553,39553,KENSINGTON ROAD,逸林道,Secondary Road,,,,,1
code:10985,10985,KESWICK STREET,敬誠街,Secondary Road,,,/egazette/en/1976-gn2119.pdf,,1
code:10987,10987,KEUNG YIP STREET,強業街,Secondary Road,1983,1983-01-28,/egazette/en/1983-gn325.pdf,/egazette/zh/1983-gn325.pdf,1
code:10990,10990,KIANG HSI STREET,江西街,Secondary Road,1935,1935-04-26,/egazette/en/1935-gn334.pdf,/egazette/zh/1935-gn334.pdf,1
code:10993,10993,KIM SHIN LANE,兼善里,Track,1958,1958-02-28,/egazette/en/1958-gn305.pdf,/egazette/zh/1958-gn305.pdf,1
code:14458,14458,KIN CHEUNG STREET,建翔街,Secondary Road,2017,2017-10-13,https://www.landsd.gov.hk/doc/en/street-name/egazette/2017/egn201721417595.pdf,https://www.landsd.gov.hk/doc/tc/street-name/egazette/2017/cgn201721417595.pdf,1
code:10996,10996,KIN CHUEN STREET,健全街,Secondary Road,1977,1977-11-25,/egazette/en/1977-gn2860.pdf,/egazette/zh/1977-gn2860.pdf,1
code:10997,10997,KIN FAT LANE,建發里,Secondary Road,1977,1977-05-20,/egazette/en/1977-gn1189.pdf,/egazette/zh/1977-gn1189.pdf,1
code:11001,11001,KIN HONG STREET,健康街,Secondary Road,,,,,1
code:11002,11002,KIN KEI STREET,建基街,Secondary Road,1983,1983-01-28,/egazette/en/1983-gn326.pdf,/egazette/zh/1983-gn326.pdf,1
code:11003,11003,KIN KWAN STREET,建群街,Secondary Road,1977,1977-05-20,/egazette/en/1977-gn1189.pdf,/egazette/zh/1977-gn1189.pdf,1
code:11004,11004,KIN KWOK STREET,建國街,Secondary Road,,,,,1
code:11008,11008,KIN MING STREET,建明街,Track,,,,,1
code:11010,11010,KIN SAN LANE,建新里,Track,,,,,1
code:11011,11011,KIN SAU LANE,乾秀里,Track,,,,,1
code:11016,11016,KIN WING LANE,建榮里,Secondary Road,1977,1977-05-20,/egazette/en/1977-gn1189.pdf,/egazette/zh/1977-gn1189.pdf,1
code:11018,11018,KIN WONG LANE,建旺里,Secondary Road,,,,,1
code:11019,11019,KIN WONG STREET,建旺街,Secondary Road,1977,1977-05-20,/egazette/en/1977-gn1189.pdf,/egazette/zh/1977-gn1189.pdf,1
code:11020,11020,KIN YIP STREET,建業街,Secondary Road,1981,1981-12-18,/egazette/en/1981-gn3742.pdf,/egazette/zh/1981-gn3742.pdf,1
code:11024,11024,KING HONG STREET,景康街,Track,1982,1982-12-03,/egazette/en/1982-gn3825.pdf,/egazette/zh/1982-gn3825.pdf,1
code:14087,14087,KING LAI PATH,景荔徑,Secondary Road,,,,,1
code:14086,14086,KING MAN STREET,敬民街,Track,,,,,1
code:14135,14135,KING SAN PATH,景新徑,Secondary Road,,,,,1
code:13021,13021,KING SAU LANE,景秀里,Secondary Road,,,,,1
code:11028,11028,KING SING STREET,景星街,Secondary Road,,,,,1
code:11030,11030,KING TAI STREET,景泰街,Secondary Road,,,,,1
code:11031,11031,KING TAK STREET,敬德街,Secondary Road,,,,,1
code:11033,11033,KING WAH ROAD,京華道,Secondary Road,1954,1954-07-30,/egazette/en/1954-gn947.pdf,/egazette/zh/1954-gn947.pdf,1
code:11034,11034,KING WAN STREET,景雲街,Secondary Road,,,,,1
code:11035,11035,KING YIP LANE,敬業里,Track,1957,1957-02-22,/egazette/en/1957-gn264.pdf,/egazette/zh/1957-gn264.pdf,1
code:39396,39396,KING YUEN ROAD,瓊園路,Secondary Road,,,,,1
code:14023,14023,KING'S PARK HILL ROAD,京士柏山道,Secondary Road,2000,2000-06-16,/egazette/en/2000-gn3866.pdf,/egazette/zh/2000-gn3866.pdf,1
code:11042,11042,KIU KING STREET,僑景街,Track,1983,1983-06-03,/egazette/en/1983-gn1753.pdf,/egazette/zh/1983-gn1753.pdf,1
code:14381,14381,KIU SAU PATH,橋壽徑,Track,2013,2013-05-10,/egazette/en/2013-17-19-2719.pdf,/egazette/zh/2013-17-19-2719.pdf,1
code:14382,14382,KIU TAK PATH,橋德徑,Track,2013,2013-05-10,/egazette/en/2013-17-19-2719.pdf,/egazette/zh/2013-17-19-2719.pdf,1
code:11047,11047,KIU YAM STREET,僑蔭街,Secondary Road,1950,1950-08-11,/egazette/en/1950-gn938.pdf,/egazette/zh/1950-gn938.pdf,1
code:11049,11049,KNUTSFORD TERRACE,諾士佛臺,Secondary Road,,,,,1
code:14032,14032,KO CHIU PATH,高超徑,Secondary Road,2000,2000-07-21,/egazette/en/2000-gn4744.pdf,/egazette/zh/2000-gn4744.pdf,1
code:14423,14423,KO FEI LANE NORTH,高飛里北,Track,2017,2017-03-03,https://www.landsd.gov.hk/doc/en/street-name/egazette/2017/egn201721091160.pdf,https://www.landsd.gov.hk/doc/tc/street-name/egazette/2017/cgn201721091160.pdf,1
code:14424,14424,KO FEI LANE SOUTH,高飛里南,Track,2017,2017-03-03,https://www.landsd.gov.hk/doc/en/street-name/egazette/2017/egn201721091160.pdf,https://www.landsd.gov.hk/doc/tc/street-name/egazette/2017/cgn201721091160.pdf,1
code:14309,14309,KO ON LANE,高安里,Secondary Road,,,,,1
code:13978,13978,KO PO ROAD,高埔路,Secondary Road,,,,,1
code:39021,39021,KO SHAN TSUEN PATH,高山村徑,Track,,,,,1
code:11058,11058,KOM U STREET,甘雨街,Track,,,,,1
code:14282,14282,KONG SIN WAN ROAD,鋼綫灣道,Secondary Road,,,,,1
code:11060,11060,KOON WAH LANE,貫華里,Track,,,,,1
code:11066,11066,KUI IN FONG,居賢坊,Secondary Road,,,,,1
code:11067,11067,KUI SIK STREET,居適街,Secondary Road,,,,,1
code:11068,11068,KUI TAT STREET,居達街,Secondary Road,,,,,1
code:11076,11076,KWAI CHEONG ROAD,葵昌路,Secondary Road,,,,,1
code:11077,11077,KWAI CHI PATH,貴池徑,Track,1983,1983-04-22,/egazette/en/1983-gn1265.pdf,/egazette/zh/1983-gn1265.pdf,1
code:11080,11080,KWAI FAT ROAD,葵發路,Secondary Road,,,,,1
code:11084,11084,KWAI FUNG CRESCENT,葵豐街,Secondary Road,1977,1977-11-25,/egazette/en/1977-gn2860.pdf,/egazette/zh/1977-gn2860.pdf,1
code:11087,11087,KWAI HEUNG STREET,桂香街,Secondary Road,1880,1880-01-01,/egazette/en/1919-gn450.pdf,/egazette/zh/1919-gn450.pdf,1
code:11089,11089,KWAI HONG STREET,葵康街,Secondary Road,1977,1977-11-25,/egazette/en/1977-gn2860.pdf,/egazette/zh/1977-gn2860.pdf,1
code:11090,11090,KWAI HOP STREET,葵合街,Secondary Road,1974,1974-04-19,/egazette/en/1974-gn1023.pdf,/egazette/zh/1974-gn1023.pdf,1
code:11091,11091,KWAI LOK STREET,葵樂街,Secondary Road,1977,1977-11-25,/egazette/en/1977-gn2860.pdf,/egazette/zh/1977-gn2860.pdf,1
code:11093,11093,KWAI ON ROAD,葵安道,Secondary Road,,,,,1
code:13597,13597,KWAI PENG STREET,貴坪街,Track,,,,,1
code:11096,11096,KWAI SHUN STREET,葵順街,Secondary Road,1977,1977-11-25,/egazette/en/1977-gn2860.pdf,/egazette/zh/1977-gn2860.pdf,1
code:11097,11097,KWAI SING LANE,桂成里,Secondary Road,,,,,1
code:11102,11102,KWAI TSUI STREET,貴翠街,Secondary Road,,,,,1
code:11103,11103,KWAI WA LANE,貴華里,Secondary Road,,,,,1
code:11107,11107,KWAI YIP STREET,葵葉街,Secondary Road,1974,1974-09-13,/egazette/en/1974-gn2352.pdf,/egazette/zh/1974-gn2352.pdf,1
code:13992,13992,KWAI YUE LANE,葵裕里,Secondary Road,,,,,1
code:11110,11110,KWAN YICK STREET,均益街,Secondary Road,1925,1925-10-09,/egazette/en/1925-gn575.pdf,/egazette/zh/1925-gn575.pdf,1
code:11115,11115,KWOK HING LANE,郭興里,Track,,,,,1
code:11118,11118,KWONG CHEUNG STREET,光昌街,Secondary Road,1935,1935-05-03,/egazette/en/1935-gn351.pdf,/egazette/zh/1935-gn351.pdf,1
code:14051,14051,KWONG CHUN STREET,廣進街,Secondary Road,,,,,1
code:39476,39476,KWONG FUK BRIDGE,廣福橋,Track,,,,,1
code:11125,11125,KWONG FUK SQUARE,廣福坊,Secondary Road,,,,,1
code:11126,11126,KWONG FUNG LANE,廣豐里,Secondary Road,,,,,1
code:11128,11128,KWONG HON TERRACE,光漢臺,Track,1920,1920-11-05,/egazette/en/1920-gn550.pdf,/egazette/zh/1920-gn550.pdf,1
code:11130,11130,KWONG MING STREET,光明街,Secondary Road,1925,1925-06-12,/egazette/en/1925-gn340.pdf,/egazette/zh/1925-gn340.pdf,1
code:11131,11131,KWONG SHING STREET,廣成街,Secondary Road,1935,1935-05-03,/egazette/en/1935-gn351.pdf,/egazette/zh/1935-gn351.pdf,1
code:14031,14031,KWONG WING LANE,廣榮里,Secondary Road,2000,2000-07-21,/egazette/en/2000-gn4740.pdf,/egazette/zh/2000-gn4740.pdf,1
code:11140,11140,KWU UK LANE,古屋里,Secondary Road,1983,1983-11-04,/egazette/en/1983-gn3497.pdf,/egazette/zh/1983-gn3497.pdf,1
code:14046,14046,KWUN HOI PATH,觀海徑,Secondary Road,,,,,1
code:14368,14368,KWUN YIP STREET,冠業街,Secondary Road,,,,,1
code:11148,11148,LADY CLEMENTI'S RIDE,金夫人馳馬徑,Track,,,,,1
code:39556,39556,LAFITE AVENUE,洛菲大道,Secondary Road,,,,,1
code:13645,13645,LAI CHI ROAD,麗志路,Secondary Road,,,,,1
code:14493,14493,LAI CHUI PATH,麗翠徑,Track,2020,2020-08-07,https://www.landsd.gov.hk/doc/en/street-name/egazette/2020/egn202024324508.pdf,https://www.landsd.gov.hk/doc/tc/street-name/egazette/2020/cgn202024324508.pdf,1
code:11152,11152,LAI FAT STREET,荔發街,Secondary Road,,,,,1
code:11153,11153,LAI FONG STREET,禮芳街,Secondary Road,1974,1974-04-19,/egazette/en/1974-gn1023.pdf,/egazette/zh/1974-gn1023.pdf,1
code:11154,11154,LAI FUNG STREET,荔峰街,Secondary Road,1980,1980-05-16,/egazette/en/1980-gn1503.pdf,,1
code:11158,11158,LAI ON LANE,荔安里,Track,,,,,1
code:13646,13646,LAI SHUN ROAD,麗順路,Secondary Road,,,,,1
code:11170,11170,LAKESIDE PATH,環湖徑,Track,,,,,1
code:11171,11171,LAM CHAK STREET,臨澤街,Secondary Road,1984,1984-10-26,/egazette/en/1984-gn3135.pdf,/egazette/zh/1984-gn3135.pdf,1
code:11173,11173,LAM FOOK STREET,臨福街,Secondary Road,1984,1984-10-26,/egazette/en/1984-gn3135.pdf,/egazette/zh/1984-gn3135.pdf,1
code:11178,11178,LAM LEE STREET,臨利街,Secondary Road,1984,1984-10-26,/egazette/en/1984-gn3135.pdf,/egazette/zh/1984-gn3135.pdf,1
code:14293,14293,LAM TAI EAST ROAD,欖堤東路,Secondary Road,,,,,1
code:14294,14294,LAM TAI WEST ROAD,欖堤西路,Secondary Road,,,,,1
code:11181,11181,LAM TEI MAIN STREET,藍地大街,Secondary Road,,,,,1
code:11182,11182,LAM TIN STREET,藍田街,Secondary Road,,,,,1
code:11183,11183,LAM WAH STREET,臨華街,Secondary Road,,,,,1
code:11185,11185,LAN FONG ROAD,蘭芳道,Secondary Road,,,,,1
code:11186,11186,LAN KWAI FONG,蘭桂坊,Secondary Road,,,,,1
code:11188,11188,LANDALE STREET,蘭杜街,Secondary Road,,,,,1
code:11189,11189,LAP TAK LANE,立德里,Secondary Road,1979,1979-12-07,/egazette/en/1979-gn3194.pdf,,1
code:39557,39557,LATOUR AVENUE,洛圖大道,Secondary Road,,,,,1
code:11195,11195,LAU SIN STREET,留仙街,Secondary Road,1926,1926-06-11,/egazette/en/1926-gn318.pdf,/egazette/zh/1926-gn318.pdf,1
code:39273,39273,LAUREL PATH,桂花徑,Secondary Road,,,,,1
code:39566,39566,LAUSANNE AVENUE,洛森大道,Secondary Road,,,,,1
code:11198,11198,LEE FAT PATH,利發徑,Track,1983,1983-01-28,/egazette/en/1983-gn326.pdf,/egazette/zh/1983-gn326.pdf,1
code:13046,13046,LEE KING STREET,利景街,Secondary Road,,,,,1
code:11200,11200,LEE KUNG STREET,利工街,Secondary Road,,,,,1
code:11205,11205,LEE TUNG STREET,利東街,Track,1923,1923-12-28,/egazette/en/1923-gn567.pdf,/egazette/zh/1923-gn567.pdf,1
code:13175,13175,LEE WING STREET,利榮街,Secondary Road,,,,,1
code:11206,11206,LEE YICK STREET,利益街,Track,,,,,1
code:11207,11207,LEE YIP STREET,利業街,Secondary Road,,,,,1
code:14338,14338,LEGISLATIVE COUNCIL ROAD,立法會道,Secondary Road,2011,2011-02-25,/egazette/en/2011-15-8-1313.pdf,/egazette/zh/2011-15-8-1313.pdf,1
code:39578,39578,LEI YUE MUN HOI PONG ROAD CENTRAL,鯉魚門海傍道中,Secondary Road,,,,,1
code:39579,39579,LEI YUE MUN HOI PONG ROAD EAST,鯉魚門海傍道東,Secondary Road,,,,,1
code:11214,11214,LEIGHTON LANE,禮頓里,Secondary Road,,,,,1
code:13655,13655,LEUNG CHOI LANE,良才里,Secondary Road,,,,,1
code:11217,11217,LEUNG FAI TERRACE,梁輝臺,Track,,,/egazette/en/1975-gn2327.pdf,,1
code:13107,13107,LEUNG FAI TIN UPPER ROAD,兩塊田上路,Secondary Road,,,,,1
code:12979,12979,LEUNG HONG LANE,良康里,Secondary Road,,,,,1
code:11218,11218,LEUNG I FONG,兩儀坊,Track,,,,,1
code:11222,11222,LI KWAN AVENUE,利群道,Secondary Road,1931,1931-02-13,/egazette/en/1931-gn86.pdf,/egazette/zh/1931-gn86.pdf,1
code:11225,11225,LI SING STREET,李陞街,Secondary Road,1958,1958-06-27,/egazette/en/1958-gn865.pdf,/egazette/zh/1958-gn865.pdf,1
code:11226,11226,LI TAK STREET,利得街,Secondary Road,,,,,1
code:11227,11227,LI YUEN STREET EAST,利源東街,Track,,,,,1
code:11228,11228,LI YUEN STREET WEST,利源西街,Track,,,,,1
code:39062,39062,LILY PATH,芙蓉徑,Secondary Road,,,,,1
code:11231,11231,LILY STREET,蓮花街,Secondary Road,1935,1935-10-04,/egazette/en/1935-gn768.pdf,/egazette/zh/1935-gn768.pdf,1
code:11234,11234,LIN FA KUNG STREET EAST,蓮花宮東街,Secondary Road,1935,1935-10-04,/egazette/en/1935-gn768.pdf,/egazette/zh/1935-gn768.pdf,1
code:11235,11235,LIN FA KUNG STREET WEST,蓮花宮西街,Secondary Road,1935,1935-10-04,/egazette/en/1935-gn768.pdf,/egazette/zh/1935-gn768.pdf,1
code:14246,14246,LIN PING DRIVE,蓮坪路,Secondary Road,,,,,1
code:11239,11239,LINCOLN ROAD,林肯道,Secondary Road,1929,1929-08-23,/egazette/en/1929-gn427.pdf,/egazette/zh/1929-gn427.pdf,1
code:11240,11240,LINK ROAD,連道,Secondary Road,1931,1931-05-15,/egazette/en/1931-gn300.pdf,/egazette/zh/1931-gn300.pdf,1
code:39080,39080,LIU POK 10TH LANE,料壆第十巷,Track,,,,,1
code:39081,39081,LIU POK 11TH LANE,料壆第十一巷,Track,,,,,1
code:39082,39082,LIU POK 12TH LANE,料壆第十二巷,Track,,,,,1
code:39071,39071,LIU POK 1ST LANE,料壆第一巷,Track,,,,,1
code:39072,39072,LIU POK 2ND LANE,料壆第二巷,Track,,,,,1
code:39073,39073,LIU POK 3RD LANE,料壆第三巷,Track,,,,,1
code:39074,39074,LIU POK 4TH LANE,料壆第四巷,Track,,,,,1
code:39075,39075,LIU POK 5TH LANE,料壆第五巷,Track,,,,,1
code:39076,39076,LIU POK 6TH LANE,料壆第六巷,Track,,,,,1
code:39077,39077,LIU POK 7TH LANE,料壆第七巷,Track,,,,,1
code:39078,39078,LIU POK 8TH LANE,料壆第八巷,Track,,,,,1
code:39079,39079,LIU POK 9TH LANE,料壆第九巷,Track,,,,,1
code:11244,11244,LLOYD PATH,雷丹彌徑,Secondary Road,1935,1935-04-12,/egazette/en/1935-gn302.pdf,/egazette/zh/1935-gn302.pdf,1
code:39540,39540,LO WAI LANE,老圍里,Secondary Road,,,,,1
code:39576,39576,LOCARNO AVENUE,洛卡諾大道,Secondary Road,,,,,1
code:11249,11249,LOCK ROAD,樂道,Secondary Road,,,,,1
code:39249,39249,LOI TUNG FIFTH LANE,萊洞第五巷,Track,,,,,1
code:39245,39245,LOI TUNG FIRST LANE,萊洞第一巷,Track,,,,,1
code:39248,39248,LOI TUNG FOURTH LANE,萊洞第四巷,Track,,,,,1
code:39246,39246,LOI TUNG SECOND LANE,萊洞第二巷,Track,,,,,1
code:39250,39250,LOI TUNG SIXTH LANE,萊洞第六巷,Track,,,,,1
code:39247,39247,LOI TUNG THIRD LANE,萊洞第三巷,Track,,,,,1
code:11251,11251,LOK FUNG PATH,樂楓徑,Secondary Road,1979,1979-12-07,/egazette/en/1979-gn3194.pdf,/egazette/zh/1981-gn1559.pdf,1
code:11252,11252,LOK HA SQUARE,樂霞坊,Secondary Road,1979,1979-12-07,/egazette/en/1979-gn3194.pdf,/egazette/zh/1981-gn1559.pdf,1
code:11253,11253,LOK HING LANE,樂慶里,Track,,,,,1
code:11255,11255,LOK KU ROAD,樂古道,Secondary Road,1977,1977-04-15,/egazette/en/1977-gn858.pdf,/egazette/zh/1977-gn858.pdf,1
code:11256,11256,LOK KWAI PATH,樂葵徑,Secondary Road,1979,1979-12-07,/egazette/en/1979-gn3194.pdf,/egazette/zh/1981-gn1559.pdf,1
code:11267,11267,LOK TIN STREET,樂天街,Secondary Road,,,,,1
code:13080,13080,LOK YI STREET,樂怡街,Secondary Road,,,,,1
code:11274,11274,LOK YUEN PATH,樂園徑,Secondary Road,1979,1979-12-07,/egazette/en/1979-gn3194.pdf,/egazette/zh/1981-gn1559.pdf,1
code:11276,11276,LONDON LANE,倫敦里,Secondary Road,,,,,1
code:14462,14462,LONG NGAI PATH,朗藝徑,Track,2017,2017-11-10,https://www.landsd.gov.hk/doc/en/street-name/egazette/2017/egn201721458364.pdf,https://www.landsd.gov.hk/doc/tc/street-name/egazette/2017/cgn201721458364.pdf,1
code:14280,14280,LONG SHING ROAD,朗成路,Secondary Road,,,,,1
code:39272,39272,LOTUS PATH,荷花徑,Secondary Road,,,,,1
code:11284,11284,LOWER LASCAR ROW,摩羅下街,Track,,,,,1
code:13675,13675,LUEN CHIT STREET,聯捷街,Secondary Road,,,,,1
code:11289,11289,LUEN FU STREET,聯富街,Secondary Road,,,,,1
code:13505,13505,LUEN HONG LANE,聯康里,Secondary Road,,,,,1
code:39312,39312,LUEN YEE ROAD,,Track,,,,,1
code:11299,11299,LUK HEUNG LANE,陸鄉里,Track,,,,,1
code:13042,13042,LUK MEI LANE,鹿尾里,Secondary Road,,,,,1
code:11303,11303,LUK MING STREET,鹿鳴街,Secondary Road,1959,1959-04-17,/egazette/en/1959-gn548.pdf,/egazette/zh/1959-gn548.pdf,1
code:11304,11304,LUK YUEN STREET,鹿苑街,Secondary Road,1983,1983-01-28,/egazette/en/1983-gn326.pdf,/egazette/zh/1983-gn326.pdf,1
code:11305,11305,LUN CHEUNG STREET,麟祥街,Secondary Road,1959,1959-04-17,/egazette/en/1959-gn548.pdf,/egazette/zh/1959-gn548.pdf,1
code:11306,11306,LUN FAT STREET,聯發街,Secondary Road,,,,,1
code:11307,11307,LUN HING STREET,聯興街,Secondary Road,1930,1930-03-07,/egazette/en/1930-gn138.pdf,/egazette/zh/1930-gn138.pdf,1
code:14383,14383,LUNG CHAK ROAD,龍澤路,Secondary Road,2013,2013-08-02,/egazette/en/2013-17-31-4533.pdf,/egazette/zh/2013-17-31-4533.pdf,1
code:11310,11310,LUNG CHU STREET,龍珠街,Secondary Road,,,,,1
code:13502,13502,LUNG FAI STREET,龍輝街,Secondary Road,,,,,1
code:14071,14071,LUNG FAT STREET,龍發街,Secondary Road,,,,,1
code:14478,14478,LUNG HOP STREET,龍合街,Secondary Road,2019,2019-03-15,https://www.landsd.gov.hk/doc/en/street-name/egazette/2019/egn201923111970.pdf,https://www.landsd.gov.hk/doc/tc/street-name/egazette/2019/cgn201923111970.pdf,1
code:11317,11317,LUNG ON STREET,隆安街,Secondary Road,,,,,1
code:13969,13969,LUNG SUM LANE,龍琛里,Secondary Road,,,,,1
code:11323,11323,LUNG TAK STREET,隆德街,Secondary Road,1974,1974-06-25,/egazette/en/1974-gn1626.pdf,/egazette/zh/1974-gn1626.pdf,1
code:11326,11326,LUNG TO STREET,龍圖街,Secondary Road,1959,1959-04-17,/egazette/en/1959-gn548.pdf,/egazette/zh/1959-gn548.pdf,1
code:11328,11328,LUNG WAH STREET,龍華街,Secondary Road,2010,2010-08-20,/egazette/en/2010-14-33-5350.pdf,/egazette/zh/2010-14-33-5350.pdf,1
code:11329,11329,LUNG YIN ROAD,龍涎道,Secondary Road,,,,,1
code:39618,39618,LYCHEE LANE,荔枝里,Secondary Road,,,,,1
code:13087,13087,MA CHUNG ROAD,馬聰路,Secondary Road,,,,,1
code:11340,11340,MA KOK LANE,馬角里,Secondary Road,1983,1983-11-04,/egazette/en/1983-gn3497.pdf,/egazette/zh/1983-gn3497.pdf,1
code:11341,11341,MA KOK STREET,馬角街,Secondary Road,,,,,1
code:14328,14328,MA SHING PATH,馬成徑,Secondary Road,2010,2010-06-18,/egazette/en/2010-14-24-3608.pdf,/egazette/zh/2010-14-24-3608.pdf,1
code:13321,13321,MA WAN BACK STREET,馬灣後街,Track,,,,,1
code:11354,11354,MA WAN MAIN STREET,馬灣大街,Track,,,,,1
code:14127,14127,MA WAN RURAL COMMITTEE ROAD,馬灣鄉事會路,Secondary Road,,,,,1
code:11357,11357,MA YING PATH,馬影徑,Secondary Road,1981,1981-03-27,/egazette/en/1981-gn958.pdf,/egazette/zh/1981-gn958.pdf,1
code:39276,39276,MAIZE PATH,金粟徑,Secondary Road,,,,,1
code:14394,14394,MAK YUEN WAI ROAD,麥園圍路,Secondary Road,,,,,1
code:11364,11364,MALACCA STREET,馬來街,Secondary Road,1929,1929-05-31,/egazette/en/1929-gn283.pdf,/egazette/zh/1929-gn283.pdf,1
code:11365,11365,MALLORY STREET,茂蘿街,Secondary Road,,,,,1
code:13856,13856,MAN FAI STREET,民輝街,Secondary Road,,,,,1
code:11367,11367,MAN FAT STREET,文發街,Secondary Road,1977,1977-12-16,/egazette/en/1977-gn3094.pdf,/egazette/zh/1977-gn3094.pdf,1
code:11370,11370,MAN HING LANE,文興里,Track,,,,,1
code:11372,11372,MAN HOP PATH,民合徑,Track,1983,1983-06-03,/egazette/en/1983-gn1752.pdf,/egazette/zh/1983-gn1752.pdf,1
code:13993,13993,MAN KUK LANE,文曲里,Secondary Road,,,,,1
code:11376,11376,MAN LOK STREET,民樂街,Secondary Road,,,,,1
code:11379,11379,MAN ON STREET,萬安街,Secondary Road,1958,1958-05-30,/egazette/en/1958-gn732.pdf,/egazette/zh/1958-gn732.pdf,1
code:11380,11380,MAN SHANG STREET,民生街,Track,,,,,1
code:14366,14366,MAN SHE LANE,文社里,Track,,,,,1
code:11383,11383,MAN SIU STREET,民兆街,Track,1976,1976-06-25,/egazette/en/1976-gn1367.pdf,,1
code:11384,11384,MAN TAI STREET,民泰街,Secondary Road,1976,1976-06-25,/egazette/en/1976-gn1367.pdf,,1
code:11387,11387,MAN WAN ROAD,文運道,Secondary Road,,,,,1
code:11389,11389,MAN YEE LANE,萬宜里,Track,,,,,1
code:11391,11391,MAN YUE STREET,民裕街,Secondary Road,,,,,1
code:39601,39601,MAPLE DRIVE,紅楓徑,Secondary Road,,,,,1
code:13829,13829,MAPLE GARDENS 2ND STREET,碧豪苑第二街,Secondary Road,,,,,1
code:13830,13830,MAPLE GARDENS 3RD STREET,碧豪苑第三街,Secondary Road,,,,,1
code:11397,11397,MARCONI ROAD,馬可尼道,Secondary Road,,,,,1
code:39064,39064,MARIGOLD PATH,銀菊徑,Secondary Road,,,,,1
code:11398,11398,MARIGOLD ROAD,壽菊路,Secondary Road,1953,1953-11-20,/egazette/en/1953-gn1420.pdf,/egazette/zh/1953-gn1420.pdf,1
code:11399,11399,MARKET STREET,街市街,Secondary Road,,,,,1
code:11403,11403,MASON'S LANE,美臣里,Track,,,,,1
code:11405,11405,MAU LAM STREET,茂林街,Secondary Road,1922,1922-07-28,/egazette/en/1922-gn335.pdf,/egazette/zh/1922-gn335.pdf,1
code:11406,11406,MAU TAN STREET,牡丹街,Secondary Road,1977,1977-12-02,/egazette/en/1977-gn2944.pdf,/egazette/zh/1977-gn2944.pdf,1
code:13069,13069,MAU TIN LANE,茂田里,Secondary Road,,,,,1
code:11409,11409,MEE LUN STREET,美輪街,Track,,,,,1
code:13897,13897,MEI CHING ROAD,美青路,Secondary Road,,,,,1
code:14340,14340,MEI FAI STREET,美輝街,Secondary Road,2011,2011-05-13,/egazette/en/2011-15-19-2996.pdf,/egazette/zh/2011-15-19-2996.pdf,1
code:11410,11410,MEI FONG STREET,美芳街,Track,1974,1974-04-19,/egazette/en/1974-gn1023.pdf,/egazette/zh/1974-gn1023.pdf,1
code:11412,11412,MEI KWONG STREET,美光街,Secondary Road,,,,,1
code:13998,13998,MEI MUN LANE,美滿里,Secondary Road,,,,,1
code:11414,11414,MEI ON STREET,美安街,Secondary Road,,,,,1
code:14195,14195,MEI TAK STREET,美德街,Secondary Road,,,,,1
code:13760,13760,MEI TUNG STREET,美東街,Secondary Road,,,,,1
code:11420,11420,MERCURY STREET,水星街,Secondary Road,1952,1952-08-15,/egazette/en/1952-gn972.pdf,/egazette/zh/1952-gn972.pdf,1
code:11421,11421,MERLIN STREET,麥連街,Secondary Road,1952,1952-08-15,/egazette/en/1952-gn972.pdf,/egazette/zh/1952-gn972.pdf,1
code:39277,39277,MICHELIA PATH,米蘭徑,Secondary Road,,,,,1
code:39014,39014,MIDDLE HILL ROAD,半山路,Track,,,,,1
code:39417,39417,MILLS & CHUNG PATH,苗鍾徑,Track,,,,,1
code:11427,11427,MIN FAT STREET,綿發街,Secondary Road,1930,1930-03-07,/egazette/en/1930-gn138.pdf,/egazette/zh/1930-gn138.pdf,1
code:13991,13991,MIN FONG LANE,麵房里,Secondary Road,,,,,1
code:11429,11429,MIN STREET,閩街,Secondary Road,1930,1930-01-17,/egazette/en/1930-gn39.pdf,/egazette/zh/1930-gn39.pdf,1
code:11432,11432,MING CHI STREET,明智街,Secondary Road,,,,,1
code:11436,11436,MING LUN STREET,明倫街,Secondary Road,1959,1959-05-15,/egazette/en/1959-gn670.pdf,/egazette/zh/1959-gn670.pdf,1
code:11437,11437,MING NGAI STREET,明藝街,Track,1975,1975-08-01,/egazette/en/1975-gn1693.pdf,,1
code:11438,11438,MING ON STREET,明安街,Secondary Road,,,,,1
code:11441,11441,MING UN LANE,明遠里,Track,,,,,1
code:11442,11442,MING YAN LANE,明仁里,Track,,,,,1
code:11444,11444,MING YUEN WESTERN STREET,明園西街,Secondary Road,,,,,1
code:11446,11446,MIU KONG STREET,廟崗街,Secondary Road,1983,1983-11-04,/egazette/en/1983-gn3497.pdf,/egazette/zh/1983-gn3497.pdf,1
code:11447,11447,MIU TUNG STREET,廟東街,Secondary Road,1959,1959-02-27,/egazette/en/1959-gn315.pdf,/egazette/zh/1959-gn315.pdf,1
code:11450,11450,MODY LANE,麼地里,Secondary Road,,,,,1
code:14153,14153,MOK TSE CHE ROAD,莫遮輋路,Secondary Road,,,,,1
code:14073,14073,MONG TAT STREET,望達街,Secondary Road,,,,,1
code:39282,39282,MONTEREY AVENUE,蒙特萊徑,Secondary Road,,,,,1
code:39565,39565,MONTREUX AVENUE,蒙特勒大道,Secondary Road,,,,,1
code:11458,11458,MOON STREET,月街,Secondary Road,,,,,1
code:11461,11461,MORAY ROAD,慕禮道,Secondary Road,1951,1951-05-18,/egazette/en/1951-gn522.pdf,/egazette/zh/1951-gn522.pdf,1
code:11465,11465,MOSQUE JUNCTION,摩羅廟交加街,Secondary Road,1958,1958-06-27,/egazette/en/1958-gn865.pdf,/egazette/zh/1958-gn865.pdf,1
code:11466,11466,MOSQUE STREET,摩羅廟街,Secondary Road,1958,1958-06-27,/egazette/en/1958-gn865.pdf,/egazette/zh/1958-gn865.pdf,1
code:11474,11474,MOUNT NICHOLSON ROAD,聶歌信山道,Secondary Road,,,,,1
code:11476,11476,MOUNT STERLING MALL,萬事達廣場,Track,1975,1975-06-16,/egazette/en/1975-gn1485.pdf,,1
code:39555,39555,MOUTON AVENUE,美冬大道,Secondary Road,,,,,1
code:11477,11477,MUI FONG STREET,梅芳街,Secondary Road,1880,1880-01-01,/egazette/en/1919-gn450.pdf,/egazette/zh/1919-gn450.pdf,1
code:11478,11478,MUI HING STREET,梅馨街,Secondary Road,,,,,1
code:14360,14360,MUK CHUN STREET,沐縉街,Secondary Road,2012,2012-09-28,/egazette/en/2012-16-39-6493.pdf,/egazette/zh/2012-16-39-6493.pdf,1
code:14514,14514,MUK LAI STREET,沐禮街,Secondary Road,2021,2021-07-23,https://www.landsd.gov.hk/doc/en/street-name/egazette/2021/egn202125294522.pdf,https://www.landsd.gov.hk/doc/tc/street-name/egazette/2021/cgn202125294522.pdf,1
code:11483,11483,MUK LUN STREET,睦鄰街,Secondary Road,,,,,1
code:14426,14426,MUK YUEN STREET,沐元街,Secondary Road,2017,2017-03-03,https://www.landsd.gov.hk/doc/en/street-name/egazette/2017/egn201721091160.pdf,https://www.landsd.gov.hk/doc/tc/street-name/egazette/2017/cgn201721091160.pdf,1
code:11484,11484,MUN FAT LANE,滿發里,Secondary Road,,,,,1
code:39132,39132,MUN HAU TSUEN LANE No.1,門口村第一巷,Track,,,,,1
code:39141,39141,MUN HAU TSUEN LANE No.10,門口村第十巷,Track,,,,,1
code:39142,39142,MUN HAU TSUEN LANE No.11,門口村第十一巷,Track,,,,,1
code:39143,39143,MUN HAU TSUEN LANE No.12,門口村第十二巷,Track,,,,,1
code:39133,39133,MUN HAU TSUEN LANE No.2,門口村第二巷,Track,,,,,1
code:39134,39134,MUN HAU TSUEN LANE No.3,門口村第三巷,Track,,,,,1
code:39135,39135,MUN HAU TSUEN LANE No.4,門口村第四巷,Track,,,,,1
code:39136,39136,MUN HAU TSUEN LANE No.5,門口村第五巷,Track,,,,,1
code:39137,39137,MUN HAU TSUEN LANE No.6,門口村第六巷,Track,,,,,1
code:39138,39138,MUN HAU TSUEN LANE No.7,門口村第七巷,Track,,,,,1
code:39139,39139,MUN HAU TSUEN LANE No.8,門口村第八巷,Track,,,,,1
code:39140,39140,MUN HAU TSUEN LANE No.9,門口村第九巷,Track,,,,,1
code:39243,39243,NAM PIN WAI 10TH LANE,南邊圍十里,Track,,,,,1
code:39234,39234,NAM PIN WAI 1ST LANE,南邊圍一里,Track,,,,,1
code:39235,39235,NAM PIN WAI 2ND LANE,南邊圍二里,Track,,,,,1
code:39236,39236,NAM PIN WAI 3RD LANE,南邊圍三里,Track,,,,,1
code:39237,39237,NAM PIN WAI 4TH LANE,南邊圍四里,Track,,,,,1
code:39238,39238,NAM PIN WAI 5TH LANE,南邊圍五里,Track,,,,,1
code:39239,39239,NAM PIN WAI 6TH LANE,南邊圍六里,Track,,,,,1
code:39240,39240,NAM PIN WAI 7TH LANE,南邊圍七里,Track,,,,,1
code:39241,39241,NAM PIN WAI 8TH LANE,南邊圍八里,Track,,,,,1
code:39242,39242,NAM PIN WAI 9TH LANE,南邊圍九里,Track,,,,,1
code:13059,13059,NAM SHAN LANE,南山里,Secondary Road,,,,,1
code:11499,11499,NAM TAM WAN ROAD,南氹灣路,Track,,,,,1
code:39283,39283,NAPA AVENUE,納柏徑,Secondary Road,,,,,1
code:39381,39381,NEW ASIA ROAD,新亞路,Secondary Road,,,,,1
code:14067,14067,NEW HIRAM'S HIGHWAY,新西貢公路,Main Road,,,,,1
code:11511,11511,NEW STREET,新街,Secondary Road,,,,,1
code:11512,11512,NG FONG STREET,五芳街,Secondary Road,,,,,1
code:11513,11513,NG FUK LANE,五福里,Track,,,,,1
code:11514,11514,NG KWAI FONG,五桂坊,Track,,,,,1
code:39405,39405,NG WO ROAD,五和路,Secondary Road,,,,,1
code:11519,11519,NGAN CHI PATH,銀池徑,Track,1983,1983-04-22,/egazette/en/1983-gn1265.pdf,/egazette/zh/1983-gn1265.pdf,1
code:13592,13592,NGAN SHU STREET,銀樹街,Secondary Road,,,,,1
code:11528,11528,NGAN YUET LANE,銀月里,Secondary Road,,,,,1
code:11538,11538,NGAU WU TOK STREET,牛湖托街,Secondary Road,1981,1981-06-12,/egazette/en/1981-gn1685.pdf,/egazette/zh/1981-gn1685.pdf,1
code:11539,11539,NGOI MAN STREET,愛民街,Secondary Road,,,,,1
code:11540,11540,NGONG HOM ROAD,昂磡路,Secondary Road,,,,,1
code:39348,39348,NINTH STREET TAI WAI,大圍第九街,Track,,,,,1
code:39634,39634,NO.2 BRIDGE,二號橋,Secondary Road,,,,,1
code:39617,39617,NORTH POINT TERRACE,北角臺,Secondary Road,,,,,1
code:39532,39532,NORTH SERVICE ROAD,北環路,Secondary Road,,,,,1
code:14176,14176,O PUI TONG PATH,澳背塘徑,Track,,,,,1
code:11559,11559,OAKLANDS AVENUE,屋蘭士街,Secondary Road,,,,,1
code:11561,11561,OBSERVATORY COURT,天文臺圍,Secondary Road,1950,1950-09-29,/egazette/en/1950-gn1135.pdf,/egazette/zh/1950-gn1135.pdf,1
code:11565,11565,OI SEN PATH,愛晨徑,Track,,,,,1
code:14014,14014,OI YEE STREET,愛義街,Secondary Road,,,,,1
code:39067,39067,OLEANDER PATH,竹桃徑,Secondary Road,,,,,1
code:11573,11573,ON CHING ROAD,安靜道,Secondary Road,1975,1975-07-11,/egazette/en/1975-gn1541.pdf,,1
code:13579,13579,ON CHIT LANE,安捷里,Secondary Road,,,,,1
code:13632,13632,ON CHIU STREET,鞍超街,Secondary Road,,,,,1
code:14508,14508,ON HEI STREET,安禧街,Secondary Road,2021,2021-05-28,/egazette/en/2021-25-21-3262.pdf,/egazette/zh/2021-25-21-3262.pdf,1
code:11579,11579,ON HING TERRACE,安慶臺,Track,,,,,1
code:11587,11587,ON LAN STREET,安蘭街,Secondary Road,,,,,1
code:13165,13165,ON LEUNG LANE,安良里,Secondary Road,,,,,1
code:11588,11588,ON LOK LANE,安樂里,Track,1930,1930-10-24,/egazette/en/1930-gn652.pdf,/egazette/zh/1930-gn652.pdf,1
code:14216,14216,ON MUK LANE,安睦里,Secondary Road,,,,,1
code:11599,11599,ON SHAN LANE,鞍山里,Secondary Road,,,,,1
code:14460,14460,ON SHUN PATH,安信徑,Track,2017,2017-10-13,https://www.landsd.gov.hk/doc/en/street-name/egazette/2017/egn201721417595.pdf,https://www.landsd.gov.hk/doc/tc/street-name/egazette/2017/cgn201721417595.pdf,1
code:11609,11609,ON TING ROAD,安定道,Secondary Road,,,,,1
code:11610,11610,ON WAH STREET,安華街,Secondary Road,1975,1975-05-09,/egazette/en/1975-gn1043.pdf,,1
code:11613,11613,ON WO LANE,安和里,Track,,,,,1
code:11614,11614,ON YAT STREET,安逸街,Secondary Road,1980,1980-11-28,/egazette/en/1980-gn3731.pdf,,1
code:11615,11615,ON YIN STREET,安賢街,Secondary Road,1980,1980-11-28,/egazette/en/1980-gn3731.pdf,,1
code:13633,13633,ON YUEN STREET,鞍源街,Secondary Road,,,,,1
code:39266,39266,ORCHID PATH,紫蘭徑,Secondary Road,,,,,1
code:39069,39069,OSMANTHUS PATH,月桂徑,Secondary Road,,,,,1
code:39475,39475,OXFORD LANE,牛津徑,Secondary Road,,,,,1
code:39394,39394,PAK FA ROAD,百花路,Secondary Road,,,,,1
code:11634,11634,PAK PO STREET,白布街,Secondary Road,1932,1932-07-15,/egazette/en/1932-gn465.pdf,/egazette/zh/1932-gn465.pdf,1
code:14530,14530,PAK SAU ROAD,柏壽路,Secondary Road,2022,2022-12-30,/egazette/en/2022-26-52-7562.pdf,/egazette/zh/2022-26-52-7562.pdf,1
code:11635,11635,PAK SHA ROAD,白沙道,Secondary Road,,,,,1
code:14471,14471,PAK SHA WAN STREET,白沙灣街,Secondary Road,2018,2018-03-02,https://www.landsd.gov.hk/doc/en/street-name/egazette/2018/egn201822091472.pdf,https://www.landsd.gov.hk/doc/tc/street-name/egazette/2018/cgn201822091472.pdf,1
code:11636,11636,PAK SHE BACK STREET,北社後街,Track,,,,,1
code:11638,11638,PAK SHE FIRST LANE,北社壹里,Track,,,,,1
code:11641,11641,PAK SHE SECOND LANE,北社二里,Track,,,,,1
code:11642,11642,PAK SHE SEVENTH LANE,北社七里,Track,,,,,1
code:11643,11643,PAK SHE SIXTH LANE,北社六里,Track,,,,,1
code:11645,11645,PAK SHE THIRD LANE,北社三里,Track,,,,,1
code:13172,13172,PAK SHEK WO SAN TSUEN ROAD,白石窩新村路,Secondary Road,,,,,1
code:11650,11650,PAK TIN PAR STREET,白田壩街,Secondary Road,,,,,1
code:13852,13852,PAK TO AVENUE,柏濤徑,Secondary Road,,,,,1
code:11652,11652,PAK TSZ LANE,百子里,Track,,,,,1
code:14180,14180,PAK WAI LANE,柏蕙里,Secondary Road,,,,,1
code:11654,11654,PALM STREET,棕樹街,Secondary Road,1954,1954-11-05,/egazette/en/1954-gn1349.pdf,/egazette/zh/1954-gn1349.pdf,1
code:11656,11656,PAN KWAI LANE,攀桂里,Track,,,,,1
code:11657,11657,PANG CHING STREET,鵬程街,Secondary Road,1959,1959-04-17,/egazette/en/1959-gn548.pdf,/egazette/zh/1959-gn548.pdf,1
code:39500,39500,PARK GATE,柏寧路,Secondary Road,,,,,1
code:39591,39591,PARKER AVENUE,柏傑路,Secondary Road,,,,,1
code:11660,11660,PARKLAND DRIVE,明蔚徑,Secondary Road,,,,,1
code:39294,39294,PASADENA AVENUE,芭丹娜徑,Secondary Road,,,,,1
code:11663,11663,PAT TAT STREET,八達街,Secondary Road,,,,,1
code:11664,11664,PAT TSZ WO STREET,拔子窩街,Secondary Road,1981,1981-06-12,/egazette/en/1981-gn1685.pdf,/egazette/zh/1981-gn1685.pdf,1
code:11668,11668,PEACOCK ROAD,孔雀道,Secondary Road,1952,1952-10-10,/egazette/en/1952-gn1173.pdf,/egazette/zh/1952-gn1173.pdf,1
code:14417,14417,PENG CHAU HO KING STREET,坪洲好景街,Track,2016,2016-09-23,https://www.landsd.gov.hk/doc/en/street-name/egazette/2016/egn201620385398.pdf,https://www.landsd.gov.hk/doc/tc/street-name/egazette/2016/cgn201620385398.pdf,1
code:14303,14303,PENG YU PATH,坪愉徑,Track,,,,,1
code:39302,39302,PEONY PATH,牡丹徑,Secondary Road,,,,,1
code:39559,39559,PETRUS AVENUE,貝翠大道,Secondary Road,,,,,1
code:39545,39545,PHOENIX PATH,鳳凰徑,Secondary Road,,,,,1
code:11695,11695,PINE TREE HILL ROAD,松山道,Secondary Road,1933,1933-05-12,/egazette/en/1933-gn341.pdf,/egazette/zh/1933-gn341.pdf,1
code:11699,11699,PING CHI STREET,平治街,Main Road,,,,,1
code:11701,11701,PING FAI PATH,屏輝徑,Track,1983,1983-06-03,/egazette/en/1983-gn1752.pdf,/egazette/zh/1983-gn1752.pdf,1
code:11702,11702,PING FU PATH,屏富徑,Track,,,,,1
code:11703,11703,PING FUK LANE,屏福里,Secondary Road,,,,,1
code:14463,14463,PING HA PATH,屏廈徑,Track,2017,2017-11-10,https://www.landsd.gov.hk/doc/en/street-name/egazette/2017/egn201721458364.pdf,https://www.landsd.gov.hk/doc/tc/street-name/egazette/2017/cgn201721458364.pdf,1
code:11707,11707,PING LAI PATH,屏麗徑,Track,1974,1974-09-13,/egazette/en/1974-gn2352.pdf,/egazette/zh/1974-gn2352.pdf,1
code:11709,11709,PING LOK PATH,平樂徑,Track,1983,1983-06-03,/egazette/en/1983-gn1752.pdf,/egazette/zh/1983-gn1752.pdf,1
code:14218,14218,PING LONG ROAD,坪朗路,Secondary Road,,,,,1
code:11710,11710,PING ON LANE,平安里,Track,,,,,1
code:11711,11711,PING ON LANE,平安里,Secondary Road,,,,,1
code:13560,13560,PING PAK LANE,屏柏里,Secondary Road,,,,,1
code:11712,11712,PING SHAN LANE,屏山里,Secondary Road,,,,,1
code:11713,11713,PING SHING LANE,平成里,Secondary Road,1961,1961-05-19,/egazette/en/1961-gn851.pdf,,1
code:11716,11716,PING TING ROAD,平定道,Secondary Road,1976,1976-04-02,/egazette/en/1976-gn721.pdf,,1
code:14179,14179,PING TING ROAD EAST,平定道東,Secondary Road,,,,,1
code:11717,11717,PING TONG STREET EAST,屏唐東街,Secondary Road,,,,,1
code:14024,14024,PO CHIU ROAD,普照路,Secondary Road,2000,2000-06-16,/egazette/en/2000-gn3864.pdf,/egazette/zh/2000-gn3864.pdf,1
code:11727,11727,PO FAI PATH,保輝徑,Track,1983,1983-06-03,/egazette/en/1983-gn1752.pdf,/egazette/zh/1983-gn1752.pdf,1
code:11728,11728,PO FONG LANE,蒲芳里,Track,,,,,1
code:39406,39406,PO FUNG ROAD,寶豐路,Secondary Road,,,,,1
code:11729,11729,PO FUNG TERRACE,寶豐台,Secondary Road,1984,1984-01-27,/egazette/en/1984-gn287.pdf,/egazette/zh/1984-gn287.pdf,1
code:11730,11730,PO HANG LANE,蒲蘅里,Track,,,,,1
code:11731,11731,PO HEUNG BRIDGE,寶鄉橋,Secondary Road,1984,1984-10-19,/egazette/en/1984-gn3074.pdf,/egazette/zh/1984-gn3074.pdf,1
code:14048,14048,PO HEUNG LANE,寶鄉里,Secondary Road,,,,,1
code:11732,11732,PO HEUNG SQUARE,寶鄉坊,Secondary Road,,,,,1
code:11735,11735,PO KING LANE,蒲景里,Track,,,,,1
code:11736,11736,PO KONG LANE,蒲崗里,Secondary Road,1975,1975-01-17,/egazette/en/1975-gn176.pdf,/egazette/zh/1975-gn176.pdf,1
code:11742,11742,PO LEUNG LANE,蒲良里,Track,,,,,1
code:11744,11744,PO LOK SQUARE,寶樂坊,Secondary Road,1983,1983-06-03,/egazette/en/1983-gn1752.pdf,/egazette/zh/1983-gn1752.pdf,1
code:11745,11745,PO LUEN PATH,寶聯徑,Secondary Road,1984,1984-02-10,/egazette/en/1984-gn413.pdf,/egazette/zh/1984-gn413.pdf,1
code:11747,11747,PO MAN STREET,寶文街,Secondary Road,,,,,1
code:14470,14470,PO MIN PATH,坡面徑,Secondary Road,2018,2018-02-02,https://www.landsd.gov.hk/doc/en/street-name/egazette/2018/egn20182205651.pdf,https://www.landsd.gov.hk/doc/tc/street-name/egazette/2018/cgn20182205651.pdf,1
code:11748,11748,PO MING LANE,蒲明里,Track,,,,,1
code:13035,13035,PO NING LANE,寶寧里,Secondary Road,,,,,1
code:13723,13723,PO PUI STREET,寶珮街,Secondary Road,,,,,1
code:39166,39166,PO SHEUNG TSUEN LANE No.1,莆上村第一巷,Track,,,,,1
code:39175,39175,PO SHEUNG TSUEN LANE No.10,莆上村第十巷,Track,,,,,1
code:39176,39176,PO SHEUNG TSUEN LANE No.11,莆上村第十一巷,Track,,,,,1
code:39177,39177,PO SHEUNG TSUEN LANE No.12,莆上村第十二巷,Track,,,,,1
code:39178,39178,PO SHEUNG TSUEN LANE No.14,莆上村第十四巷,Track,,,,,1
code:39179,39179,PO SHEUNG TSUEN LANE No.15,莆上村第十五巷,Track,,,,,1
code:39180,39180,PO SHEUNG TSUEN LANE No.17,莆上村第十七巷,Track,,,,,1
code:39181,39181,PO SHEUNG TSUEN LANE No.18,莆上村第十八巷,Track,,,,,1
code:39365,39365,PO SHEUNG TSUEN LANE No.19,莆上村第十九巷,Track,,,,,1
code:39167,39167,PO SHEUNG TSUEN LANE No.2,莆上村第二巷,Track,,,,,1
code:39366,39366,PO SHEUNG TSUEN LANE No.20,莆上村第二十巷,Track,,,,,1
code:39182,39182,PO SHEUNG TSUEN LANE No.21,莆上村第二十一巷,Track,,,,,1
code:39049,39049,PO SHEUNG TSUEN LANE No.22,莆上村第二十二巷,Track,,,,,1
code:39183,39183,PO SHEUNG TSUEN LANE No.24,莆上村第二十四巷,Track,,,,,1
code:39184,39184,PO SHEUNG TSUEN LANE No.25,莆上村第二十五巷,Track,,,,,1
code:39185,39185,PO SHEUNG TSUEN LANE No.26,莆上村第二十六巷,Track,,,,,1
code:39186,39186,PO SHEUNG TSUEN LANE No.27,莆上村第二十七巷,Track,,,,,1
code:39187,39187,PO SHEUNG TSUEN LANE No.28,莆上村第二十八巷,Track,,,,,1
code:39188,39188,PO SHEUNG TSUEN LANE No.29,莆上村第二十九巷,Track,,,,,1
code:39168,39168,PO SHEUNG TSUEN LANE No.3,莆上村第三巷,Track,,,,,1
code:39189,39189,PO SHEUNG TSUEN LANE No.30,莆上村第三十巷,Track,,,,,1
code:39190,39190,PO SHEUNG TSUEN LANE No.31,莆上村第三十一巷,Track,,,,,1
code:39169,39169,PO SHEUNG TSUEN LANE No.4,莆上村第四巷,Track,,,,,1
code:39170,39170,PO SHEUNG TSUEN LANE No.5,莆上村第五巷,Track,,,,,1
code:39171,39171,PO SHEUNG TSUEN LANE No.6,莆上村第六巷,Track,,,,,1
code:39172,39172,PO SHEUNG TSUEN LANE No.7,莆上村第七巷,Track,,,,,1
code:39173,39173,PO SHEUNG TSUEN LANE No.8,莆上村第八巷,Track,,,,,1
code:39538,39538,PO SHEUNG TSUEN NEW 1ST LANE,莆上村新一巷,Track,,,,,1
code:11753,11753,PO SHU LANE,寶樹里,Secondary Road,1983,1983-06-03,/egazette/en/1983-gn1752.pdf,/egazette/zh/1983-gn1752.pdf,1
code:11754,11754,PO TIN LANE,蒲田里,Track,,,,,1
code:13013,13013,PO TOI O CHUEN ROAD,布袋澳村路,Secondary Road,,,,,1
code:11755,11755,PO TSZ LANE,蒲慈里,Track,,,,,1
code:11758,11758,PO WA STREET,寶華街,Track,,,,,1
code:11759,11759,PO WAI LANE,蒲蕙里,Track,,,,,1
code:11760,11760,PO WU LANE,寶湖里,Secondary Road,,,,,1
code:11762,11762,PO YEE STREET,普義街,Secondary Road,1935,1935-10-04,/egazette/en/1935-gn767.pdf,/egazette/zh/1935-gn767.pdf,1
code:12957,12957,PO YICK LANE,普益里,Secondary Road,,,,,1
code:11764,11764,PO YING LANE,蒲英里,Track,,,,,1
code:11766,11766,PO YUEN LANE,寶源里,Track,,,,,1
code:11769,11769,POK HOK LANE,博學里,Secondary Road,1980,1980-03-07,/egazette/en/1980-gn727.pdf,,1
code:14377,14377,POK YIN ROAD,博研路,Secondary Road,2013,2013-02-08,/egazette/en/2013-17-06-749.pdf,,1
code:11771,11771,POKFIELD PATH,蒲飛徑,Track,,,,,1
code:39543,39543,POOLSIDE AVENUE,湖邊大道,Secondary Road,,,,,1
code:11778,11778,POSSESSION STREET,水坑口街,Secondary Road,,,,,1
code:11782,11782,PRAT AVENUE,寶勒巷,Secondary Road,1921,1921-02-04,/egazette/en/1921-gn46.pdf,/egazette/zh/1921-gn46.pdf,1
code:11784,11784,PRAYA STREET,海傍街,Track,,,,,1
code:39517,39517,PRECIPITATOR ROAD EAST,,Secondary Road,,,,,1
code:11789,11789,PRINCE'S TERRACE,太子台,Track,1923,1923-12-28,/egazette/en/1923-gn567.pdf,/egazette/zh/1923-gn567.pdf,1
code:11792,11792,PROSPECT PLACE,光景臺,Track,,,,,1
code:39268,39268,PRUNUS PATH,金桃徑,Secondary Road,,,,,1
code:13944,13944,PUI SHING LANE,培成里,Secondary Road,,,,,1
code:11796,11796,PUI TAK STREET,培德街,Secondary Road,1977,1977-07-29,/egazette/en/1977-gn1794.pdf,/egazette/zh/1977-gn1794.pdf,1
code:11798,11798,PUI WING LANE,沛榮里,Secondary Road,1977,1977-05-20,/egazette/en/1977-gn1189.pdf,/egazette/zh/1977-gn1189.pdf,1
code:14052,14052,PUI YIN LANE,培賢里,Secondary Road,,,,,1
code:13949,13949,PUNG LOI AVENUE,蓬萊徑,Secondary Road,,,,,1
code:11801,11801,QUARRY BAY STREET,鰂魚涌街,Secondary Road,,,,,1
code:14313,14313,QUEEN ELIZABETH HOSPITAL PATH,伊利沙伯醫院徑,Track,2008,2008-10-10,/egazette/en/2008-12-41-7003.pdf,/egazette/zh/2008-12-41-7003.pdf,1
code:11808,11808,RAILWAY APPROACH,順風道,Main Road,,,,,1
code:11812,11812,REDNAXELA TERRACE,列拿士地臺,Track,,,,,1
code:39260,39260,RESERVOIR ROAD,水塘道,Secondary Road,,,,,1
code:39571,39571,RHEIN AVENUE,萊茵河大道,Secondary Road,,,,,1
code:11816,11816,RHONDDA ROAD,朗德道,Secondary Road,,,,,1
code:11821,11821,ROSE LANE,玫瑰里,Track,,,,,1
code:39303,39303,ROSE PATH,玫瑰徑,Secondary Road,,,,,1
code:11822,11822,ROSE STREET,玫瑰街,Secondary Road,,,,,1
code:11824,11824,ROSMEAD ROAD,樂善美道,Secondary Road,,,,,1
code:11826,11826,ROZARIO STREET,老沙路街,Track,,,,,1
code:39464,39464,RUE DE BORDEAUX,波爾多徑,Secondary Road,,,,,1
code:39463,39463,RUE DE LYON,里昂徑,Secondary Road,,,,,1
code:39465,39465,RUE DE MARSEILLE,馬賽徑,Secondary Road,,,,,1
code:39461,39461,RUE DE NICE,尼斯徑,Secondary Road,,,,,1
code:39295,39295,SACRAMENTO AVENUE,莎文杜徑,Secondary Road,,,,,1
code:11832,11832,SAI CHEUNG STREET,西祥街,Secondary Road,1959,1959-02-27,/egazette/en/1959-gn315.pdf,/egazette/zh/1959-gn315.pdf,1
code:13921,13921,SAI CHEUNG STREET NORTH,西祥街北,Secondary Road,,,,,1
code:14461,14461,SAI CHING PATH,西菁徑,Track,2017,2017-10-13,https://www.landsd.gov.hk/doc/en/street-name/egazette/2017/egn201721417595.pdf,https://www.landsd.gov.hk/doc/tc/street-name/egazette/2017/cgn201721417595.pdf,1
code:11833,11833,SAI CHING STREET,西菁街,Secondary Road,1981,1981-12-18,/egazette/en/1981-gn3742.pdf,/egazette/zh/1981-gn3742.pdf,1
code:11834,11834,SAI HING LANE,西興里,Track,,,,,1
code:11835,11835,SAI HONG LANE,西康里,Track,,,,,1
code:39357,39357,SAI KAI ROAD,西溪路,Secondary Road,,,,,1
code:11836,11836,SAI KUNG HOI PONG SQUARE,西貢海傍廣場,Track,,,,,1
code:11837,11837,SAI KUNG HOI PONG STREET,西貢海傍街,Track,1976,1976-11-05,/egazette/en/1976-gn2462.pdf,,1
code:13173,13173,SAI KUNG RURAL COMMITTEE LANE,西貢鄉事會里,Secondary Road,1992,1992-04-10,/egazette/en/2014-18-7-933.pdf,/egazette/zh/2014-18-7-933.pdf,1
code:11843,11843,SAI KUNG YEE KUK STREET,西貢醫局街,Track,1976,1976-11-05,/egazette/en/1976-gn2462.pdf,,1
code:14040,14040,SAI KUNG YUEN CHAU STREET,西貢元洲街,Track,,,,,1
code:11855,11855,SAI WA LANE,西華里,Track,,,,,1
code:11858,11858,SAI WAN TERRACE,西灣臺,Secondary Road,,,,,1
code:11859,11859,SAI WANG LANE,西橫巷,Track,,,,,1
code:11862,11862,SAI YEUNG CHOI LANE,西洋菜里,Secondary Road,,,,,1
code:11866,11866,SAI YUEN LANE,西源里,Secondary Road,,,,,1
code:11867,11867,SAI YUN LANE,西元里,Track,,,,,1
code:11870,11870,SALVATION ARMY STREET,救世軍街,Secondary Road,1961,1961-07-21,/egazette/en/1961-gn1211.pdf,,1
code:11872,11872,SAM KA LANE,三家里,Track,,,,,1
code:11874,11874,SAM PAN STREET,三板街,Secondary Road,,,,,1
code:11875,11875,SAM PEI SQUARE,三陂坊,Track,,,,,1
code:11877,11877,SAM TO LANE,三多里,Track,,,,,1
code:11879,11879,SAN CHEUNG STREET,新祥街,Secondary Road,,,,,1
code:39287,39287,SAN DIEGO AVENUE,聖地牙哥徑,Secondary Road,,,,,1
code:39291,39291,SAN FRANCISCO AVENUE,聖梵哥徑,Secondary Road,,,,,1
code:11881,11881,SAN FRANCISCO PATH,舊金山徑,Track,1925,1925-10-09,/egazette/en/1925-gn575.pdf,/egazette/zh/1925-gn575.pdf,1
code:11889,11889,SAN HOP LANE,新合里,Secondary Road,1975,1975-08-01,/egazette/en/1975-gn1693.pdf,,1
code:11891,11891,SAN KAI SHI LANE,新街市里,Track,,,,,1
code:11892,11892,SAN KAN STREET,新勤街,Track,1958,1958-06-06,/egazette/en/1958-gn770.pdf,/egazette/zh/1958-gn770.pdf,1
code:11893,11893,SAN KIN STREET,新健街,Secondary Road,1958,1958-06-06,/egazette/en/1958-gn770.pdf,/egazette/zh/1958-gn770.pdf,1
code:11894,11894,SAN KUNG STREET,新功街,Secondary Road,1958,1958-06-06,/egazette/en/1958-gn770.pdf,/egazette/zh/1958-gn770.pdf,1
code:11897,11897,SAN LAU STREET,新樓街,Secondary Road,,,,,1
code:11900,11900,SAN LOK STREET,新樂街,Secondary Road,,,,,1
code:11910,11910,SAN SHUN STREET,新順街,Secondary Road,1979,1979-04-20,/egazette/en/1979-gn1002.pdf,,1
code:39288,39288,SAN SIMEON AVENUE,西蒙徑,Secondary Road,,,,,1
code:13983,13983,SAN TAK STREET,新德街,Secondary Road,,,,,1
code:11912,11912,SAN TSING STREET,新青街,Secondary Road,1983,1983-01-28,/egazette/en/1983-gn326.pdf,/egazette/zh/1983-gn326.pdf,1
code:39351,39351,SAN UK LING 1ST LANE,新屋嶺第一巷,Track,,,,,1
code:39352,39352,SAN UK LING 2ND LANE,新屋嶺第二巷,Track,,,,,1
code:39353,39353,SAN UK LING 3RD LANE,新屋嶺第三巷,Track,,,,,1
code:39354,39354,SAN UK LING 4TH LANE,新屋嶺第四巷,Track,,,,,1
code:39355,39355,SAN UK LING 5TH LANE,新屋嶺第五巷,Track,,,,,1
code:39356,39356,SAN UK LING 6TH LANE,新屋嶺第六巷,Track,,,,,1
code:39361,39361,SAN UK LING 7TH LANE,新屋嶺第七巷,Track,,,,,1
code:12959,12959,SAN WA ON LANE,新華安里,Secondary Road,,,,,1
code:11915,11915,SAN WAH LANE,新華里,Secondary Road,,,,,1
code:11916,11916,SAN WAI STREET,新圍街,Secondary Road,1926,1926-06-25,/egazette/en/1926-gn342.pdf,/egazette/zh/1926-gn342.pdf,1
code:11917,11917,SAN WING STREET,新榮街,Track,,,,,1
code:11919,11919,SAN YICK LANE,新益里,Secondary Road,1975,1975-08-01,/egazette/en/1975-gn1693.pdf,,1
code:39292,39292,SANTA BARBARA AVENUE,聖巴拿徑,Secondary Road,,,,,1
code:39298,39298,SANTA MARIA AVENUE,瑪利亞徑,Secondary Road,,,,,1
code:39280,39280,SANTA MONICA AVENUE,蒙尼卡徑,Secondary Road,,,,,1
code:11922,11922,SAPPHIRE PATH,寶石徑,Secondary Road,1983,1983-01-28,/egazette/en/1983-gn324.pdf,/egazette/zh/1983-gn324.pdf,1
code:11924,11924,SAU CHUK YUEN ROAD,秀竹園道,Secondary Road,1935,1935-03-01,/egazette/en/1935-gn165.pdf,/egazette/zh/1935-gn165.pdf,1
code:11933,11933,SAU YAN PATH,守仁徑,Track,,,,,1
code:11938,11938,SCIENCE MUSEUM PATH,科學館徑,Secondary Road,,,,,1
code:11940,11940,SCIENCE MUSEUM SQUARE,科學館廣場,Secondary Road,,,,,1
code:13919,13919,SCOUT PATH,童軍徑,Secondary Road,,,,,1
code:14518,14518,SECOND SKY STREET,航天城第二街,Secondary Road,2021,2021-09-24,/egazette/en/2021-25-38-6003.pdf,/egazette/zh/2021-25-38-6003.pdf,1
code:39341,39341,SECOND STREET TAI WAI,大圍第二街,Track,,,,,1
code:11950,11950,SELKIRK ROAD,西谷道,Secondary Road,1951,1951-05-18,/egazette/en/1951-gn522.pdf,/egazette/zh/1951-gn522.pdf,1
code:13093,13093,SERENITY PATH,安寧徑,Secondary Road,,,,,1
code:39346,39346,SEVENTH STREET TAI WAI,大圍第七街,Track,,,,,1
code:11953,11953,SEYMOUR TERRACE,西摩臺,Track,,,,,1
code:14414,14414,SHA HA PATH,沙下徑,Secondary Road,,,,,1
code:11954,11954,SHA HO ROAD,沙河路,Main Road,,,,,1
code:39324,39324,SHA KOK MEI EIGHTH LANE,沙角尾村八巷,Track,,,,,1
code:39327,39327,SHA KOK MEI ELEVENTH LANE,沙角尾村十一巷,Track,,,,,1
code:39321,39321,SHA KOK MEI FIFTH LANE,沙角尾村五巷,Track,,,,,1
code:39317,39317,SHA KOK MEI FIRST LANE,沙角尾村一巷,Track,,,,,1
code:39320,39320,SHA KOK MEI FOURTH LANE,沙角尾村四巷,Track,,,,,1
code:39325,39325,SHA KOK MEI NINTH LANE,沙角尾村九巷,Track,,,,,1
code:39318,39318,SHA KOK MEI SECOND LANE,沙角尾村二巷,Track,,,,,1
code:39323,39323,SHA KOK MEI SEVENTH LANE,沙角尾村七巷,Track,,,,,1
code:39322,39322,SHA KOK MEI SIXTH LANE,沙角尾村六巷,Track,,,,,1
code:39326,39326,SHA KOK MEI TENTH LANE,沙角尾村十巷,Track,,,,,1
code:39319,39319,SHA KOK MEI THIRD LANE,沙角尾村三巷,Track,,,,,1
code:39328,39328,SHA KOK MEI TWELFTH LANE,沙角尾村十二巷,Track,,,,,1
code:11956,11956,SHA LAN ROAD,沙欄路,Secondary Road,,,,,1
code:39443,39443,SHA LO WAN TSUEN 1ST LANE,沙螺灣村第一街,Track,,,,,1
code:39444,39444,SHA LO WAN TSUEN 2ND LANE,沙螺灣村第二街,Track,,,,,1
code:39445,39445,SHA LO WAN TSUEN 3RD LANE,沙螺灣村第三街,Track,,,,,1
code:39446,39446,SHA LO WAN TSUEN 4TH LANE,沙螺灣村第四街,Track,,,,,1
code:39447,39447,SHA LO WAN TSUEN 5TH LANE,沙螺灣村第五街,Track,,,,,1
code:11970,11970,SHA TSUI PATH,沙咀街,Track,,,,,1
code:13648,13648,SHAM HONG ROAD,深康路,Secondary Road,,,,,1
code:39050,39050,SHAN LIU LOWER ROAD,山寮下路,Secondary Road,,,,,1
code:11981,11981,SHAN MING STREET,山明街,Secondary Road,1932,1932-04-22,/egazette/en/1932-gn245.pdf,/egazette/zh/1932-gn245.pdf,1
code:11983,11983,SHAN PIN TERRACE,山邊臺,Secondary Road,,,,,1
code:14063,14063,SHAN PUI HO EAST ROAD,山貝河東路,Secondary Road,,,,,1
code:13754,13754,SHAN YIN ROAD,山賢路,Secondary Road,,,,,1
code:11985,11985,SHANSI STREET,山西街,Secondary Road,1935,1935-04-26,/egazette/en/1935-gn334.pdf,/egazette/zh/1935-gn334.pdf,1
code:11992,11992,SHEK CHAN LANE,石棧里,Track,,,,,1
code:11993,11993,SHEK KAI LANE,石溪里,Track,,,,,1
code:11994,11994,SHEK KIN STREET,石建街,Secondary Road,,,,,1
code:11996,11996,SHEK KU LUNG ROAD,石鼓壟道,Secondary Road,1926,1926-06-25,/egazette/en/1926-gn342.pdf,/egazette/zh/1926-gn342.pdf,1
code:11999,11999,SHEK LAU TUNG STREET,石榴洞街,Secondary Road,1981,1981-06-12,/egazette/en/1981-gn1685.pdf,/egazette/zh/1981-gn1685.pdf,1
code:12003,12003,SHEK MAN PATH,石文徑,Track,1974,1974-04-19,/egazette/en/1974-gn1023.pdf,/egazette/zh/1974-gn1023.pdf,1
code:13850,13850,SHEK PAI TAU PATH,石排頭徑,Secondary Road,,,,,1
code:12013,12013,SHEK PUI STREET,石貝街,Secondary Road,,,,,1
code:12015,12015,SHEK TONG STREET,石塘街,Secondary Road,1926,1926-06-25,/egazette/en/1926-gn342.pdf,/egazette/zh/1926-gn342.pdf,1
code:13712,13712,SHEK TSAI HA ROAD,石寨下路,Secondary Road,,,,,1
code:12016,12016,SHEK TSAI PO STREET,石仔埗街,Track,1983,1983-12-02,/egazette/en/1983-gn3792.pdf,/egazette/zh/1983-gn3792.pdf,1
code:12019,12019,SHEK YI ROAD,石宜路,Secondary Road,,,,,1
code:12020,12020,SHEK YING PATH,石英徑,Track,1974,1974-04-19,/egazette/en/1974-gn1023.pdf,/egazette/zh/1974-gn1023.pdf,1
code:12023,12023,SHELTER STREET,信德街,Secondary Road,1948,1948-09-10,/egazette/en/1948-gn842.pdf,/egazette/zh/1948-gn842.pdf,1
code:14290,14290,SHENZHEN BAY BRIDGE,深圳灣公路大橋,Highway,,,,,1
code:12026,12026,SHEUNG FUNG LANE,常豐里,Track,,,,,1
code:12028,12028,SHEUNG HEI STREET,雙喜街,Secondary Road,,,,,1
code:12031,12031,SHEUNG HONG STREET,常康街,Secondary Road,,,,,1
code:14329,14329,SHEUNG KIN STREET,常健街,Secondary Road,2010,2010-06-18,/egazette/en/2010-14-24-3611.pdf,/egazette/zh/2010-14-24-3611.pdf,1
code:12032,12032,SHEUNG KO TAN STREET,上高灘街,Secondary Road,,,,,1
code:39314,39314,SHEUNG PAK TSUEN LANE NO. 4,上北村第四巷,Track,,,,,1
code:39144,39144,SHEUNG PAK TSUEN LANE No.1,上北村第一巷,Track,,,,,1
code:39145,39145,SHEUNG PAK TSUEN LANE No.2,上北村第二巷,Track,,,,,1
code:39146,39146,SHEUNG PAK TSUEN LANE No.3,上北村第三巷,Track,,,,,1
code:14099,14099,SHEUNG PING STREET,常平街,Secondary Road,,,,,1
code:14097,14097,SHEUNG TAT STREET,常達街,Secondary Road,,,,,1
code:13796,13796,SHEUNG WO CHE ROAD,上禾輋路,Secondary Road,,,,,1
code:39009,39009,SHEUNG YEE ROAD FLYOVER,常怡道天橋,Secondary Road,,,,,1
code:12042,12042,SHIM LUEN STREET,蟬聯街,Secondary Road,1959,1959-04-17,/egazette/en/1959-gn548.pdf,/egazette/zh/1959-gn548.pdf,1
code:12043,12043,SHIN HING STREET,善慶街,Track,,,,,1
code:14427,14427,SHIN LUN LANE,善鄰里,Track,2017,2017-03-03,https://www.landsd.gov.hk/doc/en/street-name/egazette/2017/egn201721091160.pdf,https://www.landsd.gov.hk/doc/tc/street-name/egazette/2017/cgn201721091160.pdf,1
code:12046,12046,SHING FUK STREET,盛福街,Secondary Road,1974,1974-04-19,/egazette/en/1974-gn1023.pdf,/egazette/zh/1974-gn1023.pdf,1
code:14551,14551,SHING FUNG LANE,承豐里,Secondary Road,2024,2024-09-13,/egazette/en/2024-28-37-5451.pdf,/egazette/zh/2024-28-37-5451.pdf,1
code:12047,12047,SHING HING STREET,成興街,Secondary Road,1979,1979-12-21,/egazette/en/1979-gn3311.pdf,,1
code:12050,12050,SHING KA ROAD,聖家路,Track,,,,,1
code:12053,12053,SHING ON LANE,成安里,Track,,,,,1
code:12055,12055,SHING PING STREET,昇平街,Secondary Road,1930,1930-03-07,/egazette/en/1930-gn138.pdf,/egazette/zh/1930-gn138.pdf,1
code:12059,12059,SHING TAK STREET,盛德街,Secondary Road,1958,1958-08-22,/egazette/en/1958-gn1143.pdf,/egazette/zh/1958-gn1143.pdf,1
code:12060,12060,SHING TIN STREET,盛田街,Secondary Road,,,,,1
code:14553,14553,SHING YAN LANE,承恩里,Secondary Road,2024,2024-12-06,https://www.landsd.gov.hk/doc/en/street-name/egazette/2024/egn202428497369.pdf,https://www.landsd.gov.hk/doc/tc/street-name/egazette/2024/cgn202428497369.pdf,1
code:14536,14536,SHING YAU STREET,承佑街,Secondary Road,2023,2023-05-12,/egazette/en/2023-27-19-2908.pdf,/egazette/zh/2023-27-19-2908.pdf,1
code:13097,13097,SHING YIU STREET,勝耀街,Secondary Road,,,,,1
code:12065,12065,SHIPYARD LANE,船塢里,Secondary Road,,,,,1
code:12067,12067,SHIU KIN LANE,肇堅里,Track,,,,,1
code:12069,12069,SHORT STREET,述德街,Secondary Road,1935,1935-03-01,/egazette/en/1935-gn165.pdf,/egazette/zh/1935-gn165.pdf,1
code:12073,12073,SHROPSHIRE ROAD,史樂信路,Secondary Road,,,,,1
code:12075,12075,SHUI CHE KWUN STREET,水車館街,Secondary Road,1983,1983-06-03,/egazette/en/1983-gn1752.pdf,/egazette/zh/1983-gn1752.pdf,1
code:13851,13851,SHUN CHEONG STREET,順昌街,Secondary Road,,,,,1
code:12087,12087,SHUN FU STREET,順富街,Secondary Road,1980,1980-03-14,/egazette/en/1980-gn787.pdf,,1
code:12088,12088,SHUN FUNG STREET,順風街,Secondary Road,,,,,1
code:13699,13699,SHUN PING STREET,順平街,Secondary Road,,,,,1
code:12096,12096,SHUN YEE STREET,信義街,Secondary Road,,,,,1
code:12098,12098,SHUN YUNG STREET,信用街,Secondary Road,,,,,1
code:14474,14474,SHUNG SHAN STREET,崇山街,Secondary Road,2018,2018-05-04,https://www.landsd.gov.hk/doc/en/street-name/egazette/2018/egn201822183295.pdf,https://www.landsd.gov.hk/doc/tc/street-name/egazette/2018/cgn201822183295.pdf,1
code:12103,12103,SHUNG TAK WAI,崇德圍,Secondary Road,,,,,1
code:12105,12105,SHUNG WO PATH,崇和徑,Secondary Road,,,,,1
code:13908,13908,SHUNG YAN CIRCUIT,崇仁圍,Secondary Road,,,,,1
code:39433,39433,SIENA ONE DRIVE,海澄徑一段,Secondary Road,,,,,1
code:12108,12108,SIK ON STREET,適安街,Track,,,,,1
code:13094,13094,SILVER LAKE ROAD,銀湖路,Secondary Road,,,,,1
code:13089,13089,SILVER STAR PATH,銀星徑,Secondary Road,,,,,1
code:13092,13092,SILVER STREAM PATH,銀泉徑,Secondary Road,,,,,1
code:12112,12112,SING WOO CRESCENT,成和坊,Secondary Road,1952,1952-05-23,/egazette/en/1952-gn620.pdf,/egazette/zh/1952-gn620.pdf,1
code:12115,12115,SIU CHEUNG FONG,兆祥坊,Secondary Road,1924,1924-01-25,/egazette/en/1924-gn41.pdf,/egazette/zh/1924-gn41.pdf,1
code:13099,13099,SIU HANG HAU ROAD,小坑口路,Secondary Road,,,,,1
code:39056,39056,SIU LEK YUEN FIFTH LANE,小瀝源第五巷,Track,,,,,1
code:39052,39052,SIU LEK YUEN FIRST LANE,小瀝源第一巷,Track,,,,,1
code:39055,39055,SIU LEK YUEN FOURTH LANE,小瀝源第四巷,Track,,,,,1
code:39053,39053,SIU LEK YUEN SECOND LANE,小瀝源第二巷,Track,,,,,1
code:39054,39054,SIU LEK YUEN THIRD LANE,小瀝源第三巷,Track,,,,,1
code:12118,12118,SIU SIK LANE,小食里,Track,,,,,1
code:14234,14234,SKY PLAZA ROAD,翔天路,Secondary Road,,,,,1
code:14235,14235,SKY PLAZA ROAD CENTRAL,翔天中路,Secondary Road,,,,,1
code:39252,39252,SMALL TRADERS NEW VILLAGE STREET 1,小商新村一街,Track,,,,,1
code:39253,39253,SMALL TRADERS NEW VILLAGE STREET 2,小商新村二街,Track,,,,,1
code:39254,39254,SMALL TRADERS NEW VILLAGE STREET 3,小商新村三街,Track,,,,,1
code:39255,39255,SMALL TRADERS NEW VILLAGE STREET 4,小商新村四街,Track,,,,,1
code:39256,39256,SMALL TRADERS NEW VILLAGE STREET 5,小商新村五街,Track,,,,,1
code:39257,39257,SMALL TRADERS NEW VILLAGE STREET 6,小商新村六街,Track,,,,,1
code:39258,39258,SMALL TRADERS NEW VILLAGE STREET 7,小商新村七街,Track,,,,,1
code:39259,39259,SMALL TRADERS NEW VILLAGE STREET 8,小商新村八街,Track,,,,,1
code:12124,12124,SOK KWU WAN FIRST STREET,索罟灣第一街,Track,1983,1983-10-28,/egazette/en/1983-gn3425.pdf,/egazette/zh/1983-gn3425.pdf,1
code:12125,12125,SOK KWU WAN SECOND STREET,索罟灣第二街,Track,1983,1983-10-28,/egazette/en/1983-gn3425.pdf,/egazette/zh/1983-gn3425.pdf,1
code:12126,12126,SOK KWU WAN THIRD STREET,索罟灣第三街,Track,1983,1983-10-28,/egazette/en/1983-gn3425.pdf,/egazette/zh/1983-gn3425.pdf,1
code:39531,39531,SOUTH SEAFRONT ROAD,南海傍路,Secondary Road,,,,,1
code:12136,12136,SQUARE STREET,四方街,Secondary Road,,,,,1
code:12139,12139,ST. JOHN'S LANE,聖約翰里,Secondary Road,1978,1978-07-21,/egazette/en/1978-gn1853.pdf,,1
code:12140,12140,ST. JOSEPH'S PATH,聖若瑟徑,Track,,,,,1
code:12143,12143,ST. STEPHEN'S LANE,聖士提反里,Track,,,,,1
code:39263,39263,STACKER ROAD,排煤機道,Secondary Road,,,,,1
code:12144,12144,STADIUM PATH,大球場徑,Secondary Road,,,,,1
code:12145,12145,STAFFORD ROAD,施他佛道,Secondary Road,1929,1929-08-23,/egazette/en/1929-gn427.pdf,/egazette/zh/1929-gn427.pdf,1
code:12146,12146,STAFFORDSHIRE AVENUE,士達福信路,Secondary Road,,,,,1
code:12151,12151,STANLEY MARKET ROAD,赤柱市場道,Secondary Road,1961,1961-06-16,/egazette/en/1961-gn1002.pdf,,1
code:12152,12152,STANLEY MOUND ROAD,赤柱崗道,Secondary Road,1956,1956-09-21,/egazette/en/1956-gn1207.pdf,/egazette/zh/1956-gn1207.pdf,1
code:12160,12160,STAVELEY STREET,士他花利街,Track,,,,,1
code:12162,12162,STEWART TERRACE,十間,Secondary Road,,,,,1
code:12163,12163,STIRLING ROAD,士他令道,Secondary Road,1933,1933-12-22,/egazette/en/1933-gn823.pdf,/egazette/zh/1933-gn823.pdf,1
code:12167,12167,SUGAR STREET,糖街,Secondary Road,1931,1931-05-15,/egazette/en/1931-gn300.pdf,/egazette/zh/1931-gn300.pdf,1
code:12168,12168,SUI FUNG LANE,穗豐里,Secondary Road,1984,1984-06-15,/egazette/en/1984-gn1737.pdf,/egazette/zh/1984-gn1737.pdf,1
code:12172,12172,SUI ON STREET,瑞安街,Secondary Road,1930,1930-05-02,/egazette/en/1930-gn262.pdf,/egazette/zh/1930-gn262.pdf,1
code:12176,12176,SUN KI STREET,新基街,Track,1983,1983-12-02,/egazette/en/1983-gn3792.pdf,/egazette/zh/1983-gn3792.pdf,1
code:12180,12180,SUN WUI ROAD,新會道,Secondary Road,1933,1933-07-28,/egazette/en/1933-gn511.pdf,/egazette/zh/1933-gn511.pdf,1
code:12184,12184,SUNG HING LANE,崇慶里,Track,,,,,1
code:12185,12185,SUNG KIT STREET,崇潔街,Track,,,,,1
code:12190,12190,SUNG YIN LANE,崇賢里,Secondary Road,1979,1979-12-07,/egazette/en/1979-gn3194.pdf,,1
code:12191,12191,SUNNING ROAD,新寧道,Secondary Road,,,,,1
code:12193,12193,SURREY LANE,舒梨道,Secondary Road,1929,1929-08-23,/egazette/en/1929-gn427.pdf,/egazette/zh/1929-gn427.pdf,1
code:12196,12196,SWATOW STREET,汕頭街,Secondary Road,,,,,1
code:12199,12199,SZE CHUEN STREET,四川街,Secondary Road,1935,1935-04-26,/egazette/en/1935-gn334.pdf,/egazette/zh/1935-gn334.pdf,1
code:12201,12201,SZE PEI SQUARE,四陂坊,Track,,,,,1
code:12205,12205,TAI CHING STREET,大政街,Secondary Road,1974,1974-04-26,/egazette/en/1974-gn1078.pdf,/egazette/zh/1974-gn1078.pdf,1
code:12212,12212,TAI FUNG STREET,泰豐街,Secondary Road,1935,1935-02-15,/egazette/en/1935-gn124.pdf,/egazette/zh/1935-gn124.pdf,1
code:12222,12222,TAI HO ROAD NORTH,大河道北,Secondary Road,,,,,1
code:12230,12230,TAI LEE STREET,泰利街,Secondary Road,1977,1977-12-02,/egazette/en/1977-gn2944.pdf,/egazette/zh/1977-gn2944.pdf,1
code:12238,12238,TAI MOU AVENUE,太茂路,Secondary Road,1979,1979-12-07,/egazette/en/1979-gn3194.pdf,,1
code:12244,12244,TAI O TAI PING STREET,大澳太平街,Track,1983,1983-12-02,/egazette/en/1983-gn3792.pdf,/egazette/zh/1983-gn3792.pdf,1
code:12245,12245,TAI O WING ON STREET,大澳永安街,Track,1983,1983-12-02,/egazette/en/1983-gn3792.pdf,/egazette/zh/1983-gn3792.pdf,1
code:12249,12249,TAI PAK TERRACE,太白台,Track,1925,1925-01-23,/egazette/en/1925-gn37.pdf,/egazette/zh/1925-gn37.pdf,1
code:13578,13578,TAI PAK TIN LANE,大白田里,Secondary Road,,,,,1
code:14188,14188,TAI PAK TIN PATH,大白田徑,Track,,,,,1
code:12251,12251,TAI PEI SQUARE,大陂坊,Track,,,,,1
code:12252,12252,TAI PEI TAU PATH,大陂頭徑,Track,1977,1977-12-02,/egazette/en/1977-gn2944.pdf,/egazette/zh/1977-gn2944.pdf,1
code:12268,12268,TAI SHEK HAU ROAD,大石口路,Track,,,,,1
code:12273,12273,TAI TAK STREET,大德街,Secondary Road,1931,1931-05-15,/egazette/en/1931-gn300.pdf,/egazette/zh/1931-gn300.pdf,1
code:39100,39100,TAI TAU LENG 1ST LANE,大頭嶺第一巷,Track,,,,,1
code:39102,39102,TAI TAU LENG 3RD LANE,大頭嶺第三巷,Track,,,,,1
code:39103,39103,TAI TAU LENG 4TH LANE,大頭嶺第四巷,Track,,,,,1
code:39104,39104,TAI TAU LENG 5TH LANE,大頭嶺第五巷,Track,,,,,1
code:39105,39105,TAI TAU LENG 6TH LANE,大頭嶺第六巷,Track,,,,,1
code:39106,39106,TAI TAU LENG 7TH LANE,大頭嶺第七巷,Track,,,,,1
code:39107,39107,TAI TAU LENG 8TH LANE,大頭嶺第八巷,Track,,,,,1
code:13649,13649,TAI TO TSUEN ROAD,大道村路,Secondary Road,,,,,1
code:12279,12279,TAI TUNG STREET,大同街,Secondary Road,,,,,1
code:12283,12283,TAI WING AVENUE,太榮路,Secondary Road,1979,1979-11-30,/egazette/en/1979-gn3105.pdf,,1
code:13562,13562,TAI WO BRIDGE,太和橋,Track,,,,,1
code:12286,12286,TAI WO SERVICE ROAD EAST,大窩東支路,Secondary Road,,,,,1
code:12288,12288,TAI WO STREET,太和街,Secondary Road,,,,,1
code:12289,12289,TAI WOH PING ROAD,大窩坪道,Secondary Road,1960,1960-11-11,/egazette/en/1960-gn1713.pdf,,1
code:12291,12291,TAI WONG STREET EAST,大王東街,Secondary Road,,,,,1
code:12292,12292,TAI WONG STREET WEST,大王西街,Track,,,,,1
code:14221,14221,TAI YEUNG CHE ROAD,大陽輋路,Secondary Road,,,,,1
code:14058,14058,TAI YIP LANE,大業里,Secondary Road,,,,,1
code:12295,12295,TAI YUE AVENUE,太裕路,Secondary Road,1979,1979-12-07,/egazette/en/1979-gn3194.pdf,,1
code:12297,12297,TAI YUEN STREET,大圓街,Secondary Road,,,,,1
code:39315,39315,TAI YUEN TSUEN LANE NO. 9,大元村第九巷,Track,,,,,1
code:39158,39158,TAI YUEN TSUEN LANE No.1,大元村第一巷,Track,,,,,1
code:39159,39159,TAI YUEN TSUEN LANE No.2,大元村第二巷,Track,,,,,1
code:39160,39160,TAI YUEN TSUEN LANE No.3,大元村第三巷,Track,,,,,1
code:39161,39161,TAI YUEN TSUEN LANE No.4,大元村第四巷,Track,,,,,1
code:39162,39162,TAI YUEN TSUEN LANE No.5,大元村第五巷,Track,,,,,1
code:39163,39163,TAI YUEN TSUEN LANE No.6,大元村第六巷,Track,,,,,1
code:39164,39164,TAI YUEN TSUEN LANE No.7,大元村第七巷,Track,,,,,1
code:39165,39165,TAI YUEN TSUEN LANE No.8,大元村第八巷,Track,,,,,1
code:12300,12300,TAK CHEONG LANE,德昌里,Secondary Road,1954,1954-07-30,/egazette/en/1954-gn947.pdf,/egazette/zh/1954-gn947.pdf,1
code:12302,12302,TAK CHING COURT,德政圍,Secondary Road,1975,1975-08-01,/egazette/en/1975-gn1693.pdf,,1
code:12305,12305,TAK HING STREET,德興街,Secondary Road,1933,1933-07-14,/egazette/en/1933-gn481.pdf,/egazette/zh/1933-gn481.pdf,1
code:13837,13837,TAK HOI STREET,德海街,Secondary Road,,,,,1
code:12307,12307,TAK KEI STREET,得基街,Secondary Road,1981,1981-11-13,/egazette/en/1981-gn3369.pdf,/egazette/zh/1981-gn3369.pdf,1
code:12309,12309,TAK LEE STREET,得利街,Secondary Road,1981,1981-11-13,/egazette/en/1981-gn3369.pdf,/egazette/zh/1981-gn3369.pdf,1
code:12316,12316,TAK SING LANE,德星里,Track,,,,,1
code:12317,12317,TAK TAI PATH,德大徑,Track,,,,,1
code:12323,12323,TAK YAN STREET,德仁街,Secondary Road,,,,,1
code:12326,12326,TAKU STREET,大沽街,Secondary Road,1909,1909-03-19,/egazette/en/1909-gn184.pdf,/egazette/zh/1909-gn184.pdf,1
code:12327,12327,TAM KON PO STREET,担杆莆街,Secondary Road,,,,,1
code:12331,12331,TAM LANE,譚里,Track,,,,,1
code:14411,14411,TAN KWAI TSUEN LANE,丹桂村里,Secondary Road,2015,2015-11-13,/egazette/en/2015-19-46-8862.pdf,/egazette/zh/2015-19-46-8862.pdf,1
code:12334,12334,TANG FUNG STREET,登豐街,Secondary Road,1956,1956-07-06,/egazette/en/1956-gn849.pdf,/egazette/zh/1956-gn849.pdf,1
code:12335,12335,TANG LUNG STREET,登龍街,Secondary Road,1926,1926-06-11,/egazette/en/1926-gn318.pdf,/egazette/zh/1926-gn318.pdf,1
code:12336,12336,TANG UK STREET,鄧屋街,Secondary Road,1982,1982-12-24,/egazette/en/1982-gn4036.pdf,/egazette/zh/1982-gn4036.pdf,1
code:39060,39060,TANK FARM ROAD,油庫路,Secondary Road,,,,,1
code:14093,14093,TAP MUN HOI PONG STREET,塔門海傍街,Track,,,,,1
code:12340,12340,TAT FAI PATH,達輝徑,Track,1983,1983-06-03,/egazette/en/1983-gn1752.pdf,/egazette/zh/1983-gn1752.pdf,1
code:12341,12341,TAT YAN SQUARE,達仁坊,Track,,,,,1
code:39349,39349,TENTH STREET TAI WAI,大圍第十街,Track,,,,,1
code:39061,39061,TEXACO ROAD FLYOVER,德士古道天橋,Main Road,,,,,1
code:12348,12348,THEATRE LANE,戲院里,Track,1936,1936-12-31,/egazette/en/1936-gn1027.pdf,/egazette/zh/1936-gn1027.pdf,1
code:12349,12349,THIRD LANE,第三巷,Track,,,,,1
code:39342,39342,THIRD STREET TAI WAI,大圍第三街,Track,,,,,1
code:12353,12353,THISTLE STREET,地士道街,Secondary Road,,,,,1
code:12355,12355,TIEN POA STREET,天寶街,Track,,,,,1
code:13116,13116,TIN CHING STREET,天靖街,Secondary Road,,,,,1
code:12358,12358,TIN CHONG STREET,電廠街,Secondary Road,1959,1959-11-20,/egazette/en/1959-gn1608.pdf,/egazette/zh/1959-gn1608.pdf,1
code:14030,14030,TIN FAI ROAD,天暉路,Secondary Road,2000,2000-07-07,/egazette/en/2000-gn4391.pdf,/egazette/zh/2000-gn4391.pdf,1
code:13147,13147,TIN HEI STREET,天喜街,Secondary Road,,,,,1
code:12364,12364,TIN LOK LANE,天樂里,Secondary Road,,,,,1
code:14465,14465,TIN SHUI PATH,天瑞徑,Track,2017,2017-11-10,https://www.landsd.gov.hk/doc/en/street-name/egazette/2017/egn201721458364.pdf,https://www.landsd.gov.hk/doc/tc/street-name/egazette/2017/cgn201721458364.pdf,1
code:13152,13152,TIN SHUN LANE,天順里,Secondary Road,,,,,1
code:13154,13154,TIN TO STREET,天桃街,Secondary Road,,,,,1
code:12366,12366,TIN WAN CLOSE,田灣徑,Secondary Road,,,,,1
code:14028,14028,TIN YIP ROAD,天業路,Secondary Road,2000,2000-07-07,/egazette/en/2000-gn4391.pdf,/egazette/zh/2000-gn4391.pdf,1
code:12372,12372,TING FUNG STREET,定豐街,Secondary Road,,,,,1
code:12374,12374,TING KWAI FONG STREET,丁貴坊街,Track,1983,1983-06-03,/egazette/en/1983-gn1753.pdf,/egazette/zh/1983-gn1753.pdf,1
code:12377,12377,TING YIP STREET,定業街,Secondary Road,,,,,1
code:12378,12378,TING YUE SQUARE,定裕坊,Track,,,,,1
code:12379,12379,TIT HONG LANE,鐵行里,Track,,,,,1
code:12380,12380,TIT SHU STREET,鐵樹街,Secondary Road,1980,1980-03-07,/egazette/en/1980-gn727.pdf,,1
code:14376,14376,TO LAI ROAD,桃勵路,Secondary Road,,,,,1
code:12384,12384,TO LI TERRACE,桃李臺,Track,1926,1926-01-29,/egazette/en/1926-gn46.pdf,/egazette/zh/1926-gn46.pdf,1
code:14325,14325,TO SHEK PATH,多石徑,Secondary Road,2010,2010-04-09,/egazette/en/2010-14-14-2046.pdf,/egazette/zh/2010-14-14-2046.pdf,1
code:12385,12385,TO WAN LANE,杜雲里,Track,,,,,1
code:12388,12388,TONG BIN LANE,塘邊徑,Secondary Road,,,,,1
code:13650,13650,TONG TAI ROAD,唐泰路,Secondary Road,,,,,1
code:12392,12392,TONG YAM STREET,棠蔭街,Secondary Road,,,,,1
code:13946,13946,TONG YIN LANE,唐賢里,Secondary Road,,,,,1
code:14408,14408,TRAMWAY LANE,纜車里,Secondary Road,2015,2015-06-12,/egazette/en/2015-19-24-4274.pdf,/egazette/zh/2015-19-24-4274.pdf,1
code:12400,12400,TRIANGLE STREET,三角街,Secondary Road,,,,,1
code:12402,12402,TRUE LIGHT LANE,真光里,Secondary Road,1960,1960-11-18,/egazette/en/1960-gn1755.pdf,,1
code:12403,12403,TSAN TUEN ROAD,贊端路,Track,,,,,1
code:12404,12404,TSAP FAI STREET,集輝街,Secondary Road,1935,1935-05-03,/egazette/en/1935-gn351.pdf,/egazette/zh/1935-gn351.pdf,1
code:12405,12405,TSAP TSEUNG STREET,集祥街,Secondary Road,1930,1930-03-07,/egazette/en/1930-gn138.pdf,/egazette/zh/1930-gn138.pdf,1
code:12410,12410,TSEUK KIU STREET,雀橋街,Secondary Road,,,,,1
code:12412,12412,TSING BIK STREET,青碧街,Secondary Road,,,,,1
code:12413,12413,TSING CHAU STREET,青州街,Secondary Road,1931,1931-10-30,/egazette/en/1931-gn694.pdf,/egazette/zh/1931-gn694.pdf,1
code:14198,14198,TSING KO ROAD,青高路,Secondary Road,,,,,1
code:12427,12427,TSING KWAI PATH,青葵徑,Track,1984,1984-11-30,/egazette/en/1984-gn3531.pdf,/egazette/zh/1984-gn3531.pdf,1
code:13036,13036,TSING MUI STREET,清梅街,Secondary Road,,,,,1
code:12433,12433,TSING NAM STREET,青南街,Secondary Road,,,,,1
code:12436,12436,TSING SAN PATH,青新徑,Secondary Road,,,,,1
code:14222,14222,TSING SHEUNG LANE,青尚里,Secondary Road,,,,,1
code:12452,12452,TSING YIP STREET,青葉街,Secondary Road,,,,,1
code:12457,12457,TSO KUNG STREET,曹公街,Secondary Road,,,,,1
code:13634,13634,TSO WO ROAD,早禾路,Secondary Road,,,,,1
code:12458,12458,TSOI TAK STREET,載德街,Secondary Road,1930,1930-03-07,/egazette/en/1930-gn138.pdf,/egazette/zh/1930-gn138.pdf,1
code:12464,12464,TSUEN KWAI STREET,荃貴街,Secondary Road,1980,1980-11-28,/egazette/en/1980-gn3731.pdf,,1
code:12465,12465,TSUEN LOK STREET,荃樂街,Secondary Road,,,,,1
code:12472,12472,TSUI FUNG STREET,翠鳳街,Secondary Road,,,,,1
code:12473,12473,TSUI HING STREET,翠興街,Secondary Road,1984,1984-04-19,/egazette/en/1984-gn1193.pdf,/egazette/zh/1984-gn1193.pdf,1
code:12474,12474,TSUI IN LANE,聚賢里,Track,,,,,1
code:12478,12478,TSUI MAN STREET,聚文街,Secondary Road,1930,1930-03-07,/egazette/en/1930-gn138.pdf,/egazette/zh/1930-gn138.pdf,1
code:12481,12481,TSUN FAT STREET,駿發街,Secondary Road,1959,1959-04-17,/egazette/en/1959-gn548.pdf,/egazette/zh/1959-gn548.pdf,1
code:12484,12484,TSUN WING LANE,俊榮里,Track,,,,,1
code:12485,12485,TSUN YIP LANE,駿業里,Secondary Road,1957,1957-02-22,/egazette/en/1957-gn264.pdf,/egazette/zh/1957-gn264.pdf,1
code:12493,12493,TSZ LOI LANE,紫來里,Secondary Road,1961,1961-05-19,/egazette/en/1961-gn851.pdf,,1
code:12494,12494,TSZ MI ALLEY,紫薇街,Track,,,/egazette/en/1975-gn2327.pdf,,1
code:12495,12495,TSZ WAH LANE,慈華里,Track,,,,,1
code:12500,12500,TUEN HOP STREET,屯合街,Secondary Road,,,,,1
code:12501,12501,TUEN LEE STREET,屯利街,Secondary Road,1984,1984-11-30,/egazette/en/1984-gn3531.pdf,/egazette/zh/1984-gn3531.pdf,1
code:13942,13942,TUEN ON LANE,屯安里,Secondary Road,,,,,1
code:12505,12505,TUEN SHING STREET,屯盛街,Secondary Road,1984,1984-11-30,/egazette/en/1984-gn3531.pdf,/egazette/zh/1984-gn3531.pdf,1
code:13083,13083,TUEN TSING LANE,屯青里,Secondary Road,,,,,1
code:12974,12974,TUEN YAN STREET,屯仁街,Secondary Road,,,,,1
code:12508,12508,TUN WO LANE,敦和里,Track,,,,,1
code:12515,12515,TUNG FAT ROAD,東發道,Secondary Road,,,,,1
code:12516,12516,TUNG FAT SQUARE,同發坊,Secondary Road,,,,,1
code:12517,12517,TUNG FONG STREET,東方街,Secondary Road,1924,1924-08-29,/egazette/en/1924-gn492.pdf,/egazette/zh/1924-gn492.pdf,1
code:12519,12519,TUNG HING LANE,東興里,Track,,,,,1
code:13780,13780,TUNG KIN ROAD,東健道,Secondary Road,,,,,1
code:12523,12523,TUNG LO WAN DRIVE,銅鑼灣徑,Main Road,1975,1975-09-19,/egazette/en/1975-gn2061.pdf,,1
code:12529,12529,TUNG MAN STREET,同文街,Track,,,,,1
code:12530,12530,TUNG MAU SQUARE,同茂坊,Secondary Road,,,,,1
code:12533,12533,TUNG SAU SQUARE,同秀坊,Secondary Road,,,,,1
code:12539,12539,TUNG TAK LANE,同德里,Track,,,,,1
code:39399,39399,TUNG TAU WAI SAN TSUEN 1ST LANE,東頭圍新村一巷,Track,,,,,1
code:39400,39400,TUNG TAU WAI SAN TSUEN 2ND LANE,東頭圍新村二巷,Track,,,,,1
code:39401,39401,TUNG TAU WAI SAN TSUEN 3RD LANE,東頭圍新村三巷,Track,,,,,1
code:39402,39402,TUNG TAU WAI SAN TSUEN 4TH LANE,東頭圍新村四巷,Track,,,,,1
code:12541,12541,TUNG TAU WAN DRIVE,東頭灣徑,Secondary Road,,,,,1
code:12548,12548,TUNG WAN TAU ROAD,東灣頭路,Track,1983,1983-11-04,/egazette/en/1983-gn3496.pdf,/egazette/zh/1983-gn3496.pdf,1
code:39491,39491,TUNG WING ON ROAD,東永安路,Secondary Road,,,,,1
code:13779,13779,TUNG WONG ROAD,東旺道,Secondary Road,,,,,1
code:12552,12552,TWEED ROAD,陶域道,Secondary Road,1951,1951-08-03,/egazette/en/1951-gn798.pdf,/egazette/zh/1951-gn798.pdf,1
code:12554,12554,U LAM TERRACE,儒林臺,Track,,,,,1
code:12555,12555,UI ON LANE,匯安里,Track,,,,,1
code:12559,12559,UN ON LANE WEST,元安里西,Track,,,,,1
code:12560,12560,UN SHING LANE,元勝里,Track,,,,,1
code:14384,14384,UNIVERSAL GATE ROAD,普門路,Secondary Road,2013,2013-08-23,/egazette/en/2013-17-34-4994.pdf,/egazette/zh/2013-17-34-4994.pdf,1
code:12561,12561,UNIVERSITY DRIVE,大學道,Secondary Road,,,,,1
code:12566,12566,VALLEY ROAD,山谷道,Secondary Road,1933,1933-07-14,/egazette/en/1933-gn481.pdf,/egazette/zh/1933-gn481.pdf,1
code:39279,39279,VENTURA AVENUE,溫黛娜徑,Secondary Road,,,,,1
code:12568,12568,VERBENA ROAD,地錦路,Secondary Road,1953,1953-11-20,/egazette/en/1953-gn1420.pdf,/egazette/zh/1953-gn1420.pdf,1
code:39285,39285,VICTORIANA AVENUE,維狄雅徑,Secondary Road,,,,,1
code:39383,39383,VILLAGE PATH,山村徑,Secondary Road,,,,,1
code:12573,12573,VILLAGE TERRACE,山村臺,Secondary Road,,,,,1
code:13662,13662,VISTA AVENUE,海寧徑,Secondary Road,,,,,1
code:12577,12577,WA FUN STREET,華歡街,Secondary Road,,,,,1
code:12578,12578,WA FUNG STREET,華豐街,Secondary Road,1923,1923-09-28,/egazette/en/1923-gn411.pdf,/egazette/zh/1923-gn411.pdf,1
code:12579,12579,WA HING LANE,華興里,Track,,,,,1
code:12580,12580,WA IN FONG EAST,華賢坊東,Track,,,,,1
code:12581,12581,WA IN FONG WEST,華賢坊西,Track,,,,,1
code:12582,12582,WA LAI PATH,華荔徑,Track,1982,1982-12-10,/egazette/en/1982-gn3875.pdf,/egazette/zh/1982-gn3875.pdf,1
code:12583,12583,WA LANE,華里,Track,,,,,1
code:14035,14035,WA MEI PATH,畫眉徑,Secondary Road,2000,2000-07-21,/egazette/en/2000-gn4741.pdf,/egazette/zh/2000-gn4741.pdf,1
code:12584,12584,WA NING LANE,華寧里,Track,,,,,1
code:12585,12585,WA ON LANE,華安里,Track,,,,,1
code:13962,13962,WA SHUN STREET,華信街,Secondary Road,,,,,1
code:14120,14120,WAH CHUI STREET,華翠街,Secondary Road,,,,,1
code:14121,14121,WAH HONG STREET,華康街,Secondary Road,,,,,1
code:12596,12596,WAH LOK PATH,華樂徑,Secondary Road,,,,,1
code:13626,13626,WAH LUNG PATH,華隆徑,Track,,,,,1
code:12597,12597,WAH SING STREET,華星街,Secondary Road,1974,1974-04-19,/egazette/en/1974-gn1023.pdf,/egazette/zh/1974-gn1023.pdf,1
code:12600,12600,WAI CHI LANE,偉智里,Secondary Road,1981,1981-11-06,/egazette/en/1981-gn3328.pdf,/egazette/zh/1981-gn3328.pdf,1
code:12602,12602,WAI CHING STREET,偉晴街,Secondary Road,1924,1924-11-07,/egazette/en/1924-gn621.pdf,/egazette/zh/1924-gn621.pdf,1
code:12606,12606,WAI KING STREET,偉景街,Secondary Road,1977,1977-02-17,/egazette/en/1977-gn420.pdf,/egazette/zh/1977-gn420.pdf,1
code:39191,39191,WAI LOI TSUEN LANE 1,圍內村第一巷,Track,,,,,1
code:39200,39200,WAI LOI TSUEN LANE 10,圍內村第十巷,Track,,,,,1
code:39201,39201,WAI LOI TSUEN LANE 11,圍內村第十一巷,Track,,,,,1
code:39202,39202,WAI LOI TSUEN LANE 12,圍內村第十二巷,Track,,,,,1
code:39192,39192,WAI LOI TSUEN LANE 2,圍內村第二巷,Track,,,,,1
code:39193,39193,WAI LOI TSUEN LANE 3,圍內村第三巷,Track,,,,,1
code:39194,39194,WAI LOI TSUEN LANE 4,圍內村第四巷,Track,,,,,1
code:39195,39195,WAI LOI TSUEN LANE 5,圍內村第五巷,Track,,,,,1
code:39196,39196,WAI LOI TSUEN LANE 6,圍內村第六巷,Track,,,,,1
code:39197,39197,WAI LOI TSUEN LANE 7,圍內村第七巷,Track,,,,,1
code:39198,39198,WAI LOI TSUEN LANE 8,圍內村第八巷,Track,,,,,1
code:39199,39199,WAI LOI TSUEN LANE 9,圍內村第九巷,Track,,,,,1
code:14022,14022,WAI LOK STREET,偉樂街,Secondary Road,2000,2000-06-09,/egazette/en/2000-gn3693.pdf,/egazette/zh/2000-gn3693.pdf,1
code:14133,14133,WAI LUN STREET,偉倫街,Secondary Road,,,,,1
code:14214,14214,WAI SHIN STREET,懷善街,Secondary Road,,,,,1
code:12610,12610,WAI TAK LANE,懷德里,Track,,,,,1
code:12612,12612,WAI TSAI FIRST STREET,圍仔第一街,Track,1983,1983-06-03,/egazette/en/1983-gn1753.pdf,/egazette/zh/1983-gn1753.pdf,1
code:12613,12613,WAI TSAI FOURTH STREET,圍仔第四街,Track,1983,1983-06-03,/egazette/en/1983-gn1753.pdf,/egazette/zh/1983-gn1753.pdf,1
code:12615,12615,WAI TSAI STREET,圍仔街,Track,,,,,1
code:12616,12616,WAI TSAI THIRD STREET,圍仔第三街,Track,1983,1983-06-03,/egazette/en/1983-gn1753.pdf,/egazette/zh/1983-gn1753.pdf,1
code:12620,12620,WAI WAI ROAD,懷惠道,Secondary Road,1934,1934-02-09,/egazette/en/1934-gn91.pdf,/egazette/zh/1934-gn91.pdf,1
code:12967,12967,WAI WAN LANE,衛環里,Secondary Road,,,,,1
code:14401,14401,WAI YIN PATH,薈然徑,Secondary Road,2015,2015-02-13,/egazette/en/2015-19-7-1691.pdf,/egazette/zh/2015-19-7-1691.pdf,1
code:13025,13025,WAN HON LANE,雲漢里,Secondary Road,,,,,1
code:12639,12639,WAN ON STREET,環安街,Secondary Road,1958,1958-08-08,/egazette/en/1958-gn1068.pdf,/egazette/zh/1958-gn1068.pdf,1
code:14173,14173,WAN POON PATH,灣畔徑,Track,,,,,1
code:12644,12644,WAN TAU SQUARE,運頭坊,Secondary Road,,,,,1
code:14144,14144,WAN YING STREET,運盈街,Secondary Road,,,,,1
code:12655,12655,WANG FU STREET,宏富街,Secondary Road,1984,1984-05-04,/egazette/en/1984-gn1312.pdf,/egazette/zh/1984-gn1312.pdf,1
code:12658,12658,WANG KEE STREET,宏基街,Secondary Road,,,,,1
code:12664,12664,WANG MAU STREET,宏茂街,Secondary Road,1983,1983-07-15,/egazette/en/1983-gn2233.pdf,/egazette/zh/1983-gn2233.pdf,1
code:12665,12665,WANG ON ROAD,宏安道,Secondary Road,1954,1954-07-30,/egazette/en/1954-gn947.pdf,/egazette/zh/1954-gn947.pdf,1
code:12666,12666,WANG POK STREET,橫壆街,Secondary Road,,,,,1
code:12669,12669,WANG STREET,橫街,Track,1976,1976-11-05,/egazette/en/1976-gn2462.pdf,,1
code:12675,12675,WANG TAU HOM NORTH ROAD,橫頭磡北道,Secondary Road,,,,,1
code:12678,12678,WANG TUNG STREET,宏通街,Secondary Road,,,,,1
code:12679,12679,WANG WA STREET,宏華街,Secondary Road,1960,1960-07-08,/egazette/en/1960-gn1060.pdf,,1
code:12680,12680,WANG WO TSAI STREET,橫窩仔街,Secondary Road,,,,,1
code:12686,12686,WARWICK ROAD,和域道,Secondary Road,,,,,1
code:12691,12691,WATFORD ROAD,和福道,Secondary Road,,,,,1
code:12695,12695,WEST EMBANKMENT,西堤,Track,,,,,1
code:12696,12696,WEST END PATH,西尾道,Track,,,,,1
code:39350,39350,WEST LANE TAI WAI,大圍西巷,Track,,,,,1
code:14342,14342,WHOLESALE MARKET STREET,批發市場街,Secondary Road,2011,2011-11-11,/egazette/en/2011-15-45-7460.pdf,/egazette/zh/2011-15-45-7460.pdf,1
code:39065,39065,WILLOW PATH,柳樹徑,Secondary Road,,,,,1
code:12709,12709,WILTSHIRE ROAD,渭州道,Secondary Road,1951,1951-05-18,/egazette/en/1951-gn522.pdf,/egazette/zh/1951-gn522.pdf,1
code:12710,12710,WILTSHIRE ROAD,偉順路,Secondary Road,,,,,1
code:12712,12712,WING CHEUNG STREET,永祥街,Secondary Road,1939,1939-11-10,/egazette/en/1939-gn1047.pdf,/egazette/zh/1939-gn1047.pdf,1
code:12714,12714,WING CHO STREET,榮祖街,Secondary Road,1977,1977-11-25,/egazette/en/1977-gn2860.pdf,/egazette/zh/1977-gn2860.pdf,1
code:12715,12715,WING CHONG STREET,永創街,Secondary Road,1975,1975-09-19,/egazette/en/1975-gn2061.pdf,,1
code:12717,12717,WING FAT LANE,榮發里,Secondary Road,,,,,1
code:12719,12719,WING FOOK STREET,永福街,Secondary Road,1974,1974-08-02,/egazette/en/1974-gn1982.pdf,/egazette/zh/1974-gn1982.pdf,1
code:12721,12721,WING FUNG STREET WEST,永豐西街,Secondary Road,,,,,1
code:12727,12727,WING KUT STREET,永吉街,Track,,,,,1
code:39413,39413,WING KWONG STREET,永光街,Track,,,,,1
code:12729,12729,WING LAP STREET,永立街,Secondary Road,1975,1975-09-19,/egazette/en/1975-gn2061.pdf,,1
code:12731,12731,WING LEE STREET,永利街,Track,,,,,1
code:12730,12730,WING LEE STREET,永利街,Track,,,,,1
code:12732,12732,WING LOK LANE,永樂里,Track,,,,,1
code:12735,12735,WING LUNG STREET,永隆街,Track,1934,1934-02-09,/egazette/en/1934-gn91.pdf,/egazette/zh/1934-gn91.pdf,1
code:12737,12737,WING NING STREET,永寧街,Track,1939,1939-11-10,/egazette/en/1939-gn1047.pdf,/egazette/zh/1939-gn1047.pdf,1
code:12738,12738,WING ON STREET,永安街,Track,,,,,1
code:39410,39410,WING ON TERRACE,永安台,Track,,,,,1
code:12740,12740,WING SHANG STREET,永生街,Track,,,,,1
code:12746,12746,WING TSUN STREET,永俊街,Track,1983,1983-06-03,/egazette/en/1983-gn1753.pdf,/egazette/zh/1983-gn1753.pdf,1
code:12748,12748,WING WA TERRACE,榮華臺,Track,,,,,1
code:12749,12749,WING WAH LANE,榮華里,Track,,,,,1
code:13706,13706,WING YIN STREET,永賢街,Secondary Road,,,,,1
code:12753,12753,WING YIU STREET,永耀街,Track,1958,1958-10-31,/egazette/en/1958-gn1478.pdf,/egazette/zh/1958-gn1478.pdf,1
code:12755,12755,WISTARIA ROAD,紫藤路,Secondary Road,1953,1953-11-20,/egazette/en/1953-gn1420.pdf,/egazette/zh/1953-gn1420.pdf,1
code:12757,12757,WO CHUNG STREET,和衷街,Main Road,,,,,1
code:12758,12758,WO FUNG STREET,和風街,Secondary Road,,,,,1
code:14065,14065,WO KWAI LANE,禾葵里,Secondary Road,,,,,1
code:14544,14544,WO LOK LANE,和樂里,Secondary Road,2024,2024-03-01,/egazette/en/2024-28-9-1176.pdf,/egazette/zh/2024-28-9-1176.pdf,1
code:12763,12763,WO LUNG STREET,和隆街,Secondary Road,,,,,1
code:12764,12764,WO ON LANE,和安里,Secondary Road,,,,,1
code:12765,12765,WO PING PATH,和平徑,Track,1983,1983-01-28,/egazette/en/1983-gn326.pdf,/egazette/zh/1983-gn326.pdf,1
code:12766,12766,WO SHEUNG TUN STREET,禾上墩街,Secondary Road,1981,1981-06-12,/egazette/en/1981-gn1685.pdf,/egazette/zh/1981-gn1685.pdf,1
code:12767,12767,WO SHING STREET,禾盛街,Secondary Road,1976,1976-08-13,/egazette/en/1976-gn1741.pdf,,1
code:39209,39209,WONG CHUK YEUNG 1ST LANE,黃竹洋第一巷,Track,,,,,1
code:39210,39210,WONG CHUK YEUNG 2ND LANE,黃竹洋第二巷,Track,,,,,1
code:39211,39211,WONG CHUK YEUNG 3RD LANE,黃竹洋第三巷,Track,,,,,1
code:39212,39212,WONG CHUK YEUNG 4TH LANE,黃竹洋第四巷,Track,,,,,1
code:13778,13778,WONG MA KOK PATH,黃麻角徑,Secondary Road,,,,,1
code:13636,13636,WONG UK LANE,王屋里,Secondary Road,,,,,1
code:12787,12787,WOO HOP STREET,和合街,Secondary Road,,,,,1
code:12789,12789,WOODLANDS TERRACE,活倫臺,Track,,,,,1
code:39504,39504,WORKSHOP ROAD,工場路,Secondary Road,,,,,1
code:14284,14284,WORLD WIDE LANE,環球里,Track,,,,,1
code:39586,39586,WORSWICK WAY,華思域徑,Secondary Road,,,,,1
code:12793,12793,WU HONG STREET,湖康街,Secondary Road,,,,,1
code:39425,39425,WU KAI SHA VILLAGE EIGHTH LANE,烏溪沙村第八巷,Track,,,,,1
code:39424,39424,WU KAI SHA VILLAGE SEVENTH LANE,烏溪沙村第七巷,Track,,,,,1
code:12795,12795,WU KWONG STREET,湖光街,Track,,,,,1
code:12801,12801,WUN TUNG STREET,運通街,Track,,,,,1
code:12805,12805,YACHT STREET,帆船街,Secondary Road,1926,1926-06-11,/egazette/en/1926-gn318.pdf,/egazette/zh/1926-gn318.pdf,1
code:12809,12809,YAN FUNG STREET,仁風街,Secondary Road,,,,,1
code:12813,12813,YAN OI STREET,仁愛街,Secondary Road,,,,,1
code:12815,12815,YAN SHAU LANE,仁壽里,Track,,,,,1
code:12817,12817,YAN TAK LANE,仁德里,Track,,,,,1
code:12819,12819,YAN WAH STREET,欣華街,Secondary Road,1980,1980-05-23,/egazette/en/1980-gn1580.pdf,/egazette/zh/1980-gn1580.pdf,1
code:12821,12821,YAN WO LANE,人和里,Secondary Road,,,,,1
code:13024,13024,YAN YIP STREET,欣業街,Secondary Road,,,,,1
code:13959,13959,YAN YUNG STREET,仁勇街,Secondary Road,,,,,1
code:14285,14285,YAT CHEUNG STREET,逸祥街,Secondary Road,,,,,1
code:12824,12824,YAT FU LANE,日富里,Secondary Road,,,,,1
code:12825,12825,YAT SAN STREET,日新街,Secondary Road,1935,1935-02-15,/egazette/en/1935-gn124.pdf,/egazette/zh/1935-gn124.pdf,1
code:14036,14036,YAT TAI STREET,逸泰街,Secondary Road,2000,2000-08-11,/egazette/en/2000-gn5314.pdf,/egazette/zh/2000-gn5314.pdf,1
code:13883,13883,YAU CHEUNG ROAD,友翔道,Secondary Road,,,,,1
code:12828,12828,YAU KWONG STREET,友光街,Track,,,,,1
code:12832,12832,YAU MOON STREET,祐滿街,Secondary Road,,,,,1
code:13113,13113,YAU TING STREET,悠定街,Secondary Road,,,,,1
code:12839,12839,YAU YEE LANE,由義里,Track,,,,,1
code:12843,12843,YEE KING ROAD,怡景道,Secondary Road,,,,,1
code:14453,14453,YEE MING PATH,怡明徑,Track,2017,2017-09-29,https://www.landsd.gov.hk/doc/en/street-name/egazette/2017/egn201721397316.pdf,https://www.landsd.gov.hk/doc/tc/street-name/egazette/2017/cgn201721397316.pdf,1
code:12847,12847,YEE SHING LANE,怡盛里,Secondary Road,1981,1981-07-31,/egazette/en/1981-gn2267.pdf,/egazette/zh/1981-gn2267.pdf,1
code:14210,14210,YEE WAI PATH,義懷徑,Secondary Road,,,,,1
code:13952,13952,YEN MING ROAD,欽明路,Secondary Road,,,,,1
code:12853,12853,YEN WAH STEPS,賢華街,Track,,,,,1
code:14430,14430,YEUNG FAN LANE NORTH,揚帆里北,Track,2017,2017-03-03,https://www.landsd.gov.hk/doc/en/street-name/egazette/2017/egn201721091160.pdf,https://www.landsd.gov.hk/doc/tc/street-name/egazette/2017/cgn201721091160.pdf,1
code:14431,14431,YEUNG FAN LANE SOUTH,揚帆里南,Track,2017,2017-03-03,https://www.landsd.gov.hk/doc/en/street-name/egazette/2017/egn201721091160.pdf,https://www.landsd.gov.hk/doc/tc/street-name/egazette/2017/cgn201721091160.pdf,1
code:39408,39408,YI HONG PATH,怡康徑,Track,,,,,1
code:39407,39407,YI LOK PATH,怡樂徑,Secondary Road,,,,,1
code:12858,12858,YI LUN STREET,彝倫街,Secondary Road,1961,1961-09-08,/egazette/en/2018-22-05-649.pdf,,1
code:13625,13625,YI NGA DRIVE,怡雅路,Secondary Road,,,,,1
code:12860,12860,YI PEI SQUARE,二陂坊,Track,,,,,1
code:12862,12862,YIK KWAN AVENUE,益群道,Secondary Road,1931,1931-02-13,/egazette/en/1931-gn86.pdf,/egazette/zh/1931-gn86.pdf,1
code:12863,12863,YIK YAM STREET,奕蔭街,Secondary Road,1930,1930-03-07,/egazette/en/1930-gn138.pdf,/egazette/zh/1930-gn138.pdf,1
code:12866,12866,YIN CHONG STREET,煙廠街,Secondary Road,1951,1951-05-18,/egazette/en/1951-gn522.pdf,/egazette/zh/1951-gn522.pdf,1
code:39313,39313,YIN KONG FIFTH LANE,燕崗村第五巷,Track,,,,,1
code:39083,39083,YIN KONG FIRST LANE,燕崗村第一巷,Track,,,,,1
code:39086,39086,YIN KONG FOURTH LANE,燕崗村第四巷,Track,,,,,1
code:39084,39084,YIN KONG SECOND LANE,燕崗村第二巷,Track,,,,,1
code:39085,39085,YIN KONG THIRD LANE,燕崗村第三巷,Track,,,,,1
code:12868,12868,YIN ON STREET,燕安街,Secondary Road,1959,1959-04-17,/egazette/en/1959-gn548.pdf,/egazette/zh/1959-gn548.pdf,1
code:12870,12870,YING CHOI PATH,英才徑,Secondary Road,1974,1974-11-22,/egazette/en/1974-gn2948.pdf,/egazette/zh/1974-gn2948.pdf,1
code:12871,12871,YING FAI TERRACE,英輝臺,Track,,,,,1
code:12872,12872,YING FUNG LANE,盈鳳里,Secondary Road,1984,1984-06-22,/egazette/en/1984-gn1826.pdf,/egazette/zh/1984-gn1826.pdf,1
code:13995,13995,YING HEI ROAD,迎禧路,Secondary Road,1999,1999-12-24,/egazette/en/2025-29-30-4610.pdf,/egazette/zh/2025-29-30-4610.pdf,1
code:12873,12873,YING WA TERRACE,英華臺,Track,,,,,1
code:14341,14341,YING WAN LANE,迎運里,Secondary Road,2011,2011-05-13,/egazette/en/2011-15-19-2996.pdf,/egazette/zh/2011-15-19-2996.pdf,1
code:12874,12874,YING YEUNG STREET,鷹揚街,Secondary Road,1959,1959-04-17,/egazette/en/1959-gn548.pdf,/egazette/zh/1959-gn548.pdf,1
code:12878,12878,YIP HING STREET,業興街,Secondary Road,,,,,1
code:12879,12879,YIP KAN STREET,業勤街,Secondary Road,1975,1975-08-22,/egazette/en/1975-gn1866.pdf,,1
code:12880,12880,YIP SHING STREET,業成街,Secondary Road,,,,,1
code:12882,12882,YIU TUNG STREET,耀東街,Secondary Road,1935,1935-05-03,/egazette/en/1935-gn351.pdf,/egazette/zh/1935-gn351.pdf,1
code:12883,12883,YIU WA STREET,耀華街,Secondary Road,,,,,1
code:12885,12885,YIU WING LANE,耀榮里,Track,,,,,1
code:12886,12886,YIU WING STREET,耀榮街,Secondary Road,,,,,1
code:12887,12887,YORK ROAD,約道,Secondary Road,1929,1929-08-23,/egazette/en/1929-gn427.pdf,/egazette/zh/1929-gn427.pdf,1
code:12890,12890,YU HING LANE,餘慶里,Track,,,,,1
code:12893,12893,YU LOK LANE,餘樂里,Track,,,,,1
code:13705,13705,YUE ON COURT ROAD,漁安苑道,Secondary Road,,,,,1
code:12907,12907,YUE WOK STREET,漁獲街,Secondary Road,1960,1960-07-08,/egazette/en/1960-gn1060.pdf,,1
code:12909,12909,YUEN CHEONG LANE,源昌里,Secondary Road,1984,1984-11-30,/egazette/en/1984-gn3532.pdf,/egazette/zh/1984-gn3532.pdf,1
code:12910,12910,YUEN FAT PATH,元發徑,Track,1983,1983-06-03,/egazette/en/1983-gn1752.pdf,/egazette/zh/1983-gn1752.pdf,1
code:12911,12911,YUEN HING LANE,元慶里,Track,,,,,1
code:12912,12912,YUEN HONG STREET,源康街,Secondary Road,1984,1984-03-09,/egazette/en/1984-gn708.pdf,/egazette/zh/1984-gn708.pdf,1
code:12913,12913,YUEN KONG AU STREET,鉛礦凹街,Secondary Road,1981,1981-06-12,/egazette/en/1981-gn1685.pdf,/egazette/zh/1981-gn1685.pdf,1
code:12915,12915,YUEN LONG NEW STREET,元朗新街,Secondary Road,1977,1977-12-02,/egazette/en/1977-gn2944.pdf,/egazette/zh/1977-gn2944.pdf,1
code:12921,12921,YUEN LONG TAI HANG STREET,元朗泰衡街,Secondary Road,1977,1977-12-02,/egazette/en/1977-gn2944.pdf,/egazette/zh/1977-gn2944.pdf,1
code:12924,12924,YUEN NGAI STREET,園藝街,Secondary Road,1948,1948-04-23,/egazette/en/1948-gn381.pdf,/egazette/zh/1948-gn381.pdf,1
code:12925,12925,YUEN ON STREET,源安街,Secondary Road,1984,1984-03-09,/egazette/en/1984-gn708.pdf,/egazette/zh/1984-gn708.pdf,1
code:12926,12926,YUEN PO STREET,園圃街,Secondary Road,1949,1949-10-28,/egazette/en/1949-gn1043-1044.pdf,,1
code:14374,14374,YUEN TAI ROAD,元大路,Secondary Road,,,,,1
code:14432,14432,YUEN YEUNG LANE NORTH,遠洋里北,Track,2017,2017-03-03,https://www.landsd.gov.hk/doc/en/street-name/egazette/2017/egn201721091160.pdf,https://www.landsd.gov.hk/doc/tc/street-name/egazette/2017/cgn201721091160.pdf,1
code:14433,14433,YUEN YEUNG LANE SOUTH,遠洋里南,Track,2017,2017-03-03,https://www.landsd.gov.hk/doc/en/street-name/egazette/2017/egn201721091160.pdf,https://www.landsd.gov.hk/doc/tc/street-name/egazette/2017/cgn201721091160.pdf,1
code:12931,12931,YUEN YUEN STREET,源遠街,Secondary Road,1930,1930-03-07,/egazette/en/1930-gn138.pdf,/egazette/zh/1930-gn138.pdf,1
code:12934,12934,YUET YUEN STREET,月園街,Secondary Road,1954,1954-10-29,/egazette/en/1954-gn1323.pdf,/egazette/zh/1954-gn1323.pdf,1
code:12936,12936,YUK HOK LANE,毓學里,Secondary Road,,,,,1
code:12973,12973,YUK HONG STREET,育康街,Secondary Road,,,,,1
code:12937,12937,YUK KWAN STREET,育群街,Secondary Road,,,,,1
code:12939,12939,YUK SAU LANE,毓秀里,Track,,,,,1
code:13068,13068,YUK SHEK LANE,玉石里,Secondary Road,,,,,1
code:12941,12941,YUK SHING STREET,玉成街,Secondary Road,,,,,1
code:14005,14005,YUK TAI STREET,沃泰街,Secondary Road,,,,,1
code:13095,13095,YUK TSING LANE,育青里,Secondary Road,,,,,1
code:12942,12942,YUK WAH CRESCENT,毓華里,Secondary Road,,,,,1
code:13947,13947,YUNG LONG ROAD,湧浪路,Secondary Road,,,,,1
code:12946,12946,YUNG SHUE WAN BACK STREET,榕樹灣後街,Track,1983,1983-10-28,/egazette/en/1983-gn3425.pdf,/egazette/zh/1983-gn3425.pdf,1
code:14392,14392,YUNG SHUE WAN PLAZA ROAD,榕樹灣廣場路,Track,2014,2014-03-14,/egazette/en/2014-18-11-1563.pdf,/egazette/zh/2014-18-11-1563.pdf,1
code:39459,39459,YUNG YUNG ROAD,容容路,Secondary Road,,,,,1
code:12949,12949,YUNNAN LANE,雲南里,Track,1909,1909-03-19,/egazette/en/1909-gn184.pdf,/egazette/zh/1909-gn184.pdf,1
code:39575,39575,ZERMATT AVENUE,策馬特大道,Secondary Road,,,,,1
code:12950,12950,ZETLAND STREET,泄蘭街,Track,,,,,1
